StartDate,EndDate,Progress,Duration (in seconds),Finished,RecordedDate,ResponseId,RecipientLastName,RecipientFirstName,RecipientEmail,ExternalReference,LocationLatitude,LocationLongitude,DistributionChannel,UserLanguage,Q_RecaptchaScore,Consent form ,khon,Ksin,Keth,Klike,Kapp,Kcon,Shon,Ssin,Seth,Slike,Sapp,minsmart,minbetter,mincreative,minrather,minshould,minregard,mintyp,minkeep,minget,Hhon,Hsin,Heth,Hlike,Happ,Hcon,Fhon,Fsin,Feth,Flike,Fapp,modsmart,modbett,modcreat,modrath,modshou,modreg,modtyp,modkeep,modget,Xhon,Xsin,XETH,XLIKE,XAPP,XCON,yhon,Ysin,Yeth,Ylike,Yapp,Majsmart,majbet,majcreat,majrath,majshould,majreg,majtyp,majkeep,majget,attention1,ethnic,race,race other,gender identity,Q78,education,political,sex orientation,Q92,old,religion,religion other,id
1/26/2026 22:38,1/26/2026 22:38,100,7,TRUE,1/26/2026 22:38,R_6mpUC6SI9Qz1A2a,,,,,33.1669,-87.5064,preview,EN,,"No, I will leave the survey now",,,,,,,,,,,,,,,,,,,,,,,,,,,,,,,,,,,,,,,,,,,,,,,,,,,,,,,,,,,,,,,,,,,,,,,,,,
1/26/2026 23:14,1/26/2026 23:15,100,12,TRUE,1/26/2026 23:15,R_6I4eYwRzkOiMPtP,,,,,33.1669,-87.5064,preview,EN,,"No, I will leave the survey now",,,,,,,,,,,,,,,,,,,,,,,,,,,,,,,,,,,,,,,,,,,,,,,,,,,,,,,,,,,,,,,,,,,,,,,,,,
1/26/2026 23:15,1/26/2026 23:18,100,209,TRUE,1/26/2026 23:18,R_6nOc4py8rEdSFgu,,,,,33.1669,-87.5064,preview,EN,,"Yes, I consent",2 = somewhat dishonest,2 = somewhat insincere,2 = somewhat unethical,1 = very unlikeable,1 = very unapproachable,1 = very confident the findings are false,2 = somewhat dishonest,1 = very insincere,1 = very unethical,1 = very unlikeable,1 = very unapproachable,reported researcher (K),reported researcher (K),neither reported (K) nor reporting researcher (S),reported researcher (K),reporting researcher (S),reported researcher (K),reported researcher (K),reported researcher (K),reported researcher (K),2 = somewhat dishonest,2 = somewhat insincere,2 = somewhat unethical,1 = very unlikeable,1 = very unapproachable,2 = somewhat confident the findings are false,3 = neither honest nor dishonest,2 = somewhat insincere,3 = neither ethical nor unethical,3 = neither likeable nor unlikeable,3 = neither approachable nor unapproachable,neither reported (H) nor reporting researcher (F),neither reported (H) nor reporting researcher (F),reporting researcher (F),neither reported (H) nor reporting researcher (F),neither reported (H) nor reporting researcher (F),neither reported (H) nor reporting researcher (F),reporting researcher (F),neither reported (H) nor reporting researcher (F),neither reported (H) nor reporting researcher (F),1 = very dishonest,5 = very sincere,1 = very unethical,1 = very unlikeable,2 = somewhat unapproachable,1 = very confident the findings are false,4 = somewhat honest,2 = somewhat insincere,2 = somewhat unethical,1 = very unlikeable,1 = very unapproachable,reported researcher (X),reported researcher (X),reported researcher (X),reported researcher (X),reported researcher (X),reported researcher (X),reported researcher (X),reported researcher (X),reported researcher (X),Somewhat disagree,No,Other,,Other,,Master’s Degree,Lean Conservative,Queer,,19,Not Affiliated,,
1/27/2026 22:52,1/27/2026 23:05,100,813,TRUE,1/27/2026 23:05,R_1kWnphloUO7A7Tj,,,,,33.2,-87.56,anonymous,EN,1,"Yes, I consent",3 = neither honest nor dishonest,2 = somewhat insincere,1 = very unethical,3 = neither likeable nor unlikeable,2 = somewhat unapproachable,3 = could go either way,5 = very honest,5 = very sincere,5 = very ethical,5 = very likeable,5 = very approachable,neither reported (K) nor reporting researcher (S),reporting researcher (S),reporting researcher (S),reporting researcher (S),reporting researcher (S),reporting researcher (S),neither reported (K) nor reporting researcher (S),reporting researcher (S),reporting researcher (S),1 = very dishonest,1 = very insincere,1 = very unethical,1 = very unlikeable,1 = very unapproachable,1 = very confident the findings are false,5 = very honest,5 = very sincere,5 = very ethical,5 = very likeable,5 = very approachable,reporting researcher (F),reporting researcher (F),neither reported (H) nor reporting researcher (F),reporting researcher (F),reporting researcher (F),reporting researcher (F),neither reported (H) nor reporting researcher (F),reporting researcher (F),reporting researcher (F),1 = very dishonest,1 = very insincere,1 = very unethical,1 = very unlikeable,1 = very unapproachable,2 = somewhat confident the findings are false,5 = very honest,5 = very sincere,5 = very ethical,4 = somewhat likeable,4 = somewhat approachable,neither reported (X) nor reporting researcher (Y),reporting researcher (Y),neither reported (X) nor reporting researcher (Y),reporting researcher (Y),reporting researcher (Y),reporting researcher (Y),neither reported (X) nor reporting researcher (Y),reporting researcher (Y),reporting researcher (Y),Somewhat disagree,No,White,,Female,,High School Diploma or GED,Conservative,Heterosexual/straight,,18,Protestantism (Christian),,81284
1/27/2026 22:54,1/27/2026 23:07,100,768,TRUE,1/27/2026 23:07,R_5lX85aTYV0koeHL,,,,,33.2683,-87.583,anonymous,EN,1,"Yes, I consent",5 = very honest,5 = very sincere,5 = very ethical,3 = neither likeable nor unlikeable,4 = somewhat approachable,3 = could go either way,5 = very honest,5 = very sincere,5 = very ethical,4 = somewhat likeable,3 = neither approachable nor unapproachable,neither reported (K) nor reporting researcher (S),neither reported (K) nor reporting researcher (S),neither reported (K) nor reporting researcher (S),reporting researcher (S),reporting researcher (S),neither reported (K) nor reporting researcher (S),reported researcher (K),neither reported (K) nor reporting researcher (S),neither reported (K) nor reporting researcher (S),1 = very dishonest,1 = very insincere,1 = very unethical,1 = very unlikeable,3 = neither approachable nor unapproachable,1 = very confident the findings are false,5 = very honest,5 = very sincere,5 = very ethical,5 = very likeable,4 = somewhat approachable,reporting researcher (F),reporting researcher (F),neither reported (H) nor reporting researcher (F),reporting researcher (F),reporting researcher (F),reporting researcher (F),reporting researcher (F),reporting researcher (F),reporting researcher (F),1 = very dishonest,1 = very insincere,1 = very unethical,1 = very unlikeable,3 = neither approachable nor unapproachable,1 = very confident the findings are false,5 = very honest,5 = very sincere,5 = very ethical,5 = very likeable,4 = somewhat approachable,reporting researcher (Y),reporting researcher (Y),neither reported (X) nor reporting researcher (Y),reporting researcher (Y),reporting researcher (Y),reporting researcher (Y),reporting researcher (Y),reporting researcher (Y),reporting researcher (Y),Somewhat disagree,No,White,,Female,,High School Diploma or GED,Strongly Liberal,Prefer not to say,,18,Not Affiliated,,81783
1/27/2026 22:50,1/27/2026 23:08,100,1080,TRUE,1/27/2026 23:08,R_1fs9EL5QZj1yBtB,,,,,33.2,-87.56,anonymous,EN,1,"Yes, I consent",2 = somewhat dishonest,2 = somewhat insincere,3 = neither ethical nor unethical,3 = neither likeable nor unlikeable,3 = neither approachable nor unapproachable,3 = could go either way,4 = somewhat honest,2 = somewhat insincere,2 = somewhat unethical,2 = somewhat unlikeable,2 = somewhat unapproachable,reported researcher (K),reported researcher (K),reported researcher (K),neither reported (K) nor reporting researcher (S),reported researcher (K),reported researcher (K),reported researcher (K),reported researcher (K),reported researcher (K),2 = somewhat dishonest,2 = somewhat insincere,1 = very unethical,1 = very unlikeable,2 = somewhat unapproachable,2 = somewhat confident the findings are false,5 = very honest,4 = somewhat sincere,5 = very ethical,4 = somewhat likeable,4 = somewhat approachable,reporting researcher (F),reporting researcher (F),neither reported (H) nor reporting researcher (F),neither reported (H) nor reporting researcher (F),reporting researcher (F),reporting researcher (F),neither reported (H) nor reporting researcher (F),reporting researcher (F),reporting researcher (F),1 = very dishonest,1 = very insincere,1 = very unethical,1 = very unlikeable,2 = somewhat unapproachable,1 = very confident the findings are false,5 = very honest,4 = somewhat sincere,4 = somewhat ethical,4 = somewhat likeable,4 = somewhat approachable,neither reported (X) nor reporting researcher (Y),reporting researcher (Y),neither reported (X) nor reporting researcher (Y),reporting researcher (Y),reporting researcher (Y),neither reported (X) nor reporting researcher (Y),neither reported (X) nor reporting researcher (Y),reporting researcher (Y),reporting researcher (Y),Somewhat disagree,No,White,,Female,,Some college credit or technical school degree,Centrist,Heterosexual/straight,,19,Catholicism,,80934
1/27/2026 22:48,1/27/2026 23:08,100,1215,TRUE,1/27/2026 23:08,R_1KxRlZEv9hfHRfX,,,,,33.2,-87.56,anonymous,EN,1,"Yes, I consent",4 = somewhat honest,4 = somewhat sincere,2 = somewhat unethical,3 = neither likeable nor unlikeable,5 = very approachable,4 = somewhat confident the findings are true,4 = somewhat honest,4 = somewhat sincere,3 = neither ethical nor unethical,3 = neither likeable nor unlikeable,4 = somewhat approachable,reporting researcher (S),reported researcher (K),reported researcher (K),reporting researcher (S),reporting researcher (S),reporting researcher (S),reporting researcher (S),reporting researcher (S),reported researcher (K),2 = somewhat dishonest,3 = neither sincere nor insincere,2 = somewhat unethical,2 = somewhat unlikeable,3 = neither approachable nor unapproachable,3 = could go either way,4 = somewhat honest,4 = somewhat sincere,3 = neither ethical nor unethical,4 = somewhat likeable,2 = somewhat unapproachable,reported researcher (H),reporting researcher (F),reporting researcher (F),reporting researcher (F),neither reported (H) nor reporting researcher (F),reported researcher (H),reporting researcher (F),reporting researcher (F),reporting researcher (F),2 = somewhat dishonest,2 = somewhat insincere,2 = somewhat unethical,2 = somewhat unlikeable,3 = neither approachable nor unapproachable,2 = somewhat confident the findings are false,4 = somewhat honest,4 = somewhat sincere,3 = neither ethical nor unethical,2 = somewhat unlikeable,4 = somewhat approachable,neither reported (X) nor reporting researcher (Y),reporting researcher (Y),reported researcher (X),neither reported (X) nor reporting researcher (Y),neither reported (X) nor reporting researcher (Y),neither reported (X) nor reporting researcher (Y),reporting researcher (Y),reporting researcher (Y),reporting researcher (Y),Somewhat disagree,No,White,,Male,,Some college credit or technical school degree,Lean Conservative,Heterosexual/straight,,18,Catholicism,,81437
1/28/2026 6:46,1/28/2026 6:53,100,452,TRUE,1/28/2026 6:53,R_796yrsqRk9MV76s,,,,,33.2,-87.56,anonymous,EN,1,"Yes, I consent",3 = neither honest nor dishonest,2 = somewhat insincere,4 = somewhat ethical,3 = neither likeable nor unlikeable,3 = neither approachable nor unapproachable,4 = somewhat confident the findings are true,3 = neither honest nor dishonest,1 = very insincere,2 = somewhat unethical,1 = very unlikeable,2 = somewhat unapproachable,reported researcher (K),reported researcher (K),reporting researcher (S),reported researcher (K),neither reported (K) nor reporting researcher (S),reported researcher (K),reporting researcher (S),reported researcher (K),reported researcher (K),3 = neither honest nor dishonest,3 = neither sincere nor insincere,2 = somewhat unethical,2 = somewhat unlikeable,3 = neither approachable nor unapproachable,4 = somewhat confident the findings are true,2 = somewhat dishonest,3 = neither sincere nor insincere,4 = somewhat ethical,2 = somewhat unlikeable,4 = somewhat approachable,neither reported (H) nor reporting researcher (F),reported researcher (H),reporting researcher (F),reported researcher (H),neither reported (H) nor reporting researcher (F),neither reported (H) nor reporting researcher (F),reported researcher (H),reporting researcher (F),reporting researcher (F),1 = very dishonest,3 = neither sincere nor insincere,1 = very unethical,3 = neither likeable nor unlikeable,3 = neither approachable nor unapproachable,2 = somewhat confident the findings are false,5 = very honest,3 = neither sincere nor insincere,3 = neither ethical nor unethical,2 = somewhat unlikeable,4 = somewhat approachable,reporting researcher (Y),reporting researcher (Y),reporting researcher (Y),reporting researcher (Y),reporting researcher (Y),neither reported (X) nor reporting researcher (Y),reporting researcher (Y),reporting researcher (Y),reporting researcher (Y),Somewhat disagree,No,Other,mixed,Female,,High School Diploma or GED,Centrist,Heterosexual/straight,,18,Catholicism,,81079
1/28/2026 6:48,1/28/2026 7:04,100,922,TRUE,1/28/2026 7:04,R_6F4YVdn7R6UEWPJ,,,,,33.2,-87.56,anonymous,EN,1,"Yes, I consent",2 = somewhat dishonest,4 = somewhat sincere,4 = somewhat ethical,3 = neither likeable nor unlikeable,4 = somewhat approachable,3 = could go either way,4 = somewhat honest,5 = very sincere,4 = somewhat ethical,4 = somewhat likeable,5 = very approachable,reported researcher (K),reporting researcher (S),reported researcher (K),reported researcher (K),reported researcher (K),reporting researcher (S),reported researcher (K),reported researcher (K),reporting researcher (S),4 = somewhat honest,4 = somewhat sincere,4 = somewhat ethical,4 = somewhat likeable,4 = somewhat approachable,4 = somewhat confident the findings are true,5 = very honest,5 = very sincere,5 = very ethical,5 = very likeable,5 = very approachable,reporting researcher (F),reporting researcher (F),reported researcher (H),reporting researcher (F),reporting researcher (F),reporting researcher (F),reporting researcher (F),reported researcher (H),reporting researcher (F),5 = very honest,5 = very sincere,5 = very ethical,5 = very likeable,4 = somewhat approachable,4 = somewhat confident the findings are true,2 = somewhat dishonest,4 = somewhat sincere,4 = somewhat ethical,4 = somewhat likeable,4 = somewhat approachable,reported researcher (X),reported researcher (X),reporting researcher (Y),reported researcher (X),reported researcher (X),reported researcher (X),reporting researcher (Y),reported researcher (X),reporting researcher (Y),Somewhat disagree,No,Black or African-American,,Female,,High School Diploma or GED,Conservative,Heterosexual/straight,,19,Protestantism (Christian),,81441
1/28/2026 7:21,1/28/2026 7:30,100,508,TRUE,1/28/2026 7:30,R_6JdQhOKMuynm9Yk,,,,,33.2,-87.56,anonymous,EN,1,"Yes, I consent",3 = neither honest nor dishonest,4 = somewhat sincere,2 = somewhat unethical,3 = neither likeable nor unlikeable,4 = somewhat approachable,3 = could go either way,5 = very honest,4 = somewhat sincere,4 = somewhat ethical,3 = neither likeable nor unlikeable,2 = somewhat unapproachable,neither reported (K) nor reporting researcher (S),reporting researcher (S),reported researcher (K),neither reported (K) nor reporting researcher (S),reporting researcher (S),reporting researcher (S),reporting researcher (S),reporting researcher (S),reported researcher (K),1 = very dishonest,2 = somewhat insincere,2 = somewhat unethical,2 = somewhat unlikeable,2 = somewhat unapproachable,1 = very confident the findings are false,4 = somewhat honest,3 = neither sincere nor insincere,4 = somewhat ethical,3 = neither likeable nor unlikeable,4 = somewhat approachable,reporting researcher (F),reporting researcher (F),reported researcher (H),reporting researcher (F),reporting researcher (F),neither reported (H) nor reporting researcher (F),reporting researcher (F),reporting researcher (F),reporting researcher (F),1 = very dishonest,1 = very insincere,1 = very unethical,1 = very unlikeable,2 = somewhat unapproachable,1 = very confident the findings are false,5 = very honest,5 = very sincere,5 = very ethical,4 = somewhat likeable,4 = somewhat approachable,reporting researcher (Y),reporting researcher (Y),neither reported (X) nor reporting researcher (Y),reporting researcher (Y),reporting researcher (Y),reporting researcher (Y),reporting researcher (Y),reporting researcher (Y),reporting researcher (Y),Somewhat disagree,No,White,,Female,,Some college credit or technical school degree,Lean Conservative,Heterosexual/straight,,20,Catholicism,,81453
1/28/2026 7:50,1/28/2026 8:00,100,620,TRUE,1/28/2026 8:01,R_6dNsFjJVUWAImhy,,,,,33.2,-87.56,anonymous,EN,1,"Yes, I consent",2 = somewhat dishonest,2 = somewhat insincere,2 = somewhat unethical,3 = neither likeable nor unlikeable,4 = somewhat approachable,3 = could go either way,5 = very honest,5 = very sincere,5 = very ethical,5 = very likeable,5 = very approachable,neither reported (K) nor reporting researcher (S),reporting researcher (S),reporting researcher (S),reporting researcher (S),reporting researcher (S),reported researcher (K),reported researcher (K),reporting researcher (S),reported researcher (K),1 = very dishonest,1 = very insincere,1 = very unethical,2 = somewhat unlikeable,2 = somewhat unapproachable,2 = somewhat confident the findings are false,3 = neither honest nor dishonest,2 = somewhat insincere,4 = somewhat ethical,4 = somewhat likeable,4 = somewhat approachable,reporting researcher (F),reporting researcher (F),reporting researcher (F),reporting researcher (F),reporting researcher (F),reporting researcher (F),reported researcher (H),reporting researcher (F),reporting researcher (F),1 = very dishonest,2 = somewhat insincere,1 = very unethical,2 = somewhat unlikeable,2 = somewhat unapproachable,2 = somewhat confident the findings are false,5 = very honest,2 = somewhat insincere,5 = very ethical,2 = somewhat unlikeable,2 = somewhat unapproachable,reporting researcher (Y),reporting researcher (Y),reporting researcher (Y),reporting researcher (Y),reporting researcher (Y),reporting researcher (Y),reported researcher (X),reporting researcher (Y),reported researcher (X),Somewhat disagree,Yes,"Native American, American Indian, or Alaska Native",,Female,,High School Diploma or GED,Lean Liberal,Heterosexual/straight,,18,Protestantism (Christian),,81762
1/28/2026 7:59,1/28/2026 8:06,100,422,TRUE,1/28/2026 8:06,R_1IQWOhulzZUpnLC,,,,,33.2,-87.56,anonymous,EN,1,"Yes, I consent",5 = very honest,5 = very sincere,5 = very ethical,5 = very likeable,5 = very approachable,4 = somewhat confident the findings are true,5 = very honest,5 = very sincere,3 = neither ethical nor unethical,3 = neither likeable nor unlikeable,3 = neither approachable nor unapproachable,reporting researcher (S),reporting researcher (S),neither reported (K) nor reporting researcher (S),reporting researcher (S),reporting researcher (S),reporting researcher (S),reported researcher (K),reporting researcher (S),reporting researcher (S),2 = somewhat dishonest,2 = somewhat insincere,2 = somewhat unethical,2 = somewhat unlikeable,2 = somewhat unapproachable,2 = somewhat confident the findings are false,5 = very honest,5 = very sincere,5 = very ethical,5 = very likeable,3 = neither approachable nor unapproachable,neither reported (H) nor reporting researcher (F),neither reported (H) nor reporting researcher (F),neither reported (H) nor reporting researcher (F),reporting researcher (F),reporting researcher (F),reporting researcher (F),neither reported (H) nor reporting researcher (F),reporting researcher (F),reporting researcher (F),1 = very dishonest,1 = very insincere,1 = very unethical,3 = neither likeable nor unlikeable,3 = neither approachable nor unapproachable,1 = very confident the findings are false,5 = very honest,5 = very sincere,5 = very ethical,5 = very likeable,5 = very approachable,reporting researcher (Y),reporting researcher (Y),reporting researcher (Y),reporting researcher (Y),reporting researcher (Y),reporting researcher (Y),neither reported (X) nor reporting researcher (Y),reporting researcher (Y),reporting researcher (Y),Somewhat disagree,No,White,,Female,,Associate’s Degree,Conservative,Heterosexual/straight,,20,Protestantism (Christian),,81579
1/28/2026 7:58,1/28/2026 8:10,100,698,TRUE,1/28/2026 8:10,R_5iOSNbQExtQFHNX,,,,,33.2,-87.56,anonymous,EN,1,"Yes, I consent",3 = neither honest nor dishonest,4 = somewhat sincere,4 = somewhat ethical,2 = somewhat unlikeable,4 = somewhat approachable,3 = could go either way,5 = very honest,2 = somewhat insincere,2 = somewhat unethical,1 = very unlikeable,1 = very unapproachable,reported researcher (K),reported researcher (K),reported researcher (K),reported researcher (K),reported researcher (K),reported researcher (K),reported researcher (K),reported researcher (K),reported researcher (K),1 = very dishonest,1 = very insincere,1 = very unethical,1 = very unlikeable,3 = neither approachable nor unapproachable,1 = very confident the findings are false,5 = very honest,5 = very sincere,2 = somewhat unethical,2 = somewhat unlikeable,2 = somewhat unapproachable,neither reported (H) nor reporting researcher (F),neither reported (H) nor reporting researcher (F),reported researcher (H),neither reported (H) nor reporting researcher (F),neither reported (H) nor reporting researcher (F),neither reported (H) nor reporting researcher (F),neither reported (H) nor reporting researcher (F),reporting researcher (F),reporting researcher (F),1 = very dishonest,1 = very insincere,1 = very unethical,1 = very unlikeable,3 = neither approachable nor unapproachable,1 = very confident the findings are false,5 = very honest,5 = very sincere,2 = somewhat unethical,3 = neither likeable nor unlikeable,3 = neither approachable nor unapproachable,neither reported (X) nor reporting researcher (Y),neither reported (X) nor reporting researcher (Y),reported researcher (X),neither reported (X) nor reporting researcher (Y),neither reported (X) nor reporting researcher (Y),reporting researcher (Y),reporting researcher (Y),reporting researcher (Y),reporting researcher (Y),Somewhat disagree,No,White,,Female,,Some college credit or technical school degree,Lean Conservative,Heterosexual/straight,,19,Protestantism (Christian),,81094
1/28/2026 8:07,1/28/2026 8:11,100,205,TRUE,1/28/2026 8:11,R_64P1KmgW3hwo3HM,,,,,33.5226,-86.8033,anonymous,EN,1,"Yes, I consent",3 = neither honest nor dishonest,3 = neither sincere nor insincere,3 = neither ethical nor unethical,3 = neither likeable nor unlikeable,3 = neither approachable nor unapproachable,2 = somewhat confident the findings are false,3 = neither honest nor dishonest,3 = neither sincere nor insincere,3 = neither ethical nor unethical,3 = neither likeable nor unlikeable,3 = neither approachable nor unapproachable,neither reported (K) nor reporting researcher (S),reporting researcher (S),reporting researcher (S),reporting researcher (S),reporting researcher (S),reporting researcher (S),reporting researcher (S),reporting researcher (S),reporting researcher (S),3 = neither honest nor dishonest,3 = neither sincere nor insincere,3 = neither ethical nor unethical,3 = neither likeable nor unlikeable,3 = neither approachable nor unapproachable,4 = somewhat confident the findings are true,5 = very honest,3 = neither sincere nor insincere,5 = very ethical,5 = very likeable,5 = very approachable,neither reported (H) nor reporting researcher (F),reporting researcher (F),neither reported (H) nor reporting researcher (F),reporting researcher (F),reporting researcher (F),reporting researcher (F),reporting researcher (F),reporting researcher (F),reporting researcher (F),3 = neither honest nor dishonest,3 = neither sincere nor insincere,3 = neither ethical nor unethical,3 = neither likeable nor unlikeable,3 = neither approachable nor unapproachable,2 = somewhat confident the findings are false,4 = somewhat honest,4 = somewhat sincere,4 = somewhat ethical,3 = neither likeable nor unlikeable,4 = somewhat approachable,reporting researcher (Y),reporting researcher (Y),reporting researcher (Y),neither reported (X) nor reporting researcher (Y),neither reported (X) nor reporting researcher (Y),reporting researcher (Y),reporting researcher (Y),reporting researcher (Y),neither reported (X) nor reporting researcher (Y),Somewhat disagree,No,"Native American, American Indian, or Alaska Native",,Female,,Some college credit or technical school degree,Centrist,Heterosexual/straight,,18,Catholicism,,81085
1/28/2026 8:07,1/28/2026 8:16,100,577,TRUE,1/28/2026 8:16,R_3ScMS6Pj5BfW1x2,,,,,33.1669,-87.5064,anonymous,EN,1,"Yes, I consent",2 = somewhat dishonest,2 = somewhat insincere,1 = very unethical,2 = somewhat unlikeable,2 = somewhat unapproachable,2 = somewhat confident the findings are false,5 = very honest,5 = very sincere,5 = very ethical,5 = very likeable,5 = very approachable,reporting researcher (S),reporting researcher (S),neither reported (K) nor reporting researcher (S),neither reported (K) nor reporting researcher (S),neither reported (K) nor reporting researcher (S),reporting researcher (S),neither reported (K) nor reporting researcher (S),reporting researcher (S),reporting researcher (S),2 = somewhat dishonest,2 = somewhat insincere,1 = very unethical,1 = very unlikeable,2 = somewhat unapproachable,1 = very confident the findings are false,5 = very honest,5 = very sincere,5 = very ethical,5 = very likeable,5 = very approachable,reporting researcher (F),reporting researcher (F),neither reported (H) nor reporting researcher (F),neither reported (H) nor reporting researcher (F),neither reported (H) nor reporting researcher (F),reporting researcher (F),neither reported (H) nor reporting researcher (F),reporting researcher (F),reporting researcher (F),3 = neither honest nor dishonest,3 = neither sincere nor insincere,3 = neither ethical nor unethical,3 = neither likeable nor unlikeable,3 = neither approachable nor unapproachable,3 = could go either way,5 = very honest,5 = very sincere,1 = very unethical,5 = very likeable,5 = very approachable,reporting researcher (Y),reporting researcher (Y),neither reported (X) nor reporting researcher (Y),reporting researcher (Y),neither reported (X) nor reporting researcher (Y),reporting researcher (Y),neither reported (X) nor reporting researcher (Y),reporting researcher (Y),reporting researcher (Y),Somewhat disagree,Yes,Black or African-American,,Female,,Some college credit or technical school degree,Strongly Liberal,Heterosexual/straight,,19,Protestantism (Christian),,81611
1/28/2026 8:08,1/28/2026 8:16,100,474,TRUE,1/28/2026 8:16,R_6axVPPQALJHyyS1,,,,,33.2,-87.56,anonymous,EN,1,"Yes, I consent",2 = somewhat dishonest,4 = somewhat sincere,2 = somewhat unethical,4 = somewhat likeable,4 = somewhat approachable,4 = somewhat confident the findings are true,5 = very honest,5 = very sincere,5 = very ethical,4 = somewhat likeable,2 = somewhat unapproachable,neither reported (K) nor reporting researcher (S),reporting researcher (S),reported researcher (K),reporting researcher (S),reporting researcher (S),reporting researcher (S),reporting researcher (S),reporting researcher (S),reporting researcher (S),2 = somewhat dishonest,1 = very insincere,1 = very unethical,1 = very unlikeable,3 = neither approachable nor unapproachable,2 = somewhat confident the findings are false,5 = very honest,5 = very sincere,5 = very ethical,4 = somewhat likeable,4 = somewhat approachable,reporting researcher (F),reporting researcher (F),reported researcher (H),reporting researcher (F),reporting researcher (F),reporting researcher (F),reporting researcher (F),reporting researcher (F),reporting researcher (F),1 = very dishonest,1 = very insincere,1 = very unethical,1 = very unlikeable,2 = somewhat unapproachable,1 = very confident the findings are false,5 = very honest,5 = very sincere,5 = very ethical,4 = somewhat likeable,4 = somewhat approachable,reporting researcher (Y),reporting researcher (Y),reported researcher (X),reporting researcher (Y),reporting researcher (Y),reporting researcher (Y),reporting researcher (Y),reporting researcher (Y),reporting researcher (Y),Somewhat disagree,No,White,,Female,,Some college credit or technical school degree,Conservative,Heterosexual/straight,,20,Protestantism (Christian),,80965
1/28/2026 8:09,1/28/2026 8:17,100,468,TRUE,1/28/2026 8:17,R_5oL1VR36SG5lonf,,,,,33.2,-87.56,anonymous,EN,1,"Yes, I consent",2 = somewhat dishonest,3 = neither sincere nor insincere,2 = somewhat unethical,4 = somewhat likeable,4 = somewhat approachable,3 = could go either way,2 = somewhat dishonest,2 = somewhat insincere,4 = somewhat ethical,4 = somewhat likeable,3 = neither approachable nor unapproachable,neither reported (K) nor reporting researcher (S),neither reported (K) nor reporting researcher (S),reporting researcher (S),reported researcher (K),reporting researcher (S),reporting researcher (S),reported researcher (K),reported researcher (K),reported researcher (K),2 = somewhat dishonest,4 = somewhat sincere,3 = neither ethical nor unethical,4 = somewhat likeable,4 = somewhat approachable,4 = somewhat confident the findings are true,5 = very honest,5 = very sincere,5 = very ethical,5 = very likeable,5 = very approachable,reporting researcher (F),reporting researcher (F),neither reported (H) nor reporting researcher (F),reporting researcher (F),reporting researcher (F),reporting researcher (F),reported researcher (H),neither reported (H) nor reporting researcher (F),reporting researcher (F),1 = very dishonest,2 = somewhat insincere,1 = very unethical,2 = somewhat unlikeable,3 = neither approachable nor unapproachable,1 = very confident the findings are false,5 = very honest,5 = very sincere,5 = very ethical,5 = very likeable,5 = very approachable,reporting researcher (Y),reporting researcher (Y),neither reported (X) nor reporting researcher (Y),reporting researcher (Y),reporting researcher (Y),reporting researcher (Y),neither reported (X) nor reporting researcher (Y),neither reported (X) nor reporting researcher (Y),reporting researcher (Y),Somewhat disagree,No,White,,Female,,Some college credit or technical school degree,Lean Liberal,Heterosexual/straight,,19,Protestantism (Christian),,81780
1/28/2026 8:12,1/28/2026 8:22,100,606,TRUE,1/28/2026 8:22,R_5EWCL8XbXuiLHGY,,,,,33.2,-87.56,anonymous,EN,1,"Yes, I consent",2 = somewhat dishonest,2 = somewhat insincere,1 = very unethical,3 = neither likeable nor unlikeable,4 = somewhat approachable,2 = somewhat confident the findings are false,5 = very honest,5 = very sincere,5 = very ethical,2 = somewhat unlikeable,4 = somewhat approachable,reporting researcher (S),reporting researcher (S),reported researcher (K),reporting researcher (S),reporting researcher (S),reporting researcher (S),reported researcher (K),reporting researcher (S),reported researcher (K),2 = somewhat dishonest,2 = somewhat insincere,1 = very unethical,3 = neither likeable nor unlikeable,2 = somewhat unapproachable,1 = very confident the findings are false,5 = very honest,5 = very sincere,5 = very ethical,2 = somewhat unlikeable,5 = very approachable,reporting researcher (F),reporting researcher (F),reported researcher (H),reporting researcher (F),reporting researcher (F),reporting researcher (F),reported researcher (H),reporting researcher (F),reported researcher (H),5 = very honest,5 = very sincere,5 = very ethical,5 = very likeable,5 = very approachable,5 = very confident the findings are true,5 = very honest,5 = very sincere,5 = very ethical,3 = neither likeable nor unlikeable,5 = very approachable,reporting researcher (Y),reporting researcher (Y),reported researcher (X),reporting researcher (Y),reporting researcher (Y),reporting researcher (Y),reported researcher (X),reporting researcher (Y),reported researcher (X),Somewhat disagree,No,White,,Female,,High School Diploma or GED,Conservative,Heterosexual/straight,,19,Protestantism (Christian),,81071
1/28/2026 8:17,1/28/2026 8:22,100,285,TRUE,1/28/2026 8:22,R_5kdoZOKEyfoH2kg,,,,,33.2,-87.56,anonymous,EN,1,"Yes, I consent",3 = neither honest nor dishonest,3 = neither sincere nor insincere,3 = neither ethical nor unethical,3 = neither likeable nor unlikeable,3 = neither approachable nor unapproachable,3 = could go either way,2 = somewhat dishonest,2 = somewhat insincere,2 = somewhat unethical,2 = somewhat unlikeable,2 = somewhat unapproachable,reporting researcher (S),reporting researcher (S),reporting researcher (S),reporting researcher (S),reporting researcher (S),reporting researcher (S),reporting researcher (S),reporting researcher (S),reporting researcher (S),3 = neither honest nor dishonest,3 = neither sincere nor insincere,3 = neither ethical nor unethical,3 = neither likeable nor unlikeable,3 = neither approachable nor unapproachable,3 = could go either way,3 = neither honest nor dishonest,3 = neither sincere nor insincere,3 = neither ethical nor unethical,3 = neither likeable nor unlikeable,3 = neither approachable nor unapproachable,neither reported (H) nor reporting researcher (F),neither reported (H) nor reporting researcher (F),neither reported (H) nor reporting researcher (F),neither reported (H) nor reporting researcher (F),neither reported (H) nor reporting researcher (F),neither reported (H) nor reporting researcher (F),neither reported (H) nor reporting researcher (F),neither reported (H) nor reporting researcher (F),neither reported (H) nor reporting researcher (F),3 = neither honest nor dishonest,3 = neither sincere nor insincere,3 = neither ethical nor unethical,3 = neither likeable nor unlikeable,3 = neither approachable nor unapproachable,3 = could go either way,3 = neither honest nor dishonest,3 = neither sincere nor insincere,3 = neither ethical nor unethical,3 = neither likeable nor unlikeable,3 = neither approachable nor unapproachable,neither reported (X) nor reporting researcher (Y),neither reported (X) nor reporting researcher (Y),neither reported (X) nor reporting researcher (Y),neither reported (X) nor reporting researcher (Y),neither reported (X) nor reporting researcher (Y),neither reported (X) nor reporting researcher (Y),neither reported (X) nor reporting researcher (Y),neither reported (X) nor reporting researcher (Y),neither reported (X) nor reporting researcher (Y),Somewhat disagree,No,White,,Female,,Some college credit or technical school degree,Centrist,Heterosexual/straight,,19,Catholicism,,80964
1/28/2026 8:24,1/28/2026 8:27,100,186,TRUE,1/28/2026 8:27,R_1PXoeqmYTXvrPsf,,,,,33.2,-87.56,anonymous,EN,1,"Yes, I consent",4 = somewhat honest,3 = neither sincere nor insincere,3 = neither ethical nor unethical,4 = somewhat likeable,4 = somewhat approachable,3 = could go either way,4 = somewhat honest,2 = somewhat insincere,4 = somewhat ethical,3 = neither likeable nor unlikeable,4 = somewhat approachable,reporting researcher (S),reported researcher (K),reporting researcher (S),reporting researcher (S),reported researcher (K),neither reported (K) nor reporting researcher (S),reporting researcher (S),reported researcher (K),reporting researcher (S),4 = somewhat honest,4 = somewhat sincere,3 = neither ethical nor unethical,5 = very likeable,4 = somewhat approachable,3 = could go either way,4 = somewhat honest,3 = neither sincere nor insincere,4 = somewhat ethical,2 = somewhat unlikeable,3 = neither approachable nor unapproachable,reporting researcher (F),reported researcher (H),reporting researcher (F),reported researcher (H),neither reported (H) nor reporting researcher (F),reported researcher (H),reporting researcher (F),reporting researcher (F),reported researcher (H),2 = somewhat dishonest,2 = somewhat insincere,4 = somewhat ethical,3 = neither likeable nor unlikeable,4 = somewhat approachable,1 = very confident the findings are false,2 = somewhat dishonest,2 = somewhat insincere,3 = neither ethical nor unethical,4 = somewhat likeable,3 = neither approachable nor unapproachable,reporting researcher (Y),neither reported (X) nor reporting researcher (Y),reported researcher (X),reporting researcher (Y),neither reported (X) nor reporting researcher (Y),reported researcher (X),reporting researcher (Y),reported researcher (X),reporting researcher (Y),Somewhat disagree,No,White,,Female,,Some college credit or technical school degree,Conservative,Heterosexual/straight,,18,Not Affiliated,,81192
1/28/2026 8:22,1/28/2026 8:29,100,470,TRUE,1/28/2026 8:29,R_6toAAQIUUmwPMtz,,,,,33.2,-87.56,anonymous,EN,1,"Yes, I consent",4 = somewhat honest,4 = somewhat sincere,4 = somewhat ethical,3 = neither likeable nor unlikeable,2 = somewhat unapproachable,3 = could go either way,5 = very honest,5 = very sincere,4 = somewhat ethical,2 = somewhat unlikeable,2 = somewhat unapproachable,reported researcher (K),reporting researcher (S),reported researcher (K),reported researcher (K),reporting researcher (S),reported researcher (K),reported researcher (K),reported researcher (K),reported researcher (K),1 = very dishonest,1 = very insincere,1 = very unethical,1 = very unlikeable,3 = neither approachable nor unapproachable,1 = very confident the findings are false,5 = very honest,5 = very sincere,5 = very ethical,5 = very likeable,5 = very approachable,reporting researcher (F),reported researcher (H),reported researcher (H),reporting researcher (F),reporting researcher (F),reported researcher (H),reported researcher (H),reporting researcher (F),reporting researcher (F),1 = very dishonest,1 = very insincere,1 = very unethical,1 = very unlikeable,1 = very unapproachable,1 = very confident the findings are false,4 = somewhat honest,3 = neither sincere nor insincere,4 = somewhat ethical,3 = neither likeable nor unlikeable,3 = neither approachable nor unapproachable,neither reported (X) nor reporting researcher (Y),reporting researcher (Y),reported researcher (X),reporting researcher (Y),reporting researcher (Y),reporting researcher (Y),reported researcher (X),reporting researcher (Y),reporting researcher (Y),Somewhat disagree,No,White,,Female,,High School Diploma or GED,Conservative,Heterosexual/straight,,19,Protestantism (Christian),,80967
1/28/2026 8:19,1/28/2026 8:31,100,755,TRUE,1/28/2026 8:31,R_1fDmNHsqCARHluv,,,,,33.2,-87.56,anonymous,EN,1,"Yes, I consent",2 = somewhat dishonest,3 = neither sincere nor insincere,3 = neither ethical nor unethical,3 = neither likeable nor unlikeable,4 = somewhat approachable,4 = somewhat confident the findings are true,5 = very honest,3 = neither sincere nor insincere,4 = somewhat ethical,2 = somewhat unlikeable,3 = neither approachable nor unapproachable,neither reported (K) nor reporting researcher (S),neither reported (K) nor reporting researcher (S),reporting researcher (S),neither reported (K) nor reporting researcher (S),neither reported (K) nor reporting researcher (S),reporting researcher (S),reporting researcher (S),reporting researcher (S),neither reported (K) nor reporting researcher (S),1 = very dishonest,2 = somewhat insincere,1 = very unethical,1 = very unlikeable,2 = somewhat unapproachable,1 = very confident the findings are false,4 = somewhat honest,5 = very sincere,5 = very ethical,5 = very likeable,4 = somewhat approachable,reporting researcher (F),reporting researcher (F),reported researcher (H),reporting researcher (F),reporting researcher (F),reporting researcher (F),reporting researcher (F),reporting researcher (F),reporting researcher (F),4 = somewhat honest,2 = somewhat insincere,2 = somewhat unethical,2 = somewhat unlikeable,4 = somewhat approachable,4 = somewhat confident the findings are true,5 = very honest,4 = somewhat sincere,2 = somewhat unethical,4 = somewhat likeable,5 = very approachable,reporting researcher (Y),reporting researcher (Y),reported researcher (X),reporting researcher (Y),neither reported (X) nor reporting researcher (Y),neither reported (X) nor reporting researcher (Y),reporting researcher (Y),reporting researcher (Y),reporting researcher (Y),Somewhat disagree,No,White,,Female,,Some college credit or technical school degree,Lean Conservative,Heterosexual/straight,,18,Protestantism (Christian),,81270
1/28/2026 8:30,1/28/2026 8:33,100,200,TRUE,1/28/2026 8:33,R_3DyMSrecdMgSgfv,,,,,33.2,-87.56,anonymous,EN,1,"Yes, I consent",5 = very honest,5 = very sincere,5 = very ethical,5 = very likeable,5 = very approachable,5 = very confident the findings are true,5 = very honest,4 = somewhat sincere,4 = somewhat ethical,2 = somewhat unlikeable,2 = somewhat unapproachable,reported researcher (K),reported researcher (K),reported researcher (K),reported researcher (K),reported researcher (K),reported researcher (K),reported researcher (K),reported researcher (K),reported researcher (K),1 = very dishonest,1 = very insincere,1 = very unethical,1 = very unlikeable,4 = somewhat approachable,1 = very confident the findings are false,4 = somewhat honest,4 = somewhat sincere,4 = somewhat ethical,3 = neither likeable nor unlikeable,4 = somewhat approachable,reported researcher (H),reporting researcher (F),reported researcher (H),reporting researcher (F),reporting researcher (F),reported researcher (H),reported researcher (H),reporting researcher (F),reporting researcher (F),1 = very dishonest,1 = very insincere,1 = very unethical,1 = very unlikeable,1 = very unapproachable,1 = very confident the findings are false,5 = very honest,4 = somewhat sincere,4 = somewhat ethical,2 = somewhat unlikeable,3 = neither approachable nor unapproachable,reported researcher (X),reporting researcher (Y),reported researcher (X),reporting researcher (Y),reporting researcher (Y),reported researcher (X),reporting researcher (Y),reporting researcher (Y),reporting researcher (Y),Somewhat disagree,No,White,,Female,,High School Diploma or GED,Conservative,Heterosexual/straight,,19,Protestantism (Christian),,80967
1/28/2026 8:42,1/28/2026 8:53,100,637,TRUE,1/28/2026 8:53,R_7aXe2iychdmPS9E,,,,,33.2,-87.56,anonymous,EN,1,"Yes, I consent",4 = somewhat honest,4 = somewhat sincere,3 = neither ethical nor unethical,3 = neither likeable nor unlikeable,3 = neither approachable nor unapproachable,3 = could go either way,4 = somewhat honest,4 = somewhat sincere,2 = somewhat unethical,3 = neither likeable nor unlikeable,4 = somewhat approachable,reporting researcher (S),neither reported (K) nor reporting researcher (S),reported researcher (K),reporting researcher (S),neither reported (K) nor reporting researcher (S),reporting researcher (S),reported researcher (K),neither reported (K) nor reporting researcher (S),reporting researcher (S),2 = somewhat dishonest,2 = somewhat insincere,2 = somewhat unethical,2 = somewhat unlikeable,3 = neither approachable nor unapproachable,1 = very confident the findings are false,5 = very honest,4 = somewhat sincere,5 = very ethical,4 = somewhat likeable,3 = neither approachable nor unapproachable,reporting researcher (F),reporting researcher (F),reporting researcher (F),reporting researcher (F),reporting researcher (F),reporting researcher (F),reported researcher (H),reporting researcher (F),reporting researcher (F),3 = neither honest nor dishonest,3 = neither sincere nor insincere,3 = neither ethical nor unethical,3 = neither likeable nor unlikeable,3 = neither approachable nor unapproachable,3 = could go either way,5 = very honest,4 = somewhat sincere,3 = neither ethical nor unethical,4 = somewhat likeable,4 = somewhat approachable,reporting researcher (Y),reporting researcher (Y),reporting researcher (Y),reporting researcher (Y),reporting researcher (Y),reporting researcher (Y),reported researcher (X),reporting researcher (Y),reporting researcher (Y),Somewhat disagree,No,White,,Female,,Some college credit or technical school degree,Lean Conservative,Heterosexual/straight,,19,Catholicism,,81509
1/28/2026 8:53,1/28/2026 9:00,100,424,TRUE,1/28/2026 9:00,R_6r7FdJmNAKnvtW8,,,,,33.2,-87.56,anonymous,EN,1,"Yes, I consent",2 = somewhat dishonest,3 = neither sincere nor insincere,2 = somewhat unethical,3 = neither likeable nor unlikeable,3 = neither approachable nor unapproachable,4 = somewhat confident the findings are true,5 = very honest,5 = very sincere,5 = very ethical,3 = neither likeable nor unlikeable,3 = neither approachable nor unapproachable,neither reported (K) nor reporting researcher (S),reporting researcher (S),neither reported (K) nor reporting researcher (S),reporting researcher (S),reporting researcher (S),reporting researcher (S),neither reported (K) nor reporting researcher (S),reporting researcher (S),reporting researcher (S),2 = somewhat dishonest,2 = somewhat insincere,2 = somewhat unethical,3 = neither likeable nor unlikeable,3 = neither approachable nor unapproachable,1 = very confident the findings are false,5 = very honest,5 = very sincere,5 = very ethical,3 = neither likeable nor unlikeable,3 = neither approachable nor unapproachable,neither reported (H) nor reporting researcher (F),reporting researcher (F),neither reported (H) nor reporting researcher (F),reporting researcher (F),reporting researcher (F),reporting researcher (F),neither reported (H) nor reporting researcher (F),reporting researcher (F),reporting researcher (F),1 = very dishonest,1 = very insincere,1 = very unethical,3 = neither likeable nor unlikeable,3 = neither approachable nor unapproachable,1 = very confident the findings are false,5 = very honest,5 = very sincere,5 = very ethical,4 = somewhat likeable,3 = neither approachable nor unapproachable,neither reported (X) nor reporting researcher (Y),reporting researcher (Y),neither reported (X) nor reporting researcher (Y),reporting researcher (Y),reporting researcher (Y),reporting researcher (Y),neither reported (X) nor reporting researcher (Y),reporting researcher (Y),reporting researcher (Y),Somewhat disagree,No,White,,Male,,High School Diploma or GED,Lean Conservative,Heterosexual/straight,,18,Protestantism (Christian),,81670
1/28/2026 9:12,1/28/2026 9:17,100,278,TRUE,1/28/2026 9:17,R_68YZN0QVg6pPoX3,,,,,33.2,-87.56,anonymous,EN,1,"Yes, I consent",4 = somewhat honest,4 = somewhat sincere,4 = somewhat ethical,4 = somewhat likeable,4 = somewhat approachable,3 = could go either way,5 = very honest,5 = very sincere,5 = very ethical,4 = somewhat likeable,4 = somewhat approachable,reporting researcher (S),reporting researcher (S),neither reported (K) nor reporting researcher (S),reporting researcher (S),reporting researcher (S),reporting researcher (S),reporting researcher (S),reporting researcher (S),reporting researcher (S),3 = neither honest nor dishonest,3 = neither sincere nor insincere,4 = somewhat ethical,3 = neither likeable nor unlikeable,3 = neither approachable nor unapproachable,4 = somewhat confident the findings are true,5 = very honest,4 = somewhat sincere,3 = neither ethical nor unethical,4 = somewhat likeable,3 = neither approachable nor unapproachable,neither reported (H) nor reporting researcher (F),reported researcher (H),neither reported (H) nor reporting researcher (F),neither reported (H) nor reporting researcher (F),neither reported (H) nor reporting researcher (F),neither reported (H) nor reporting researcher (F),neither reported (H) nor reporting researcher (F),neither reported (H) nor reporting researcher (F),neither reported (H) nor reporting researcher (F),1 = very dishonest,1 = very insincere,1 = very unethical,1 = very unlikeable,1 = very unapproachable,1 = very confident the findings are false,5 = very honest,4 = somewhat sincere,4 = somewhat ethical,4 = somewhat likeable,4 = somewhat approachable,neither reported (X) nor reporting researcher (Y),neither reported (X) nor reporting researcher (Y),neither reported (X) nor reporting researcher (Y),reporting researcher (Y),reporting researcher (Y),reporting researcher (Y),reporting researcher (Y),reporting researcher (Y),reporting researcher (Y),Somewhat disagree,No,White,,Male,,High School Diploma or GED,Lean Conservative,Heterosexual/straight,,20,Protestantism (Christian),,81622
1/28/2026 9:13,1/28/2026 9:17,100,233,TRUE,1/28/2026 9:17,R_3mr06qCjUQe737H,,,,,33.2,-87.56,anonymous,EN,1,"Yes, I consent",3 = neither honest nor dishonest,3 = neither sincere nor insincere,3 = neither ethical nor unethical,3 = neither likeable nor unlikeable,3 = neither approachable nor unapproachable,3 = could go either way,3 = neither honest nor dishonest,3 = neither sincere nor insincere,3 = neither ethical nor unethical,3 = neither likeable nor unlikeable,3 = neither approachable nor unapproachable,neither reported (K) nor reporting researcher (S),neither reported (K) nor reporting researcher (S),neither reported (K) nor reporting researcher (S),neither reported (K) nor reporting researcher (S),neither reported (K) nor reporting researcher (S),neither reported (K) nor reporting researcher (S),neither reported (K) nor reporting researcher (S),neither reported (K) nor reporting researcher (S),neither reported (K) nor reporting researcher (S),3 = neither honest nor dishonest,3 = neither sincere nor insincere,3 = neither ethical nor unethical,3 = neither likeable nor unlikeable,3 = neither approachable nor unapproachable,3 = could go either way,3 = neither honest nor dishonest,3 = neither sincere nor insincere,3 = neither ethical nor unethical,3 = neither likeable nor unlikeable,3 = neither approachable nor unapproachable,neither reported (H) nor reporting researcher (F),neither reported (H) nor reporting researcher (F),neither reported (H) nor reporting researcher (F),neither reported (H) nor reporting researcher (F),neither reported (H) nor reporting researcher (F),neither reported (H) nor reporting researcher (F),neither reported (H) nor reporting researcher (F),neither reported (H) nor reporting researcher (F),neither reported (H) nor reporting researcher (F),3 = neither honest nor dishonest,3 = neither sincere nor insincere,3 = neither ethical nor unethical,3 = neither likeable nor unlikeable,3 = neither approachable nor unapproachable,3 = could go either way,3 = neither honest nor dishonest,3 = neither sincere nor insincere,3 = neither ethical nor unethical,3 = neither likeable nor unlikeable,3 = neither approachable nor unapproachable,neither reported (X) nor reporting researcher (Y),neither reported (X) nor reporting researcher (Y),neither reported (X) nor reporting researcher (Y),neither reported (X) nor reporting researcher (Y),neither reported (X) nor reporting researcher (Y),neither reported (X) nor reporting researcher (Y),neither reported (X) nor reporting researcher (Y),neither reported (X) nor reporting researcher (Y),neither reported (X) nor reporting researcher (Y),Somewhat disagree,No,White,,Female,,High School Diploma or GED,Centrist,Heterosexual/straight,,18,Protestantism (Christian),,80973
1/28/2026 10:14,1/28/2026 10:21,100,409,TRUE,1/28/2026 10:21,R_6QglybXIDQOwEY6,,,,,33.2,-87.56,anonymous,EN,1,"Yes, I consent",4 = somewhat honest,4 = somewhat sincere,4 = somewhat ethical,3 = neither likeable nor unlikeable,3 = neither approachable nor unapproachable,4 = somewhat confident the findings are true,4 = somewhat honest,4 = somewhat sincere,3 = neither ethical nor unethical,3 = neither likeable nor unlikeable,2 = somewhat unapproachable,neither reported (K) nor reporting researcher (S),neither reported (K) nor reporting researcher (S),neither reported (K) nor reporting researcher (S),reported researcher (K),reporting researcher (S),reporting researcher (S),reported researcher (K),reporting researcher (S),neither reported (K) nor reporting researcher (S),3 = neither honest nor dishonest,3 = neither sincere nor insincere,3 = neither ethical nor unethical,3 = neither likeable nor unlikeable,3 = neither approachable nor unapproachable,3 = could go either way,3 = neither honest nor dishonest,3 = neither sincere nor insincere,3 = neither ethical nor unethical,3 = neither likeable nor unlikeable,3 = neither approachable nor unapproachable,neither reported (H) nor reporting researcher (F),neither reported (H) nor reporting researcher (F),neither reported (H) nor reporting researcher (F),neither reported (H) nor reporting researcher (F),neither reported (H) nor reporting researcher (F),neither reported (H) nor reporting researcher (F),neither reported (H) nor reporting researcher (F),neither reported (H) nor reporting researcher (F),neither reported (H) nor reporting researcher (F),3 = neither honest nor dishonest,3 = neither sincere nor insincere,3 = neither ethical nor unethical,3 = neither likeable nor unlikeable,3 = neither approachable nor unapproachable,3 = could go either way,3 = neither honest nor dishonest,3 = neither sincere nor insincere,3 = neither ethical nor unethical,3 = neither likeable nor unlikeable,3 = neither approachable nor unapproachable,neither reported (X) nor reporting researcher (Y),neither reported (X) nor reporting researcher (Y),neither reported (X) nor reporting researcher (Y),neither reported (X) nor reporting researcher (Y),neither reported (X) nor reporting researcher (Y),neither reported (X) nor reporting researcher (Y),neither reported (X) nor reporting researcher (Y),neither reported (X) nor reporting researcher (Y),neither reported (X) nor reporting researcher (Y),Somewhat disagree,No,White,,Female,,Some college credit or technical school degree,Lean Liberal,Heterosexual/straight,,20,Protestantism (Christian),,81752
1/28/2026 10:27,1/28/2026 10:37,100,624,TRUE,1/28/2026 10:37,R_77Uqc59F2nN3Zh9,,,,,33.2,-87.56,anonymous,EN,1,"Yes, I consent",4 = somewhat honest,2 = somewhat insincere,2 = somewhat unethical,3 = neither likeable nor unlikeable,2 = somewhat unapproachable,2 = somewhat confident the findings are false,5 = very honest,4 = somewhat sincere,4 = somewhat ethical,5 = very likeable,5 = very approachable,reported researcher (K),reporting researcher (S),reporting researcher (S),reporting researcher (S),reporting researcher (S),reporting researcher (S),reported researcher (K),reporting researcher (S),reporting researcher (S),1 = very dishonest,1 = very insincere,1 = very unethical,2 = somewhat unlikeable,3 = neither approachable nor unapproachable,1 = very confident the findings are false,5 = very honest,4 = somewhat sincere,5 = very ethical,4 = somewhat likeable,4 = somewhat approachable,reporting researcher (F),reporting researcher (F),reporting researcher (F),reporting researcher (F),reporting researcher (F),reporting researcher (F),neither reported (H) nor reporting researcher (F),reporting researcher (F),reporting researcher (F),1 = very dishonest,1 = very insincere,1 = very unethical,1 = very unlikeable,2 = somewhat unapproachable,1 = very confident the findings are false,5 = very honest,5 = very sincere,5 = very ethical,4 = somewhat likeable,5 = very approachable,reporting researcher (Y),reporting researcher (Y),reporting researcher (Y),reporting researcher (Y),reporting researcher (Y),reporting researcher (Y),reporting researcher (Y),reporting researcher (Y),reporting researcher (Y),Somewhat disagree,No,White,,Female,,High School Diploma or GED,Lean Conservative,Heterosexual/straight,,18,Protestantism (Christian),,81507
1/28/2026 10:47,1/28/2026 10:57,100,634,TRUE,1/28/2026 10:57,R_1HhLn9Q28iAxDcz,,,,,33.2,-87.56,anonymous,EN,1,"Yes, I consent",2 = somewhat dishonest,2 = somewhat insincere,1 = very unethical,3 = neither likeable nor unlikeable,2 = somewhat unapproachable,2 = somewhat confident the findings are false,5 = very honest,5 = very sincere,5 = very ethical,5 = very likeable,5 = very approachable,reporting researcher (S),reporting researcher (S),neither reported (K) nor reporting researcher (S),reporting researcher (S),reporting researcher (S),reporting researcher (S),reporting researcher (S),reporting researcher (S),reporting researcher (S),1 = very dishonest,1 = very insincere,1 = very unethical,1 = very unlikeable,1 = very unapproachable,1 = very confident the findings are false,5 = very honest,5 = very sincere,5 = very ethical,5 = very likeable,5 = very approachable,reporting researcher (F),reporting researcher (F),neither reported (H) nor reporting researcher (F),reporting researcher (F),reporting researcher (F),reporting researcher (F),reporting researcher (F),reporting researcher (F),reporting researcher (F),1 = very dishonest,1 = very insincere,1 = very unethical,1 = very unlikeable,1 = very unapproachable,1 = very confident the findings are false,5 = very honest,5 = very sincere,5 = very ethical,5 = very likeable,5 = very approachable,reporting researcher (Y),reporting researcher (Y),neither reported (X) nor reporting researcher (Y),reporting researcher (Y),reporting researcher (Y),reporting researcher (Y),reporting researcher (Y),reporting researcher (Y),reporting researcher (Y),Somewhat disagree,No,White,,Female,,Some college credit or technical school degree,Lean Conservative,Heterosexual/straight,,18,Protestantism (Christian),,81434
1/28/2026 11:06,1/28/2026 11:09,100,168,TRUE,1/28/2026 11:09,R_7Pu8HINP4Z7VCdL,,,,,33.2,-87.56,anonymous,EN,1,"Yes, I consent",3 = neither honest nor dishonest,2 = somewhat insincere,3 = neither ethical nor unethical,3 = neither likeable nor unlikeable,2 = somewhat unapproachable,3 = could go either way,3 = neither honest nor dishonest,3 = neither sincere nor insincere,4 = somewhat ethical,3 = neither likeable nor unlikeable,3 = neither approachable nor unapproachable,neither reported (K) nor reporting researcher (S),neither reported (K) nor reporting researcher (S),neither reported (K) nor reporting researcher (S),neither reported (K) nor reporting researcher (S),neither reported (K) nor reporting researcher (S),neither reported (K) nor reporting researcher (S),neither reported (K) nor reporting researcher (S),neither reported (K) nor reporting researcher (S),neither reported (K) nor reporting researcher (S),3 = neither honest nor dishonest,3 = neither sincere nor insincere,3 = neither ethical nor unethical,3 = neither likeable nor unlikeable,2 = somewhat unapproachable,3 = could go either way,3 = neither honest nor dishonest,3 = neither sincere nor insincere,3 = neither ethical nor unethical,3 = neither likeable nor unlikeable,2 = somewhat unapproachable,neither reported (H) nor reporting researcher (F),reported researcher (H),neither reported (H) nor reporting researcher (F),neither reported (H) nor reporting researcher (F),neither reported (H) nor reporting researcher (F),neither reported (H) nor reporting researcher (F),neither reported (H) nor reporting researcher (F),reporting researcher (F),neither reported (H) nor reporting researcher (F),3 = neither honest nor dishonest,3 = neither sincere nor insincere,3 = neither ethical nor unethical,3 = neither likeable nor unlikeable,3 = neither approachable nor unapproachable,2 = somewhat confident the findings are false,3 = neither honest nor dishonest,3 = neither sincere nor insincere,3 = neither ethical nor unethical,2 = somewhat unlikeable,3 = neither approachable nor unapproachable,neither reported (X) nor reporting researcher (Y),neither reported (X) nor reporting researcher (Y),neither reported (X) nor reporting researcher (Y),neither reported (X) nor reporting researcher (Y),neither reported (X) nor reporting researcher (Y),neither reported (X) nor reporting researcher (Y),neither reported (X) nor reporting researcher (Y),neither reported (X) nor reporting researcher (Y),neither reported (X) nor reporting researcher (Y),Somewhat disagree,No,White,,Female,,Some college credit or technical school degree,Lean Liberal,Heterosexual/straight,,18,Protestantism (Christian),,81745
1/28/2026 11:06,1/28/2026 11:10,100,260,TRUE,1/28/2026 11:10,R_6fdxnXqwD2Nyl05,,,,,33.2,-87.56,anonymous,EN,1,"Yes, I consent",2 = somewhat dishonest,2 = somewhat insincere,2 = somewhat unethical,2 = somewhat unlikeable,3 = neither approachable nor unapproachable,3 = could go either way,5 = very honest,5 = very sincere,5 = very ethical,5 = very likeable,5 = very approachable,neither reported (K) nor reporting researcher (S),reporting researcher (S),reporting researcher (S),reporting researcher (S),reporting researcher (S),reporting researcher (S),reporting researcher (S),reporting researcher (S),reporting researcher (S),1 = very dishonest,1 = very insincere,1 = very unethical,2 = somewhat unlikeable,2 = somewhat unapproachable,1 = very confident the findings are false,5 = very honest,5 = very sincere,5 = very ethical,5 = very likeable,5 = very approachable,neither reported (H) nor reporting researcher (F),reporting researcher (F),reporting researcher (F),reporting researcher (F),reporting researcher (F),reporting researcher (F),reporting researcher (F),reporting researcher (F),reporting researcher (F),1 = very dishonest,1 = very insincere,1 = very unethical,1 = very unlikeable,1 = very unapproachable,1 = very confident the findings are false,5 = very honest,5 = very sincere,5 = very ethical,5 = very likeable,5 = very approachable,neither reported (X) nor reporting researcher (Y),reporting researcher (Y),reporting researcher (Y),reporting researcher (Y),reporting researcher (Y),reporting researcher (Y),reporting researcher (Y),reporting researcher (Y),reporting researcher (Y),Somewhat disagree,No,White,,Female,,Some college credit or technical school degree,Strongly Conservative,Heterosexual/straight,,18,Protestantism (Christian),,81063
1/28/2026 11:08,1/28/2026 11:11,100,220,TRUE,1/28/2026 11:11,R_6fDiYHcoYCW9Fw6,,,,,33.2,-87.56,anonymous,EN,1,"Yes, I consent",3 = neither honest nor dishonest,3 = neither sincere nor insincere,3 = neither ethical nor unethical,3 = neither likeable nor unlikeable,3 = neither approachable nor unapproachable,3 = could go either way,4 = somewhat honest,4 = somewhat sincere,4 = somewhat ethical,4 = somewhat likeable,4 = somewhat approachable,reporting researcher (S),reporting researcher (S),reporting researcher (S),reporting researcher (S),reporting researcher (S),reporting researcher (S),reporting researcher (S),reporting researcher (S),reporting researcher (S),3 = neither honest nor dishonest,3 = neither sincere nor insincere,3 = neither ethical nor unethical,3 = neither likeable nor unlikeable,3 = neither approachable nor unapproachable,3 = could go either way,4 = somewhat honest,4 = somewhat sincere,4 = somewhat ethical,4 = somewhat likeable,4 = somewhat approachable,reporting researcher (F),reporting researcher (F),reporting researcher (F),reporting researcher (F),reporting researcher (F),reporting researcher (F),reporting researcher (F),reporting researcher (F),reporting researcher (F),2 = somewhat dishonest,2 = somewhat insincere,2 = somewhat unethical,2 = somewhat unlikeable,2 = somewhat unapproachable,2 = somewhat confident the findings are false,5 = very honest,5 = very sincere,5 = very ethical,5 = very likeable,5 = very approachable,reporting researcher (Y),reporting researcher (Y),reporting researcher (Y),reporting researcher (Y),reporting researcher (Y),reporting researcher (Y),reporting researcher (Y),reporting researcher (Y),reporting researcher (Y),Somewhat disagree,No,White,,Female,,High School Diploma or GED,Conservative,Heterosexual/straight,,18,Catholicism,,81279
1/28/2026 11:22,1/28/2026 11:25,100,194,TRUE,1/28/2026 11:25,R_5DCJuevJK3vYCYG,,,,,33.2,-87.56,anonymous,EN,1,"Yes, I consent",3 = neither honest nor dishonest,3 = neither sincere nor insincere,3 = neither ethical nor unethical,3 = neither likeable nor unlikeable,3 = neither approachable nor unapproachable,4 = somewhat confident the findings are true,3 = neither honest nor dishonest,3 = neither sincere nor insincere,3 = neither ethical nor unethical,3 = neither likeable nor unlikeable,3 = neither approachable nor unapproachable,neither reported (K) nor reporting researcher (S),neither reported (K) nor reporting researcher (S),neither reported (K) nor reporting researcher (S),neither reported (K) nor reporting researcher (S),neither reported (K) nor reporting researcher (S),neither reported (K) nor reporting researcher (S),neither reported (K) nor reporting researcher (S),neither reported (K) nor reporting researcher (S),neither reported (K) nor reporting researcher (S),3 = neither honest nor dishonest,3 = neither sincere nor insincere,3 = neither ethical nor unethical,3 = neither likeable nor unlikeable,2 = somewhat unapproachable,1 = very confident the findings are false,3 = neither honest nor dishonest,2 = somewhat insincere,3 = neither ethical nor unethical,5 = very likeable,3 = neither approachable nor unapproachable,neither reported (H) nor reporting researcher (F),neither reported (H) nor reporting researcher (F),reported researcher (H),reporting researcher (F),reported researcher (H),reported researcher (H),reported researcher (H),reported researcher (H),neither reported (H) nor reporting researcher (F),3 = neither honest nor dishonest,3 = neither sincere nor insincere,3 = neither ethical nor unethical,3 = neither likeable nor unlikeable,3 = neither approachable nor unapproachable,4 = somewhat confident the findings are true,3 = neither honest nor dishonest,3 = neither sincere nor insincere,3 = neither ethical nor unethical,3 = neither likeable nor unlikeable,3 = neither approachable nor unapproachable,neither reported (X) nor reporting researcher (Y),neither reported (X) nor reporting researcher (Y),neither reported (X) nor reporting researcher (Y),neither reported (X) nor reporting researcher (Y),neither reported (X) nor reporting researcher (Y),neither reported (X) nor reporting researcher (Y),neither reported (X) nor reporting researcher (Y),neither reported (X) nor reporting researcher (Y),neither reported (X) nor reporting researcher (Y),Somewhat disagree,No,White,,Female,,High School Diploma or GED,Centrist,Heterosexual/straight,,18,Protestantism (Christian),,81477
1/28/2026 11:17,1/28/2026 11:25,100,516,TRUE,1/28/2026 11:25,R_3fmdkjVsJJb9HXB,,,,,33.2,-87.56,anonymous,EN,1,"Yes, I consent",2 = somewhat dishonest,2 = somewhat insincere,1 = very unethical,2 = somewhat unlikeable,2 = somewhat unapproachable,3 = could go either way,5 = very honest,5 = very sincere,5 = very ethical,2 = somewhat unlikeable,2 = somewhat unapproachable,reporting researcher (S),reporting researcher (S),neither reported (K) nor reporting researcher (S),reporting researcher (S),neither reported (K) nor reporting researcher (S),reporting researcher (S),reported researcher (K),reporting researcher (S),reported researcher (K),1 = very dishonest,1 = very insincere,1 = very unethical,1 = very unlikeable,2 = somewhat unapproachable,1 = very confident the findings are false,5 = very honest,5 = very sincere,5 = very ethical,4 = somewhat likeable,4 = somewhat approachable,reporting researcher (F),reporting researcher (F),reported researcher (H),reporting researcher (F),neither reported (H) nor reporting researcher (F),reporting researcher (F),reported researcher (H),reporting researcher (F),reported researcher (H),1 = very dishonest,1 = very insincere,1 = very unethical,1 = very unlikeable,1 = very unapproachable,1 = very confident the findings are false,5 = very honest,5 = very sincere,4 = somewhat ethical,3 = neither likeable nor unlikeable,2 = somewhat unapproachable,reporting researcher (Y),reporting researcher (Y),reported researcher (X),reporting researcher (Y),neither reported (X) nor reporting researcher (Y),reporting researcher (Y),reporting researcher (Y),reporting researcher (Y),reported researcher (X),Somewhat disagree,No,White,,Female,,Some college credit or technical school degree,Lean Liberal,Bisexual,,18,Protestantism (Christian),,80955
1/28/2026 11:20,1/28/2026 11:27,100,398,TRUE,1/28/2026 11:27,R_5YFaCNx6Qhi24Zj,,,,,33.2,-87.56,anonymous,EN,1,"Yes, I consent",4 = somewhat honest,2 = somewhat insincere,2 = somewhat unethical,4 = somewhat likeable,3 = neither approachable nor unapproachable,3 = could go either way,5 = very honest,2 = somewhat insincere,5 = very ethical,4 = somewhat likeable,3 = neither approachable nor unapproachable,reporting researcher (S),reporting researcher (S),reported researcher (K),neither reported (K) nor reporting researcher (S),reporting researcher (S),reporting researcher (S),reported researcher (K),reporting researcher (S),reporting researcher (S),1 = very dishonest,1 = very insincere,1 = very unethical,2 = somewhat unlikeable,2 = somewhat unapproachable,1 = very confident the findings are false,4 = somewhat honest,4 = somewhat sincere,5 = very ethical,4 = somewhat likeable,3 = neither approachable nor unapproachable,neither reported (H) nor reporting researcher (F),reporting researcher (F),reporting researcher (F),reporting researcher (F),reporting researcher (F),reporting researcher (F),reported researcher (H),reporting researcher (F),reporting researcher (F),1 = very dishonest,1 = very insincere,1 = very unethical,1 = very unlikeable,1 = very unapproachable,1 = very confident the findings are false,5 = very honest,3 = neither sincere nor insincere,5 = very ethical,4 = somewhat likeable,4 = somewhat approachable,reporting researcher (Y),reporting researcher (Y),reporting researcher (Y),reporting researcher (Y),reporting researcher (Y),reporting researcher (Y),reporting researcher (Y),reporting researcher (Y),reporting researcher (Y),Somewhat disagree,No,White,,Male,,Some college credit or technical school degree,Lean Conservative,Heterosexual/straight,,19,Judaism,,81055
1/28/2026 11:27,1/28/2026 11:29,100,133,TRUE,1/28/2026 11:29,R_3ClbNZIDWDB1kBq,,,,,33.2,-87.56,anonymous,EN,1,"Yes, I consent",2 = somewhat dishonest,2 = somewhat insincere,2 = somewhat unethical,2 = somewhat unlikeable,2 = somewhat unapproachable,2 = somewhat confident the findings are false,4 = somewhat honest,4 = somewhat sincere,4 = somewhat ethical,4 = somewhat likeable,4 = somewhat approachable,reporting researcher (S),reporting researcher (S),reporting researcher (S),reporting researcher (S),reporting researcher (S),reporting researcher (S),reporting researcher (S),reporting researcher (S),reporting researcher (S),2 = somewhat dishonest,2 = somewhat insincere,1 = very unethical,1 = very unlikeable,1 = very unapproachable,1 = very confident the findings are false,4 = somewhat honest,4 = somewhat sincere,5 = very ethical,4 = somewhat likeable,4 = somewhat approachable,reporting researcher (F),reporting researcher (F),reporting researcher (F),reporting researcher (F),reporting researcher (F),reporting researcher (F),reporting researcher (F),reporting researcher (F),reporting researcher (F),1 = very dishonest,1 = very insincere,1 = very unethical,1 = very unlikeable,1 = very unapproachable,1 = very confident the findings are false,5 = very honest,5 = very sincere,5 = very ethical,3 = neither likeable nor unlikeable,3 = neither approachable nor unapproachable,reporting researcher (Y),reporting researcher (Y),reporting researcher (Y),reporting researcher (Y),reporting researcher (Y),reporting researcher (Y),reporting researcher (Y),reporting researcher (Y),reporting researcher (Y),Somewhat disagree,No,White,,Male,,Some college credit or technical school degree,Lean Conservative,Heterosexual/straight,,19,Judaism,,81055
1/28/2026 11:25,1/28/2026 11:31,100,328,TRUE,1/28/2026 11:31,R_6QWjATRXoTp88UM,,,,,33.2,-87.56,anonymous,EN,1,"Yes, I consent",2 = somewhat dishonest,2 = somewhat insincere,2 = somewhat unethical,2 = somewhat unlikeable,2 = somewhat unapproachable,2 = somewhat confident the findings are false,4 = somewhat honest,5 = very sincere,5 = very ethical,3 = neither likeable nor unlikeable,4 = somewhat approachable,reporting researcher (S),reporting researcher (S),reporting researcher (S),reporting researcher (S),reporting researcher (S),reporting researcher (S),reported researcher (K),reporting researcher (S),reporting researcher (S),1 = very dishonest,1 = very insincere,2 = somewhat unethical,2 = somewhat unlikeable,2 = somewhat unapproachable,2 = somewhat confident the findings are false,5 = very honest,5 = very sincere,5 = very ethical,4 = somewhat likeable,5 = very approachable,reporting researcher (F),reporting researcher (F),reporting researcher (F),reporting researcher (F),reporting researcher (F),reporting researcher (F),reported researcher (H),reporting researcher (F),reporting researcher (F),3 = neither honest nor dishonest,2 = somewhat insincere,2 = somewhat unethical,2 = somewhat unlikeable,2 = somewhat unapproachable,2 = somewhat confident the findings are false,5 = very honest,5 = very sincere,5 = very ethical,4 = somewhat likeable,4 = somewhat approachable,reporting researcher (Y),reporting researcher (Y),reporting researcher (Y),reporting researcher (Y),reporting researcher (Y),reporting researcher (Y),reported researcher (X),reporting researcher (Y),reporting researcher (Y),Somewhat disagree,No,White,,Female,,High School Diploma or GED,Conservative,Heterosexual/straight,,19,Protestantism (Christian),,81071
1/28/2026 11:34,1/28/2026 11:39,100,347,TRUE,1/28/2026 11:39,R_15vrp3tUNaaSh9L,,,,,33.2,-87.56,anonymous,EN,1,"Yes, I consent",2 = somewhat dishonest,2 = somewhat insincere,1 = very unethical,2 = somewhat unlikeable,3 = neither approachable nor unapproachable,2 = somewhat confident the findings are false,5 = very honest,5 = very sincere,5 = very ethical,2 = somewhat unlikeable,2 = somewhat unapproachable,reporting researcher (S),reporting researcher (S),neither reported (K) nor reporting researcher (S),reporting researcher (S),reporting researcher (S),reporting researcher (S),reported researcher (K),reporting researcher (S),reported researcher (K),1 = very dishonest,1 = very insincere,1 = very unethical,1 = very unlikeable,3 = neither approachable nor unapproachable,1 = very confident the findings are false,5 = very honest,5 = very sincere,5 = very ethical,4 = somewhat likeable,2 = somewhat unapproachable,reporting researcher (F),reporting researcher (F),reported researcher (H),reporting researcher (F),reporting researcher (F),reporting researcher (F),reported researcher (H),reporting researcher (F),reported researcher (H),1 = very dishonest,1 = very insincere,1 = very unethical,1 = very unlikeable,1 = very unapproachable,1 = very confident the findings are false,5 = very honest,5 = very sincere,5 = very ethical,4 = somewhat likeable,2 = somewhat unapproachable,reporting researcher (Y),reporting researcher (Y),reported researcher (X),reporting researcher (Y),reporting researcher (Y),reporting researcher (Y),reported researcher (X),reporting researcher (Y),reported researcher (X),Somewhat disagree,No,White,,Female,,Some college credit or technical school degree,Lean Liberal,Bisexual,,18,Protestantism (Christian),,80955
1/28/2026 11:27,1/28/2026 11:54,100,1587,TRUE,1/28/2026 11:54,R_5Nbk2fgnsaAWtXz,,,,,33.2,-87.56,anonymous,EN,1,"Yes, I consent",3 = neither honest nor dishonest,4 = somewhat sincere,3 = neither ethical nor unethical,3 = neither likeable nor unlikeable,3 = neither approachable nor unapproachable,4 = somewhat confident the findings are true,4 = somewhat honest,4 = somewhat sincere,4 = somewhat ethical,3 = neither likeable nor unlikeable,3 = neither approachable nor unapproachable,neither reported (K) nor reporting researcher (S),reporting researcher (S),neither reported (K) nor reporting researcher (S),reporting researcher (S),reporting researcher (S),reporting researcher (S),reported researcher (K),reporting researcher (S),reporting researcher (S),1 = very dishonest,2 = somewhat insincere,2 = somewhat unethical,3 = neither likeable nor unlikeable,3 = neither approachable nor unapproachable,2 = somewhat confident the findings are false,4 = somewhat honest,3 = neither sincere nor insincere,4 = somewhat ethical,3 = neither likeable nor unlikeable,4 = somewhat approachable,neither reported (H) nor reporting researcher (F),reporting researcher (F),neither reported (H) nor reporting researcher (F),neither reported (H) nor reporting researcher (F),reporting researcher (F),reporting researcher (F),neither reported (H) nor reporting researcher (F),reporting researcher (F),reporting researcher (F),3 = neither honest nor dishonest,3 = neither sincere nor insincere,3 = neither ethical nor unethical,4 = somewhat likeable,4 = somewhat approachable,3 = could go either way,4 = somewhat honest,4 = somewhat sincere,4 = somewhat ethical,4 = somewhat likeable,3 = neither approachable nor unapproachable,reporting researcher (Y),reporting researcher (Y),neither reported (X) nor reporting researcher (Y),neither reported (X) nor reporting researcher (Y),reporting researcher (Y),reporting researcher (Y),neither reported (X) nor reporting researcher (Y),reporting researcher (Y),reporting researcher (Y),Somewhat disagree,Yes,White,,Female,,High School Diploma or GED,Lean Conservative,Heterosexual/straight,,19,Protestantism (Christian),,81065
1/28/2026 13:13,1/28/2026 13:21,100,449,TRUE,1/28/2026 13:21,R_6uX3hnykWWeguG0,,,,,33.3792,-86.6969,anonymous,EN,1,"Yes, I consent",4 = somewhat honest,5 = very sincere,4 = somewhat ethical,3 = neither likeable nor unlikeable,5 = very approachable,4 = somewhat confident the findings are true,5 = very honest,5 = very sincere,5 = very ethical,3 = neither likeable nor unlikeable,4 = somewhat approachable,reporting researcher (S),reporting researcher (S),neither reported (K) nor reporting researcher (S),neither reported (K) nor reporting researcher (S),neither reported (K) nor reporting researcher (S),reporting researcher (S),neither reported (K) nor reporting researcher (S),neither reported (K) nor reporting researcher (S),neither reported (K) nor reporting researcher (S),1 = very dishonest,2 = somewhat insincere,1 = very unethical,2 = somewhat unlikeable,3 = neither approachable nor unapproachable,1 = very confident the findings are false,5 = very honest,5 = very sincere,4 = somewhat ethical,4 = somewhat likeable,5 = very approachable,neither reported (H) nor reporting researcher (F),reporting researcher (F),neither reported (H) nor reporting researcher (F),reporting researcher (F),reporting researcher (F),reporting researcher (F),reported researcher (H),reporting researcher (F),reporting researcher (F),1 = very dishonest,1 = very insincere,1 = very unethical,3 = neither likeable nor unlikeable,3 = neither approachable nor unapproachable,1 = very confident the findings are false,5 = very honest,5 = very sincere,4 = somewhat ethical,3 = neither likeable nor unlikeable,3 = neither approachable nor unapproachable,neither reported (X) nor reporting researcher (Y),reporting researcher (Y),neither reported (X) nor reporting researcher (Y),reporting researcher (Y),reporting researcher (Y),reporting researcher (Y),reported researcher (X),reporting researcher (Y),reporting researcher (Y),Somewhat disagree,No,White,,Female,,Some college credit or technical school degree,Conservative,Heterosexual/straight,,18,Protestantism (Christian),,81049
1/28/2026 11:49,1/28/2026 13:40,100,6675,TRUE,1/28/2026 13:40,R_1rGR4wrkBmXtZti,,,,,33.2,-87.56,anonymous,EN,1,"Yes, I consent",2 = somewhat dishonest,3 = neither sincere nor insincere,2 = somewhat unethical,3 = neither likeable nor unlikeable,3 = neither approachable nor unapproachable,3 = could go either way,5 = very honest,4 = somewhat sincere,4 = somewhat ethical,2 = somewhat unlikeable,5 = very approachable,neither reported (K) nor reporting researcher (S),reporting researcher (S),neither reported (K) nor reporting researcher (S),reporting researcher (S),reporting researcher (S),reporting researcher (S),reporting researcher (S),reporting researcher (S),reporting researcher (S),2 = somewhat dishonest,3 = neither sincere nor insincere,3 = neither ethical nor unethical,3 = neither likeable nor unlikeable,3 = neither approachable nor unapproachable,3 = could go either way,4 = somewhat honest,4 = somewhat sincere,4 = somewhat ethical,4 = somewhat likeable,4 = somewhat approachable,neither reported (H) nor reporting researcher (F),reporting researcher (F),reported researcher (H),reporting researcher (F),reporting researcher (F),reporting researcher (F),neither reported (H) nor reporting researcher (F),neither reported (H) nor reporting researcher (F),reporting researcher (F),1 = very dishonest,1 = very insincere,1 = very unethical,2 = somewhat unlikeable,3 = neither approachable nor unapproachable,1 = very confident the findings are false,5 = very honest,5 = very sincere,5 = very ethical,4 = somewhat likeable,4 = somewhat approachable,reporting researcher (Y),reporting researcher (Y),neither reported (X) nor reporting researcher (Y),reporting researcher (Y),reporting researcher (Y),reporting researcher (Y),reporting researcher (Y),reporting researcher (Y),reporting researcher (Y),Somewhat disagree,No,White,,Female,,Some college credit or technical school degree,Lean Conservative,Heterosexual/straight,,20,Protestantism (Christian),,81116
1/28/2026 13:48,1/28/2026 13:54,100,334,TRUE,1/28/2026 13:54,R_5dMgZ82SJ4xcXuo,,,,,33.2,-87.56,anonymous,EN,1,"Yes, I consent",2 = somewhat dishonest,2 = somewhat insincere,2 = somewhat unethical,2 = somewhat unlikeable,2 = somewhat unapproachable,3 = could go either way,4 = somewhat honest,3 = neither sincere nor insincere,4 = somewhat ethical,4 = somewhat likeable,4 = somewhat approachable,neither reported (K) nor reporting researcher (S),neither reported (K) nor reporting researcher (S),neither reported (K) nor reporting researcher (S),neither reported (K) nor reporting researcher (S),reporting researcher (S),neither reported (K) nor reporting researcher (S),neither reported (K) nor reporting researcher (S),reporting researcher (S),reporting researcher (S),2 = somewhat dishonest,2 = somewhat insincere,2 = somewhat unethical,2 = somewhat unlikeable,2 = somewhat unapproachable,2 = somewhat confident the findings are false,5 = very honest,4 = somewhat sincere,4 = somewhat ethical,4 = somewhat likeable,4 = somewhat approachable,neither reported (H) nor reporting researcher (F),neither reported (H) nor reporting researcher (F),neither reported (H) nor reporting researcher (F),neither reported (H) nor reporting researcher (F),reporting researcher (F),neither reported (H) nor reporting researcher (F),neither reported (H) nor reporting researcher (F),reporting researcher (F),reporting researcher (F),5 = very honest,2 = somewhat insincere,1 = very unethical,2 = somewhat unlikeable,2 = somewhat unapproachable,1 = very confident the findings are false,5 = very honest,4 = somewhat sincere,4 = somewhat ethical,4 = somewhat likeable,4 = somewhat approachable,neither reported (X) nor reporting researcher (Y),neither reported (X) nor reporting researcher (Y),neither reported (X) nor reporting researcher (Y),neither reported (X) nor reporting researcher (Y),reporting researcher (Y),reporting researcher (Y),neither reported (X) nor reporting researcher (Y),reporting researcher (Y),reporting researcher (Y),Somewhat disagree,No,White,,Female,,Some college credit or technical school degree,Conservative,Heterosexual/straight,,19,Protestantism (Christian),,81150
1/28/2026 15:01,1/28/2026 15:19,100,1038,TRUE,1/28/2026 15:19,R_38FAGeDZbcHUPtc,,,,,33.1669,-87.5064,anonymous,EN,1,"Yes, I consent",3 = neither honest nor dishonest,3 = neither sincere nor insincere,3 = neither ethical nor unethical,3 = neither likeable nor unlikeable,3 = neither approachable nor unapproachable,3 = could go either way,4 = somewhat honest,4 = somewhat sincere,4 = somewhat ethical,3 = neither likeable nor unlikeable,4 = somewhat approachable,reporting researcher (S),reporting researcher (S),reporting researcher (S),neither reported (K) nor reporting researcher (S),neither reported (K) nor reporting researcher (S),reporting researcher (S),reporting researcher (S),reporting researcher (S),neither reported (K) nor reporting researcher (S),1 = very dishonest,3 = neither sincere nor insincere,2 = somewhat unethical,3 = neither likeable nor unlikeable,3 = neither approachable nor unapproachable,2 = somewhat confident the findings are false,4 = somewhat honest,4 = somewhat sincere,4 = somewhat ethical,4 = somewhat likeable,3 = neither approachable nor unapproachable,reporting researcher (F),reporting researcher (F),reporting researcher (F),neither reported (H) nor reporting researcher (F),neither reported (H) nor reporting researcher (F),reporting researcher (F),reporting researcher (F),reporting researcher (F),neither reported (H) nor reporting researcher (F),1 = very dishonest,2 = somewhat insincere,2 = somewhat unethical,2 = somewhat unlikeable,3 = neither approachable nor unapproachable,2 = somewhat confident the findings are false,4 = somewhat honest,4 = somewhat sincere,4 = somewhat ethical,4 = somewhat likeable,4 = somewhat approachable,reporting researcher (Y),reporting researcher (Y),reporting researcher (Y),reporting researcher (Y),reporting researcher (Y),reporting researcher (Y),reporting researcher (Y),reporting researcher (Y),reporting researcher (Y),Somewhat disagree,No,White,,Female,,Some college credit or technical school degree,Strongly Conservative,Heterosexual/straight,,18,Protestantism (Christian),,81332
1/28/2026 15:15,1/28/2026 15:22,100,442,TRUE,1/28/2026 15:22,R_14pzToHmPwkrNSa,,,,,33.2,-87.56,anonymous,EN,1,"Yes, I consent",2 = somewhat dishonest,4 = somewhat sincere,2 = somewhat unethical,2 = somewhat unlikeable,2 = somewhat unapproachable,4 = somewhat confident the findings are true,5 = very honest,5 = very sincere,5 = very ethical,5 = very likeable,5 = very approachable,reporting researcher (S),reporting researcher (S),reported researcher (K),reporting researcher (S),reporting researcher (S),reporting researcher (S),reported researcher (K),reporting researcher (S),reporting researcher (S),1 = very dishonest,4 = somewhat sincere,2 = somewhat unethical,2 = somewhat unlikeable,2 = somewhat unapproachable,2 = somewhat confident the findings are false,5 = very honest,4 = somewhat sincere,4 = somewhat ethical,4 = somewhat likeable,4 = somewhat approachable,reporting researcher (F),reporting researcher (F),reported researcher (H),reporting researcher (F),reporting researcher (F),reporting researcher (F),reported researcher (H),reporting researcher (F),reporting researcher (F),1 = very dishonest,1 = very insincere,1 = very unethical,1 = very unlikeable,1 = very unapproachable,1 = very confident the findings are false,5 = very honest,5 = very sincere,5 = very ethical,5 = very likeable,5 = very approachable,reporting researcher (Y),reporting researcher (Y),reported researcher (X),reporting researcher (Y),reporting researcher (Y),reporting researcher (Y),reported researcher (X),reporting researcher (Y),reporting researcher (Y),Somewhat disagree,No,White,,Male,,Some college credit or technical school degree,Conservative,Heterosexual/straight,,19,Protestantism (Christian),,81396
1/28/2026 15:34,1/28/2026 15:41,100,394,TRUE,1/28/2026 15:41,R_79trhn14Qwv5Elj,,,,,33.1669,-87.5064,anonymous,EN,1,"Yes, I consent",2 = somewhat dishonest,4 = somewhat sincere,2 = somewhat unethical,4 = somewhat likeable,4 = somewhat approachable,3 = could go either way,5 = very honest,5 = very sincere,5 = very ethical,4 = somewhat likeable,2 = somewhat unapproachable,reporting researcher (S),reporting researcher (S),neither reported (K) nor reporting researcher (S),reporting researcher (S),reporting researcher (S),reporting researcher (S),reported researcher (K),reporting researcher (S),reporting researcher (S),1 = very dishonest,1 = very insincere,1 = very unethical,3 = neither likeable nor unlikeable,3 = neither approachable nor unapproachable,1 = very confident the findings are false,5 = very honest,5 = very sincere,5 = very ethical,3 = neither likeable nor unlikeable,3 = neither approachable nor unapproachable,reporting researcher (F),reporting researcher (F),reported researcher (H),reporting researcher (F),reporting researcher (F),reporting researcher (F),neither reported (H) nor reporting researcher (F),reporting researcher (F),reporting researcher (F),1 = very dishonest,1 = very insincere,1 = very unethical,2 = somewhat unlikeable,3 = neither approachable nor unapproachable,1 = very confident the findings are false,5 = very honest,5 = very sincere,5 = very ethical,3 = neither likeable nor unlikeable,4 = somewhat approachable,reporting researcher (Y),reporting researcher (Y),reported researcher (X),reporting researcher (Y),reporting researcher (Y),reporting researcher (Y),neither reported (X) nor reporting researcher (Y),reporting researcher (Y),reporting researcher (Y),Somewhat disagree,No,White,,Female,,Some college credit or technical school degree,Lean Conservative,Heterosexual/straight,,20,Protestantism (Christian),,81608
1/28/2026 17:20,1/28/2026 17:28,100,487,TRUE,1/28/2026 17:28,R_1NkvNtM1Wmjz8AZ,,,,,33.2,-87.56,anonymous,EN,1,"Yes, I consent",4 = somewhat honest,2 = somewhat insincere,4 = somewhat ethical,3 = neither likeable nor unlikeable,3 = neither approachable nor unapproachable,3 = could go either way,4 = somewhat honest,4 = somewhat sincere,4 = somewhat ethical,3 = neither likeable nor unlikeable,3 = neither approachable nor unapproachable,reporting researcher (S),reporting researcher (S),neither reported (K) nor reporting researcher (S),reporting researcher (S),reporting researcher (S),reporting researcher (S),neither reported (K) nor reporting researcher (S),reporting researcher (S),reporting researcher (S),1 = very dishonest,1 = very insincere,2 = somewhat unethical,2 = somewhat unlikeable,3 = neither approachable nor unapproachable,2 = somewhat confident the findings are false,5 = very honest,4 = somewhat sincere,4 = somewhat ethical,3 = neither likeable nor unlikeable,4 = somewhat approachable,reporting researcher (F),reporting researcher (F),neither reported (H) nor reporting researcher (F),reporting researcher (F),reporting researcher (F),reporting researcher (F),reporting researcher (F),reporting researcher (F),reporting researcher (F),1 = very dishonest,1 = very insincere,1 = very unethical,3 = neither likeable nor unlikeable,3 = neither approachable nor unapproachable,1 = very confident the findings are false,5 = very honest,5 = very sincere,5 = very ethical,3 = neither likeable nor unlikeable,3 = neither approachable nor unapproachable,reporting researcher (Y),reporting researcher (Y),reporting researcher (Y),reporting researcher (Y),reporting researcher (Y),reporting researcher (Y),neither reported (X) nor reporting researcher (Y),reporting researcher (Y),reporting researcher (Y),Somewhat disagree,No,White,,Female,,Some college credit or technical school degree,Centrist,Heterosexual/straight,,18,Catholicism,,81057
1/28/2026 17:30,1/28/2026 17:33,100,202,TRUE,1/28/2026 17:33,R_7QsDFH2tOd70doK,,,,,33.2,-87.56,anonymous,EN,1,"Yes, I consent",5 = very honest,4 = somewhat sincere,1 = very unethical,5 = very likeable,3 = neither approachable nor unapproachable,2 = somewhat confident the findings are false,4 = somewhat honest,3 = neither sincere nor insincere,1 = very unethical,2 = somewhat unlikeable,2 = somewhat unapproachable,reporting researcher (S),neither reported (K) nor reporting researcher (S),reported researcher (K),reported researcher (K),neither reported (K) nor reporting researcher (S),neither reported (K) nor reporting researcher (S),neither reported (K) nor reporting researcher (S),reported researcher (K),neither reported (K) nor reporting researcher (S),2 = somewhat dishonest,4 = somewhat sincere,3 = neither ethical nor unethical,1 = very unlikeable,1 = very unapproachable,4 = somewhat confident the findings are true,4 = somewhat honest,1 = very insincere,2 = somewhat unethical,2 = somewhat unlikeable,2 = somewhat unapproachable,reporting researcher (F),neither reported (H) nor reporting researcher (F),reported researcher (H),neither reported (H) nor reporting researcher (F),reporting researcher (F),reporting researcher (F),reporting researcher (F),neither reported (H) nor reporting researcher (F),neither reported (H) nor reporting researcher (F),2 = somewhat dishonest,4 = somewhat sincere,4 = somewhat ethical,1 = very unlikeable,1 = very unapproachable,1 = very confident the findings are false,1 = very dishonest,1 = very insincere,3 = neither ethical nor unethical,1 = very unlikeable,3 = neither approachable nor unapproachable,neither reported (X) nor reporting researcher (Y),neither reported (X) nor reporting researcher (Y),reporting researcher (Y),reporting researcher (Y),neither reported (X) nor reporting researcher (Y),neither reported (X) nor reporting researcher (Y),neither reported (X) nor reporting researcher (Y),reported researcher (X),reported researcher (X),Somewhat disagree,No,White,,Prefer not to say,,Some High School,Conservative,Heterosexual/straight,,19,Protestantism (Christian),,81072
1/28/2026 17:29,1/28/2026 17:36,100,413,TRUE,1/28/2026 17:36,R_5r6BxXPsxX0IapP,,,,,33.2,-87.56,anonymous,EN,1,"Yes, I consent",5 = very honest,4 = somewhat sincere,4 = somewhat ethical,5 = very likeable,5 = very approachable,4 = somewhat confident the findings are true,5 = very honest,5 = very sincere,5 = very ethical,5 = very likeable,5 = very approachable,reporting researcher (S),reporting researcher (S),reporting researcher (S),reporting researcher (S),reporting researcher (S),reporting researcher (S),reported researcher (K),reporting researcher (S),reporting researcher (S),1 = very dishonest,1 = very insincere,1 = very unethical,2 = somewhat unlikeable,3 = neither approachable nor unapproachable,2 = somewhat confident the findings are false,5 = very honest,5 = very sincere,4 = somewhat ethical,5 = very likeable,5 = very approachable,reporting researcher (F),reporting researcher (F),neither reported (H) nor reporting researcher (F),reporting researcher (F),reporting researcher (F),reporting researcher (F),neither reported (H) nor reporting researcher (F),reporting researcher (F),reporting researcher (F),1 = very dishonest,1 = very insincere,1 = very unethical,1 = very unlikeable,3 = neither approachable nor unapproachable,1 = very confident the findings are false,4 = somewhat honest,5 = very sincere,4 = somewhat ethical,5 = very likeable,5 = very approachable,reporting researcher (Y),reporting researcher (Y),neither reported (X) nor reporting researcher (Y),reporting researcher (Y),neither reported (X) nor reporting researcher (Y),reporting researcher (Y),reported researcher (X),reporting researcher (Y),neither reported (X) nor reporting researcher (Y),Somewhat disagree,Yes,,,Male,,High School Diploma or GED,Conservative,Heterosexual/straight,,18,Not Affiliated,,81502
1/28/2026 18:53,1/28/2026 19:01,100,491,TRUE,1/28/2026 19:01,R_1n97gE5sqY1gHgf,,,,,33.2,-87.56,anonymous,EN,1,"Yes, I consent",2 = somewhat dishonest,4 = somewhat sincere,3 = neither ethical nor unethical,3 = neither likeable nor unlikeable,4 = somewhat approachable,3 = could go either way,5 = very honest,5 = very sincere,5 = very ethical,3 = neither likeable nor unlikeable,3 = neither approachable nor unapproachable,neither reported (K) nor reporting researcher (S),reporting researcher (S),reporting researcher (S),reporting researcher (S),reporting researcher (S),reporting researcher (S),neither reported (K) nor reporting researcher (S),reporting researcher (S),reporting researcher (S),1 = very dishonest,1 = very insincere,1 = very unethical,2 = somewhat unlikeable,3 = neither approachable nor unapproachable,1 = very confident the findings are false,5 = very honest,5 = very sincere,5 = very ethical,5 = very likeable,4 = somewhat approachable,reporting researcher (F),reporting researcher (F),neither reported (H) nor reporting researcher (F),reporting researcher (F),reporting researcher (F),reporting researcher (F),reporting researcher (F),reporting researcher (F),reporting researcher (F),1 = very dishonest,1 = very insincere,1 = very unethical,1 = very unlikeable,1 = very unapproachable,1 = very confident the findings are false,5 = very honest,5 = very sincere,5 = very ethical,5 = very likeable,5 = very approachable,reporting researcher (Y),reporting researcher (Y),reporting researcher (Y),reporting researcher (Y),reporting researcher (Y),reporting researcher (Y),reporting researcher (Y),reporting researcher (Y),reporting researcher (Y),Somewhat disagree,No,White,,Female,,High School Diploma or GED,Centrist,Heterosexual/straight,,18,Protestantism (Christian),,81360
1/28/2026 19:25,1/28/2026 19:38,100,780,TRUE,1/28/2026 19:38,R_1N24JIrgvziTLUM,,,,,33.2,-87.56,anonymous,EN,1,"Yes, I consent",5 = very honest,5 = very sincere,5 = very ethical,5 = very likeable,5 = very approachable,5 = very confident the findings are true,5 = very honest,5 = very sincere,4 = somewhat ethical,5 = very likeable,5 = very approachable,neither reported (K) nor reporting researcher (S),neither reported (K) nor reporting researcher (S),reporting researcher (S),reporting researcher (S),reporting researcher (S),reporting researcher (S),reported researcher (K),reporting researcher (S),reporting researcher (S),2 = somewhat dishonest,2 = somewhat insincere,2 = somewhat unethical,3 = neither likeable nor unlikeable,3 = neither approachable nor unapproachable,2 = somewhat confident the findings are false,5 = very honest,5 = very sincere,5 = very ethical,5 = very likeable,5 = very approachable,reporting researcher (F),reporting researcher (F),reporting researcher (F),reporting researcher (F),reporting researcher (F),reporting researcher (F),reported researcher (H),reporting researcher (F),reporting researcher (F),1 = very dishonest,1 = very insincere,1 = very unethical,1 = very unlikeable,1 = very unapproachable,1 = very confident the findings are false,5 = very honest,5 = very sincere,5 = very ethical,5 = very likeable,5 = very approachable,reporting researcher (Y),reporting researcher (Y),reporting researcher (Y),reporting researcher (Y),reporting researcher (Y),reporting researcher (Y),reported researcher (X),reporting researcher (Y),reporting researcher (Y),Somewhat disagree,No,White,,Female,,High School Diploma or GED,Conservative,Heterosexual/straight,,18,Other,Christian / Non-denominational ,81664
1/28/2026 19:39,1/28/2026 19:47,100,474,TRUE,1/28/2026 19:47,R_5IPRuXmrAFLddjq,,,,,33.2,-87.56,anonymous,EN,1,"Yes, I consent",2 = somewhat dishonest,2 = somewhat insincere,2 = somewhat unethical,3 = neither likeable nor unlikeable,3 = neither approachable nor unapproachable,3 = could go either way,4 = somewhat honest,4 = somewhat sincere,3 = neither ethical nor unethical,3 = neither likeable nor unlikeable,4 = somewhat approachable,reporting researcher (S),reporting researcher (S),reporting researcher (S),reporting researcher (S),reporting researcher (S),reporting researcher (S),reported researcher (K),reporting researcher (S),reported researcher (K),1 = very dishonest,2 = somewhat insincere,2 = somewhat unethical,2 = somewhat unlikeable,3 = neither approachable nor unapproachable,1 = very confident the findings are false,4 = somewhat honest,3 = neither sincere nor insincere,4 = somewhat ethical,3 = neither likeable nor unlikeable,3 = neither approachable nor unapproachable,neither reported (H) nor reporting researcher (F),reporting researcher (F),reported researcher (H),reporting researcher (F),reporting researcher (F),reporting researcher (F),reported researcher (H),reporting researcher (F),reported researcher (H),1 = very dishonest,2 = somewhat insincere,1 = very unethical,1 = very unlikeable,1 = very unapproachable,1 = very confident the findings are false,5 = very honest,5 = very sincere,5 = very ethical,4 = somewhat likeable,4 = somewhat approachable,reporting researcher (Y),reporting researcher (Y),reported researcher (X),reporting researcher (Y),reporting researcher (Y),reporting researcher (Y),reported researcher (X),reporting researcher (Y),reported researcher (X),Somewhat disagree,No,White,,Female,,Some college credit or technical school degree,Conservative,Heterosexual/straight,,19,Protestantism (Christian),,81212
1/28/2026 20:02,1/28/2026 20:12,100,623,TRUE,1/28/2026 20:12,R_6oN2gTebyLESx4B,,,,,33.2,-87.56,anonymous,EN,1,"Yes, I consent",2 = somewhat dishonest,3 = neither sincere nor insincere,2 = somewhat unethical,3 = neither likeable nor unlikeable,3 = neither approachable nor unapproachable,4 = somewhat confident the findings are true,3 = neither honest nor dishonest,3 = neither sincere nor insincere,3 = neither ethical nor unethical,2 = somewhat unlikeable,3 = neither approachable nor unapproachable,neither reported (K) nor reporting researcher (S),neither reported (K) nor reporting researcher (S),reported researcher (K),neither reported (K) nor reporting researcher (S),neither reported (K) nor reporting researcher (S),neither reported (K) nor reporting researcher (S),reported researcher (K),neither reported (K) nor reporting researcher (S),neither reported (K) nor reporting researcher (S),1 = very dishonest,1 = very insincere,1 = very unethical,1 = very unlikeable,3 = neither approachable nor unapproachable,1 = very confident the findings are false,4 = somewhat honest,4 = somewhat sincere,4 = somewhat ethical,4 = somewhat likeable,3 = neither approachable nor unapproachable,reporting researcher (F),reporting researcher (F),reported researcher (H),reporting researcher (F),reporting researcher (F),reporting researcher (F),reporting researcher (F),reporting researcher (F),reporting researcher (F),1 = very dishonest,1 = very insincere,1 = very unethical,2 = somewhat unlikeable,3 = neither approachable nor unapproachable,2 = somewhat confident the findings are false,4 = somewhat honest,3 = neither sincere nor insincere,4 = somewhat ethical,4 = somewhat likeable,3 = neither approachable nor unapproachable,neither reported (X) nor reporting researcher (Y),reporting researcher (Y),reported researcher (X),reporting researcher (Y),reporting researcher (Y),reporting researcher (Y),reporting researcher (Y),reporting researcher (Y),reporting researcher (Y),Somewhat disagree,Yes,White,,Male,,Some college credit or technical school degree,Liberal,Heterosexual/straight,,20,Not Affiliated,,81508
1/28/2026 12:15,1/28/2026 20:15,100,28822,TRUE,1/28/2026 20:15,R_1j0XRHe7b8ek77M,,,,,33.2,-87.56,anonymous,EN,1,"Yes, I consent",2 = somewhat dishonest,3 = neither sincere nor insincere,2 = somewhat unethical,3 = neither likeable nor unlikeable,3 = neither approachable nor unapproachable,2 = somewhat confident the findings are false,4 = somewhat honest,3 = neither sincere nor insincere,4 = somewhat ethical,3 = neither likeable nor unlikeable,3 = neither approachable nor unapproachable,neither reported (K) nor reporting researcher (S),reporting researcher (S),reporting researcher (S),neither reported (K) nor reporting researcher (S),neither reported (K) nor reporting researcher (S),reporting researcher (S),reported researcher (K),reporting researcher (S),reporting researcher (S),2 = somewhat dishonest,3 = neither sincere nor insincere,2 = somewhat unethical,3 = neither likeable nor unlikeable,3 = neither approachable nor unapproachable,2 = somewhat confident the findings are false,4 = somewhat honest,3 = neither sincere nor insincere,3 = neither ethical nor unethical,3 = neither likeable nor unlikeable,3 = neither approachable nor unapproachable,neither reported (H) nor reporting researcher (F),reporting researcher (F),reported researcher (H),neither reported (H) nor reporting researcher (F),reporting researcher (F),reporting researcher (F),reported researcher (H),reporting researcher (F),reporting researcher (F),3 = neither honest nor dishonest,4 = somewhat sincere,2 = somewhat unethical,2 = somewhat unlikeable,4 = somewhat approachable,3 = could go either way,4 = somewhat honest,4 = somewhat sincere,3 = neither ethical nor unethical,3 = neither likeable nor unlikeable,3 = neither approachable nor unapproachable,neither reported (X) nor reporting researcher (Y),reporting researcher (Y),reported researcher (X),neither reported (X) nor reporting researcher (Y),reporting researcher (Y),neither reported (X) nor reporting researcher (Y),reported researcher (X),reporting researcher (Y),reporting researcher (Y),Somewhat disagree,No,White,,Female,,Some college credit or technical school degree,Centrist,Heterosexual/straight,,19,Protestantism (Christian),,80970
1/28/2026 20:38,1/28/2026 21:15,100,2234,TRUE,1/28/2026 21:15,R_12rIGCWoRCiAHri,,,,,33.2716,-87.5362,anonymous,EN,1,"Yes, I consent",3 = neither honest nor dishonest,2 = somewhat insincere,3 = neither ethical nor unethical,1 = very unlikeable,3 = neither approachable nor unapproachable,4 = somewhat confident the findings are true,2 = somewhat dishonest,1 = very insincere,3 = neither ethical nor unethical,2 = somewhat unlikeable,3 = neither approachable nor unapproachable,reported researcher (K),reported researcher (K),reported researcher (K),neither reported (K) nor reporting researcher (S),neither reported (K) nor reporting researcher (S),reported researcher (K),neither reported (K) nor reporting researcher (S),neither reported (K) nor reporting researcher (S),neither reported (K) nor reporting researcher (S),3 = neither honest nor dishonest,3 = neither sincere nor insincere,3 = neither ethical nor unethical,4 = somewhat likeable,3 = neither approachable nor unapproachable,4 = somewhat confident the findings are true,4 = somewhat honest,4 = somewhat sincere,3 = neither ethical nor unethical,3 = neither likeable nor unlikeable,2 = somewhat unapproachable,reported researcher (H),neither reported (H) nor reporting researcher (F),reported researcher (H),neither reported (H) nor reporting researcher (F),neither reported (H) nor reporting researcher (F),neither reported (H) nor reporting researcher (F),reporting researcher (F),reporting researcher (F),reporting researcher (F),1 = very dishonest,1 = very insincere,1 = very unethical,1 = very unlikeable,1 = very unapproachable,3 = could go either way,4 = somewhat honest,5 = very sincere,3 = neither ethical nor unethical,4 = somewhat likeable,3 = neither approachable nor unapproachable,neither reported (X) nor reporting researcher (Y),reporting researcher (Y),neither reported (X) nor reporting researcher (Y),neither reported (X) nor reporting researcher (Y),neither reported (X) nor reporting researcher (Y),reporting researcher (Y),reported researcher (X),reporting researcher (Y),reporting researcher (Y),Somewhat disagree,No,White,,Female,,High School Diploma or GED,Centrist,Heterosexual/straight,,20,Other,,80977
1/28/2026 23:00,1/28/2026 23:10,100,603,TRUE,1/28/2026 23:10,R_1EtA9dvIP5ynERJ,,,,,33.2,-87.56,anonymous,EN,1,"Yes, I consent",4 = somewhat honest,3 = neither sincere nor insincere,4 = somewhat ethical,3 = neither likeable nor unlikeable,4 = somewhat approachable,3 = could go either way,4 = somewhat honest,4 = somewhat sincere,3 = neither ethical nor unethical,3 = neither likeable nor unlikeable,3 = neither approachable nor unapproachable,neither reported (K) nor reporting researcher (S),reporting researcher (S),neither reported (K) nor reporting researcher (S),neither reported (K) nor reporting researcher (S),reporting researcher (S),reporting researcher (S),reported researcher (K),reporting researcher (S),reporting researcher (S),2 = somewhat dishonest,2 = somewhat insincere,2 = somewhat unethical,3 = neither likeable nor unlikeable,2 = somewhat unapproachable,2 = somewhat confident the findings are false,4 = somewhat honest,4 = somewhat sincere,3 = neither ethical nor unethical,3 = neither likeable nor unlikeable,4 = somewhat approachable,reporting researcher (F),reporting researcher (F),neither reported (H) nor reporting researcher (F),reporting researcher (F),reporting researcher (F),neither reported (H) nor reporting researcher (F),reported researcher (H),reporting researcher (F),reporting researcher (F),1 = very dishonest,2 = somewhat insincere,2 = somewhat unethical,1 = very unlikeable,3 = neither approachable nor unapproachable,1 = very confident the findings are false,4 = somewhat honest,3 = neither sincere nor insincere,4 = somewhat ethical,3 = neither likeable nor unlikeable,4 = somewhat approachable,neither reported (X) nor reporting researcher (Y),reporting researcher (Y),neither reported (X) nor reporting researcher (Y),reporting researcher (Y),reporting researcher (Y),reporting researcher (Y),reporting researcher (Y),reporting researcher (Y),reporting researcher (Y),Somewhat disagree,No,White,,Female,,High School Diploma or GED,Lean Liberal,Heterosexual/straight,,19,Not Affiliated,,81718
1/28/2026 22:36,1/28/2026 23:38,100,3701,TRUE,1/28/2026 23:38,R_31lO9RSF0sref0l,,,,,33.2,-87.56,anonymous,EN,1,"Yes, I consent",4 = somewhat honest,4 = somewhat sincere,4 = somewhat ethical,4 = somewhat likeable,4 = somewhat approachable,3 = could go either way,5 = very honest,5 = very sincere,5 = very ethical,3 = neither likeable nor unlikeable,2 = somewhat unapproachable,neither reported (K) nor reporting researcher (S),reporting researcher (S),reporting researcher (S),reporting researcher (S),reporting researcher (S),reporting researcher (S),reported researcher (K),reporting researcher (S),reported researcher (K),1 = very dishonest,2 = somewhat insincere,1 = very unethical,2 = somewhat unlikeable,2 = somewhat unapproachable,2 = somewhat confident the findings are false,5 = very honest,5 = very sincere,5 = very ethical,5 = very likeable,4 = somewhat approachable,neither reported (H) nor reporting researcher (F),reporting researcher (F),reported researcher (H),reporting researcher (F),reporting researcher (F),reporting researcher (F),reported researcher (H),reporting researcher (F),reported researcher (H),1 = very dishonest,1 = very insincere,1 = very unethical,1 = very unlikeable,1 = very unapproachable,1 = very confident the findings are false,5 = very honest,5 = very sincere,5 = very ethical,5 = very likeable,5 = very approachable,reporting researcher (Y),reporting researcher (Y),reporting researcher (Y),reporting researcher (Y),reporting researcher (Y),reporting researcher (Y),reporting researcher (Y),reporting researcher (Y),reporting researcher (Y),Somewhat disagree,No,White,,Female,,Some college credit or technical school degree,Liberal,Heterosexual/straight,,18,Protestantism (Christian),,81667
1/29/2026 7:08,1/29/2026 7:14,100,345,TRUE,1/29/2026 7:14,R_7R8O1j7nJlkGRxf,,,,,33.2,-87.56,anonymous,EN,1,"Yes, I consent",1 = very dishonest,1 = very insincere,1 = very unethical,1 = very unlikeable,3 = neither approachable nor unapproachable,1 = very confident the findings are false,5 = very honest,5 = very sincere,5 = very ethical,3 = neither likeable nor unlikeable,3 = neither approachable nor unapproachable,reporting researcher (S),reporting researcher (S),neither reported (K) nor reporting researcher (S),reporting researcher (S),reporting researcher (S),reporting researcher (S),reporting researcher (S),reporting researcher (S),reporting researcher (S),1 = very dishonest,1 = very insincere,1 = very unethical,1 = very unlikeable,3 = neither approachable nor unapproachable,1 = very confident the findings are false,5 = very honest,5 = very sincere,5 = very ethical,5 = very likeable,3 = neither approachable nor unapproachable,reporting researcher (F),reporting researcher (F),neither reported (H) nor reporting researcher (F),reporting researcher (F),reporting researcher (F),reporting researcher (F),reporting researcher (F),reporting researcher (F),reporting researcher (F),1 = very dishonest,1 = very insincere,1 = very unethical,1 = very unlikeable,3 = neither approachable nor unapproachable,1 = very confident the findings are false,5 = very honest,5 = very sincere,5 = very ethical,5 = very likeable,3 = neither approachable nor unapproachable,reporting researcher (Y),reporting researcher (Y),neither reported (X) nor reporting researcher (Y),reporting researcher (Y),reporting researcher (Y),reporting researcher (Y),reporting researcher (Y),reporting researcher (Y),reporting researcher (Y),Somewhat disagree,Yes,White,,Female,,High School Diploma or GED,Strongly Conservative,Heterosexual/straight,,20,Protestantism (Christian),,81713
1/29/2026 8:30,1/29/2026 8:40,100,594,TRUE,1/29/2026 8:40,R_3GtkbeDeq3bPU65,,,,,33.2,-87.56,anonymous,EN,1,"Yes, I consent",4 = somewhat honest,5 = very sincere,5 = very ethical,4 = somewhat likeable,4 = somewhat approachable,3 = could go either way,2 = somewhat dishonest,3 = neither sincere nor insincere,3 = neither ethical nor unethical,3 = neither likeable nor unlikeable,3 = neither approachable nor unapproachable,neither reported (K) nor reporting researcher (S),neither reported (K) nor reporting researcher (S),neither reported (K) nor reporting researcher (S),reported researcher (K),neither reported (K) nor reporting researcher (S),neither reported (K) nor reporting researcher (S),neither reported (K) nor reporting researcher (S),neither reported (K) nor reporting researcher (S),neither reported (K) nor reporting researcher (S),1 = very dishonest,1 = very insincere,1 = very unethical,2 = somewhat unlikeable,1 = very unapproachable,1 = very confident the findings are false,5 = very honest,5 = very sincere,5 = very ethical,5 = very likeable,5 = very approachable,neither reported (H) nor reporting researcher (F),neither reported (H) nor reporting researcher (F),reported researcher (H),reporting researcher (F),reporting researcher (F),reporting researcher (F),neither reported (H) nor reporting researcher (F),reporting researcher (F),reporting researcher (F),1 = very dishonest,1 = very insincere,1 = very unethical,2 = somewhat unlikeable,1 = very unapproachable,1 = very confident the findings are false,5 = very honest,4 = somewhat sincere,4 = somewhat ethical,5 = very likeable,5 = very approachable,reporting researcher (Y),reporting researcher (Y),neither reported (X) nor reporting researcher (Y),reporting researcher (Y),reporting researcher (Y),reporting researcher (Y),reporting researcher (Y),reporting researcher (Y),reporting researcher (Y),Somewhat disagree,No,White,,Female,,High School Diploma or GED,Lean Conservative,Heterosexual/straight,,19,Protestantism (Christian),,81179
1/29/2026 8:34,1/29/2026 8:42,100,452,TRUE,1/29/2026 8:42,R_5jSQ8eAg1YzkHvg,,,,,33.4033,-86.2293,anonymous,EN,1,"Yes, I consent",3 = neither honest nor dishonest,3 = neither sincere nor insincere,3 = neither ethical nor unethical,3 = neither likeable nor unlikeable,3 = neither approachable nor unapproachable,3 = could go either way,3 = neither honest nor dishonest,2 = somewhat insincere,3 = neither ethical nor unethical,3 = neither likeable nor unlikeable,3 = neither approachable nor unapproachable,reported researcher (K),reported researcher (K),neither reported (K) nor reporting researcher (S),reported researcher (K),reported researcher (K),reported researcher (K),reported researcher (K),reported researcher (K),reported researcher (K),1 = very dishonest,2 = somewhat insincere,1 = very unethical,2 = somewhat unlikeable,2 = somewhat unapproachable,2 = somewhat confident the findings are false,2 = somewhat dishonest,2 = somewhat insincere,2 = somewhat unethical,2 = somewhat unlikeable,2 = somewhat unapproachable,neither reported (H) nor reporting researcher (F),neither reported (H) nor reporting researcher (F),neither reported (H) nor reporting researcher (F),neither reported (H) nor reporting researcher (F),neither reported (H) nor reporting researcher (F),neither reported (H) nor reporting researcher (F),neither reported (H) nor reporting researcher (F),neither reported (H) nor reporting researcher (F),neither reported (H) nor reporting researcher (F),1 = very dishonest,1 = very insincere,1 = very unethical,1 = very unlikeable,1 = very unapproachable,2 = somewhat confident the findings are false,2 = somewhat dishonest,1 = very insincere,2 = somewhat unethical,2 = somewhat unlikeable,2 = somewhat unapproachable,neither reported (X) nor reporting researcher (Y),neither reported (X) nor reporting researcher (Y),neither reported (X) nor reporting researcher (Y),neither reported (X) nor reporting researcher (Y),neither reported (X) nor reporting researcher (Y),neither reported (X) nor reporting researcher (Y),neither reported (X) nor reporting researcher (Y),neither reported (X) nor reporting researcher (Y),neither reported (X) nor reporting researcher (Y),Somewhat disagree,No,White,,Female,,High School Diploma or GED,Strongly Conservative,Heterosexual/straight,,19,Catholicism,,81178
1/29/2026 9:12,1/29/2026 9:24,100,754,TRUE,1/29/2026 9:24,R_5KHeJqFaZ7o1yUX,,,,,33.2,-87.56,anonymous,EN,1,"Yes, I consent",3 = neither honest nor dishonest,3 = neither sincere nor insincere,3 = neither ethical nor unethical,3 = neither likeable nor unlikeable,3 = neither approachable nor unapproachable,3 = could go either way,4 = somewhat honest,4 = somewhat sincere,4 = somewhat ethical,4 = somewhat likeable,4 = somewhat approachable,neither reported (K) nor reporting researcher (S),reporting researcher (S),reporting researcher (S),neither reported (K) nor reporting researcher (S),reporting researcher (S),neither reported (K) nor reporting researcher (S),reported researcher (K),reported researcher (K),reporting researcher (S),2 = somewhat dishonest,3 = neither sincere nor insincere,4 = somewhat ethical,4 = somewhat likeable,4 = somewhat approachable,3 = could go either way,5 = very honest,4 = somewhat sincere,4 = somewhat ethical,3 = neither likeable nor unlikeable,4 = somewhat approachable,reported researcher (H),reported researcher (H),reported researcher (H),neither reported (H) nor reporting researcher (F),reporting researcher (F),reported researcher (H),reported researcher (H),reported researcher (H),reported researcher (H),1 = very dishonest,2 = somewhat insincere,2 = somewhat unethical,1 = very unlikeable,1 = very unapproachable,2 = somewhat confident the findings are false,5 = very honest,4 = somewhat sincere,5 = very ethical,4 = somewhat likeable,5 = very approachable,neither reported (X) nor reporting researcher (Y),reporting researcher (Y),reported researcher (X),neither reported (X) nor reporting researcher (Y),reporting researcher (Y),reporting researcher (Y),reported researcher (X),reporting researcher (Y),reporting researcher (Y),Somewhat disagree,No,White,,Female,,High School Diploma or GED,Conservative,Heterosexual/straight,,18,Catholicism,,80986
1/29/2026 9:27,1/29/2026 9:38,100,659,TRUE,1/29/2026 9:38,R_1eq8AIOLkrFAATZ,,,,,33.2,-87.56,anonymous,EN,1,"Yes, I consent",3 = neither honest nor dishonest,4 = somewhat sincere,3 = neither ethical nor unethical,3 = neither likeable nor unlikeable,4 = somewhat approachable,4 = somewhat confident the findings are true,3 = neither honest nor dishonest,2 = somewhat insincere,3 = neither ethical nor unethical,2 = somewhat unlikeable,2 = somewhat unapproachable,reported researcher (K),reported researcher (K),reported researcher (K),reported researcher (K),neither reported (K) nor reporting researcher (S),reported researcher (K),reported researcher (K),neither reported (K) nor reporting researcher (S),reported researcher (K),2 = somewhat dishonest,2 = somewhat insincere,2 = somewhat unethical,3 = neither likeable nor unlikeable,3 = neither approachable nor unapproachable,3 = could go either way,5 = very honest,4 = somewhat sincere,5 = very ethical,4 = somewhat likeable,3 = neither approachable nor unapproachable,neither reported (H) nor reporting researcher (F),neither reported (H) nor reporting researcher (F),reported researcher (H),reporting researcher (F),reporting researcher (F),neither reported (H) nor reporting researcher (F),reported researcher (H),reporting researcher (F),neither reported (H) nor reporting researcher (F),1 = very dishonest,2 = somewhat insincere,1 = very unethical,2 = somewhat unlikeable,3 = neither approachable nor unapproachable,2 = somewhat confident the findings are false,4 = somewhat honest,5 = very sincere,5 = very ethical,3 = neither likeable nor unlikeable,3 = neither approachable nor unapproachable,neither reported (X) nor reporting researcher (Y),reporting researcher (Y),reported researcher (X),reporting researcher (Y),reporting researcher (Y),reported researcher (X),reported researcher (X),reporting researcher (Y),neither reported (X) nor reporting researcher (Y),Somewhat disagree,No,White,,Male,,Some High School,Lean Conservative,Heterosexual/straight,,19,Not Affiliated,,81039
1/29/2026 9:17,1/29/2026 9:49,100,1971,TRUE,1/29/2026 9:49,R_7P3sCYjKEtiudAl,,,,,33.2,-87.56,anonymous,EN,1,"Yes, I consent",3 = neither honest nor dishonest,2 = somewhat insincere,1 = very unethical,4 = somewhat likeable,3 = neither approachable nor unapproachable,1 = very confident the findings are false,5 = very honest,4 = somewhat sincere,2 = somewhat unethical,1 = very unlikeable,3 = neither approachable nor unapproachable,neither reported (K) nor reporting researcher (S),reporting researcher (S),reporting researcher (S),neither reported (K) nor reporting researcher (S),neither reported (K) nor reporting researcher (S),reported researcher (K),neither reported (K) nor reporting researcher (S),reporting researcher (S),reporting researcher (S),4 = somewhat honest,2 = somewhat insincere,3 = neither ethical nor unethical,1 = very unlikeable,3 = neither approachable nor unapproachable,3 = could go either way,3 = neither honest nor dishonest,1 = very insincere,4 = somewhat ethical,2 = somewhat unlikeable,3 = neither approachable nor unapproachable,neither reported (H) nor reporting researcher (F),reported researcher (H),reported researcher (H),neither reported (H) nor reporting researcher (F),reported researcher (H),reported researcher (H),neither reported (H) nor reporting researcher (F),neither reported (H) nor reporting researcher (F),reporting researcher (F),2 = somewhat dishonest,5 = very sincere,1 = very unethical,1 = very unlikeable,3 = neither approachable nor unapproachable,2 = somewhat confident the findings are false,4 = somewhat honest,2 = somewhat insincere,2 = somewhat unethical,4 = somewhat likeable,3 = neither approachable nor unapproachable,neither reported (X) nor reporting researcher (Y),reporting researcher (Y),reported researcher (X),neither reported (X) nor reporting researcher (Y),neither reported (X) nor reporting researcher (Y),neither reported (X) nor reporting researcher (Y),neither reported (X) nor reporting researcher (Y),neither reported (X) nor reporting researcher (Y),neither reported (X) nor reporting researcher (Y),Somewhat disagree,No,White,,Female,,Some college credit or technical school degree,Conservative,Heterosexual/straight,,18,Protestantism (Christian),,81562
1/29/2026 10:47,1/29/2026 11:01,100,865,TRUE,1/29/2026 11:01,R_7LjmjBILLrCeVcA,,,,,33.1736,-87.3856,anonymous,EN,1,"Yes, I consent",2 = somewhat dishonest,4 = somewhat sincere,2 = somewhat unethical,3 = neither likeable nor unlikeable,5 = very approachable,3 = could go either way,4 = somewhat honest,4 = somewhat sincere,4 = somewhat ethical,2 = somewhat unlikeable,2 = somewhat unapproachable,neither reported (K) nor reporting researcher (S),neither reported (K) nor reporting researcher (S),neither reported (K) nor reporting researcher (S),reporting researcher (S),reporting researcher (S),reporting researcher (S),reporting researcher (S),reporting researcher (S),reporting researcher (S),1 = very dishonest,3 = neither sincere nor insincere,1 = very unethical,3 = neither likeable nor unlikeable,3 = neither approachable nor unapproachable,1 = very confident the findings are false,5 = very honest,3 = neither sincere nor insincere,5 = very ethical,4 = somewhat likeable,3 = neither approachable nor unapproachable,reporting researcher (F),reporting researcher (F),reporting researcher (F),reporting researcher (F),reporting researcher (F),reporting researcher (F),neither reported (H) nor reporting researcher (F),reporting researcher (F),reporting researcher (F),5 = very honest,3 = neither sincere nor insincere,1 = very unethical,2 = somewhat unlikeable,2 = somewhat unapproachable,2 = somewhat confident the findings are false,5 = very honest,4 = somewhat sincere,5 = very ethical,4 = somewhat likeable,4 = somewhat approachable,reporting researcher (Y),reporting researcher (Y),neither reported (X) nor reporting researcher (Y),neither reported (X) nor reporting researcher (Y),reporting researcher (Y),reporting researcher (Y),neither reported (X) nor reporting researcher (Y),reporting researcher (Y),reporting researcher (Y),Somewhat disagree,No,White,,Female,,High School Diploma or GED,Conservative,Heterosexual/straight,,18,Protestantism (Christian),,81140
1/29/2026 11:26,1/29/2026 11:32,100,381,TRUE,1/29/2026 11:32,R_1lLndlYiY5Mb3BO,,,,,33.2,-87.56,anonymous,EN,1,"Yes, I consent",4 = somewhat honest,3 = neither sincere nor insincere,3 = neither ethical nor unethical,4 = somewhat likeable,3 = neither approachable nor unapproachable,2 = somewhat confident the findings are false,5 = very honest,4 = somewhat sincere,3 = neither ethical nor unethical,4 = somewhat likeable,4 = somewhat approachable,neither reported (K) nor reporting researcher (S),reporting researcher (S),reporting researcher (S),reporting researcher (S),reporting researcher (S),reporting researcher (S),reported researcher (K),reporting researcher (S),neither reported (K) nor reporting researcher (S),2 = somewhat dishonest,3 = neither sincere nor insincere,3 = neither ethical nor unethical,3 = neither likeable nor unlikeable,3 = neither approachable nor unapproachable,3 = could go either way,2 = somewhat dishonest,3 = neither sincere nor insincere,3 = neither ethical nor unethical,3 = neither likeable nor unlikeable,3 = neither approachable nor unapproachable,neither reported (H) nor reporting researcher (F),reporting researcher (F),neither reported (H) nor reporting researcher (F),reporting researcher (F),reporting researcher (F),neither reported (H) nor reporting researcher (F),reported researcher (H),neither reported (H) nor reporting researcher (F),reporting researcher (F),1 = very dishonest,1 = very insincere,1 = very unethical,1 = very unlikeable,3 = neither approachable nor unapproachable,1 = very confident the findings are false,5 = very honest,4 = somewhat sincere,4 = somewhat ethical,4 = somewhat likeable,3 = neither approachable nor unapproachable,reporting researcher (Y),reporting researcher (Y),reported researcher (X),reporting researcher (Y),reporting researcher (Y),reporting researcher (Y),reporting researcher (Y),reporting researcher (Y),reporting researcher (Y),Somewhat disagree,No,White,,Female,,Bachelor’s Degree,Lean Conservative,Heterosexual/straight,,21,Catholicism,,81016
1/29/2026 11:32,1/29/2026 11:40,100,496,TRUE,1/29/2026 11:40,R_58uXR4QtBvUu8RH,,,,,33.2,-87.56,anonymous,EN,1,"Yes, I consent",2 = somewhat dishonest,3 = neither sincere nor insincere,2 = somewhat unethical,3 = neither likeable nor unlikeable,2 = somewhat unapproachable,3 = could go either way,4 = somewhat honest,4 = somewhat sincere,4 = somewhat ethical,4 = somewhat likeable,4 = somewhat approachable,neither reported (K) nor reporting researcher (S),reporting researcher (S),neither reported (K) nor reporting researcher (S),reporting researcher (S),reporting researcher (S),reporting researcher (S),neither reported (K) nor reporting researcher (S),reporting researcher (S),reporting researcher (S),2 = somewhat dishonest,3 = neither sincere nor insincere,2 = somewhat unethical,2 = somewhat unlikeable,2 = somewhat unapproachable,2 = somewhat confident the findings are false,4 = somewhat honest,3 = neither sincere nor insincere,4 = somewhat ethical,4 = somewhat likeable,4 = somewhat approachable,neither reported (H) nor reporting researcher (F),reporting researcher (F),neither reported (H) nor reporting researcher (F),reporting researcher (F),reporting researcher (F),reporting researcher (F),reporting researcher (F),reporting researcher (F),reporting researcher (F),1 = very dishonest,2 = somewhat insincere,1 = very unethical,2 = somewhat unlikeable,1 = very unapproachable,1 = very confident the findings are false,5 = very honest,4 = somewhat sincere,4 = somewhat ethical,4 = somewhat likeable,4 = somewhat approachable,reporting researcher (Y),reporting researcher (Y),neither reported (X) nor reporting researcher (Y),reporting researcher (Y),reporting researcher (Y),reporting researcher (Y),neither reported (X) nor reporting researcher (Y),reporting researcher (Y),reporting researcher (Y),Somewhat disagree,No,White,,Female,,Some college credit or technical school degree,Centrist,Heterosexual/straight,,19,Catholicism,,81093
1/29/2026 12:03,1/29/2026 12:10,100,424,TRUE,1/29/2026 12:10,R_1HpfUYOEba7DMSQ,,,,,33.2,-87.56,anonymous,EN,0.800000012,"Yes, I consent",2 = somewhat dishonest,3 = neither sincere nor insincere,3 = neither ethical nor unethical,3 = neither likeable nor unlikeable,4 = somewhat approachable,3 = could go either way,5 = very honest,3 = neither sincere nor insincere,4 = somewhat ethical,4 = somewhat likeable,4 = somewhat approachable,reporting researcher (S),reporting researcher (S),reported researcher (K),reporting researcher (S),reporting researcher (S),reporting researcher (S),reported researcher (K),reporting researcher (S),reporting researcher (S),1 = very dishonest,3 = neither sincere nor insincere,1 = very unethical,1 = very unlikeable,4 = somewhat approachable,1 = very confident the findings are false,5 = very honest,3 = neither sincere nor insincere,5 = very ethical,4 = somewhat likeable,4 = somewhat approachable,reporting researcher (F),reporting researcher (F),reported researcher (H),reporting researcher (F),reporting researcher (F),reporting researcher (F),reporting researcher (F),reporting researcher (F),reporting researcher (F),1 = very dishonest,3 = neither sincere nor insincere,1 = very unethical,1 = very unlikeable,4 = somewhat approachable,1 = very confident the findings are false,5 = very honest,3 = neither sincere nor insincere,5 = very ethical,5 = very likeable,4 = somewhat approachable,reporting researcher (Y),reporting researcher (Y),reported researcher (X),reporting researcher (Y),reporting researcher (Y),reporting researcher (Y),reporting researcher (Y),reporting researcher (Y),reporting researcher (Y),Somewhat disagree,No,White,,Female,,Some college credit or technical school degree,,Heterosexual/straight,,18,,,81027
1/29/2026 12:17,1/29/2026 12:23,100,338,TRUE,1/29/2026 12:23,R_7z78hyn7nT1ctjC,,,,,33.2,-87.56,anonymous,EN,1,"Yes, I consent",3 = neither honest nor dishonest,3 = neither sincere nor insincere,3 = neither ethical nor unethical,3 = neither likeable nor unlikeable,3 = neither approachable nor unapproachable,3 = could go either way,4 = somewhat honest,4 = somewhat sincere,3 = neither ethical nor unethical,3 = neither likeable nor unlikeable,3 = neither approachable nor unapproachable,neither reported (K) nor reporting researcher (S),reporting researcher (S),reporting researcher (S),neither reported (K) nor reporting researcher (S),reporting researcher (S),reporting researcher (S),reporting researcher (S),reporting researcher (S),reporting researcher (S),2 = somewhat dishonest,1 = very insincere,2 = somewhat unethical,2 = somewhat unlikeable,3 = neither approachable nor unapproachable,2 = somewhat confident the findings are false,5 = very honest,4 = somewhat sincere,3 = neither ethical nor unethical,4 = somewhat likeable,4 = somewhat approachable,reporting researcher (F),reporting researcher (F),reporting researcher (F),reporting researcher (F),reporting researcher (F),reporting researcher (F),reporting researcher (F),reporting researcher (F),reporting researcher (F),1 = very dishonest,1 = very insincere,1 = very unethical,2 = somewhat unlikeable,3 = neither approachable nor unapproachable,2 = somewhat confident the findings are false,5 = very honest,4 = somewhat sincere,3 = neither ethical nor unethical,3 = neither likeable nor unlikeable,4 = somewhat approachable,reporting researcher (Y),reporting researcher (Y),neither reported (X) nor reporting researcher (Y),reporting researcher (Y),reporting researcher (Y),reporting researcher (Y),reporting researcher (Y),reporting researcher (Y),reporting researcher (Y),Somewhat disagree,No,White,,Female,,Some college credit or technical school degree,Lean Liberal,Heterosexual/straight,,19,Protestantism (Christian),,81595
1/29/2026 12:15,1/29/2026 12:29,100,816,TRUE,1/29/2026 12:29,R_3CQd0yQWag3D1Va,,,,,33.2,-87.56,anonymous,EN,1,"Yes, I consent",2 = somewhat dishonest,2 = somewhat insincere,2 = somewhat unethical,2 = somewhat unlikeable,3 = neither approachable nor unapproachable,2 = somewhat confident the findings are false,5 = very honest,4 = somewhat sincere,4 = somewhat ethical,5 = very likeable,5 = very approachable,neither reported (K) nor reporting researcher (S),reporting researcher (S),neither reported (K) nor reporting researcher (S),reporting researcher (S),reporting researcher (S),reporting researcher (S),reported researcher (K),reporting researcher (S),reporting researcher (S),2 = somewhat dishonest,2 = somewhat insincere,2 = somewhat unethical,2 = somewhat unlikeable,2 = somewhat unapproachable,1 = very confident the findings are false,5 = very honest,4 = somewhat sincere,5 = very ethical,4 = somewhat likeable,5 = very approachable,reported researcher (H),reporting researcher (F),reported researcher (H),reporting researcher (F),reporting researcher (F),reporting researcher (F),reported researcher (H),reporting researcher (F),reporting researcher (F),1 = very dishonest,2 = somewhat insincere,1 = very unethical,2 = somewhat unlikeable,4 = somewhat approachable,2 = somewhat confident the findings are false,5 = very honest,4 = somewhat sincere,5 = very ethical,4 = somewhat likeable,4 = somewhat approachable,neither reported (X) nor reporting researcher (Y),reporting researcher (Y),neither reported (X) nor reporting researcher (Y),reporting researcher (Y),reporting researcher (Y),reporting researcher (Y),neither reported (X) nor reporting researcher (Y),reporting researcher (Y),reporting researcher (Y),Somewhat disagree,No,White,,Female,,Some college credit or technical school degree,Lean Conservative,Heterosexual/straight,,19,Protestantism (Christian),,81227
