StartDate,EndDate,Progress,Duration (in seconds),Finished,RecordedDate,ResponseId,DistributionChannel,UserLanguage,Q_RecaptchaScore,Consent form ,khonest,Ksin,Keth,Klike,Kapp,Kconf,Shon,Ssin,Sethic,Slike,Sapp,minsmart,minbetter,mincreative,minrather,minshould,minregard,mintyp,minkeep,minget,Hhon,Hsin,Seth,Hlike,Happ,Hcon,Fhin,Fsin,Feth,Flike,Fapp,modsmart,modbett,modcreat,modrath,modshou,modreg,modtyp,modkeep,modget,XHHON,XSIN,XETH,XLIKE,XAPP,XCON,yhon,Ysin,Yeth,Ylike,Yapp,Majsmart,majbet,majcreat,majrath,majshould,majreg,majtyp,majkeep,majget,attention1,gender identity,Q78,education,old,country,lang,Q_RecaptchaStatus
1/28/2026 16:03,1/28/2026 16:05,100,130,TRUE,1/28/2026 16:05,R_6f96OT4bRw5wPd0,preview,EN,1,,,,,,,,,,,,,,,,,,,,,,,,,,,,,,,,,,,,,,,,,,,,,,,,,,,,,,,,,,,,,,,,,,,,,complete
1/28/2026 18:17,1/28/2026 18:25,100,450,TRUE,1/28/2026 18:25,R_962A3JhGsiyDYsN,anonymous,EN,1,"Yes, I consent",2 = somewhat dishonest,4 = somewhat sincere,2 = somewhat unethical,2 = somewhat unlikeable,2 = somewhat unapproachable,1 = very confident the findings are false,5 = very honest,5 = very sincere,5 = very ethical,5 = very likeable,5 = very approachable,neither reported (K) nor reporting researcher (S),reporting researcher (S),neither reported (K) nor reporting researcher (S),neither reported (K) nor reporting researcher (S),neither reported (K) nor reporting researcher (S),reporting researcher (S),reporting researcher (S),reporting researcher (S),reporting researcher (S),2 = somewhat dishonest,4 = somewhat sincere,1 = very unethical,1 = very unlikeable,3 = neither approachable nor unapproachable,2 = somewhat confident the findings are false,5 = very honest,5 = very sincere,5 = very ethical,5 = very likeable,5 = very approachable,reported researcher (H),reporting researcher (F),reporting researcher (F),reporting researcher (F),reporting researcher (F),reporting researcher (F),reporting researcher (F),reporting researcher (F),reporting researcher (F),1 = very dishonest,1 = very insincere,1 = very unethical,1 = very unlikeable,1 = very unapproachable,1 = very confident the findings are false,5 = very honest,5 = very sincere,5 = very ethical,5 = very likeable,5 = very approachable,reporting researcher (Y),reporting researcher (Y),reporting researcher (Y),reporting researcher (Y),reporting researcher (Y),reporting researcher (Y),reporting researcher (Y),reporting researcher (Y),reporting researcher (Y),Somewhat disagree,Female,,"Doctoral Degree (e.g. Ph.D., M.D., J.D., or equivalent)",26,India,"English and Hindi
",complete
1/28/2026 18:18,1/28/2026 18:26,100,478,TRUE,1/28/2026 18:26,R_4wjtaCoMLLd0sCZ,anonymous,EN,1,"Yes, I consent",3 = neither honest nor dishonest,4 = somewhat sincere,4 = somewhat ethical,3 = neither likeable nor unlikeable,4 = somewhat approachable,3 = could go either way,4 = somewhat honest,4 = somewhat sincere,2 = somewhat unethical,4 = somewhat likeable,4 = somewhat approachable,reported researcher (K),reporting researcher (S),neither reported (K) nor reporting researcher (S),reported researcher (K),neither reported (K) nor reporting researcher (S),reporting researcher (S),reported researcher (K),reporting researcher (S),reported researcher (K),1 = very dishonest,1 = very insincere,1 = very unethical,1 = very unlikeable,1 = very unapproachable,2 = somewhat confident the findings are false,4 = somewhat honest,4 = somewhat sincere,4 = somewhat ethical,4 = somewhat likeable,4 = somewhat approachable,neither reported (H) nor reporting researcher (F),reporting researcher (F),neither reported (H) nor reporting researcher (F),neither reported (H) nor reporting researcher (F),reporting researcher (F),reporting researcher (F),reporting researcher (F),reporting researcher (F),reporting researcher (F),4 = somewhat honest,3 = neither sincere nor insincere,3 = neither ethical nor unethical,2 = somewhat unlikeable,4 = somewhat approachable,3 = could go either way,3 = neither honest nor dishonest,1 = very insincere,2 = somewhat unethical,1 = very unlikeable,2 = somewhat unapproachable,reporting researcher (Y),neither reported (X) nor reporting researcher (Y),neither reported (X) nor reporting researcher (Y),reporting researcher (Y),reported researcher (X),reporting researcher (Y),reported researcher (X),reporting researcher (Y),reporting researcher (Y),Somewhat disagree,Female,,Some college credit or technical school degree,20,India ,Tamil ,complete
1/28/2026 18:18,1/28/2026 18:28,100,568,TRUE,1/28/2026 18:28,R_9QgEoPt1JWArQjj,anonymous,EN,1,"Yes, I consent",2 = somewhat dishonest,2 = somewhat insincere,2 = somewhat unethical,1 = very unlikeable,2 = somewhat unapproachable,2 = somewhat confident the findings are false,1 = very dishonest,1 = very insincere,2 = somewhat unethical,2 = somewhat unlikeable,1 = very unapproachable,reported researcher (K),neither reported (K) nor reporting researcher (S),neither reported (K) nor reporting researcher (S),reported researcher (K),neither reported (K) nor reporting researcher (S),neither reported (K) nor reporting researcher (S),reported researcher (K),neither reported (K) nor reporting researcher (S),reported researcher (K),1 = very dishonest,2 = somewhat insincere,2 = somewhat unethical,2 = somewhat unlikeable,1 = very unapproachable,1 = very confident the findings are false,1 = very dishonest,2 = somewhat insincere,2 = somewhat unethical,1 = very unlikeable,1 = very unapproachable,neither reported (H) nor reporting researcher (F),reported researcher (H),reported researcher (H),neither reported (H) nor reporting researcher (F),reported researcher (H),neither reported (H) nor reporting researcher (F),neither reported (H) nor reporting researcher (F),reported researcher (H),reported researcher (H),1 = very dishonest,1 = very insincere,1 = very unethical,2 = somewhat unlikeable,2 = somewhat unapproachable,3 = could go either way,5 = very honest,4 = somewhat sincere,4 = somewhat ethical,4 = somewhat likeable,4 = somewhat approachable,neither reported (X) nor reporting researcher (Y),reported researcher (X),neither reported (X) nor reporting researcher (Y),neither reported (X) nor reporting researcher (Y),reported researcher (X),reporting researcher (Y),reported researcher (X),reporting researcher (Y),reporting researcher (Y),Somewhat disagree,Male,,High School Diploma or GED,35,Indii,Hindi ,complete
1/28/2026 18:25,1/28/2026 18:30,100,273,TRUE,1/28/2026 18:30,R_4pYD72qr4oFjCIg,anonymous,EN,0.699999988,"Yes, I consent",3 = neither honest nor dishonest,4 = somewhat sincere,5 = very ethical,4 = somewhat likeable,2 = somewhat unapproachable,2 = somewhat confident the findings are false,3 = neither honest nor dishonest,4 = somewhat sincere,3 = neither ethical nor unethical,3 = neither likeable nor unlikeable,3 = neither approachable nor unapproachable,neither reported (K) nor reporting researcher (S),neither reported (K) nor reporting researcher (S),reporting researcher (S),neither reported (K) nor reporting researcher (S),neither reported (K) nor reporting researcher (S),neither reported (K) nor reporting researcher (S),neither reported (K) nor reporting researcher (S),neither reported (K) nor reporting researcher (S),reporting researcher (S),3 = neither honest nor dishonest,2 = somewhat insincere,1 = very unethical,1 = very unlikeable,3 = neither approachable nor unapproachable,4 = somewhat confident the findings are true,1 = very dishonest,3 = neither sincere nor insincere,1 = very unethical,2 = somewhat unlikeable,2 = somewhat unapproachable,reporting researcher (F),reporting researcher (F),reported researcher (H),neither reported (H) nor reporting researcher (F),reporting researcher (F),neither reported (H) nor reporting researcher (F),neither reported (H) nor reporting researcher (F),neither reported (H) nor reporting researcher (F),neither reported (H) nor reporting researcher (F),2 = somewhat dishonest,4 = somewhat sincere,3 = neither ethical nor unethical,3 = neither likeable nor unlikeable,3 = neither approachable nor unapproachable,2 = somewhat confident the findings are false,3 = neither honest nor dishonest,3 = neither sincere nor insincere,4 = somewhat ethical,3 = neither likeable nor unlikeable,3 = neither approachable nor unapproachable,neither reported (X) nor reporting researcher (Y),neither reported (X) nor reporting researcher (Y),neither reported (X) nor reporting researcher (Y),neither reported (X) nor reporting researcher (Y),neither reported (X) nor reporting researcher (Y),reported researcher (X),reporting researcher (Y),reporting researcher (Y),reported researcher (X),Neither agree nor disagree,Male,,Bachelor’s Degree,35,Indian,Telugu,complete
1/28/2026 18:26,1/28/2026 18:34,100,456,TRUE,1/28/2026 18:34,R_9lXpISa0xDVj8JU,anonymous,EN,1,"Yes, I consent",1 = very dishonest,3 = neither sincere nor insincere,4 = somewhat ethical,5 = very likeable,5 = very approachable,5 = very confident the findings are true,5 = very honest,5 = very sincere,5 = very ethical,4 = somewhat likeable,5 = very approachable,reporting researcher (S),reporting researcher (S),reporting researcher (S),reported researcher (K),reporting researcher (S),reporting researcher (S),reporting researcher (S),reported researcher (K),reported researcher (K),1 = very dishonest,4 = somewhat sincere,5 = very ethical,4 = somewhat likeable,5 = very approachable,5 = very confident the findings are true,4 = somewhat honest,5 = very sincere,4 = somewhat ethical,5 = very likeable,5 = very approachable,reporting researcher (F),reporting researcher (F),reporting researcher (F),reporting researcher (F),reporting researcher (F),reported researcher (H),reporting researcher (F),reporting researcher (F),reporting researcher (F),1 = very dishonest,2 = somewhat insincere,5 = very ethical,5 = very likeable,5 = very approachable,4 = somewhat confident the findings are true,2 = somewhat dishonest,4 = somewhat sincere,5 = very ethical,5 = very likeable,5 = very approachable,reported researcher (X),reporting researcher (Y),reporting researcher (Y),reporting researcher (Y),reported researcher (X),reporting researcher (Y),neither reported (X) nor reporting researcher (Y),reporting researcher (Y),reporting researcher (Y),Somewhat disagree,Male,,Bachelor’s Degree,25,Indian ,Hindi ,complete
1/28/2026 18:20,1/28/2026 18:36,100,974,TRUE,1/28/2026 18:36,R_4CQgYLFJolx7jiN,anonymous,EN,1,"Yes, I consent",5 = very honest,5 = very sincere,5 = very ethical,5 = very likeable,5 = very approachable,5 = very confident the findings are true,5 = very honest,5 = very sincere,5 = very ethical,5 = very likeable,5 = very approachable,reported researcher (K),reported researcher (K),reported researcher (K),neither reported (K) nor reporting researcher (S),reporting researcher (S),reporting researcher (S),reported researcher (K),reporting researcher (S),reporting researcher (S),5 = very honest,5 = very sincere,5 = very ethical,5 = very likeable,5 = very approachable,5 = very confident the findings are true,5 = very honest,5 = very sincere,5 = very ethical,5 = very likeable,5 = very approachable,reporting researcher (F),neither reported (H) nor reporting researcher (F),reporting researcher (F),reported researcher (H),neither reported (H) nor reporting researcher (F),reporting researcher (F),reporting researcher (F),reporting researcher (F),neither reported (H) nor reporting researcher (F),5 = very honest,5 = very sincere,5 = very ethical,5 = very likeable,5 = very approachable,5 = very confident the findings are true,5 = very honest,5 = very sincere,5 = very ethical,5 = very likeable,5 = very approachable,reported researcher (X),reported researcher (X),reporting researcher (Y),reported researcher (X),reported researcher (X),reporting researcher (Y),reporting researcher (Y),reported researcher (X),reported researcher (X),Somewhat disagree,Male,,Master’s Degree,1990,India,"English, Tamil and Malayalam ",complete
1/28/2026 18:32,1/28/2026 18:45,100,777,TRUE,1/28/2026 18:45,R_94CQlqXFxOxBUKB,anonymous,EN,0.699999988,"Yes, I consent",3 = neither honest nor dishonest,2 = somewhat insincere,2 = somewhat unethical,2 = somewhat unlikeable,4 = somewhat approachable,2 = somewhat confident the findings are false,5 = very honest,5 = very sincere,5 = very ethical,5 = very likeable,5 = very approachable,reporting researcher (S),reporting researcher (S),reporting researcher (S),reporting researcher (S),reporting researcher (S),reporting researcher (S),reported researcher (K),reporting researcher (S),reporting researcher (S),1 = very dishonest,1 = very insincere,1 = very unethical,1 = very unlikeable,1 = very unapproachable,1 = very confident the findings are false,5 = very honest,5 = very sincere,5 = very ethical,5 = very likeable,5 = very approachable,reporting researcher (F),reporting researcher (F),reporting researcher (F),reporting researcher (F),reporting researcher (F),reporting researcher (F),reported researcher (H),reporting researcher (F),reporting researcher (F),1 = very dishonest,1 = very insincere,1 = very unethical,1 = very unlikeable,1 = very unapproachable,1 = very confident the findings are false,5 = very honest,5 = very sincere,5 = very ethical,5 = very likeable,5 = very approachable,reporting researcher (Y),reporting researcher (Y),reporting researcher (Y),reporting researcher (Y),reporting researcher (Y),reporting researcher (Y),reported researcher (X),reporting researcher (Y),reporting researcher (Y),Somewhat disagree,Male,,Bachelor’s Degree,31,India ,English ,complete
1/28/2026 18:50,1/28/2026 18:55,100,276,TRUE,1/28/2026 18:55,R_9CG2ndW6m1U4Zsl,anonymous,EN,0.699999988,"Yes, I consent",5 = very honest,4 = somewhat sincere,5 = very ethical,4 = somewhat likeable,5 = very approachable,3 = could go either way,4 = somewhat honest,5 = very sincere,4 = somewhat ethical,5 = very likeable,5 = very approachable,reported researcher (K),reporting researcher (S),reporting researcher (S),reported researcher (K),neither reported (K) nor reporting researcher (S),reported researcher (K),reporting researcher (S),reporting researcher (S),reported researcher (K),5 = very honest,4 = somewhat sincere,5 = very ethical,4 = somewhat likeable,4 = somewhat approachable,5 = very confident the findings are true,4 = somewhat honest,5 = very sincere,4 = somewhat ethical,4 = somewhat likeable,3 = neither approachable nor unapproachable,reported researcher (H),neither reported (H) nor reporting researcher (F),reporting researcher (F),reported researcher (H),reported researcher (H),neither reported (H) nor reporting researcher (F),reporting researcher (F),neither reported (H) nor reporting researcher (F),reported researcher (H),5 = very honest,5 = very sincere,4 = somewhat ethical,5 = very likeable,4 = somewhat approachable,4 = somewhat confident the findings are true,5 = very honest,4 = somewhat sincere,4 = somewhat ethical,5 = very likeable,4 = somewhat approachable,reported researcher (X),neither reported (X) nor reporting researcher (Y),reporting researcher (Y),reported researcher (X),reported researcher (X),reported researcher (X),reporting researcher (Y),reported researcher (X),neither reported (X) nor reporting researcher (Y),Somewhat disagree,Male,,"Doctoral Degree (e.g. Ph.D., M.D., J.D., or equivalent)",21,India,"English, hindi",complete
1/28/2026 18:46,1/28/2026 19:04,100,1092,TRUE,1/28/2026 19:04,R_9R1ufZ2IqqcyolH,anonymous,EN,1,"Yes, I consent",4 = somewhat honest,4 = somewhat sincere,4 = somewhat ethical,4 = somewhat likeable,5 = very approachable,4 = somewhat confident the findings are true,2 = somewhat dishonest,2 = somewhat insincere,3 = neither ethical nor unethical,2 = somewhat unlikeable,3 = neither approachable nor unapproachable,neither reported (K) nor reporting researcher (S),reported researcher (K),reported researcher (K),reported researcher (K),reported researcher (K),reported researcher (K),reporting researcher (S),reported researcher (K),reported researcher (K),2 = somewhat dishonest,4 = somewhat sincere,3 = neither ethical nor unethical,2 = somewhat unlikeable,3 = neither approachable nor unapproachable,3 = could go either way,4 = somewhat honest,3 = neither sincere nor insincere,3 = neither ethical nor unethical,4 = somewhat likeable,4 = somewhat approachable,reporting researcher (F),reporting researcher (F),neither reported (H) nor reporting researcher (F),reporting researcher (F),reporting researcher (F),neither reported (H) nor reporting researcher (F),reporting researcher (F),reporting researcher (F),reporting researcher (F),5 = very honest,4 = somewhat sincere,3 = neither ethical nor unethical,4 = somewhat likeable,4 = somewhat approachable,4 = somewhat confident the findings are true,2 = somewhat dishonest,2 = somewhat insincere,3 = neither ethical nor unethical,2 = somewhat unlikeable,2 = somewhat unapproachable,reporting researcher (Y),neither reported (X) nor reporting researcher (Y),reported researcher (X),reporting researcher (Y),reporting researcher (Y),reporting researcher (Y),reported researcher (X),reporting researcher (Y),reporting researcher (Y),Somewhat disagree,Female,,Master’s Degree,30,India ,"Hindi,English ",complete
1/28/2026 18:59,1/28/2026 19:04,100,343,TRUE,1/28/2026 19:04,R_9qJ899PasYTSSOg,anonymous,EN,1,"Yes, I consent",5 = very honest,4 = somewhat sincere,4 = somewhat ethical,4 = somewhat likeable,4 = somewhat approachable,4 = somewhat confident the findings are true,4 = somewhat honest,4 = somewhat sincere,4 = somewhat ethical,4 = somewhat likeable,4 = somewhat approachable,reported researcher (K),reported researcher (K),reported researcher (K),reported researcher (K),reported researcher (K),reported researcher (K),reported researcher (K),reported researcher (K),reported researcher (K),5 = very honest,5 = very sincere,4 = somewhat ethical,4 = somewhat likeable,4 = somewhat approachable,4 = somewhat confident the findings are true,4 = somewhat honest,4 = somewhat sincere,4 = somewhat ethical,4 = somewhat likeable,4 = somewhat approachable,reported researcher (H),reported researcher (H),reported researcher (H),neither reported (H) nor reporting researcher (F),neither reported (H) nor reporting researcher (F),neither reported (H) nor reporting researcher (F),neither reported (H) nor reporting researcher (F),neither reported (H) nor reporting researcher (F),reporting researcher (F),5 = very honest,5 = very sincere,5 = very ethical,5 = very likeable,5 = very approachable,5 = very confident the findings are true,4 = somewhat honest,4 = somewhat sincere,4 = somewhat ethical,4 = somewhat likeable,4 = somewhat approachable,reported researcher (X),reported researcher (X),reported researcher (X),reported researcher (X),reported researcher (X),reported researcher (X),reporting researcher (Y),reporting researcher (Y),reporting researcher (Y),Strongly agree,Male,,Bachelor’s Degree,25,India ,Hindi ,complete
1/28/2026 19:20,1/28/2026 19:25,100,289,TRUE,1/28/2026 19:25,R_97U7TlrGcCvaOXo,anonymous,EN,1,"Yes, I consent",2 = somewhat dishonest,1 = very insincere,1 = very unethical,3 = neither likeable nor unlikeable,3 = neither approachable nor unapproachable,3 = could go either way,2 = somewhat dishonest,2 = somewhat insincere,2 = somewhat unethical,3 = neither likeable nor unlikeable,3 = neither approachable nor unapproachable,neither reported (K) nor reporting researcher (S),neither reported (K) nor reporting researcher (S),neither reported (K) nor reporting researcher (S),reporting researcher (S),neither reported (K) nor reporting researcher (S),neither reported (K) nor reporting researcher (S),neither reported (K) nor reporting researcher (S),neither reported (K) nor reporting researcher (S),neither reported (K) nor reporting researcher (S),2 = somewhat dishonest,2 = somewhat insincere,3 = neither ethical nor unethical,3 = neither likeable nor unlikeable,3 = neither approachable nor unapproachable,3 = could go either way,2 = somewhat dishonest,3 = neither sincere nor insincere,3 = neither ethical nor unethical,3 = neither likeable nor unlikeable,3 = neither approachable nor unapproachable,neither reported (H) nor reporting researcher (F),neither reported (H) nor reporting researcher (F),neither reported (H) nor reporting researcher (F),reported researcher (H),neither reported (H) nor reporting researcher (F),reporting researcher (F),neither reported (H) nor reporting researcher (F),neither reported (H) nor reporting researcher (F),neither reported (H) nor reporting researcher (F),3 = neither honest nor dishonest,2 = somewhat insincere,2 = somewhat unethical,1 = very unlikeable,4 = somewhat approachable,4 = somewhat confident the findings are true,4 = somewhat honest,4 = somewhat sincere,4 = somewhat ethical,4 = somewhat likeable,4 = somewhat approachable,neither reported (X) nor reporting researcher (Y),neither reported (X) nor reporting researcher (Y),reporting researcher (Y),neither reported (X) nor reporting researcher (Y),neither reported (X) nor reporting researcher (Y),neither reported (X) nor reporting researcher (Y),neither reported (X) nor reporting researcher (Y),neither reported (X) nor reporting researcher (Y),neither reported (X) nor reporting researcher (Y),Somewhat disagree,Male,,Master’s Degree,35,India ,English ,complete
1/28/2026 19:17,1/28/2026 19:25,100,498,TRUE,1/28/2026 19:25,R_4TIyZMSsBZyueTT,anonymous,EN,1,"Yes, I consent",4 = somewhat honest,5 = very sincere,4 = somewhat ethical,3 = neither likeable nor unlikeable,3 = neither approachable nor unapproachable,3 = could go either way,5 = very honest,5 = very sincere,4 = somewhat ethical,3 = neither likeable nor unlikeable,3 = neither approachable nor unapproachable,reporting researcher (S),reporting researcher (S),reported researcher (K),reported researcher (K),reporting researcher (S),reporting researcher (S),reporting researcher (S),reporting researcher (S),reporting researcher (S),5 = very honest,2 = somewhat insincere,2 = somewhat unethical,1 = very unlikeable,4 = somewhat approachable,4 = somewhat confident the findings are true,5 = very honest,5 = very sincere,5 = very ethical,5 = very likeable,5 = very approachable,reporting researcher (F),reporting researcher (F),reported researcher (H),reporting researcher (F),reporting researcher (F),reporting researcher (F),reporting researcher (F),reporting researcher (F),reporting researcher (F),2 = somewhat dishonest,4 = somewhat sincere,3 = neither ethical nor unethical,4 = somewhat likeable,4 = somewhat approachable,3 = could go either way,5 = very honest,5 = very sincere,5 = very ethical,5 = very likeable,5 = very approachable,reporting researcher (Y),reporting researcher (Y),reported researcher (X),reporting researcher (Y),reporting researcher (Y),reporting researcher (Y),reporting researcher (Y),reporting researcher (Y),reporting researcher (Y),Somewhat disagree,Male,,Bachelor’s Degree,24,India,English and Telugu ,complete
1/28/2026 19:17,1/28/2026 19:26,100,538,TRUE,1/28/2026 19:26,R_46sZzRZ0JiU17kB,anonymous,EN,1,"Yes, I consent",5 = very honest,5 = very sincere,5 = very ethical,5 = very likeable,5 = very approachable,5 = very confident the findings are true,5 = very honest,5 = very sincere,5 = very ethical,5 = very likeable,5 = very approachable,reporting researcher (S),reporting researcher (S),reporting researcher (S),reporting researcher (S),reporting researcher (S),reporting researcher (S),reporting researcher (S),reporting researcher (S),reporting researcher (S),4 = somewhat honest,4 = somewhat sincere,4 = somewhat ethical,4 = somewhat likeable,4 = somewhat approachable,3 = could go either way,5 = very honest,5 = very sincere,5 = very ethical,5 = very likeable,5 = very approachable,reporting researcher (F),reporting researcher (F),reporting researcher (F),reporting researcher (F),reporting researcher (F),reporting researcher (F),reporting researcher (F),reporting researcher (F),reporting researcher (F),3 = neither honest nor dishonest,4 = somewhat sincere,4 = somewhat ethical,4 = somewhat likeable,4 = somewhat approachable,3 = could go either way,5 = very honest,5 = very sincere,5 = very ethical,5 = very likeable,5 = very approachable,reporting researcher (Y),reporting researcher (Y),reporting researcher (Y),reporting researcher (Y),reporting researcher (Y),reporting researcher (Y),reporting researcher (Y),reporting researcher (Y),reporting researcher (Y),Somewhat disagree,Male,,Bachelor’s Degree,32,India,"English , Hindi , Marathi",complete
1/28/2026 19:16,1/28/2026 19:27,100,658,TRUE,1/28/2026 19:27,R_4uCFip9mkW661ed,anonymous,EN,1,"Yes, I consent",3 = neither honest nor dishonest,4 = somewhat sincere,4 = somewhat ethical,3 = neither likeable nor unlikeable,4 = somewhat approachable,3 = could go either way,4 = somewhat honest,3 = neither sincere nor insincere,3 = neither ethical nor unethical,4 = somewhat likeable,4 = somewhat approachable,reported researcher (K),reporting researcher (S),reported researcher (K),neither reported (K) nor reporting researcher (S),neither reported (K) nor reporting researcher (S),reporting researcher (S),reported researcher (K),reporting researcher (S),reporting researcher (S),3 = neither honest nor dishonest,3 = neither sincere nor insincere,3 = neither ethical nor unethical,4 = somewhat likeable,4 = somewhat approachable,3 = could go either way,3 = neither honest nor dishonest,4 = somewhat sincere,4 = somewhat ethical,4 = somewhat likeable,3 = neither approachable nor unapproachable,neither reported (H) nor reporting researcher (F),neither reported (H) nor reporting researcher (F),reported researcher (H),neither reported (H) nor reporting researcher (F),neither reported (H) nor reporting researcher (F),reporting researcher (F),reporting researcher (F),reporting researcher (F),reporting researcher (F),2 = somewhat dishonest,2 = somewhat insincere,3 = neither ethical nor unethical,3 = neither likeable nor unlikeable,3 = neither approachable nor unapproachable,3 = could go either way,3 = neither honest nor dishonest,4 = somewhat sincere,3 = neither ethical nor unethical,3 = neither likeable nor unlikeable,4 = somewhat approachable,reporting researcher (Y),neither reported (X) nor reporting researcher (Y),reported researcher (X),neither reported (X) nor reporting researcher (Y),neither reported (X) nor reporting researcher (Y),reporting researcher (Y),neither reported (X) nor reporting researcher (Y),reporting researcher (Y),reporting researcher (Y),Somewhat disagree,Male,,Master’s Degree,45,India,"English ,Hindi , Spanish",complete
1/28/2026 19:13,1/28/2026 19:28,100,897,TRUE,1/28/2026 19:28,R_9fJcy8W8IFpk0sU,anonymous,EN,1,"Yes, I consent",3 = neither honest nor dishonest,3 = neither sincere nor insincere,2 = somewhat unethical,2 = somewhat unlikeable,2 = somewhat unapproachable,2 = somewhat confident the findings are false,5 = very honest,5 = very sincere,5 = very ethical,5 = very likeable,5 = very approachable,reporting researcher (S),reporting researcher (S),reporting researcher (S),reporting researcher (S),reporting researcher (S),reporting researcher (S),reporting researcher (S),reporting researcher (S),reporting researcher (S),1 = very dishonest,1 = very insincere,1 = very unethical,1 = very unlikeable,1 = very unapproachable,1 = very confident the findings are false,4 = somewhat honest,5 = very sincere,5 = very ethical,5 = very likeable,5 = very approachable,reporting researcher (F),reporting researcher (F),reporting researcher (F),reporting researcher (F),reporting researcher (F),reporting researcher (F),reporting researcher (F),reporting researcher (F),reporting researcher (F),1 = very dishonest,5 = very sincere,3 = neither ethical nor unethical,4 = somewhat likeable,4 = somewhat approachable,3 = could go either way,1 = very dishonest,1 = very insincere,1 = very unethical,1 = very unlikeable,1 = very unapproachable,reporting researcher (Y),reporting researcher (Y),reporting researcher (Y),reporting researcher (Y),reporting researcher (Y),reporting researcher (Y),reporting researcher (Y),reporting researcher (Y),reporting researcher (Y),Somewhat disagree,Male,,Master’s Degree,32,India,"Englis, hindi, urdu",complete
1/28/2026 19:22,1/28/2026 19:28,100,384,TRUE,1/28/2026 19:28,R_9oAOPEeyZl4uqdj,anonymous,EN,0.30000001192092896,"Yes, I consent",3 = neither honest nor dishonest,3 = neither sincere nor insincere,2 = somewhat unethical,3 = neither likeable nor unlikeable,3 = neither approachable nor unapproachable,2 = somewhat confident the findings are false,5 = very honest,4 = somewhat sincere,4 = somewhat ethical,3 = neither likeable nor unlikeable,4 = somewhat approachable,reporting researcher (S),reporting researcher (S),reporting researcher (S),reporting researcher (S),reporting researcher (S),reporting researcher (S),reported researcher (K),reporting researcher (S),reporting researcher (S),2 = somewhat dishonest,3 = neither sincere nor insincere,2 = somewhat unethical,2 = somewhat unlikeable,2 = somewhat unapproachable,2 = somewhat confident the findings are false,5 = very honest,5 = very sincere,5 = very ethical,5 = very likeable,5 = very approachable,reporting researcher (F),reporting researcher (F),reporting researcher (F),reporting researcher (F),reporting researcher (F),reporting researcher (F),reporting researcher (F),reporting researcher (F),reporting researcher (F),1 = very dishonest,1 = very insincere,1 = very unethical,1 = very unlikeable,1 = very unapproachable,1 = very confident the findings are false,5 = very honest,5 = very sincere,5 = very ethical,5 = very likeable,5 = very approachable,reporting researcher (Y),reporting researcher (Y),reporting researcher (Y),reporting researcher (Y),reporting researcher (Y),reporting researcher (Y),reporting researcher (Y),reporting researcher (Y),reporting researcher (Y),Somewhat disagree,Male,,Bachelor’s Degree,20,India,"English, hindi, gujarati",complete
1/28/2026 19:17,1/28/2026 19:30,100,770,TRUE,1/28/2026 19:30,R_9FD0jgwhCMkSjjg,anonymous,EN,1,"Yes, I consent",3 = neither honest nor dishonest,4 = somewhat sincere,2 = somewhat unethical,3 = neither likeable nor unlikeable,4 = somewhat approachable,3 = could go either way,4 = somewhat honest,4 = somewhat sincere,4 = somewhat ethical,3 = neither likeable nor unlikeable,4 = somewhat approachable,neither reported (K) nor reporting researcher (S),reporting researcher (S),reported researcher (K),neither reported (K) nor reporting researcher (S),neither reported (K) nor reporting researcher (S),reporting researcher (S),reported researcher (K),reporting researcher (S),reported researcher (K),2 = somewhat dishonest,3 = neither sincere nor insincere,3 = neither ethical nor unethical,3 = neither likeable nor unlikeable,2 = somewhat unapproachable,3 = could go either way,3 = neither honest nor dishonest,4 = somewhat sincere,4 = somewhat ethical,3 = neither likeable nor unlikeable,4 = somewhat approachable,neither reported (H) nor reporting researcher (F),reporting researcher (F),reporting researcher (F),neither reported (H) nor reporting researcher (F),neither reported (H) nor reporting researcher (F),reporting researcher (F),reporting researcher (F),reporting researcher (F),neither reported (H) nor reporting researcher (F),2 = somewhat dishonest,2 = somewhat insincere,3 = neither ethical nor unethical,3 = neither likeable nor unlikeable,3 = neither approachable nor unapproachable,3 = could go either way,3 = neither honest nor dishonest,4 = somewhat sincere,4 = somewhat ethical,3 = neither likeable nor unlikeable,3 = neither approachable nor unapproachable,neither reported (X) nor reporting researcher (Y),neither reported (X) nor reporting researcher (Y),reporting researcher (Y),neither reported (X) nor reporting researcher (Y),neither reported (X) nor reporting researcher (Y),reporting researcher (Y),reporting researcher (Y),reporting researcher (Y),reporting researcher (Y),Somewhat disagree,Female,,Master’s Degree,38,India,"English, Hindi ",complete
1/28/2026 19:26,1/28/2026 19:31,100,269,TRUE,1/28/2026 19:31,R_4QhMx2doyTAr8UN,anonymous,EN,1,"Yes, I consent",2 = somewhat dishonest,4 = somewhat sincere,4 = somewhat ethical,4 = somewhat likeable,4 = somewhat approachable,2 = somewhat confident the findings are false,2 = somewhat dishonest,2 = somewhat insincere,1 = very unethical,2 = somewhat unlikeable,4 = somewhat approachable,reported researcher (K),neither reported (K) nor reporting researcher (S),reporting researcher (S),reported researcher (K),reported researcher (K),reported researcher (K),neither reported (K) nor reporting researcher (S),reporting researcher (S),reporting researcher (S),2 = somewhat dishonest,3 = neither sincere nor insincere,3 = neither ethical nor unethical,1 = very unlikeable,2 = somewhat unapproachable,4 = somewhat confident the findings are true,1 = very dishonest,5 = very sincere,1 = very unethical,2 = somewhat unlikeable,4 = somewhat approachable,reporting researcher (F),reported researcher (H),reported researcher (H),reporting researcher (F),reported researcher (H),reported researcher (H),neither reported (H) nor reporting researcher (F),reported researcher (H),reporting researcher (F),1 = very dishonest,2 = somewhat insincere,5 = very ethical,2 = somewhat unlikeable,1 = very unapproachable,2 = somewhat confident the findings are false,2 = somewhat dishonest,3 = neither sincere nor insincere,2 = somewhat unethical,1 = very unlikeable,3 = neither approachable nor unapproachable,neither reported (X) nor reporting researcher (Y),reporting researcher (Y),reported researcher (X),neither reported (X) nor reporting researcher (Y),reported researcher (X),neither reported (X) nor reporting researcher (Y),reported researcher (X),reported researcher (X),reporting researcher (Y),Somewhat disagree,Male,,"Doctoral Degree (e.g. Ph.D., M.D., J.D., or equivalent)",22,India ,Hindi and English ,complete
1/28/2026 19:23,1/28/2026 19:33,100,605,TRUE,1/28/2026 19:33,R_9Hmy20gUKmGLZUB,anonymous,EN,0.699999988,"Yes, I consent",3 = neither honest nor dishonest,3 = neither sincere nor insincere,3 = neither ethical nor unethical,3 = neither likeable nor unlikeable,3 = neither approachable nor unapproachable,3 = could go either way,4 = somewhat honest,4 = somewhat sincere,4 = somewhat ethical,4 = somewhat likeable,4 = somewhat approachable,reporting researcher (S),reporting researcher (S),reporting researcher (S),reporting researcher (S),reporting researcher (S),reporting researcher (S),reporting researcher (S),reporting researcher (S),reporting researcher (S),4 = somewhat honest,4 = somewhat sincere,5 = very ethical,5 = very likeable,5 = very approachable,5 = very confident the findings are true,5 = very honest,4 = somewhat sincere,4 = somewhat ethical,4 = somewhat likeable,4 = somewhat approachable,reporting researcher (F),reporting researcher (F),reporting researcher (F),reporting researcher (F),reporting researcher (F),reporting researcher (F),reported researcher (H),reporting researcher (F),reporting researcher (F),4 = somewhat honest,5 = very sincere,5 = very ethical,5 = very likeable,5 = very approachable,3 = could go either way,5 = very honest,5 = very sincere,5 = very ethical,5 = very likeable,5 = very approachable,reported researcher (X),reported researcher (X),reported researcher (X),reported researcher (X),reported researcher (X),reported researcher (X),neither reported (X) nor reporting researcher (Y),reported researcher (X),reported researcher (X),Somewhat disagree,Female,,Bachelor’s Degree,36,India,Hindi ,complete
1/28/2026 19:26,1/28/2026 19:36,100,582,TRUE,1/28/2026 19:36,R_2EJJ8EqQuyYqV21,anonymous,EN,1,"Yes, I consent",5 = very honest,5 = very sincere,5 = very ethical,5 = very likeable,5 = very approachable,5 = very confident the findings are true,2 = somewhat dishonest,2 = somewhat insincere,2 = somewhat unethical,2 = somewhat unlikeable,2 = somewhat unapproachable,reported researcher (K),reported researcher (K),reported researcher (K),reported researcher (K),reported researcher (K),reported researcher (K),reported researcher (K),reported researcher (K),reported researcher (K),4 = somewhat honest,4 = somewhat sincere,4 = somewhat ethical,4 = somewhat likeable,4 = somewhat approachable,5 = very confident the findings are true,4 = somewhat honest,3 = neither sincere nor insincere,4 = somewhat ethical,3 = neither likeable nor unlikeable,4 = somewhat approachable,reported researcher (H),reported researcher (H),reported researcher (H),reported researcher (H),reported researcher (H),reported researcher (H),reported researcher (H),reported researcher (H),reported researcher (H),1 = very dishonest,1 = very insincere,1 = very unethical,2 = somewhat unlikeable,1 = very unapproachable,1 = very confident the findings are false,4 = somewhat honest,5 = very sincere,5 = very ethical,5 = very likeable,5 = very approachable,reporting researcher (Y),reporting researcher (Y),reporting researcher (Y),reporting researcher (Y),reporting researcher (Y),reporting researcher (Y),reporting researcher (Y),reporting researcher (Y),reporting researcher (Y),Somewhat disagree,Male,,Master’s Degree,25,India ,Hindi English gujarati ,complete
1/28/2026 19:33,1/28/2026 19:36,100,227,TRUE,1/28/2026 19:36,R_9hCooesTOMXgxsl,anonymous,EN,1,"Yes, I consent",4 = somewhat honest,4 = somewhat sincere,5 = very ethical,4 = somewhat likeable,5 = very approachable,4 = somewhat confident the findings are true,4 = somewhat honest,4 = somewhat sincere,1 = very unethical,2 = somewhat unlikeable,5 = very approachable,reporting researcher (S),neither reported (K) nor reporting researcher (S),reported researcher (K),reported researcher (K),reported researcher (K),reporting researcher (S),reporting researcher (S),neither reported (K) nor reporting researcher (S),reporting researcher (S),4 = somewhat honest,4 = somewhat sincere,3 = neither ethical nor unethical,2 = somewhat unlikeable,4 = somewhat approachable,3 = could go either way,3 = neither honest nor dishonest,4 = somewhat sincere,2 = somewhat unethical,3 = neither likeable nor unlikeable,4 = somewhat approachable,reporting researcher (F),reporting researcher (F),reported researcher (H),reported researcher (H),reported researcher (H),neither reported (H) nor reporting researcher (F),reporting researcher (F),reporting researcher (F),reporting researcher (F),3 = neither honest nor dishonest,1 = very insincere,4 = somewhat ethical,5 = very likeable,4 = somewhat approachable,4 = somewhat confident the findings are true,4 = somewhat honest,5 = very sincere,2 = somewhat unethical,3 = neither likeable nor unlikeable,3 = neither approachable nor unapproachable,reporting researcher (Y),reporting researcher (Y),reported researcher (X),reported researcher (X),reported researcher (X),reporting researcher (Y),reporting researcher (Y),reporting researcher (Y),reporting researcher (Y),Somewhat disagree,Male,,"Doctoral Degree (e.g. Ph.D., M.D., J.D., or equivalent)",26,India,English and Hindi ,complete
1/28/2026 19:24,1/28/2026 19:38,100,849,TRUE,1/28/2026 19:38,R_97Vk5ZVRkDjNoBq,anonymous,EN,1,"Yes, I consent",2 = somewhat dishonest,1 = very insincere,2 = somewhat unethical,1 = very unlikeable,1 = very unapproachable,1 = very confident the findings are false,5 = very honest,5 = very sincere,5 = very ethical,5 = very likeable,5 = very approachable,reporting researcher (S),reporting researcher (S),reporting researcher (S),reporting researcher (S),reporting researcher (S),reporting researcher (S),reporting researcher (S),reporting researcher (S),reporting researcher (S),1 = very dishonest,1 = very insincere,1 = very unethical,1 = very unlikeable,1 = very unapproachable,5 = very confident the findings are true,5 = very honest,5 = very sincere,5 = very ethical,5 = very likeable,5 = very approachable,reporting researcher (F),reporting researcher (F),reporting researcher (F),reporting researcher (F),reporting researcher (F),reporting researcher (F),reporting researcher (F),reporting researcher (F),reporting researcher (F),1 = very dishonest,1 = very insincere,1 = very unethical,1 = very unlikeable,1 = very unapproachable,5 = very confident the findings are true,5 = very honest,5 = very sincere,5 = very ethical,5 = very likeable,5 = very approachable,reporting researcher (Y),reporting researcher (Y),reporting researcher (Y),reporting researcher (Y),reporting researcher (Y),reporting researcher (Y),reporting researcher (Y),reporting researcher (Y),reporting researcher (Y),Somewhat disagree,Male,,Bachelor’s Degree,39,India ,"Hindi, Bengali, Urdu, English ",complete
1/28/2026 19:20,1/28/2026 19:39,100,1145,TRUE,1/28/2026 19:39,R_9OW5kg0Rm3irr6x,anonymous,EN,1,"Yes, I consent",1 = very dishonest,1 = very insincere,1 = very unethical,1 = very unlikeable,1 = very unapproachable,1 = very confident the findings are false,5 = very honest,5 = very sincere,5 = very ethical,5 = very likeable,5 = very approachable,reporting researcher (S),reporting researcher (S),reporting researcher (S),reporting researcher (S),reporting researcher (S),reporting researcher (S),reporting researcher (S),reporting researcher (S),reporting researcher (S),1 = very dishonest,1 = very insincere,1 = very unethical,1 = very unlikeable,1 = very unapproachable,3 = could go either way,5 = very honest,5 = very sincere,5 = very ethical,5 = very likeable,5 = very approachable,reporting researcher (F),reporting researcher (F),reporting researcher (F),reporting researcher (F),reporting researcher (F),reporting researcher (F),reporting researcher (F),reporting researcher (F),reporting researcher (F),1 = very dishonest,1 = very insincere,1 = very unethical,1 = very unlikeable,1 = very unapproachable,1 = very confident the findings are false,5 = very honest,5 = very sincere,5 = very ethical,5 = very likeable,5 = very approachable,reporting researcher (Y),reporting researcher (Y),reporting researcher (Y),reporting researcher (Y),reporting researcher (Y),reporting researcher (Y),reporting researcher (Y),reporting researcher (Y),reporting researcher (Y),Somewhat disagree,Male,,Bachelor’s Degree,30,India,"English,Hindi",complete
1/28/2026 19:21,1/28/2026 19:42,100,1207,TRUE,1/28/2026 19:42,R_9tsPXobBneB0x8g,anonymous,EN,1,"Yes, I consent",4 = somewhat honest,5 = very sincere,3 = neither ethical nor unethical,4 = somewhat likeable,4 = somewhat approachable,5 = very confident the findings are true,4 = somewhat honest,5 = very sincere,4 = somewhat ethical,5 = very likeable,4 = somewhat approachable,neither reported (K) nor reporting researcher (S),reporting researcher (S),reporting researcher (S),reporting researcher (S),neither reported (K) nor reporting researcher (S),neither reported (K) nor reporting researcher (S),reporting researcher (S),reporting researcher (S),neither reported (K) nor reporting researcher (S),1 = very dishonest,1 = very insincere,1 = very unethical,1 = very unlikeable,1 = very unapproachable,1 = very confident the findings are false,3 = neither honest nor dishonest,3 = neither sincere nor insincere,4 = somewhat ethical,4 = somewhat likeable,4 = somewhat approachable,neither reported (H) nor reporting researcher (F),reporting researcher (F),reported researcher (H),neither reported (H) nor reporting researcher (F),neither reported (H) nor reporting researcher (F),reporting researcher (F),reporting researcher (F),reporting researcher (F),reporting researcher (F),2 = somewhat dishonest,5 = very sincere,4 = somewhat ethical,3 = neither likeable nor unlikeable,4 = somewhat approachable,4 = somewhat confident the findings are true,5 = very honest,4 = somewhat sincere,5 = very ethical,4 = somewhat likeable,5 = very approachable,neither reported (X) nor reporting researcher (Y),reporting researcher (Y),neither reported (X) nor reporting researcher (Y),reporting researcher (Y),reporting researcher (Y),neither reported (X) nor reporting researcher (Y),neither reported (X) nor reporting researcher (Y),neither reported (X) nor reporting researcher (Y),neither reported (X) nor reporting researcher (Y),Somewhat disagree,Male,,Bachelor’s Degree,21,India,English ,complete
1/28/2026 19:21,1/28/2026 19:46,100,1524,TRUE,1/28/2026 19:46,R_9y91xmxCZUqr1Kk,anonymous,EN,1,"Yes, I consent",1 = very dishonest,4 = somewhat sincere,3 = neither ethical nor unethical,4 = somewhat likeable,2 = somewhat unapproachable,1 = very confident the findings are false,4 = somewhat honest,4 = somewhat sincere,4 = somewhat ethical,3 = neither likeable nor unlikeable,3 = neither approachable nor unapproachable,neither reported (K) nor reporting researcher (S),neither reported (K) nor reporting researcher (S),neither reported (K) nor reporting researcher (S),reported researcher (K),reported researcher (K),reported researcher (K),reporting researcher (S),reporting researcher (S),reporting researcher (S),4 = somewhat honest,4 = somewhat sincere,4 = somewhat ethical,5 = very likeable,4 = somewhat approachable,4 = somewhat confident the findings are true,5 = very honest,4 = somewhat sincere,4 = somewhat ethical,5 = very likeable,4 = somewhat approachable,neither reported (H) nor reporting researcher (F),neither reported (H) nor reporting researcher (F),reported researcher (H),reported researcher (H),reporting researcher (F),neither reported (H) nor reporting researcher (F),neither reported (H) nor reporting researcher (F),neither reported (H) nor reporting researcher (F),reported researcher (H),4 = somewhat honest,2 = somewhat insincere,2 = somewhat unethical,5 = very likeable,3 = neither approachable nor unapproachable,1 = very confident the findings are false,4 = somewhat honest,3 = neither sincere nor insincere,1 = very unethical,5 = very likeable,2 = somewhat unapproachable,neither reported (X) nor reporting researcher (Y),reported researcher (X),reported researcher (X),neither reported (X) nor reporting researcher (Y),reported researcher (X),reported researcher (X),reported researcher (X),reported researcher (X),reported researcher (X),Somewhat disagree,Male,,Bachelor’s Degree,22,India ,English Bengali Hindi ,complete
1/28/2026 19:36,1/28/2026 19:47,100,649,TRUE,1/28/2026 19:47,R_9n89gBFPAFvkQzV,anonymous,EN,0.8999999761581421,"Yes, I consent",2 = somewhat dishonest,1 = very insincere,2 = somewhat unethical,1 = very unlikeable,2 = somewhat unapproachable,1 = very confident the findings are false,4 = somewhat honest,5 = very sincere,5 = very ethical,4 = somewhat likeable,4 = somewhat approachable,reporting researcher (S),reporting researcher (S),reporting researcher (S),reporting researcher (S),reporting researcher (S),reporting researcher (S),reporting researcher (S),reporting researcher (S),reporting researcher (S),1 = very dishonest,2 = somewhat insincere,1 = very unethical,2 = somewhat unlikeable,1 = very unapproachable,1 = very confident the findings are false,4 = somewhat honest,5 = very sincere,4 = somewhat ethical,5 = very likeable,4 = somewhat approachable,reporting researcher (F),reporting researcher (F),reporting researcher (F),reporting researcher (F),reporting researcher (F),reporting researcher (F),reporting researcher (F),reporting researcher (F),reporting researcher (F),1 = very dishonest,1 = very insincere,2 = somewhat unethical,1 = very unlikeable,1 = very unapproachable,2 = somewhat confident the findings are false,4 = somewhat honest,5 = very sincere,4 = somewhat ethical,5 = very likeable,4 = somewhat approachable,reporting researcher (Y),reporting researcher (Y),reporting researcher (Y),reporting researcher (Y),reporting researcher (Y),reporting researcher (Y),reporting researcher (Y),reporting researcher (Y),reporting researcher (Y),Somewhat disagree,Female,,Bachelor’s Degree,38,India,English and hindi and tamil anf marathi,complete
1/28/2026 19:36,1/28/2026 19:48,100,672,TRUE,1/28/2026 19:48,R_4rp4aKNVed5G541,anonymous,EN,1,"Yes, I consent",5 = very honest,5 = very sincere,5 = very ethical,5 = very likeable,5 = very approachable,5 = very confident the findings are true,5 = very honest,5 = very sincere,5 = very ethical,5 = very likeable,5 = very approachable,reported researcher (K),neither reported (K) nor reporting researcher (S),neither reported (K) nor reporting researcher (S),reported researcher (K),reported researcher (K),reported researcher (K),reporting researcher (S),neither reported (K) nor reporting researcher (S),reported researcher (K),1 = very dishonest,1 = very insincere,1 = very unethical,1 = very unlikeable,5 = very approachable,1 = very confident the findings are false,5 = very honest,5 = very sincere,5 = very ethical,5 = very likeable,5 = very approachable,reporting researcher (F),reporting researcher (F),reporting researcher (F),reporting researcher (F),reporting researcher (F),reporting researcher (F),reporting researcher (F),reporting researcher (F),reporting researcher (F),1 = very dishonest,1 = very insincere,1 = very unethical,1 = very unlikeable,1 = very unapproachable,1 = very confident the findings are false,5 = very honest,5 = very sincere,5 = very ethical,5 = very likeable,5 = very approachable,reporting researcher (Y),reporting researcher (Y),reporting researcher (Y),reporting researcher (Y),reporting researcher (Y),reporting researcher (Y),reporting researcher (Y),reporting researcher (Y),reporting researcher (Y),Somewhat disagree,Female,,Some High School,47,India,"Telugu, English ",complete
1/28/2026 19:42,1/28/2026 19:49,100,381,TRUE,1/28/2026 19:49,R_4R51rCFOhzNqVDF,anonymous,EN,1,"Yes, I consent",4 = somewhat honest,5 = very sincere,4 = somewhat ethical,4 = somewhat likeable,3 = neither approachable nor unapproachable,4 = somewhat confident the findings are true,5 = very honest,5 = very sincere,5 = very ethical,5 = very likeable,5 = very approachable,reporting researcher (S),reported researcher (K),reporting researcher (S),reporting researcher (S),reporting researcher (S),reported researcher (K),reported researcher (K),reported researcher (K),reporting researcher (S),1 = very dishonest,3 = neither sincere nor insincere,1 = very unethical,2 = somewhat unlikeable,2 = somewhat unapproachable,2 = somewhat confident the findings are false,4 = somewhat honest,4 = somewhat sincere,5 = very ethical,5 = very likeable,4 = somewhat approachable,reporting researcher (F),reporting researcher (F),reporting researcher (F),reporting researcher (F),reporting researcher (F),reporting researcher (F),reporting researcher (F),reporting researcher (F),reporting researcher (F),1 = very dishonest,4 = somewhat sincere,2 = somewhat unethical,2 = somewhat unlikeable,4 = somewhat approachable,3 = could go either way,5 = very honest,5 = very sincere,4 = somewhat ethical,4 = somewhat likeable,5 = very approachable,reporting researcher (Y),reporting researcher (Y),reporting researcher (Y),reporting researcher (Y),reporting researcher (Y),reporting researcher (Y),reported researcher (X),reporting researcher (Y),reporting researcher (Y),Somewhat disagree,Male,,Master’s Degree,25,India,"Hindi, english",complete
1/28/2026 19:30,1/28/2026 19:49,100,1154,TRUE,1/28/2026 19:49,R_9tgKbW0n9n6gSD8,anonymous,EN,,"Yes, I consent",4 = somewhat honest,5 = very sincere,5 = very ethical,3 = neither likeable nor unlikeable,4 = somewhat approachable,4 = somewhat confident the findings are true,5 = very honest,5 = very sincere,3 = neither ethical nor unethical,3 = neither likeable nor unlikeable,3 = neither approachable nor unapproachable,reporting researcher (S),neither reported (K) nor reporting researcher (S),reporting researcher (S),neither reported (K) nor reporting researcher (S),reporting researcher (S),reporting researcher (S),reporting researcher (S),reporting researcher (S),reported researcher (K),4 = somewhat honest,5 = very sincere,3 = neither ethical nor unethical,3 = neither likeable nor unlikeable,4 = somewhat approachable,4 = somewhat confident the findings are true,4 = somewhat honest,4 = somewhat sincere,3 = neither ethical nor unethical,4 = somewhat likeable,3 = neither approachable nor unapproachable,neither reported (H) nor reporting researcher (F),reporting researcher (F),reported researcher (H),neither reported (H) nor reporting researcher (F),reporting researcher (F),reporting researcher (F),reporting researcher (F),reported researcher (H),reported researcher (H),5 = very honest,4 = somewhat sincere,3 = neither ethical nor unethical,3 = neither likeable nor unlikeable,3 = neither approachable nor unapproachable,4 = somewhat confident the findings are true,5 = very honest,5 = very sincere,5 = very ethical,4 = somewhat likeable,4 = somewhat approachable,reporting researcher (Y),neither reported (X) nor reporting researcher (Y),reporting researcher (Y),neither reported (X) nor reporting researcher (Y),reporting researcher (Y),reporting researcher (Y),reporting researcher (Y),reporting researcher (Y),reporting researcher (Y),Somewhat disagree,Male,,Bachelor’s Degree,21,India ,"English,Hindi ",error
1/28/2026 19:48,1/28/2026 19:53,100,294,TRUE,1/28/2026 19:53,R_9THv4ZNg7Jd06Gw,anonymous,EN,0.699999988,"Yes, I consent",4 = somewhat honest,4 = somewhat sincere,4 = somewhat ethical,4 = somewhat likeable,4 = somewhat approachable,4 = somewhat confident the findings are true,4 = somewhat honest,4 = somewhat sincere,4 = somewhat ethical,4 = somewhat likeable,4 = somewhat approachable,reporting researcher (S),reported researcher (K),neither reported (K) nor reporting researcher (S),reported researcher (K),reporting researcher (S),reported researcher (K),reporting researcher (S),reported researcher (K),reporting researcher (S),5 = very honest,5 = very sincere,4 = somewhat ethical,5 = very likeable,4 = somewhat approachable,5 = very confident the findings are true,4 = somewhat honest,4 = somewhat sincere,4 = somewhat ethical,4 = somewhat likeable,4 = somewhat approachable,reporting researcher (F),neither reported (H) nor reporting researcher (F),reported researcher (H),reported researcher (H),reporting researcher (F),reporting researcher (F),reported researcher (H),reporting researcher (F),reported researcher (H),4 = somewhat honest,4 = somewhat sincere,4 = somewhat ethical,4 = somewhat likeable,4 = somewhat approachable,4 = somewhat confident the findings are true,4 = somewhat honest,4 = somewhat sincere,4 = somewhat ethical,4 = somewhat likeable,4 = somewhat approachable,reporting researcher (Y),reported researcher (X),neither reported (X) nor reporting researcher (Y),reporting researcher (Y),reported researcher (X),reported researcher (X),reporting researcher (Y),reported researcher (X),reporting researcher (Y),Somewhat disagree,Male,,Bachelor’s Degree,31,India ,"Hindi, English ",complete
1/28/2026 19:50,1/28/2026 19:55,100,302,TRUE,1/28/2026 19:55,R_4ChVUWCsFpqvPFf,anonymous,EN,1,"Yes, I consent",1 = very dishonest,1 = very insincere,1 = very unethical,1 = very unlikeable,1 = very unapproachable,1 = very confident the findings are false,5 = very honest,5 = very sincere,5 = very ethical,5 = very likeable,5 = very approachable,reporting researcher (S),reporting researcher (S),reporting researcher (S),reporting researcher (S),reporting researcher (S),reporting researcher (S),reporting researcher (S),reporting researcher (S),reporting researcher (S),1 = very dishonest,1 = very insincere,1 = very unethical,1 = very unlikeable,1 = very unapproachable,1 = very confident the findings are false,5 = very honest,5 = very sincere,5 = very ethical,5 = very likeable,5 = very approachable,reporting researcher (F),reporting researcher (F),reporting researcher (F),reporting researcher (F),reporting researcher (F),reporting researcher (F),reporting researcher (F),reporting researcher (F),reporting researcher (F),1 = very dishonest,1 = very insincere,1 = very unethical,1 = very unlikeable,1 = very unapproachable,1 = very confident the findings are false,5 = very honest,5 = very sincere,5 = very ethical,5 = very likeable,5 = very approachable,reporting researcher (Y),reporting researcher (Y),reporting researcher (Y),reporting researcher (Y),reporting researcher (Y),reporting researcher (Y),reporting researcher (Y),reporting researcher (Y),reporting researcher (Y),Somewhat disagree,Female,,Some High School,52,India ,"Telugu, English, Hindi ",complete
1/28/2026 19:50,1/28/2026 19:58,100,481,TRUE,1/28/2026 19:58,R_9PD8irp0hic7cVb,anonymous,EN,0.5,"Yes, I consent",3 = neither honest nor dishonest,3 = neither sincere nor insincere,3 = neither ethical nor unethical,3 = neither likeable nor unlikeable,4 = somewhat approachable,3 = could go either way,3 = neither honest nor dishonest,2 = somewhat insincere,3 = neither ethical nor unethical,2 = somewhat unlikeable,4 = somewhat approachable,reported researcher (K),neither reported (K) nor reporting researcher (S),neither reported (K) nor reporting researcher (S),neither reported (K) nor reporting researcher (S),neither reported (K) nor reporting researcher (S),neither reported (K) nor reporting researcher (S),neither reported (K) nor reporting researcher (S),neither reported (K) nor reporting researcher (S),neither reported (K) nor reporting researcher (S),1 = very dishonest,2 = somewhat insincere,2 = somewhat unethical,1 = very unlikeable,1 = very unapproachable,2 = somewhat confident the findings are false,5 = very honest,5 = very sincere,4 = somewhat ethical,5 = very likeable,5 = very approachable,neither reported (H) nor reporting researcher (F),reporting researcher (F),neither reported (H) nor reporting researcher (F),reporting researcher (F),neither reported (H) nor reporting researcher (F),reporting researcher (F),neither reported (H) nor reporting researcher (F),reporting researcher (F),reporting researcher (F),1 = very dishonest,1 = very insincere,1 = very unethical,1 = very unlikeable,1 = very unapproachable,1 = very confident the findings are false,5 = very honest,5 = very sincere,5 = very ethical,5 = very likeable,5 = very approachable,neither reported (X) nor reporting researcher (Y),neither reported (X) nor reporting researcher (Y),neither reported (X) nor reporting researcher (Y),neither reported (X) nor reporting researcher (Y),neither reported (X) nor reporting researcher (Y),neither reported (X) nor reporting researcher (Y),neither reported (X) nor reporting researcher (Y),neither reported (X) nor reporting researcher (Y),neither reported (X) nor reporting researcher (Y),Somewhat disagree,Male,,Bachelor’s Degree,24,India,English,complete
1/28/2026 20:04,1/28/2026 20:07,100,205,TRUE,1/28/2026 20:07,R_4Qc7cA7cLB1zllf,anonymous,EN,1,"Yes, I consent",5 = very honest,5 = very sincere,4 = somewhat ethical,4 = somewhat likeable,5 = very approachable,5 = very confident the findings are true,4 = somewhat honest,5 = very sincere,5 = very ethical,4 = somewhat likeable,5 = very approachable,reporting researcher (S),neither reported (K) nor reporting researcher (S),reporting researcher (S),reporting researcher (S),reporting researcher (S),reporting researcher (S),reporting researcher (S),reporting researcher (S),neither reported (K) nor reporting researcher (S),5 = very honest,5 = very sincere,5 = very ethical,4 = somewhat likeable,4 = somewhat approachable,5 = very confident the findings are true,5 = very honest,4 = somewhat sincere,5 = very ethical,4 = somewhat likeable,5 = very approachable,reporting researcher (F),neither reported (H) nor reporting researcher (F),reported researcher (H),reported researcher (H),reporting researcher (F),neither reported (H) nor reporting researcher (F),reporting researcher (F),reporting researcher (F),reported researcher (H),5 = very honest,5 = very sincere,5 = very ethical,4 = somewhat likeable,5 = very approachable,5 = very confident the findings are true,5 = very honest,4 = somewhat sincere,5 = very ethical,4 = somewhat likeable,5 = very approachable,reporting researcher (Y),neither reported (X) nor reporting researcher (Y),reporting researcher (Y),neither reported (X) nor reporting researcher (Y),reported researcher (X),reported researcher (X),reporting researcher (Y),reported researcher (X),reported researcher (X),Somewhat disagree,Male,,Master’s Degree,26,India ,Hindi ,complete
1/28/2026 20:02,1/28/2026 20:09,100,432,TRUE,1/28/2026 20:09,R_47NM9cZhCjBkdAx,anonymous,EN,0.699999988,"Yes, I consent",5 = very honest,5 = very sincere,4 = somewhat ethical,5 = very likeable,5 = very approachable,5 = very confident the findings are true,4 = somewhat honest,4 = somewhat sincere,4 = somewhat ethical,4 = somewhat likeable,4 = somewhat approachable,reported researcher (K),reported researcher (K),reported researcher (K),reported researcher (K),reported researcher (K),reported researcher (K),reporting researcher (S),reported researcher (K),reported researcher (K),1 = very dishonest,1 = very insincere,1 = very unethical,1 = very unlikeable,1 = very unapproachable,1 = very confident the findings are false,5 = very honest,5 = very sincere,5 = very ethical,5 = very likeable,5 = very approachable,reporting researcher (F),reporting researcher (F),reporting researcher (F),reporting researcher (F),reporting researcher (F),reporting researcher (F),reporting researcher (F),reporting researcher (F),reporting researcher (F),1 = very dishonest,1 = very insincere,1 = very unethical,1 = very unlikeable,1 = very unapproachable,1 = very confident the findings are false,5 = very honest,5 = very sincere,5 = very ethical,5 = very likeable,5 = very approachable,reporting researcher (Y),reporting researcher (Y),reporting researcher (Y),reporting researcher (Y),reporting researcher (Y),reporting researcher (Y),reporting researcher (Y),reporting researcher (Y),reporting researcher (Y),Somewhat disagree,Male,,"Doctoral Degree (e.g. Ph.D., M.D., J.D., or equivalent)",31,India,"English, Hindi ",complete
1/28/2026 19:59,1/28/2026 20:09,100,636,TRUE,1/28/2026 20:09,R_9M6coBJRavfsGhc,anonymous,EN,0.699999988,"Yes, I consent",1 = very dishonest,1 = very insincere,1 = very unethical,1 = very unlikeable,1 = very unapproachable,2 = somewhat confident the findings are false,5 = very honest,5 = very sincere,5 = very ethical,5 = very likeable,5 = very approachable,reporting researcher (S),reporting researcher (S),reporting researcher (S),reporting researcher (S),reporting researcher (S),reporting researcher (S),reporting researcher (S),reporting researcher (S),reporting researcher (S),2 = somewhat dishonest,2 = somewhat insincere,2 = somewhat unethical,2 = somewhat unlikeable,2 = somewhat unapproachable,3 = could go either way,5 = very honest,5 = very sincere,5 = very ethical,4 = somewhat likeable,4 = somewhat approachable,reporting researcher (F),reporting researcher (F),neither reported (H) nor reporting researcher (F),neither reported (H) nor reporting researcher (F),neither reported (H) nor reporting researcher (F),reporting researcher (F),neither reported (H) nor reporting researcher (F),reporting researcher (F),reporting researcher (F),2 = somewhat dishonest,3 = neither sincere nor insincere,2 = somewhat unethical,3 = neither likeable nor unlikeable,2 = somewhat unapproachable,3 = could go either way,5 = very honest,4 = somewhat sincere,4 = somewhat ethical,4 = somewhat likeable,3 = neither approachable nor unapproachable,neither reported (X) nor reporting researcher (Y),neither reported (X) nor reporting researcher (Y),neither reported (X) nor reporting researcher (Y),neither reported (X) nor reporting researcher (Y),neither reported (X) nor reporting researcher (Y),neither reported (X) nor reporting researcher (Y),neither reported (X) nor reporting researcher (Y),reporting researcher (Y),reporting researcher (Y),Somewhat disagree,Male,,Bachelor’s Degree,24,India,English ,complete
1/28/2026 19:55,1/28/2026 20:10,100,874,TRUE,1/28/2026 20:10,R_9rjC3GUAiPT91zr,anonymous,EN,1,"Yes, I consent",1 = very dishonest,1 = very insincere,1 = very unethical,1 = very unlikeable,1 = very unapproachable,3 = could go either way,5 = very honest,5 = very sincere,5 = very ethical,5 = very likeable,5 = very approachable,reporting researcher (S),reporting researcher (S),neither reported (K) nor reporting researcher (S),reported researcher (K),reporting researcher (S),reporting researcher (S),reported researcher (K),reporting researcher (S),reporting researcher (S),1 = very dishonest,1 = very insincere,1 = very unethical,1 = very unlikeable,1 = very unapproachable,3 = could go either way,5 = very honest,5 = very sincere,5 = very ethical,5 = very likeable,5 = very approachable,reporting researcher (F),reporting researcher (F),neither reported (H) nor reporting researcher (F),reported researcher (H),reporting researcher (F),reporting researcher (F),reported researcher (H),reporting researcher (F),reporting researcher (F),1 = very dishonest,1 = very insincere,1 = very unethical,1 = very unlikeable,1 = very unapproachable,3 = could go either way,5 = very honest,5 = very sincere,5 = very ethical,5 = very likeable,5 = very approachable,reporting researcher (Y),reporting researcher (Y),neither reported (X) nor reporting researcher (Y),reported researcher (X),reporting researcher (Y),reporting researcher (Y),reported researcher (X),reporting researcher (Y),reporting researcher (Y),Somewhat disagree,Male,,Bachelor’s Degree,25,India,"English, Telugu",complete
1/28/2026 20:02,1/28/2026 20:11,100,537,TRUE,1/28/2026 20:11,R_98G9LuWF83dsC4E,anonymous,EN,0.8999999761581421,"Yes, I consent",1 = very dishonest,1 = very insincere,1 = very unethical,1 = very unlikeable,1 = very unapproachable,1 = very confident the findings are false,1 = very dishonest,1 = very insincere,1 = very unethical,1 = very unlikeable,1 = very unapproachable,neither reported (K) nor reporting researcher (S),neither reported (K) nor reporting researcher (S),reporting researcher (S),neither reported (K) nor reporting researcher (S),neither reported (K) nor reporting researcher (S),reported researcher (K),reported researcher (K),reported researcher (K),reported researcher (K),3 = neither honest nor dishonest,3 = neither sincere nor insincere,3 = neither ethical nor unethical,3 = neither likeable nor unlikeable,3 = neither approachable nor unapproachable,3 = could go either way,3 = neither honest nor dishonest,3 = neither sincere nor insincere,3 = neither ethical nor unethical,3 = neither likeable nor unlikeable,3 = neither approachable nor unapproachable,neither reported (H) nor reporting researcher (F),neither reported (H) nor reporting researcher (F),neither reported (H) nor reporting researcher (F),neither reported (H) nor reporting researcher (F),neither reported (H) nor reporting researcher (F),neither reported (H) nor reporting researcher (F),neither reported (H) nor reporting researcher (F),neither reported (H) nor reporting researcher (F),neither reported (H) nor reporting researcher (F),2 = somewhat dishonest,2 = somewhat insincere,2 = somewhat unethical,2 = somewhat unlikeable,2 = somewhat unapproachable,2 = somewhat confident the findings are false,1 = very dishonest,1 = very insincere,1 = very unethical,1 = very unlikeable,1 = very unapproachable,neither reported (X) nor reporting researcher (Y),neither reported (X) nor reporting researcher (Y),neither reported (X) nor reporting researcher (Y),neither reported (X) nor reporting researcher (Y),neither reported (X) nor reporting researcher (Y),neither reported (X) nor reporting researcher (Y),reported researcher (X),reporting researcher (Y),reporting researcher (Y),Somewhat disagree,Female,,Associate’s Degree,38,India ,"Hindu, English ",complete
1/28/2026 20:07,1/28/2026 20:12,100,333,TRUE,1/28/2026 20:12,R_47HVNy9O7UxeAzA,anonymous,EN,1,"Yes, I consent",4 = somewhat honest,4 = somewhat sincere,4 = somewhat ethical,4 = somewhat likeable,4 = somewhat approachable,4 = somewhat confident the findings are true,4 = somewhat honest,4 = somewhat sincere,4 = somewhat ethical,4 = somewhat likeable,4 = somewhat approachable,reporting researcher (S),reporting researcher (S),reporting researcher (S),reporting researcher (S),reporting researcher (S),reporting researcher (S),reporting researcher (S),reporting researcher (S),reporting researcher (S),5 = very honest,5 = very sincere,5 = very ethical,5 = very likeable,5 = very approachable,5 = very confident the findings are true,5 = very honest,5 = very sincere,5 = very ethical,5 = very likeable,5 = very approachable,reporting researcher (F),reporting researcher (F),reporting researcher (F),reporting researcher (F),reporting researcher (F),reporting researcher (F),reporting researcher (F),reporting researcher (F),reporting researcher (F),4 = somewhat honest,4 = somewhat sincere,4 = somewhat ethical,4 = somewhat likeable,4 = somewhat approachable,4 = somewhat confident the findings are true,4 = somewhat honest,4 = somewhat sincere,4 = somewhat ethical,4 = somewhat likeable,4 = somewhat approachable,reporting researcher (Y),reporting researcher (Y),reporting researcher (Y),reporting researcher (Y),reporting researcher (Y),reporting researcher (Y),reporting researcher (Y),reporting researcher (Y),reporting researcher (Y),Somewhat disagree,Female,,Bachelor’s Degree,21,India,Hindi english,complete
1/28/2026 20:08,1/28/2026 20:15,100,442,TRUE,1/28/2026 20:15,R_4zu0svwKlBgfJDU,anonymous,EN,1,"Yes, I consent",4 = somewhat honest,4 = somewhat sincere,3 = neither ethical nor unethical,4 = somewhat likeable,4 = somewhat approachable,3 = could go either way,4 = somewhat honest,4 = somewhat sincere,3 = neither ethical nor unethical,4 = somewhat likeable,4 = somewhat approachable,reporting researcher (S),reporting researcher (S),reported researcher (K),reporting researcher (S),reporting researcher (S),reporting researcher (S),reporting researcher (S),neither reported (K) nor reporting researcher (S),neither reported (K) nor reporting researcher (S),4 = somewhat honest,4 = somewhat sincere,3 = neither ethical nor unethical,4 = somewhat likeable,4 = somewhat approachable,3 = could go either way,4 = somewhat honest,4 = somewhat sincere,3 = neither ethical nor unethical,4 = somewhat likeable,4 = somewhat approachable,reporting researcher (F),reporting researcher (F),reported researcher (H),reporting researcher (F),reporting researcher (F),reporting researcher (F),reporting researcher (F),neither reported (H) nor reporting researcher (F),neither reported (H) nor reporting researcher (F),4 = somewhat honest,4 = somewhat sincere,3 = neither ethical nor unethical,4 = somewhat likeable,4 = somewhat approachable,3 = could go either way,4 = somewhat honest,4 = somewhat sincere,3 = neither ethical nor unethical,4 = somewhat likeable,4 = somewhat approachable,reporting researcher (Y),reporting researcher (Y),reported researcher (X),reporting researcher (Y),reporting researcher (Y),reporting researcher (Y),reporting researcher (Y),neither reported (X) nor reporting researcher (Y),reporting researcher (Y),Somewhat agree,Male,,Master’s Degree,25,Indian ,English and hindi ,complete
1/28/2026 20:09,1/28/2026 20:16,100,375,TRUE,1/28/2026 20:16,R_4MJrkxMSF3YcOV3,anonymous,EN,1,"Yes, I consent",1 = very dishonest,1 = very insincere,1 = very unethical,1 = very unlikeable,1 = very unapproachable,1 = very confident the findings are false,5 = very honest,5 = very sincere,5 = very ethical,5 = very likeable,5 = very approachable,reporting researcher (S),reporting researcher (S),reporting researcher (S),reporting researcher (S),reporting researcher (S),reporting researcher (S),reporting researcher (S),reporting researcher (S),reporting researcher (S),1 = very dishonest,1 = very insincere,1 = very unethical,1 = very unlikeable,1 = very unapproachable,1 = very confident the findings are false,5 = very honest,5 = very sincere,5 = very ethical,5 = very likeable,5 = very approachable,reporting researcher (F),neither reported (H) nor reporting researcher (F),neither reported (H) nor reporting researcher (F),reporting researcher (F),reporting researcher (F),reporting researcher (F),reporting researcher (F),reporting researcher (F),reporting researcher (F),1 = very dishonest,1 = very insincere,1 = very unethical,1 = very unlikeable,1 = very unapproachable,1 = very confident the findings are false,5 = very honest,5 = very sincere,5 = very ethical,5 = very likeable,5 = very approachable,reporting researcher (Y),reporting researcher (Y),reporting researcher (Y),reporting researcher (Y),reporting researcher (Y),reporting researcher (Y),reporting researcher (Y),reporting researcher (Y),reporting researcher (Y),Somewhat disagree,Male,,Master’s Degree,23,India,"English, Hindi",complete
1/28/2026 20:09,1/28/2026 20:19,100,626,TRUE,1/28/2026 20:19,R_9qq7CEBFA4iAzDk,anonymous,EN,1,"Yes, I consent",4 = somewhat honest,3 = neither sincere nor insincere,4 = somewhat ethical,4 = somewhat likeable,3 = neither approachable nor unapproachable,3 = could go either way,3 = neither honest nor dishonest,4 = somewhat sincere,3 = neither ethical nor unethical,3 = neither likeable nor unlikeable,3 = neither approachable nor unapproachable,neither reported (K) nor reporting researcher (S),reported researcher (K),neither reported (K) nor reporting researcher (S),reported researcher (K),reported researcher (K),reported researcher (K),reporting researcher (S),reporting researcher (S),reported researcher (K),1 = very dishonest,2 = somewhat insincere,1 = very unethical,2 = somewhat unlikeable,2 = somewhat unapproachable,3 = could go either way,4 = somewhat honest,4 = somewhat sincere,5 = very ethical,3 = neither likeable nor unlikeable,4 = somewhat approachable,reporting researcher (F),reporting researcher (F),reporting researcher (F),neither reported (H) nor reporting researcher (F),reported researcher (H),neither reported (H) nor reporting researcher (F),reported researcher (H),reported researcher (H),neither reported (H) nor reporting researcher (F),1 = very dishonest,2 = somewhat insincere,2 = somewhat unethical,3 = neither likeable nor unlikeable,2 = somewhat unapproachable,3 = could go either way,4 = somewhat honest,4 = somewhat sincere,4 = somewhat ethical,3 = neither likeable nor unlikeable,3 = neither approachable nor unapproachable,reporting researcher (Y),reporting researcher (Y),neither reported (X) nor reporting researcher (Y),reporting researcher (Y),neither reported (X) nor reporting researcher (Y),reporting researcher (Y),neither reported (X) nor reporting researcher (Y),reported researcher (X),neither reported (X) nor reporting researcher (Y),Somewhat disagree,Male,,Bachelor’s Degree,29,India,Hindi and English ,complete
1/28/2026 20:17,1/28/2026 20:22,100,305,TRUE,1/28/2026 20:22,R_4mVJRu2e0hJgh69,anonymous,EN,1,"Yes, I consent",4 = somewhat honest,3 = neither sincere nor insincere,3 = neither ethical nor unethical,4 = somewhat likeable,3 = neither approachable nor unapproachable,4 = somewhat confident the findings are true,2 = somewhat dishonest,1 = very insincere,3 = neither ethical nor unethical,2 = somewhat unlikeable,2 = somewhat unapproachable,reporting researcher (S),reporting researcher (S),neither reported (K) nor reporting researcher (S),reporting researcher (S),neither reported (K) nor reporting researcher (S),reporting researcher (S),neither reported (K) nor reporting researcher (S),neither reported (K) nor reporting researcher (S),neither reported (K) nor reporting researcher (S),2 = somewhat dishonest,2 = somewhat insincere,2 = somewhat unethical,2 = somewhat unlikeable,2 = somewhat unapproachable,3 = could go either way,4 = somewhat honest,5 = very sincere,4 = somewhat ethical,4 = somewhat likeable,5 = very approachable,reporting researcher (F),reporting researcher (F),reported researcher (H),reporting researcher (F),neither reported (H) nor reporting researcher (F),neither reported (H) nor reporting researcher (F),reported researcher (H),reporting researcher (F),reported researcher (H),4 = somewhat honest,3 = neither sincere nor insincere,3 = neither ethical nor unethical,4 = somewhat likeable,4 = somewhat approachable,4 = somewhat confident the findings are true,4 = somewhat honest,5 = very sincere,4 = somewhat ethical,4 = somewhat likeable,3 = neither approachable nor unapproachable,reporting researcher (Y),neither reported (X) nor reporting researcher (Y),reporting researcher (Y),reported researcher (X),reporting researcher (Y),reporting researcher (Y),neither reported (X) nor reporting researcher (Y),reported researcher (X),reporting researcher (Y),Somewhat disagree,Male,,Master’s Degree,28,India ,English ,complete
1/28/2026 20:19,1/28/2026 20:22,100,168,TRUE,1/28/2026 20:22,R_9rP1Up518BIjeFu,anonymous,EN,1,"Yes, I consent",4 = somewhat honest,5 = very sincere,3 = neither ethical nor unethical,4 = somewhat likeable,5 = very approachable,5 = very confident the findings are true,5 = very honest,4 = somewhat sincere,4 = somewhat ethical,5 = very likeable,4 = somewhat approachable,reporting researcher (S),reporting researcher (S),reporting researcher (S),reporting researcher (S),reporting researcher (S),reporting researcher (S),reporting researcher (S),neither reported (K) nor reporting researcher (S),reporting researcher (S),4 = somewhat honest,5 = very sincere,4 = somewhat ethical,4 = somewhat likeable,5 = very approachable,4 = somewhat confident the findings are true,5 = very honest,3 = neither sincere nor insincere,4 = somewhat ethical,4 = somewhat likeable,4 = somewhat approachable,reporting researcher (F),reporting researcher (F),reported researcher (H),reporting researcher (F),reporting researcher (F),reporting researcher (F),reporting researcher (F),reporting researcher (F),reported researcher (H),4 = somewhat honest,4 = somewhat sincere,4 = somewhat ethical,4 = somewhat likeable,5 = very approachable,4 = somewhat confident the findings are true,5 = very honest,4 = somewhat sincere,5 = very ethical,4 = somewhat likeable,4 = somewhat approachable,reporting researcher (Y),reported researcher (X),neither reported (X) nor reporting researcher (Y),neither reported (X) nor reporting researcher (Y),reporting researcher (Y),reporting researcher (Y),reported researcher (X),neither reported (X) nor reporting researcher (Y),reported researcher (X),Somewhat disagree,Male,,Bachelor’s Degree,24,India,English and Hindi ,complete
1/28/2026 20:20,1/28/2026 20:23,100,179,TRUE,1/28/2026 20:23,R_4ImXCMfJpUFTd9g,anonymous,EN,1,"Yes, I consent",5 = very honest,4 = somewhat sincere,4 = somewhat ethical,4 = somewhat likeable,5 = very approachable,4 = somewhat confident the findings are true,3 = neither honest nor dishonest,4 = somewhat sincere,4 = somewhat ethical,4 = somewhat likeable,3 = neither approachable nor unapproachable,neither reported (K) nor reporting researcher (S),reporting researcher (S),reported researcher (K),neither reported (K) nor reporting researcher (S),neither reported (K) nor reporting researcher (S),reporting researcher (S),reporting researcher (S),neither reported (K) nor reporting researcher (S),neither reported (K) nor reporting researcher (S),4 = somewhat honest,4 = somewhat sincere,4 = somewhat ethical,4 = somewhat likeable,4 = somewhat approachable,4 = somewhat confident the findings are true,4 = somewhat honest,5 = very sincere,3 = neither ethical nor unethical,5 = very likeable,3 = neither approachable nor unapproachable,reporting researcher (F),neither reported (H) nor reporting researcher (F),reported researcher (H),neither reported (H) nor reporting researcher (F),neither reported (H) nor reporting researcher (F),neither reported (H) nor reporting researcher (F),neither reported (H) nor reporting researcher (F),neither reported (H) nor reporting researcher (F),neither reported (H) nor reporting researcher (F),4 = somewhat honest,4 = somewhat sincere,3 = neither ethical nor unethical,5 = very likeable,3 = neither approachable nor unapproachable,4 = somewhat confident the findings are true,4 = somewhat honest,4 = somewhat sincere,4 = somewhat ethical,4 = somewhat likeable,4 = somewhat approachable,neither reported (X) nor reporting researcher (Y),reporting researcher (Y),reporting researcher (Y),neither reported (X) nor reporting researcher (Y),reporting researcher (Y),reporting researcher (Y),neither reported (X) nor reporting researcher (Y),reporting researcher (Y),neither reported (X) nor reporting researcher (Y),Somewhat disagree,Male,,Master’s Degree,36,india,,complete
1/28/2026 20:16,1/28/2026 20:24,100,456,TRUE,1/28/2026 20:24,R_9rOUYjzn9ucL4BM,anonymous,EN,1,"Yes, I consent",4 = somewhat honest,4 = somewhat sincere,1 = very unethical,3 = neither likeable nor unlikeable,3 = neither approachable nor unapproachable,4 = somewhat confident the findings are true,4 = somewhat honest,5 = very sincere,3 = neither ethical nor unethical,4 = somewhat likeable,5 = very approachable,reporting researcher (S),reported researcher (K),reported researcher (K),neither reported (K) nor reporting researcher (S),neither reported (K) nor reporting researcher (S),neither reported (K) nor reporting researcher (S),neither reported (K) nor reporting researcher (S),reported researcher (K),reported researcher (K),5 = very honest,4 = somewhat sincere,5 = very ethical,5 = very likeable,4 = somewhat approachable,3 = could go either way,3 = neither honest nor dishonest,3 = neither sincere nor insincere,4 = somewhat ethical,4 = somewhat likeable,4 = somewhat approachable,reported researcher (H),reported researcher (H),reported researcher (H),reported researcher (H),neither reported (H) nor reporting researcher (F),neither reported (H) nor reporting researcher (F),neither reported (H) nor reporting researcher (F),neither reported (H) nor reporting researcher (F),neither reported (H) nor reporting researcher (F),3 = neither honest nor dishonest,2 = somewhat insincere,2 = somewhat unethical,3 = neither likeable nor unlikeable,4 = somewhat approachable,4 = somewhat confident the findings are true,3 = neither honest nor dishonest,4 = somewhat sincere,5 = very ethical,5 = very likeable,4 = somewhat approachable,neither reported (X) nor reporting researcher (Y),reporting researcher (Y),reported researcher (X),reported researcher (X),reported researcher (X),reporting researcher (Y),reported researcher (X),reported researcher (X),reported researcher (X),Somewhat disagree,Male,,Bachelor’s Degree,30,India ,Tamil ,complete
1/28/2026 20:20,1/28/2026 20:25,100,319,TRUE,1/28/2026 20:25,R_406nB6rmN7qmePo,anonymous,EN,1,"Yes, I consent",2 = somewhat dishonest,2 = somewhat insincere,2 = somewhat unethical,2 = somewhat unlikeable,2 = somewhat unapproachable,2 = somewhat confident the findings are false,5 = very honest,5 = very sincere,5 = very ethical,5 = very likeable,5 = very approachable,reporting researcher (S),reporting researcher (S),reporting researcher (S),reporting researcher (S),reporting researcher (S),reporting researcher (S),reporting researcher (S),reporting researcher (S),reporting researcher (S),4 = somewhat honest,5 = very sincere,4 = somewhat ethical,4 = somewhat likeable,3 = neither approachable nor unapproachable,4 = somewhat confident the findings are true,3 = neither honest nor dishonest,2 = somewhat insincere,3 = neither ethical nor unethical,2 = somewhat unlikeable,2 = somewhat unapproachable,reported researcher (H),reported researcher (H),reported researcher (H),reported researcher (H),reported researcher (H),reported researcher (H),neither reported (H) nor reporting researcher (F),neither reported (H) nor reporting researcher (F),reported researcher (H),4 = somewhat honest,4 = somewhat sincere,4 = somewhat ethical,4 = somewhat likeable,4 = somewhat approachable,4 = somewhat confident the findings are true,2 = somewhat dishonest,2 = somewhat insincere,2 = somewhat unethical,2 = somewhat unlikeable,2 = somewhat unapproachable,reported researcher (X),reported researcher (X),reported researcher (X),reported researcher (X),reported researcher (X),reported researcher (X),reported researcher (X),neither reported (X) nor reporting researcher (Y),reported researcher (X),Somewhat disagree,Female,,"Doctoral Degree (e.g. Ph.D., M.D., J.D., or equivalent)",25,India,English and hindi ,complete
1/28/2026 20:09,1/28/2026 20:25,100,943,TRUE,1/28/2026 20:25,R_4qvXNuKsLnjk2l3,anonymous,EN,1,"Yes, I consent",5 = very honest,5 = very sincere,4 = somewhat ethical,5 = very likeable,4 = somewhat approachable,5 = very confident the findings are true,5 = very honest,4 = somewhat sincere,4 = somewhat ethical,4 = somewhat likeable,5 = very approachable,reported researcher (K),reported researcher (K),reporting researcher (S),reporting researcher (S),reported researcher (K),reporting researcher (S),reporting researcher (S),reported researcher (K),reporting researcher (S),5 = very honest,5 = very sincere,5 = very ethical,5 = very likeable,5 = very approachable,5 = very confident the findings are true,1 = very dishonest,5 = very sincere,5 = very ethical,5 = very likeable,5 = very approachable,reported researcher (H),reported researcher (H),reported researcher (H),reported researcher (H),reported researcher (H),reported researcher (H),reporting researcher (F),reporting researcher (F),reporting researcher (F),5 = very honest,5 = very sincere,4 = somewhat ethical,4 = somewhat likeable,4 = somewhat approachable,4 = somewhat confident the findings are true,2 = somewhat dishonest,4 = somewhat sincere,3 = neither ethical nor unethical,4 = somewhat likeable,5 = very approachable,reporting researcher (Y),reported researcher (X),reporting researcher (Y),reporting researcher (Y),reported researcher (X),reporting researcher (Y),reporting researcher (Y),reported researcher (X),reporting researcher (Y),Strongly agree,Male,,Bachelor’s Degree,33,India ,Tamil and English ,complete
1/28/2026 20:16,1/28/2026 20:25,100,544,TRUE,1/28/2026 20:25,R_41grpsXAqE2x2L0,anonymous,EN,0.699999988,"Yes, I consent",5 = very honest,5 = very sincere,4 = somewhat ethical,5 = very likeable,5 = very approachable,5 = very confident the findings are true,5 = very honest,5 = very sincere,5 = very ethical,4 = somewhat likeable,5 = very approachable,reported researcher (K),reported researcher (K),reported researcher (K),reported researcher (K),reported researcher (K),reported researcher (K),reported researcher (K),reported researcher (K),reported researcher (K),5 = very honest,4 = somewhat sincere,5 = very ethical,5 = very likeable,3 = neither approachable nor unapproachable,5 = very confident the findings are true,5 = very honest,3 = neither sincere nor insincere,4 = somewhat ethical,5 = very likeable,5 = very approachable,reporting researcher (F),reporting researcher (F),reporting researcher (F),reporting researcher (F),reporting researcher (F),reporting researcher (F),reporting researcher (F),reporting researcher (F),reporting researcher (F),5 = very honest,4 = somewhat sincere,5 = very ethical,5 = very likeable,5 = very approachable,5 = very confident the findings are true,5 = very honest,5 = very sincere,5 = very ethical,5 = very likeable,5 = very approachable,reporting researcher (Y),reporting researcher (Y),reporting researcher (Y),reporting researcher (Y),reporting researcher (Y),reporting researcher (Y),reporting researcher (Y),reporting researcher (Y),reporting researcher (Y),Somewhat disagree,Male,,Master’s Degree,29,India,"English, hindi",complete
1/28/2026 20:18,1/28/2026 20:30,100,687,TRUE,1/28/2026 20:30,R_4n1Qw3ezE2zzFM3,anonymous,EN,1,"Yes, I consent",4 = somewhat honest,4 = somewhat sincere,4 = somewhat ethical,4 = somewhat likeable,4 = somewhat approachable,4 = somewhat confident the findings are true,5 = very honest,5 = very sincere,5 = very ethical,5 = very likeable,5 = very approachable,reporting researcher (S),reporting researcher (S),reporting researcher (S),reporting researcher (S),reporting researcher (S),reporting researcher (S),reporting researcher (S),reporting researcher (S),reporting researcher (S),1 = very dishonest,1 = very insincere,1 = very unethical,1 = very unlikeable,1 = very unapproachable,1 = very confident the findings are false,5 = very honest,5 = very sincere,5 = very ethical,5 = very likeable,5 = very approachable,reported researcher (H),reporting researcher (F),reporting researcher (F),reporting researcher (F),reporting researcher (F),reporting researcher (F),reported researcher (H),reporting researcher (F),reporting researcher (F),2 = somewhat dishonest,2 = somewhat insincere,2 = somewhat unethical,2 = somewhat unlikeable,2 = somewhat unapproachable,1 = very confident the findings are false,5 = very honest,5 = very sincere,5 = very ethical,5 = very likeable,5 = very approachable,neither reported (X) nor reporting researcher (Y),reporting researcher (Y),reporting researcher (Y),reporting researcher (Y),reporting researcher (Y),reporting researcher (Y),reporting researcher (Y),reporting researcher (Y),reporting researcher (Y),Somewhat disagree,Male,,Master’s Degree,39,India,"Hindi,English.",complete
1/28/2026 20:26,1/28/2026 20:31,100,316,TRUE,1/28/2026 20:31,R_9ilENzaAwtJZTxh,anonymous,EN,1,"Yes, I consent",5 = very honest,5 = very sincere,5 = very ethical,5 = very likeable,5 = very approachable,5 = very confident the findings are true,5 = very honest,5 = very sincere,5 = very ethical,5 = very likeable,5 = very approachable,reporting researcher (S),reported researcher (K),reported researcher (K),reporting researcher (S),reported researcher (K),reported researcher (K),reporting researcher (S),reporting researcher (S),reporting researcher (S),5 = very honest,5 = very sincere,5 = very ethical,5 = very likeable,5 = very approachable,5 = very confident the findings are true,5 = very honest,5 = very sincere,5 = very ethical,5 = very likeable,5 = very approachable,reporting researcher (F),reporting researcher (F),reported researcher (H),reported researcher (H),reporting researcher (F),reporting researcher (F),reporting researcher (F),reported researcher (H),reported researcher (H),5 = very honest,5 = very sincere,5 = very ethical,5 = very likeable,5 = very approachable,5 = very confident the findings are true,5 = very honest,5 = very sincere,5 = very ethical,5 = very likeable,5 = very approachable,reporting researcher (Y),reporting researcher (Y),reported researcher (X),reporting researcher (Y),reporting researcher (Y),reporting researcher (Y),reporting researcher (Y),reported researcher (X),reported researcher (X),Somewhat disagree,Male,,Bachelor’s Degree,35,India,Hindi English ,complete
1/28/2026 20:21,1/28/2026 20:33,100,718,TRUE,1/28/2026 20:33,R_9YBMyaVwffGterT,anonymous,EN,1,"Yes, I consent",1 = very dishonest,2 = somewhat insincere,2 = somewhat unethical,3 = neither likeable nor unlikeable,3 = neither approachable nor unapproachable,3 = could go either way,5 = very honest,2 = somewhat insincere,3 = neither ethical nor unethical,2 = somewhat unlikeable,3 = neither approachable nor unapproachable,neither reported (K) nor reporting researcher (S),neither reported (K) nor reporting researcher (S),neither reported (K) nor reporting researcher (S),neither reported (K) nor reporting researcher (S),neither reported (K) nor reporting researcher (S),neither reported (K) nor reporting researcher (S),neither reported (K) nor reporting researcher (S),neither reported (K) nor reporting researcher (S),neither reported (K) nor reporting researcher (S),4 = somewhat honest,5 = very sincere,4 = somewhat ethical,4 = somewhat likeable,5 = very approachable,1 = very confident the findings are false,5 = very honest,1 = very insincere,4 = somewhat ethical,5 = very likeable,4 = somewhat approachable,reporting researcher (F),reporting researcher (F),reporting researcher (F),reporting researcher (F),reporting researcher (F),reporting researcher (F),reporting researcher (F),reporting researcher (F),reporting researcher (F),5 = very honest,3 = neither sincere nor insincere,3 = neither ethical nor unethical,3 = neither likeable nor unlikeable,3 = neither approachable nor unapproachable,1 = very confident the findings are false,2 = somewhat dishonest,2 = somewhat insincere,3 = neither ethical nor unethical,4 = somewhat likeable,4 = somewhat approachable,neither reported (X) nor reporting researcher (Y),neither reported (X) nor reporting researcher (Y),reporting researcher (Y),neither reported (X) nor reporting researcher (Y),neither reported (X) nor reporting researcher (Y),neither reported (X) nor reporting researcher (Y),neither reported (X) nor reporting researcher (Y),neither reported (X) nor reporting researcher (Y),neither reported (X) nor reporting researcher (Y),Strongly agree,Male,,Some High School,30,Indea ,Hindi ,complete
1/28/2026 20:30,1/28/2026 20:33,100,171,TRUE,1/28/2026 20:33,R_9E7fslAgQAg9yc7,anonymous,EN,1,"Yes, I consent",3 = neither honest nor dishonest,5 = very sincere,4 = somewhat ethical,5 = very likeable,5 = very approachable,4 = somewhat confident the findings are true,3 = neither honest nor dishonest,4 = somewhat sincere,4 = somewhat ethical,5 = very likeable,4 = somewhat approachable,neither reported (K) nor reporting researcher (S),reporting researcher (S),reporting researcher (S),neither reported (K) nor reporting researcher (S),neither reported (K) nor reporting researcher (S),reporting researcher (S),reporting researcher (S),reporting researcher (S),reporting researcher (S),5 = very honest,4 = somewhat sincere,3 = neither ethical nor unethical,4 = somewhat likeable,5 = very approachable,4 = somewhat confident the findings are true,3 = neither honest nor dishonest,4 = somewhat sincere,5 = very ethical,4 = somewhat likeable,4 = somewhat approachable,reporting researcher (F),neither reported (H) nor reporting researcher (F),reporting researcher (F),reporting researcher (F),neither reported (H) nor reporting researcher (F),neither reported (H) nor reporting researcher (F),reporting researcher (F),neither reported (H) nor reporting researcher (F),neither reported (H) nor reporting researcher (F),5 = very honest,4 = somewhat sincere,3 = neither ethical nor unethical,3 = neither likeable nor unlikeable,4 = somewhat approachable,4 = somewhat confident the findings are true,3 = neither honest nor dishonest,5 = very sincere,5 = very ethical,5 = very likeable,4 = somewhat approachable,neither reported (X) nor reporting researcher (Y),neither reported (X) nor reporting researcher (Y),neither reported (X) nor reporting researcher (Y),neither reported (X) nor reporting researcher (Y),reporting researcher (Y),reporting researcher (Y),reporting researcher (Y),reporting researcher (Y),neither reported (X) nor reporting researcher (Y),Strongly agree,Male,,Bachelor’s Degree,21,India,English ,complete
1/28/2026 20:29,1/28/2026 20:34,100,263,TRUE,1/28/2026 20:34,R_98gJnexCZCOTl9D,anonymous,EN,1,"Yes, I consent",5 = very honest,3 = neither sincere nor insincere,4 = somewhat ethical,4 = somewhat likeable,3 = neither approachable nor unapproachable,4 = somewhat confident the findings are true,4 = somewhat honest,4 = somewhat sincere,3 = neither ethical nor unethical,4 = somewhat likeable,4 = somewhat approachable,reporting researcher (S),neither reported (K) nor reporting researcher (S),reporting researcher (S),neither reported (K) nor reporting researcher (S),reporting researcher (S),reporting researcher (S),reporting researcher (S),reporting researcher (S),neither reported (K) nor reporting researcher (S),5 = very honest,5 = very sincere,4 = somewhat ethical,4 = somewhat likeable,5 = very approachable,4 = somewhat confident the findings are true,4 = somewhat honest,4 = somewhat sincere,3 = neither ethical nor unethical,4 = somewhat likeable,4 = somewhat approachable,neither reported (H) nor reporting researcher (F),reported researcher (H),neither reported (H) nor reporting researcher (F),neither reported (H) nor reporting researcher (F),reported researcher (H),reported researcher (H),neither reported (H) nor reporting researcher (F),reported researcher (H),neither reported (H) nor reporting researcher (F),4 = somewhat honest,4 = somewhat sincere,5 = very ethical,3 = neither likeable nor unlikeable,4 = somewhat approachable,4 = somewhat confident the findings are true,4 = somewhat honest,4 = somewhat sincere,4 = somewhat ethical,4 = somewhat likeable,4 = somewhat approachable,reporting researcher (Y),neither reported (X) nor reporting researcher (Y),reporting researcher (Y),reporting researcher (Y),neither reported (X) nor reporting researcher (Y),reporting researcher (Y),neither reported (X) nor reporting researcher (Y),reporting researcher (Y),reported researcher (X),Somewhat disagree,Male,,Bachelor’s Degree,24,India,English ,complete
1/28/2026 20:35,1/28/2026 20:39,100,223,TRUE,1/28/2026 20:39,R_4s6VOptfmqBox7O,anonymous,EN,1,"Yes, I consent",5 = very honest,5 = very sincere,5 = very ethical,5 = very likeable,5 = very approachable,5 = very confident the findings are true,5 = very honest,5 = very sincere,5 = very ethical,5 = very likeable,5 = very approachable,reported researcher (K),reported researcher (K),reporting researcher (S),reported researcher (K),neither reported (K) nor reporting researcher (S),reported researcher (K),reporting researcher (S),reported researcher (K),reported researcher (K),5 = very honest,5 = very sincere,5 = very ethical,5 = very likeable,5 = very approachable,5 = very confident the findings are true,5 = very honest,5 = very sincere,5 = very ethical,4 = somewhat likeable,5 = very approachable,reported researcher (H),reporting researcher (F),reported researcher (H),reported researcher (H),reported researcher (H),reporting researcher (F),neither reported (H) nor reporting researcher (F),reported researcher (H),neither reported (H) nor reporting researcher (F),5 = very honest,5 = very sincere,5 = very ethical,5 = very likeable,5 = very approachable,5 = very confident the findings are true,5 = very honest,5 = very sincere,5 = very ethical,5 = very likeable,5 = very approachable,reporting researcher (Y),reported researcher (X),reported researcher (X),reporting researcher (Y),reporting researcher (Y),reported researcher (X),reported researcher (X),reported researcher (X),reporting researcher (Y),Somewhat disagree,Female,,High School Diploma or GED,40,India ,Hindi ,complete
1/28/2026 20:35,1/28/2026 20:39,100,207,TRUE,1/28/2026 20:39,R_4QEFYlGIUvORZhe,anonymous,EN,1,"Yes, I consent",5 = very honest,5 = very sincere,5 = very ethical,5 = very likeable,5 = very approachable,5 = very confident the findings are true,5 = very honest,5 = very sincere,5 = very ethical,5 = very likeable,5 = very approachable,reporting researcher (S),reported researcher (K),reporting researcher (S),reporting researcher (S),reporting researcher (S),reporting researcher (S),reporting researcher (S),reporting researcher (S),reporting researcher (S),5 = very honest,5 = very sincere,5 = very ethical,5 = very likeable,5 = very approachable,5 = very confident the findings are true,5 = very honest,5 = very sincere,5 = very ethical,5 = very likeable,5 = very approachable,reported researcher (H),reported researcher (H),reporting researcher (F),reporting researcher (F),reporting researcher (F),reporting researcher (F),reporting researcher (F),reporting researcher (F),reporting researcher (F),5 = very honest,5 = very sincere,5 = very ethical,5 = very likeable,5 = very approachable,5 = very confident the findings are true,5 = very honest,5 = very sincere,5 = very ethical,5 = very likeable,5 = very approachable,reporting researcher (Y),reporting researcher (Y),reporting researcher (Y),reported researcher (X),reporting researcher (Y),reported researcher (X),reported researcher (X),reported researcher (X),reporting researcher (Y),Somewhat disagree,Male,,Master’s Degree,1987,India,English,complete
1/28/2026 20:32,1/28/2026 20:40,100,467,TRUE,1/28/2026 20:40,R_4p8nx5RFtpMoq5j,anonymous,EN,1,"Yes, I consent",5 = very honest,5 = very sincere,5 = very ethical,5 = very likeable,5 = very approachable,5 = very confident the findings are true,5 = very honest,5 = very sincere,5 = very ethical,5 = very likeable,5 = very approachable,reporting researcher (S),reporting researcher (S),reporting researcher (S),reporting researcher (S),reporting researcher (S),reporting researcher (S),reporting researcher (S),reporting researcher (S),reporting researcher (S),4 = somewhat honest,4 = somewhat sincere,4 = somewhat ethical,3 = neither likeable nor unlikeable,3 = neither approachable nor unapproachable,4 = somewhat confident the findings are true,3 = neither honest nor dishonest,4 = somewhat sincere,3 = neither ethical nor unethical,4 = somewhat likeable,4 = somewhat approachable,reporting researcher (F),reporting researcher (F),reporting researcher (F),reporting researcher (F),reporting researcher (F),reporting researcher (F),reporting researcher (F),reporting researcher (F),reporting researcher (F),5 = very honest,5 = very sincere,5 = very ethical,5 = very likeable,5 = very approachable,5 = very confident the findings are true,5 = very honest,5 = very sincere,5 = very ethical,5 = very likeable,5 = very approachable,reporting researcher (Y),reporting researcher (Y),reporting researcher (Y),reporting researcher (Y),reporting researcher (Y),reporting researcher (Y),reporting researcher (Y),neither reported (X) nor reporting researcher (Y),reporting researcher (Y),Somewhat disagree,Male,,Bachelor’s Degree,31,India ,Very good ,complete
1/28/2026 20:29,1/28/2026 20:41,100,681,TRUE,1/28/2026 20:41,R_9rlNidk5ev1amCB,anonymous,EN,1,"Yes, I consent",5 = very honest,5 = very sincere,5 = very ethical,5 = very likeable,5 = very approachable,5 = very confident the findings are true,5 = very honest,5 = very sincere,5 = very ethical,5 = very likeable,5 = very approachable,neither reported (K) nor reporting researcher (S),reporting researcher (S),neither reported (K) nor reporting researcher (S),neither reported (K) nor reporting researcher (S),reported researcher (K),neither reported (K) nor reporting researcher (S),neither reported (K) nor reporting researcher (S),neither reported (K) nor reporting researcher (S),neither reported (K) nor reporting researcher (S),5 = very honest,5 = very sincere,5 = very ethical,5 = very likeable,5 = very approachable,5 = very confident the findings are true,5 = very honest,5 = very sincere,5 = very ethical,5 = very likeable,5 = very approachable,neither reported (H) nor reporting researcher (F),neither reported (H) nor reporting researcher (F),neither reported (H) nor reporting researcher (F),neither reported (H) nor reporting researcher (F),neither reported (H) nor reporting researcher (F),neither reported (H) nor reporting researcher (F),neither reported (H) nor reporting researcher (F),neither reported (H) nor reporting researcher (F),neither reported (H) nor reporting researcher (F),5 = very honest,5 = very sincere,4 = somewhat ethical,5 = very likeable,5 = very approachable,4 = somewhat confident the findings are true,5 = very honest,5 = very sincere,5 = very ethical,5 = very likeable,5 = very approachable,reported researcher (X),reported researcher (X),reported researcher (X),reported researcher (X),reported researcher (X),reported researcher (X),reported researcher (X),reported researcher (X),reported researcher (X),Somewhat disagree,Male,,Bachelor’s Degree,29,India ,"English, Hindi ",complete
1/28/2026 20:36,1/28/2026 20:42,100,358,TRUE,1/28/2026 20:42,R_4qjY7RQxu1xxpPi,anonymous,EN,1,"Yes, I consent",4 = somewhat honest,4 = somewhat sincere,4 = somewhat ethical,4 = somewhat likeable,4 = somewhat approachable,4 = somewhat confident the findings are true,4 = somewhat honest,5 = very sincere,5 = very ethical,5 = very likeable,5 = very approachable,reporting researcher (S),reported researcher (K),reporting researcher (S),reporting researcher (S),reporting researcher (S),reporting researcher (S),reported researcher (K),reported researcher (K),reporting researcher (S),5 = very honest,5 = very sincere,4 = somewhat ethical,4 = somewhat likeable,1 = very unapproachable,5 = very confident the findings are true,2 = somewhat dishonest,4 = somewhat sincere,4 = somewhat ethical,4 = somewhat likeable,4 = somewhat approachable,reported researcher (H),reported researcher (H),reported researcher (H),reported researcher (H),reported researcher (H),reported researcher (H),reported researcher (H),reported researcher (H),reported researcher (H),4 = somewhat honest,1 = very insincere,5 = very ethical,5 = very likeable,4 = somewhat approachable,5 = very confident the findings are true,4 = somewhat honest,4 = somewhat sincere,2 = somewhat unethical,4 = somewhat likeable,4 = somewhat approachable,reported researcher (X),reported researcher (X),reported researcher (X),neither reported (X) nor reporting researcher (Y),reported researcher (X),reported researcher (X),reported researcher (X),reported researcher (X),reported researcher (X),Neither agree nor disagree,Female,,Master’s Degree,22,India,Marathi ,complete
1/28/2026 20:31,1/28/2026 20:42,100,700,TRUE,1/28/2026 20:42,R_9usm4PSwRTPz8GJ,anonymous,EN,1,"Yes, I consent",1 = very dishonest,1 = very insincere,1 = very unethical,1 = very unlikeable,1 = very unapproachable,1 = very confident the findings are false,5 = very honest,5 = very sincere,4 = somewhat ethical,5 = very likeable,5 = very approachable,reporting researcher (S),reported researcher (K),reporting researcher (S),reporting researcher (S),reporting researcher (S),reporting researcher (S),reporting researcher (S),neither reported (K) nor reporting researcher (S),reporting researcher (S),5 = very honest,5 = very sincere,2 = somewhat unethical,5 = very likeable,2 = somewhat unapproachable,2 = somewhat confident the findings are false,5 = very honest,5 = very sincere,5 = very ethical,5 = very likeable,5 = very approachable,reported researcher (H),reported researcher (H),reported researcher (H),reported researcher (H),reported researcher (H),reported researcher (H),reported researcher (H),reported researcher (H),reported researcher (H),1 = very dishonest,1 = very insincere,1 = very unethical,1 = very unlikeable,1 = very unapproachable,1 = very confident the findings are false,5 = very honest,4 = somewhat sincere,5 = very ethical,5 = very likeable,5 = very approachable,reported researcher (X),reporting researcher (Y),reporting researcher (Y),reported researcher (X),reported researcher (X),reported researcher (X),reported researcher (X),reported researcher (X),reported researcher (X),Somewhat disagree,Male,,"Doctoral Degree (e.g. Ph.D., M.D., J.D., or equivalent)",25,India ,Hindi ,complete
1/28/2026 20:33,1/28/2026 20:43,100,635,TRUE,1/28/2026 20:43,R_4LoqSHWrHPJTqxM,anonymous,EN,0.699999988,"Yes, I consent",3 = neither honest nor dishonest,4 = somewhat sincere,2 = somewhat unethical,2 = somewhat unlikeable,3 = neither approachable nor unapproachable,3 = could go either way,3 = neither honest nor dishonest,2 = somewhat insincere,2 = somewhat unethical,2 = somewhat unlikeable,3 = neither approachable nor unapproachable,neither reported (K) nor reporting researcher (S),neither reported (K) nor reporting researcher (S),reporting researcher (S),reporting researcher (S),neither reported (K) nor reporting researcher (S),neither reported (K) nor reporting researcher (S),neither reported (K) nor reporting researcher (S),neither reported (K) nor reporting researcher (S),neither reported (K) nor reporting researcher (S),5 = very honest,5 = very sincere,4 = somewhat ethical,4 = somewhat likeable,3 = neither approachable nor unapproachable,3 = could go either way,4 = somewhat honest,4 = somewhat sincere,4 = somewhat ethical,2 = somewhat unlikeable,4 = somewhat approachable,neither reported (H) nor reporting researcher (F),reporting researcher (F),reported researcher (H),neither reported (H) nor reporting researcher (F),neither reported (H) nor reporting researcher (F),reporting researcher (F),reporting researcher (F),reporting researcher (F),reported researcher (H),4 = somewhat honest,3 = neither sincere nor insincere,3 = neither ethical nor unethical,4 = somewhat likeable,3 = neither approachable nor unapproachable,3 = could go either way,3 = neither honest nor dishonest,4 = somewhat sincere,2 = somewhat unethical,4 = somewhat likeable,3 = neither approachable nor unapproachable,neither reported (X) nor reporting researcher (Y),reported researcher (X),reported researcher (X),neither reported (X) nor reporting researcher (Y),neither reported (X) nor reporting researcher (Y),neither reported (X) nor reporting researcher (Y),neither reported (X) nor reporting researcher (Y),neither reported (X) nor reporting researcher (Y),reported researcher (X),Somewhat disagree,Male,,Master’s Degree,23,India ,English ,complete
1/28/2026 20:39,1/28/2026 20:45,100,404,TRUE,1/28/2026 20:45,R_99XC0hhlYEVOeMV,anonymous,EN,0.8999999761581421,"Yes, I consent",5 = very honest,5 = very sincere,5 = very ethical,5 = very likeable,5 = very approachable,5 = very confident the findings are true,5 = very honest,5 = very sincere,5 = very ethical,5 = very likeable,5 = very approachable,reporting researcher (S),reporting researcher (S),reporting researcher (S),reporting researcher (S),reporting researcher (S),neither reported (K) nor reporting researcher (S),reporting researcher (S),reporting researcher (S),reporting researcher (S),5 = very honest,5 = very sincere,4 = somewhat ethical,5 = very likeable,5 = very approachable,5 = very confident the findings are true,5 = very honest,5 = very sincere,5 = very ethical,5 = very likeable,5 = very approachable,reporting researcher (F),reporting researcher (F),reporting researcher (F),reporting researcher (F),reporting researcher (F),reporting researcher (F),reporting researcher (F),reporting researcher (F),reporting researcher (F),5 = very honest,4 = somewhat sincere,5 = very ethical,5 = very likeable,5 = very approachable,5 = very confident the findings are true,5 = very honest,5 = very sincere,5 = very ethical,5 = very likeable,5 = very approachable,reporting researcher (Y),reporting researcher (Y),reporting researcher (Y),reporting researcher (Y),reporting researcher (Y),reporting researcher (Y),reporting researcher (Y),reporting researcher (Y),reporting researcher (Y),Strongly agree,Male,,Bachelor’s Degree,27,India,English hindi,complete
1/28/2026 20:20,1/28/2026 20:48,100,1681,TRUE,1/28/2026 20:48,R_9DNNtBnVFCgUwtQ,anonymous,EN,0.8999999761581421,"Yes, I consent",2 = somewhat dishonest,2 = somewhat insincere,2 = somewhat unethical,2 = somewhat unlikeable,2 = somewhat unapproachable,2 = somewhat confident the findings are false,4 = somewhat honest,4 = somewhat sincere,4 = somewhat ethical,4 = somewhat likeable,4 = somewhat approachable,reporting researcher (S),reporting researcher (S),reporting researcher (S),reporting researcher (S),reporting researcher (S),reporting researcher (S),reporting researcher (S),reporting researcher (S),reporting researcher (S),2 = somewhat dishonest,2 = somewhat insincere,2 = somewhat unethical,2 = somewhat unlikeable,2 = somewhat unapproachable,1 = very confident the findings are false,5 = very honest,4 = somewhat sincere,5 = very ethical,4 = somewhat likeable,4 = somewhat approachable,reporting researcher (F),reporting researcher (F),neither reported (H) nor reporting researcher (F),reporting researcher (F),reporting researcher (F),reporting researcher (F),reporting researcher (F),reporting researcher (F),reporting researcher (F),1 = very dishonest,1 = very insincere,1 = very unethical,1 = very unlikeable,1 = very unapproachable,1 = very confident the findings are false,4 = somewhat honest,5 = very sincere,4 = somewhat ethical,4 = somewhat likeable,5 = very approachable,reporting researcher (Y),reporting researcher (Y),neither reported (X) nor reporting researcher (Y),reporting researcher (Y),reporting researcher (Y),reporting researcher (Y),reporting researcher (Y),reporting researcher (Y),reporting researcher (Y),Somewhat disagree,Male,,Master’s Degree,34,India,English Hindi,complete
1/28/2026 20:45,1/28/2026 20:50,100,313,TRUE,1/28/2026 20:50,R_99zZKhADD9c4eaJ,anonymous,EN,1,"Yes, I consent",3 = neither honest nor dishonest,3 = neither sincere nor insincere,3 = neither ethical nor unethical,3 = neither likeable nor unlikeable,3 = neither approachable nor unapproachable,2 = somewhat confident the findings are false,4 = somewhat honest,4 = somewhat sincere,4 = somewhat ethical,4 = somewhat likeable,4 = somewhat approachable,neither reported (K) nor reporting researcher (S),neither reported (K) nor reporting researcher (S),neither reported (K) nor reporting researcher (S),neither reported (K) nor reporting researcher (S),neither reported (K) nor reporting researcher (S),neither reported (K) nor reporting researcher (S),neither reported (K) nor reporting researcher (S),neither reported (K) nor reporting researcher (S),neither reported (K) nor reporting researcher (S),3 = neither honest nor dishonest,3 = neither sincere nor insincere,3 = neither ethical nor unethical,3 = neither likeable nor unlikeable,3 = neither approachable nor unapproachable,3 = could go either way,3 = neither honest nor dishonest,3 = neither sincere nor insincere,3 = neither ethical nor unethical,3 = neither likeable nor unlikeable,3 = neither approachable nor unapproachable,neither reported (H) nor reporting researcher (F),neither reported (H) nor reporting researcher (F),neither reported (H) nor reporting researcher (F),neither reported (H) nor reporting researcher (F),neither reported (H) nor reporting researcher (F),neither reported (H) nor reporting researcher (F),neither reported (H) nor reporting researcher (F),neither reported (H) nor reporting researcher (F),neither reported (H) nor reporting researcher (F),1 = very dishonest,1 = very insincere,1 = very unethical,2 = somewhat unlikeable,2 = somewhat unapproachable,3 = could go either way,2 = somewhat dishonest,2 = somewhat insincere,2 = somewhat unethical,2 = somewhat unlikeable,2 = somewhat unapproachable,neither reported (X) nor reporting researcher (Y),neither reported (X) nor reporting researcher (Y),neither reported (X) nor reporting researcher (Y),neither reported (X) nor reporting researcher (Y),neither reported (X) nor reporting researcher (Y),neither reported (X) nor reporting researcher (Y),neither reported (X) nor reporting researcher (Y),neither reported (X) nor reporting researcher (Y),neither reported (X) nor reporting researcher (Y),Somewhat disagree,Male,,Bachelor’s Degree,29,India,Hindi,complete
1/28/2026 20:42,1/28/2026 20:50,100,508,TRUE,1/28/2026 20:50,R_43peZ07J43t3tdk,anonymous,EN,1,"Yes, I consent",1 = very dishonest,1 = very insincere,1 = very unethical,1 = very unlikeable,1 = very unapproachable,1 = very confident the findings are false,5 = very honest,5 = very sincere,5 = very ethical,5 = very likeable,5 = very approachable,reporting researcher (S),reporting researcher (S),reporting researcher (S),reporting researcher (S),reporting researcher (S),reporting researcher (S),reporting researcher (S),reporting researcher (S),reporting researcher (S),1 = very dishonest,1 = very insincere,1 = very unethical,1 = very unlikeable,1 = very unapproachable,1 = very confident the findings are false,5 = very honest,5 = very sincere,5 = very ethical,5 = very likeable,5 = very approachable,reporting researcher (F),reporting researcher (F),reporting researcher (F),reporting researcher (F),reporting researcher (F),reporting researcher (F),reporting researcher (F),reporting researcher (F),reporting researcher (F),1 = very dishonest,1 = very insincere,1 = very unethical,5 = very likeable,2 = somewhat unapproachable,1 = very confident the findings are false,5 = very honest,5 = very sincere,5 = very ethical,5 = very likeable,5 = very approachable,reporting researcher (Y),reporting researcher (Y),neither reported (X) nor reporting researcher (Y),reporting researcher (Y),reporting researcher (Y),reporting researcher (Y),reporting researcher (Y),reporting researcher (Y),reporting researcher (Y),Somewhat disagree,Female,,Some college credit or technical school degree,20,India ,"Hindi, punjabi, english ",complete
1/28/2026 20:36,1/28/2026 20:52,100,918,TRUE,1/28/2026 20:52,R_4R2XpCOXbFese7p,anonymous,EN,1,"Yes, I consent",3 = neither honest nor dishonest,3 = neither sincere nor insincere,3 = neither ethical nor unethical,4 = somewhat likeable,3 = neither approachable nor unapproachable,3 = could go either way,3 = neither honest nor dishonest,4 = somewhat sincere,3 = neither ethical nor unethical,3 = neither likeable nor unlikeable,3 = neither approachable nor unapproachable,reporting researcher (S),reporting researcher (S),reported researcher (K),reported researcher (K),reporting researcher (S),reporting researcher (S),reporting researcher (S),reporting researcher (S),reported researcher (K),1 = very dishonest,5 = very sincere,1 = very unethical,1 = very unlikeable,1 = very unapproachable,1 = very confident the findings are false,5 = very honest,5 = very sincere,5 = very ethical,5 = very likeable,5 = very approachable,reporting researcher (F),reporting researcher (F),reporting researcher (F),reporting researcher (F),reporting researcher (F),reporting researcher (F),reporting researcher (F),reporting researcher (F),reporting researcher (F),1 = very dishonest,1 = very insincere,1 = very unethical,1 = very unlikeable,1 = very unapproachable,1 = very confident the findings are false,5 = very honest,5 = very sincere,5 = very ethical,5 = very likeable,5 = very approachable,reporting researcher (Y),reporting researcher (Y),reporting researcher (Y),reporting researcher (Y),reporting researcher (Y),reporting researcher (Y),reporting researcher (Y),reporting researcher (Y),reporting researcher (Y),Somewhat disagree,Male,,High School Diploma or GED,24,India,"Hindi, English ",complete
1/28/2026 20:41,1/28/2026 20:52,100,662,TRUE,1/28/2026 20:52,R_9QXwl9bwTBnEmHp,anonymous,EN,1,"Yes, I consent",5 = very honest,4 = somewhat sincere,4 = somewhat ethical,4 = somewhat likeable,4 = somewhat approachable,5 = very confident the findings are true,3 = neither honest nor dishonest,3 = neither sincere nor insincere,2 = somewhat unethical,2 = somewhat unlikeable,4 = somewhat approachable,reporting researcher (S),reported researcher (K),reporting researcher (S),neither reported (K) nor reporting researcher (S),neither reported (K) nor reporting researcher (S),reported researcher (K),reporting researcher (S),reported researcher (K),reporting researcher (S),2 = somewhat dishonest,2 = somewhat insincere,2 = somewhat unethical,2 = somewhat unlikeable,2 = somewhat unapproachable,2 = somewhat confident the findings are false,4 = somewhat honest,4 = somewhat sincere,4 = somewhat ethical,4 = somewhat likeable,4 = somewhat approachable,reported researcher (H),reporting researcher (F),reported researcher (H),reporting researcher (F),reporting researcher (F),reporting researcher (F),reported researcher (H),reporting researcher (F),reported researcher (H),4 = somewhat honest,4 = somewhat sincere,2 = somewhat unethical,2 = somewhat unlikeable,3 = neither approachable nor unapproachable,2 = somewhat confident the findings are false,4 = somewhat honest,4 = somewhat sincere,4 = somewhat ethical,4 = somewhat likeable,4 = somewhat approachable,reported researcher (X),reporting researcher (Y),reported researcher (X),reported researcher (X),reporting researcher (Y),reporting researcher (Y),reporting researcher (Y),reporting researcher (Y),reporting researcher (Y),Somewhat disagree,Female,,Bachelor’s Degree,36,India,Hindi,complete
1/28/2026 20:47,1/28/2026 20:52,100,311,TRUE,1/28/2026 20:52,R_94eXtpup216C0U7,anonymous,EN,1,"Yes, I consent",3 = neither honest nor dishonest,4 = somewhat sincere,3 = neither ethical nor unethical,3 = neither likeable nor unlikeable,3 = neither approachable nor unapproachable,3 = could go either way,4 = somewhat honest,4 = somewhat sincere,4 = somewhat ethical,4 = somewhat likeable,3 = neither approachable nor unapproachable,reported researcher (K),neither reported (K) nor reporting researcher (S),neither reported (K) nor reporting researcher (S),neither reported (K) nor reporting researcher (S),neither reported (K) nor reporting researcher (S),neither reported (K) nor reporting researcher (S),neither reported (K) nor reporting researcher (S),neither reported (K) nor reporting researcher (S),neither reported (K) nor reporting researcher (S),4 = somewhat honest,4 = somewhat sincere,4 = somewhat ethical,4 = somewhat likeable,4 = somewhat approachable,4 = somewhat confident the findings are true,4 = somewhat honest,4 = somewhat sincere,3 = neither ethical nor unethical,3 = neither likeable nor unlikeable,3 = neither approachable nor unapproachable,reported researcher (H),reported researcher (H),reported researcher (H),reported researcher (H),reported researcher (H),neither reported (H) nor reporting researcher (F),neither reported (H) nor reporting researcher (F),reported researcher (H),reported researcher (H),3 = neither honest nor dishonest,3 = neither sincere nor insincere,3 = neither ethical nor unethical,2 = somewhat unlikeable,3 = neither approachable nor unapproachable,3 = could go either way,3 = neither honest nor dishonest,4 = somewhat sincere,3 = neither ethical nor unethical,2 = somewhat unlikeable,2 = somewhat unapproachable,neither reported (X) nor reporting researcher (Y),neither reported (X) nor reporting researcher (Y),neither reported (X) nor reporting researcher (Y),neither reported (X) nor reporting researcher (Y),neither reported (X) nor reporting researcher (Y),neither reported (X) nor reporting researcher (Y),neither reported (X) nor reporting researcher (Y),neither reported (X) nor reporting researcher (Y),neither reported (X) nor reporting researcher (Y),Somewhat disagree,Female,,Bachelor’s Degree,22,India,English,complete
1/28/2026 20:51,1/28/2026 20:54,100,197,TRUE,1/28/2026 20:54,R_47W3xor5nVlRUfY,anonymous,EN,1,"Yes, I consent",4 = somewhat honest,3 = neither sincere nor insincere,3 = neither ethical nor unethical,4 = somewhat likeable,2 = somewhat unapproachable,3 = could go either way,2 = somewhat dishonest,3 = neither sincere nor insincere,2 = somewhat unethical,4 = somewhat likeable,2 = somewhat unapproachable,neither reported (K) nor reporting researcher (S),neither reported (K) nor reporting researcher (S),reported researcher (K),neither reported (K) nor reporting researcher (S),neither reported (K) nor reporting researcher (S),neither reported (K) nor reporting researcher (S),reported researcher (K),neither reported (K) nor reporting researcher (S),neither reported (K) nor reporting researcher (S),2 = somewhat dishonest,4 = somewhat sincere,2 = somewhat unethical,4 = somewhat likeable,4 = somewhat approachable,2 = somewhat confident the findings are false,4 = somewhat honest,3 = neither sincere nor insincere,3 = neither ethical nor unethical,2 = somewhat unlikeable,4 = somewhat approachable,reported researcher (H),reported researcher (H),reporting researcher (F),reporting researcher (F),neither reported (H) nor reporting researcher (F),neither reported (H) nor reporting researcher (F),reported researcher (H),reported researcher (H),neither reported (H) nor reporting researcher (F),2 = somewhat dishonest,3 = neither sincere nor insincere,1 = very unethical,2 = somewhat unlikeable,3 = neither approachable nor unapproachable,2 = somewhat confident the findings are false,1 = very dishonest,2 = somewhat insincere,3 = neither ethical nor unethical,1 = very unlikeable,2 = somewhat unapproachable,reporting researcher (Y),reported researcher (X),reported researcher (X),reported researcher (X),neither reported (X) nor reporting researcher (Y),reported researcher (X),reporting researcher (Y),reported researcher (X),neither reported (X) nor reporting researcher (Y),Somewhat disagree,Female,,Bachelor’s Degree,22,India,Hindi,complete
1/28/2026 20:48,1/28/2026 20:55,100,414,TRUE,1/28/2026 20:55,R_9HcRKqV3hvi3Y9S,anonymous,EN,1,"Yes, I consent",4 = somewhat honest,4 = somewhat sincere,4 = somewhat ethical,4 = somewhat likeable,4 = somewhat approachable,4 = somewhat confident the findings are true,4 = somewhat honest,4 = somewhat sincere,4 = somewhat ethical,4 = somewhat likeable,4 = somewhat approachable,reported researcher (K),reported researcher (K),reported researcher (K),reported researcher (K),reported researcher (K),reported researcher (K),reported researcher (K),reported researcher (K),reported researcher (K),2 = somewhat dishonest,4 = somewhat sincere,4 = somewhat ethical,4 = somewhat likeable,4 = somewhat approachable,5 = very confident the findings are true,5 = very honest,4 = somewhat sincere,4 = somewhat ethical,4 = somewhat likeable,4 = somewhat approachable,reported researcher (H),reported researcher (H),reported researcher (H),reported researcher (H),reported researcher (H),reported researcher (H),reported researcher (H),reported researcher (H),reported researcher (H),4 = somewhat honest,4 = somewhat sincere,4 = somewhat ethical,4 = somewhat likeable,4 = somewhat approachable,4 = somewhat confident the findings are true,4 = somewhat honest,4 = somewhat sincere,4 = somewhat ethical,4 = somewhat likeable,4 = somewhat approachable,reported researcher (X),reported researcher (X),reported researcher (X),reported researcher (X),reported researcher (X),reported researcher (X),reported researcher (X),reported researcher (X),reported researcher (X),Somewhat disagree,Male,,Bachelor’s Degree,32,India,Telugu,complete
1/28/2026 20:53,1/28/2026 20:56,100,188,TRUE,1/28/2026 20:56,R_9CJRaNS8H7vuY3t,anonymous,EN,1,"Yes, I consent",3 = neither honest nor dishonest,2 = somewhat insincere,2 = somewhat unethical,2 = somewhat unlikeable,4 = somewhat approachable,2 = somewhat confident the findings are false,4 = somewhat honest,4 = somewhat sincere,4 = somewhat ethical,4 = somewhat likeable,4 = somewhat approachable,reporting researcher (S),reporting researcher (S),reported researcher (K),reporting researcher (S),reporting researcher (S),neither reported (K) nor reporting researcher (S),reporting researcher (S),neither reported (K) nor reporting researcher (S),neither reported (K) nor reporting researcher (S),3 = neither honest nor dishonest,2 = somewhat insincere,2 = somewhat unethical,1 = very unlikeable,2 = somewhat unapproachable,2 = somewhat confident the findings are false,2 = somewhat dishonest,3 = neither sincere nor insincere,1 = very unethical,2 = somewhat unlikeable,5 = very approachable,neither reported (H) nor reporting researcher (F),neither reported (H) nor reporting researcher (F),neither reported (H) nor reporting researcher (F),neither reported (H) nor reporting researcher (F),neither reported (H) nor reporting researcher (F),reporting researcher (F),neither reported (H) nor reporting researcher (F),neither reported (H) nor reporting researcher (F),reporting researcher (F),3 = neither honest nor dishonest,3 = neither sincere nor insincere,2 = somewhat unethical,4 = somewhat likeable,3 = neither approachable nor unapproachable,4 = somewhat confident the findings are true,3 = neither honest nor dishonest,3 = neither sincere nor insincere,2 = somewhat unethical,3 = neither likeable nor unlikeable,3 = neither approachable nor unapproachable,reporting researcher (Y),reported researcher (X),neither reported (X) nor reporting researcher (Y),reporting researcher (Y),reported researcher (X),reported researcher (X),reported researcher (X),reported researcher (X),reported researcher (X),Neither agree nor disagree,Male,,Master’s Degree,26,India,English ,complete
1/28/2026 20:50,1/28/2026 20:58,100,485,TRUE,1/28/2026 20:58,R_4Xmv3fMSXrREBPP,anonymous,EN,1,"Yes, I consent",3 = neither honest nor dishonest,2 = somewhat insincere,3 = neither ethical nor unethical,3 = neither likeable nor unlikeable,2 = somewhat unapproachable,2 = somewhat confident the findings are false,2 = somewhat dishonest,2 = somewhat insincere,1 = very unethical,2 = somewhat unlikeable,3 = neither approachable nor unapproachable,neither reported (K) nor reporting researcher (S),reporting researcher (S),neither reported (K) nor reporting researcher (S),reported researcher (K),reported researcher (K),neither reported (K) nor reporting researcher (S),reported researcher (K),neither reported (K) nor reporting researcher (S),neither reported (K) nor reporting researcher (S),3 = neither honest nor dishonest,3 = neither sincere nor insincere,3 = neither ethical nor unethical,1 = very unlikeable,3 = neither approachable nor unapproachable,1 = very confident the findings are false,1 = very dishonest,2 = somewhat insincere,1 = very unethical,1 = very unlikeable,4 = somewhat approachable,reported researcher (H),neither reported (H) nor reporting researcher (F),neither reported (H) nor reporting researcher (F),neither reported (H) nor reporting researcher (F),reporting researcher (F),neither reported (H) nor reporting researcher (F),neither reported (H) nor reporting researcher (F),reported researcher (H),neither reported (H) nor reporting researcher (F),2 = somewhat dishonest,3 = neither sincere nor insincere,3 = neither ethical nor unethical,2 = somewhat unlikeable,2 = somewhat unapproachable,3 = could go either way,2 = somewhat dishonest,3 = neither sincere nor insincere,3 = neither ethical nor unethical,3 = neither likeable nor unlikeable,3 = neither approachable nor unapproachable,neither reported (X) nor reporting researcher (Y),reporting researcher (Y),neither reported (X) nor reporting researcher (Y),neither reported (X) nor reporting researcher (Y),neither reported (X) nor reporting researcher (Y),neither reported (X) nor reporting researcher (Y),reported researcher (X),neither reported (X) nor reporting researcher (Y),reported researcher (X),Somewhat disagree,Female,,Bachelor’s Degree,22,India,Hindi,complete
1/28/2026 20:36,1/28/2026 20:59,100,1375,TRUE,1/28/2026 20:59,R_9dNgaltqFgH0odr,anonymous,EN,1,"Yes, I consent",5 = very honest,5 = very sincere,5 = very ethical,5 = very likeable,5 = very approachable,5 = very confident the findings are true,5 = very honest,5 = very sincere,5 = very ethical,5 = very likeable,5 = very approachable,reported researcher (K),reported researcher (K),reporting researcher (S),reported researcher (K),reported researcher (K),reported researcher (K),reported researcher (K),reported researcher (K),reported researcher (K),5 = very honest,5 = very sincere,5 = very ethical,5 = very likeable,5 = very approachable,5 = very confident the findings are true,5 = very honest,5 = very sincere,5 = very ethical,5 = very likeable,5 = very approachable,reported researcher (H),reported researcher (H),reported researcher (H),reported researcher (H),reported researcher (H),reported researcher (H),reported researcher (H),reported researcher (H),reported researcher (H),5 = very honest,5 = very sincere,5 = very ethical,5 = very likeable,5 = very approachable,5 = very confident the findings are true,5 = very honest,5 = very sincere,5 = very ethical,5 = very likeable,5 = very approachable,reported researcher (X),reported researcher (X),reported researcher (X),reported researcher (X),reported researcher (X),reported researcher (X),reporting researcher (Y),reported researcher (X),reported researcher (X),Somewhat disagree,Female,,Master’s Degree,33,India ,"Inglish, telugu ",complete
1/28/2026 20:50,1/28/2026 20:59,100,532,TRUE,1/28/2026 20:59,R_4O9oECnlXqeIveN,anonymous,EN,1,"Yes, I consent",3 = neither honest nor dishonest,2 = somewhat insincere,4 = somewhat ethical,4 = somewhat likeable,4 = somewhat approachable,3 = could go either way,5 = very honest,4 = somewhat sincere,4 = somewhat ethical,3 = neither likeable nor unlikeable,3 = neither approachable nor unapproachable,reported researcher (K),reported researcher (K),reporting researcher (S),reported researcher (K),reported researcher (K),reported researcher (K),reporting researcher (S),reporting researcher (S),reported researcher (K),2 = somewhat dishonest,2 = somewhat insincere,4 = somewhat ethical,4 = somewhat likeable,4 = somewhat approachable,2 = somewhat confident the findings are false,5 = very honest,4 = somewhat sincere,4 = somewhat ethical,3 = neither likeable nor unlikeable,3 = neither approachable nor unapproachable,reported researcher (H),reported researcher (H),reported researcher (H),reporting researcher (F),reporting researcher (F),reported researcher (H),neither reported (H) nor reporting researcher (F),neither reported (H) nor reporting researcher (F),reported researcher (H),4 = somewhat honest,4 = somewhat sincere,3 = neither ethical nor unethical,3 = neither likeable nor unlikeable,3 = neither approachable nor unapproachable,3 = could go either way,4 = somewhat honest,4 = somewhat sincere,4 = somewhat ethical,3 = neither likeable nor unlikeable,3 = neither approachable nor unapproachable,reporting researcher (Y),reported researcher (X),reporting researcher (Y),reporting researcher (Y),reporting researcher (Y),reporting researcher (Y),reporting researcher (Y),reporting researcher (Y),reporting researcher (Y),Strongly agree,Male,,Some college credit or technical school degree,22,India,English,complete
1/28/2026 20:46,1/28/2026 21:00,100,796,TRUE,1/28/2026 21:00,R_90q5XgAbw9uhw6A,anonymous,EN,1,"Yes, I consent",2 = somewhat dishonest,2 = somewhat insincere,2 = somewhat unethical,4 = somewhat likeable,3 = neither approachable nor unapproachable,3 = could go either way,3 = neither honest nor dishonest,3 = neither sincere nor insincere,3 = neither ethical nor unethical,2 = somewhat unlikeable,3 = neither approachable nor unapproachable,neither reported (K) nor reporting researcher (S),neither reported (K) nor reporting researcher (S),neither reported (K) nor reporting researcher (S),reported researcher (K),neither reported (K) nor reporting researcher (S),neither reported (K) nor reporting researcher (S),neither reported (K) nor reporting researcher (S),reported researcher (K),neither reported (K) nor reporting researcher (S),4 = somewhat honest,4 = somewhat sincere,3 = neither ethical nor unethical,4 = somewhat likeable,3 = neither approachable nor unapproachable,3 = could go either way,4 = somewhat honest,5 = very sincere,2 = somewhat unethical,2 = somewhat unlikeable,3 = neither approachable nor unapproachable,reporting researcher (F),reporting researcher (F),reporting researcher (F),reporting researcher (F),reporting researcher (F),reported researcher (H),reporting researcher (F),reporting researcher (F),reporting researcher (F),2 = somewhat dishonest,4 = somewhat sincere,2 = somewhat unethical,3 = neither likeable nor unlikeable,3 = neither approachable nor unapproachable,2 = somewhat confident the findings are false,3 = neither honest nor dishonest,3 = neither sincere nor insincere,4 = somewhat ethical,2 = somewhat unlikeable,3 = neither approachable nor unapproachable,neither reported (X) nor reporting researcher (Y),neither reported (X) nor reporting researcher (Y),neither reported (X) nor reporting researcher (Y),neither reported (X) nor reporting researcher (Y),reporting researcher (Y),reporting researcher (Y),neither reported (X) nor reporting researcher (Y),neither reported (X) nor reporting researcher (Y),reported researcher (X),Somewhat agree,Male,,Bachelor’s Degree,46,India ,Tamil ,complete
1/28/2026 21:02,1/28/2026 21:06,100,253,TRUE,1/28/2026 21:06,R_5OVf93oF42UsjQ4,anonymous,EN,1,"Yes, I consent",3 = neither honest nor dishonest,3 = neither sincere nor insincere,3 = neither ethical nor unethical,3 = neither likeable nor unlikeable,3 = neither approachable nor unapproachable,2 = somewhat confident the findings are false,3 = neither honest nor dishonest,4 = somewhat sincere,4 = somewhat ethical,4 = somewhat likeable,4 = somewhat approachable,reporting researcher (S),neither reported (K) nor reporting researcher (S),reporting researcher (S),reporting researcher (S),reporting researcher (S),reported researcher (K),neither reported (K) nor reporting researcher (S),neither reported (K) nor reporting researcher (S),neither reported (K) nor reporting researcher (S),5 = very honest,5 = very sincere,5 = very ethical,5 = very likeable,5 = very approachable,5 = very confident the findings are true,2 = somewhat dishonest,2 = somewhat insincere,3 = neither ethical nor unethical,2 = somewhat unlikeable,2 = somewhat unapproachable,reported researcher (H),reporting researcher (F),reporting researcher (F),reporting researcher (F),reporting researcher (F),reporting researcher (F),reporting researcher (F),neither reported (H) nor reporting researcher (F),reporting researcher (F),1 = very dishonest,1 = very insincere,1 = very unethical,1 = very unlikeable,1 = very unapproachable,1 = very confident the findings are false,4 = somewhat honest,5 = very sincere,5 = very ethical,4 = somewhat likeable,4 = somewhat approachable,reporting researcher (Y),reporting researcher (Y),reporting researcher (Y),reporting researcher (Y),reporting researcher (Y),reporting researcher (Y),reporting researcher (Y),reporting researcher (Y),reporting researcher (Y),Somewhat disagree,Male,,Master’s Degree,26,India,"Hindi, english",complete
1/28/2026 20:57,1/28/2026 21:06,100,544,TRUE,1/28/2026 21:06,R_976WMvNEaHAFfGL,anonymous,EN,1,"Yes, I consent",1 = very dishonest,2 = somewhat insincere,2 = somewhat unethical,2 = somewhat unlikeable,2 = somewhat unapproachable,2 = somewhat confident the findings are false,2 = somewhat dishonest,2 = somewhat insincere,2 = somewhat unethical,2 = somewhat unlikeable,2 = somewhat unapproachable,neither reported (K) nor reporting researcher (S),neither reported (K) nor reporting researcher (S),reported researcher (K),reporting researcher (S),reported researcher (K),reported researcher (K),reporting researcher (S),reporting researcher (S),reporting researcher (S),1 = very dishonest,1 = very insincere,2 = somewhat unethical,2 = somewhat unlikeable,3 = neither approachable nor unapproachable,1 = very confident the findings are false,2 = somewhat dishonest,3 = neither sincere nor insincere,2 = somewhat unethical,2 = somewhat unlikeable,2 = somewhat unapproachable,reported researcher (H),reported researcher (H),reporting researcher (F),reporting researcher (F),neither reported (H) nor reporting researcher (F),reporting researcher (F),reporting researcher (F),reporting researcher (F),reporting researcher (F),1 = very dishonest,1 = very insincere,1 = very unethical,4 = somewhat likeable,4 = somewhat approachable,3 = could go either way,1 = very dishonest,1 = very insincere,2 = somewhat unethical,4 = somewhat likeable,4 = somewhat approachable,reporting researcher (Y),reporting researcher (Y),reporting researcher (Y),reporting researcher (Y),reporting researcher (Y),reporting researcher (Y),reporting researcher (Y),reporting researcher (Y),reporting researcher (Y),Somewhat disagree,Male,,Master’s Degree,39,India,English ,complete
1/28/2026 21:03,1/28/2026 21:10,100,430,TRUE,1/28/2026 21:10,R_9JLcwjsYUat7TyL,anonymous,EN,1,"Yes, I consent",4 = somewhat honest,4 = somewhat sincere,4 = somewhat ethical,4 = somewhat likeable,4 = somewhat approachable,4 = somewhat confident the findings are true,4 = somewhat honest,4 = somewhat sincere,4 = somewhat ethical,4 = somewhat likeable,4 = somewhat approachable,neither reported (K) nor reporting researcher (S),neither reported (K) nor reporting researcher (S),neither reported (K) nor reporting researcher (S),neither reported (K) nor reporting researcher (S),neither reported (K) nor reporting researcher (S),neither reported (K) nor reporting researcher (S),neither reported (K) nor reporting researcher (S),neither reported (K) nor reporting researcher (S),neither reported (K) nor reporting researcher (S),3 = neither honest nor dishonest,3 = neither sincere nor insincere,3 = neither ethical nor unethical,3 = neither likeable nor unlikeable,3 = neither approachable nor unapproachable,3 = could go either way,3 = neither honest nor dishonest,3 = neither sincere nor insincere,3 = neither ethical nor unethical,3 = neither likeable nor unlikeable,3 = neither approachable nor unapproachable,neither reported (H) nor reporting researcher (F),neither reported (H) nor reporting researcher (F),neither reported (H) nor reporting researcher (F),neither reported (H) nor reporting researcher (F),neither reported (H) nor reporting researcher (F),neither reported (H) nor reporting researcher (F),neither reported (H) nor reporting researcher (F),neither reported (H) nor reporting researcher (F),neither reported (H) nor reporting researcher (F),2 = somewhat dishonest,3 = neither sincere nor insincere,2 = somewhat unethical,2 = somewhat unlikeable,2 = somewhat unapproachable,3 = could go either way,4 = somewhat honest,4 = somewhat sincere,4 = somewhat ethical,4 = somewhat likeable,4 = somewhat approachable,reporting researcher (Y),reporting researcher (Y),reporting researcher (Y),reporting researcher (Y),reporting researcher (Y),reporting researcher (Y),reporting researcher (Y),reporting researcher (Y),reporting researcher (Y),Somewhat disagree,Male,,Bachelor’s Degree,38,India,Hindi,complete
1/28/2026 20:54,1/28/2026 21:11,100,1029,TRUE,1/28/2026 21:11,R_49gZFFSFBcAXVu0,anonymous,EN,0.8999999761581421,"Yes, I consent",4 = somewhat honest,1 = very insincere,2 = somewhat unethical,4 = somewhat likeable,4 = somewhat approachable,4 = somewhat confident the findings are true,4 = somewhat honest,4 = somewhat sincere,5 = very ethical,4 = somewhat likeable,4 = somewhat approachable,reported researcher (K),reported researcher (K),reported researcher (K),reported researcher (K),neither reported (K) nor reporting researcher (S),reported researcher (K),reported researcher (K),reported researcher (K),reported researcher (K),4 = somewhat honest,4 = somewhat sincere,2 = somewhat unethical,4 = somewhat likeable,5 = very approachable,4 = somewhat confident the findings are true,4 = somewhat honest,4 = somewhat sincere,5 = very ethical,4 = somewhat likeable,4 = somewhat approachable,neither reported (H) nor reporting researcher (F),neither reported (H) nor reporting researcher (F),reported researcher (H),reported researcher (H),neither reported (H) nor reporting researcher (F),reporting researcher (F),reported researcher (H),reporting researcher (F),reported researcher (H),2 = somewhat dishonest,2 = somewhat insincere,2 = somewhat unethical,4 = somewhat likeable,4 = somewhat approachable,2 = somewhat confident the findings are false,4 = somewhat honest,4 = somewhat sincere,3 = neither ethical nor unethical,4 = somewhat likeable,5 = very approachable,reporting researcher (Y),reporting researcher (Y),reported researcher (X),reporting researcher (Y),neither reported (X) nor reporting researcher (Y),reporting researcher (Y),neither reported (X) nor reporting researcher (Y),reporting researcher (Y),reported researcher (X),Somewhat disagree,Male,,High School Diploma or GED,24,India,Hindi,complete
1/28/2026 21:02,1/28/2026 21:11,100,528,TRUE,1/28/2026 21:11,R_45GTammeAS6A67a,anonymous,EN,1,"Yes, I consent",2 = somewhat dishonest,4 = somewhat sincere,1 = very unethical,1 = very unlikeable,1 = very unapproachable,1 = very confident the findings are false,5 = very honest,4 = somewhat sincere,5 = very ethical,5 = very likeable,5 = very approachable,reporting researcher (S),reporting researcher (S),reporting researcher (S),reporting researcher (S),reporting researcher (S),neither reported (K) nor reporting researcher (S),reporting researcher (S),reporting researcher (S),reporting researcher (S),4 = somewhat honest,5 = very sincere,5 = very ethical,3 = neither likeable nor unlikeable,3 = neither approachable nor unapproachable,3 = could go either way,4 = somewhat honest,5 = very sincere,5 = very ethical,5 = very likeable,5 = very approachable,reporting researcher (F),reporting researcher (F),reporting researcher (F),reporting researcher (F),reporting researcher (F),reporting researcher (F),reporting researcher (F),reporting researcher (F),reporting researcher (F),2 = somewhat dishonest,3 = neither sincere nor insincere,1 = very unethical,1 = very unlikeable,1 = very unapproachable,1 = very confident the findings are false,5 = very honest,5 = very sincere,5 = very ethical,5 = very likeable,5 = very approachable,reported researcher (X),reporting researcher (Y),reporting researcher (Y),reporting researcher (Y),reporting researcher (Y),reporting researcher (Y),reporting researcher (Y),reporting researcher (Y),neither reported (X) nor reporting researcher (Y),Somewhat disagree,Male,,Master’s Degree,25,India,Hindi,complete
1/28/2026 20:59,1/28/2026 21:11,100,721,TRUE,1/28/2026 21:11,R_43z5mcKJC971QyZ,anonymous,EN,1,"Yes, I consent",2 = somewhat dishonest,2 = somewhat insincere,2 = somewhat unethical,4 = somewhat likeable,2 = somewhat unapproachable,2 = somewhat confident the findings are false,4 = somewhat honest,4 = somewhat sincere,4 = somewhat ethical,4 = somewhat likeable,4 = somewhat approachable,reporting researcher (S),neither reported (K) nor reporting researcher (S),reporting researcher (S),reporting researcher (S),reporting researcher (S),reported researcher (K),reported researcher (K),reporting researcher (S),reporting researcher (S),2 = somewhat dishonest,2 = somewhat insincere,2 = somewhat unethical,2 = somewhat unlikeable,1 = very unapproachable,2 = somewhat confident the findings are false,4 = somewhat honest,4 = somewhat sincere,4 = somewhat ethical,4 = somewhat likeable,4 = somewhat approachable,reported researcher (H),reporting researcher (F),reporting researcher (F),reported researcher (H),reporting researcher (F),reporting researcher (F),reported researcher (H),reporting researcher (F),reporting researcher (F),1 = very dishonest,1 = very insincere,1 = very unethical,1 = very unlikeable,1 = very unapproachable,1 = very confident the findings are false,4 = somewhat honest,3 = neither sincere nor insincere,5 = very ethical,5 = very likeable,5 = very approachable,reporting researcher (Y),reporting researcher (Y),reported researcher (X),reporting researcher (Y),reporting researcher (Y),reporting researcher (Y),reporting researcher (Y),reporting researcher (Y),reporting researcher (Y),Somewhat disagree,Male,,Bachelor’s Degree,25,India,"English, Hindi, telugu",complete
1/28/2026 20:59,1/28/2026 21:13,100,836,TRUE,1/28/2026 21:13,R_4j7Hbz63qqecvVS,anonymous,EN,1,"Yes, I consent",5 = very honest,5 = very sincere,3 = neither ethical nor unethical,2 = somewhat unlikeable,2 = somewhat unapproachable,2 = somewhat confident the findings are false,2 = somewhat dishonest,3 = neither sincere nor insincere,4 = somewhat ethical,3 = neither likeable nor unlikeable,3 = neither approachable nor unapproachable,reported researcher (K),reported researcher (K),reporting researcher (S),reporting researcher (S),reporting researcher (S),neither reported (K) nor reporting researcher (S),reporting researcher (S),neither reported (K) nor reporting researcher (S),neither reported (K) nor reporting researcher (S),2 = somewhat dishonest,1 = very insincere,4 = somewhat ethical,1 = very unlikeable,4 = somewhat approachable,3 = could go either way,5 = very honest,5 = very sincere,5 = very ethical,4 = somewhat likeable,5 = very approachable,reported researcher (H),neither reported (H) nor reporting researcher (F),reporting researcher (F),neither reported (H) nor reporting researcher (F),reporting researcher (F),reporting researcher (F),reported researcher (H),reported researcher (H),reported researcher (H),5 = very honest,4 = somewhat sincere,5 = very ethical,5 = very likeable,5 = very approachable,5 = very confident the findings are true,5 = very honest,5 = very sincere,4 = somewhat ethical,4 = somewhat likeable,5 = very approachable,reported researcher (X),reported researcher (X),reported researcher (X),reported researcher (X),reported researcher (X),reporting researcher (Y),reporting researcher (Y),reported researcher (X),reported researcher (X),Somewhat disagree,Male,,Bachelor’s Degree,45,India ,Kannada,complete
1/28/2026 21:03,1/28/2026 21:17,100,812,TRUE,1/28/2026 21:17,R_3OoTy5qoKRWCmcn,anonymous,EN,1,"Yes, I consent",1 = very dishonest,1 = very insincere,1 = very unethical,1 = very unlikeable,1 = very unapproachable,1 = very confident the findings are false,5 = very honest,5 = very sincere,5 = very ethical,5 = very likeable,5 = very approachable,reporting researcher (S),reporting researcher (S),reporting researcher (S),reporting researcher (S),reporting researcher (S),reporting researcher (S),reporting researcher (S),reporting researcher (S),reporting researcher (S),1 = very dishonest,1 = very insincere,1 = very unethical,1 = very unlikeable,1 = very unapproachable,2 = somewhat confident the findings are false,5 = very honest,5 = very sincere,5 = very ethical,5 = very likeable,5 = very approachable,reporting researcher (F),reporting researcher (F),reporting researcher (F),reporting researcher (F),reporting researcher (F),reporting researcher (F),reporting researcher (F),reporting researcher (F),reporting researcher (F),4 = somewhat honest,4 = somewhat sincere,4 = somewhat ethical,4 = somewhat likeable,4 = somewhat approachable,4 = somewhat confident the findings are true,5 = very honest,5 = very sincere,5 = very ethical,5 = very likeable,5 = very approachable,reporting researcher (Y),reporting researcher (Y),reporting researcher (Y),reporting researcher (Y),reporting researcher (Y),reporting researcher (Y),reporting researcher (Y),reporting researcher (Y),reporting researcher (Y),Somewhat disagree,Female,,Master’s Degree,45,India ,"Telugu, English ",complete
1/28/2026 21:14,1/28/2026 21:17,100,182,TRUE,1/28/2026 21:17,R_9KlITfQM0w2Ii5T,anonymous,EN,1,"Yes, I consent",3 = neither honest nor dishonest,2 = somewhat insincere,3 = neither ethical nor unethical,2 = somewhat unlikeable,5 = very approachable,2 = somewhat confident the findings are false,5 = very honest,1 = very insincere,3 = neither ethical nor unethical,4 = somewhat likeable,2 = somewhat unapproachable,reporting researcher (S),neither reported (K) nor reporting researcher (S),neither reported (K) nor reporting researcher (S),reported researcher (K),reported researcher (K),reporting researcher (S),reported researcher (K),reporting researcher (S),reported researcher (K),4 = somewhat honest,1 = very insincere,3 = neither ethical nor unethical,3 = neither likeable nor unlikeable,1 = very unapproachable,1 = very confident the findings are false,1 = very dishonest,2 = somewhat insincere,4 = somewhat ethical,1 = very unlikeable,3 = neither approachable nor unapproachable,neither reported (H) nor reporting researcher (F),reported researcher (H),neither reported (H) nor reporting researcher (F),neither reported (H) nor reporting researcher (F),neither reported (H) nor reporting researcher (F),neither reported (H) nor reporting researcher (F),neither reported (H) nor reporting researcher (F),reporting researcher (F),neither reported (H) nor reporting researcher (F),2 = somewhat dishonest,3 = neither sincere nor insincere,4 = somewhat ethical,3 = neither likeable nor unlikeable,2 = somewhat unapproachable,3 = could go either way,1 = very dishonest,4 = somewhat sincere,4 = somewhat ethical,1 = very unlikeable,3 = neither approachable nor unapproachable,reporting researcher (Y),neither reported (X) nor reporting researcher (Y),neither reported (X) nor reporting researcher (Y),neither reported (X) nor reporting researcher (Y),reporting researcher (Y),neither reported (X) nor reporting researcher (Y),neither reported (X) nor reporting researcher (Y),reporting researcher (Y),neither reported (X) nor reporting researcher (Y),strongly disagree,Male,,Some college credit or technical school degree,20,India ,English ,complete
1/28/2026 20:59,1/28/2026 21:18,100,1131,TRUE,1/28/2026 21:18,R_4Q0KTvtOsepu0QL,anonymous,EN,1,"Yes, I consent",2 = somewhat dishonest,2 = somewhat insincere,2 = somewhat unethical,2 = somewhat unlikeable,2 = somewhat unapproachable,2 = somewhat confident the findings are false,5 = very honest,5 = very sincere,5 = very ethical,5 = very likeable,5 = very approachable,reporting researcher (S),reporting researcher (S),reporting researcher (S),reporting researcher (S),reporting researcher (S),reporting researcher (S),reporting researcher (S),reporting researcher (S),reporting researcher (S),1 = very dishonest,1 = very insincere,1 = very unethical,1 = very unlikeable,1 = very unapproachable,1 = very confident the findings are false,5 = very honest,5 = very sincere,5 = very ethical,5 = very likeable,5 = very approachable,reporting researcher (F),reporting researcher (F),reporting researcher (F),reporting researcher (F),reporting researcher (F),reporting researcher (F),reporting researcher (F),reporting researcher (F),reporting researcher (F),4 = somewhat honest,4 = somewhat sincere,4 = somewhat ethical,4 = somewhat likeable,4 = somewhat approachable,4 = somewhat confident the findings are true,5 = very honest,5 = very sincere,5 = very ethical,5 = very likeable,5 = very approachable,reporting researcher (Y),reporting researcher (Y),reporting researcher (Y),reporting researcher (Y),reporting researcher (Y),reporting researcher (Y),reporting researcher (Y),reporting researcher (Y),reporting researcher (Y),Somewhat disagree,Female,,Some college credit or technical school degree,32,India ,"English, Hindi, Marathi ",complete
1/28/2026 21:14,1/28/2026 21:18,100,240,TRUE,1/28/2026 21:18,R_91xyhpbn9jCsQRb,anonymous,EN,1,"Yes, I consent",5 = very honest,5 = very sincere,5 = very ethical,5 = very likeable,5 = very approachable,5 = very confident the findings are true,5 = very honest,4 = somewhat sincere,5 = very ethical,5 = very likeable,5 = very approachable,reporting researcher (S),reporting researcher (S),reporting researcher (S),reporting researcher (S),reporting researcher (S),reporting researcher (S),reporting researcher (S),reporting researcher (S),reporting researcher (S),4 = somewhat honest,4 = somewhat sincere,5 = very ethical,5 = very likeable,5 = very approachable,5 = very confident the findings are true,5 = very honest,5 = very sincere,5 = very ethical,5 = very likeable,5 = very approachable,reporting researcher (F),reporting researcher (F),reporting researcher (F),reporting researcher (F),reported researcher (H),reported researcher (H),reported researcher (H),reported researcher (H),reporting researcher (F),5 = very honest,5 = very sincere,5 = very ethical,5 = very likeable,5 = very approachable,5 = very confident the findings are true,5 = very honest,5 = very sincere,5 = very ethical,5 = very likeable,4 = somewhat approachable,reported researcher (X),reported researcher (X),reporting researcher (Y),reporting researcher (Y),reported researcher (X),reporting researcher (Y),reporting researcher (Y),reporting researcher (Y),reporting researcher (Y),Strongly agree,Male,,Bachelor’s Degree,24,India ,Hindi ,complete
1/28/2026 21:16,1/28/2026 21:20,100,245,TRUE,1/28/2026 21:20,R_4zFKmYErc9uFLGh,anonymous,EN,0.8999999761581421,"Yes, I consent",3 = neither honest nor dishonest,1 = very insincere,2 = somewhat unethical,1 = very unlikeable,1 = very unapproachable,2 = somewhat confident the findings are false,1 = very dishonest,2 = somewhat insincere,2 = somewhat unethical,4 = somewhat likeable,5 = very approachable,reported researcher (K),reporting researcher (S),reported researcher (K),reporting researcher (S),reported researcher (K),reported researcher (K),reporting researcher (S),reported researcher (K),reported researcher (K),2 = somewhat dishonest,4 = somewhat sincere,4 = somewhat ethical,1 = very unlikeable,1 = very unapproachable,4 = somewhat confident the findings are true,1 = very dishonest,2 = somewhat insincere,4 = somewhat ethical,4 = somewhat likeable,2 = somewhat unapproachable,reported researcher (H),reporting researcher (F),reported researcher (H),reporting researcher (F),reported researcher (H),reported researcher (H),reported researcher (H),reporting researcher (F),reporting researcher (F),1 = very dishonest,1 = very insincere,4 = somewhat ethical,2 = somewhat unlikeable,4 = somewhat approachable,3 = could go either way,4 = somewhat honest,4 = somewhat sincere,2 = somewhat unethical,2 = somewhat unlikeable,3 = neither approachable nor unapproachable,neither reported (X) nor reporting researcher (Y),reported researcher (X),reported researcher (X),reporting researcher (Y),reporting researcher (Y),reported researcher (X),reported researcher (X),reporting researcher (Y),reported researcher (X),Somewhat disagree,Male,,Bachelor’s Degree,20,India,English hindi,complete
1/28/2026 20:56,1/28/2026 21:20,100,1480,TRUE,1/28/2026 21:20,R_9fwmJ6M5cpU0rP1,anonymous,EN,1,"Yes, I consent",4 = somewhat honest,4 = somewhat sincere,4 = somewhat ethical,4 = somewhat likeable,3 = neither approachable nor unapproachable,3 = could go either way,4 = somewhat honest,4 = somewhat sincere,3 = neither ethical nor unethical,4 = somewhat likeable,3 = neither approachable nor unapproachable,reporting researcher (S),reporting researcher (S),reporting researcher (S),reporting researcher (S),reporting researcher (S),reporting researcher (S),reporting researcher (S),reporting researcher (S),reporting researcher (S),2 = somewhat dishonest,2 = somewhat insincere,3 = neither ethical nor unethical,2 = somewhat unlikeable,3 = neither approachable nor unapproachable,4 = somewhat confident the findings are true,4 = somewhat honest,4 = somewhat sincere,3 = neither ethical nor unethical,4 = somewhat likeable,3 = neither approachable nor unapproachable,reporting researcher (F),reporting researcher (F),reported researcher (H),reported researcher (H),reporting researcher (F),reporting researcher (F),reported researcher (H),reported researcher (H),reported researcher (H),2 = somewhat dishonest,2 = somewhat insincere,2 = somewhat unethical,3 = neither likeable nor unlikeable,2 = somewhat unapproachable,3 = could go either way,4 = somewhat honest,4 = somewhat sincere,3 = neither ethical nor unethical,3 = neither likeable nor unlikeable,4 = somewhat approachable,reporting researcher (Y),reporting researcher (Y),reported researcher (X),reporting researcher (Y),reporting researcher (Y),reporting researcher (Y),reporting researcher (Y),reporting researcher (Y),reported researcher (X),Somewhat disagree,Male,,Bachelor’s Degree,22,India,"Hindi, English",complete
1/28/2026 21:17,1/28/2026 21:21,100,215,TRUE,1/28/2026 21:21,R_4rSdi9rGLvsOzVk,anonymous,EN,1,"Yes, I consent",4 = somewhat honest,4 = somewhat sincere,4 = somewhat ethical,5 = very likeable,3 = neither approachable nor unapproachable,4 = somewhat confident the findings are true,4 = somewhat honest,3 = neither sincere nor insincere,3 = neither ethical nor unethical,4 = somewhat likeable,4 = somewhat approachable,reporting researcher (S),neither reported (K) nor reporting researcher (S),reported researcher (K),reporting researcher (S),neither reported (K) nor reporting researcher (S),reported researcher (K),reporting researcher (S),reported researcher (K),reporting researcher (S),2 = somewhat dishonest,3 = neither sincere nor insincere,4 = somewhat ethical,3 = neither likeable nor unlikeable,3 = neither approachable nor unapproachable,4 = somewhat confident the findings are true,4 = somewhat honest,3 = neither sincere nor insincere,3 = neither ethical nor unethical,3 = neither likeable nor unlikeable,3 = neither approachable nor unapproachable,neither reported (H) nor reporting researcher (F),reporting researcher (F),reported researcher (H),reporting researcher (F),neither reported (H) nor reporting researcher (F),reported researcher (H),reporting researcher (F),reported researcher (H),reporting researcher (F),2 = somewhat dishonest,2 = somewhat insincere,2 = somewhat unethical,2 = somewhat unlikeable,2 = somewhat unapproachable,2 = somewhat confident the findings are false,4 = somewhat honest,5 = very sincere,4 = somewhat ethical,3 = neither likeable nor unlikeable,3 = neither approachable nor unapproachable,reporting researcher (Y),neither reported (X) nor reporting researcher (Y),reporting researcher (Y),reporting researcher (Y),reporting researcher (Y),neither reported (X) nor reporting researcher (Y),reporting researcher (Y),reporting researcher (Y),neither reported (X) nor reporting researcher (Y),Somewhat disagree,Male,,Master’s Degree,29,India ,English ,complete
1/28/2026 21:12,1/28/2026 21:21,100,519,TRUE,1/28/2026 21:21,R_4qly5zNerLuQnVH,anonymous,EN,0.8999999761581421,"Yes, I consent",5 = very honest,5 = very sincere,5 = very ethical,5 = very likeable,5 = very approachable,5 = very confident the findings are true,5 = very honest,5 = very sincere,5 = very ethical,5 = very likeable,5 = very approachable,reporting researcher (S),reporting researcher (S),reporting researcher (S),reporting researcher (S),reporting researcher (S),reporting researcher (S),reporting researcher (S),reporting researcher (S),reporting researcher (S),5 = very honest,5 = very sincere,5 = very ethical,5 = very likeable,5 = very approachable,5 = very confident the findings are true,5 = very honest,5 = very sincere,5 = very ethical,5 = very likeable,5 = very approachable,reporting researcher (F),reporting researcher (F),reporting researcher (F),reporting researcher (F),reporting researcher (F),reporting researcher (F),reporting researcher (F),reporting researcher (F),reporting researcher (F),5 = very honest,5 = very sincere,5 = very ethical,5 = very likeable,5 = very approachable,5 = very confident the findings are true,5 = very honest,5 = very sincere,5 = very ethical,5 = very likeable,4 = somewhat approachable,reporting researcher (Y),reporting researcher (Y),reporting researcher (Y),reporting researcher (Y),reporting researcher (Y),reporting researcher (Y),reporting researcher (Y),reporting researcher (Y),reporting researcher (Y),Somewhat disagree,Male,,High School Diploma or GED,24,India,English ,complete
1/28/2026 21:18,1/28/2026 21:22,100,249,TRUE,1/28/2026 21:22,R_9tGsxMqj8pUQLcu,anonymous,EN,1,"Yes, I consent",5 = very honest,5 = very sincere,5 = very ethical,4 = somewhat likeable,5 = very approachable,5 = very confident the findings are true,5 = very honest,5 = very sincere,4 = somewhat ethical,5 = very likeable,4 = somewhat approachable,reporting researcher (S),reporting researcher (S),reporting researcher (S),reporting researcher (S),reporting researcher (S),reporting researcher (S),reporting researcher (S),reporting researcher (S),reporting researcher (S),5 = very honest,5 = very sincere,5 = very ethical,5 = very likeable,5 = very approachable,4 = somewhat confident the findings are true,5 = very honest,5 = very sincere,5 = very ethical,5 = very likeable,4 = somewhat approachable,reporting researcher (F),reporting researcher (F),reporting researcher (F),neither reported (H) nor reporting researcher (F),reporting researcher (F),reporting researcher (F),neither reported (H) nor reporting researcher (F),reporting researcher (F),reporting researcher (F),5 = very honest,4 = somewhat sincere,4 = somewhat ethical,5 = very likeable,5 = very approachable,4 = somewhat confident the findings are true,5 = very honest,4 = somewhat sincere,5 = very ethical,4 = somewhat likeable,5 = very approachable,reporting researcher (Y),reporting researcher (Y),reporting researcher (Y),reporting researcher (Y),reporting researcher (Y),reporting researcher (Y),reporting researcher (Y),reporting researcher (Y),reporting researcher (Y),Somewhat disagree,Male,,Master’s Degree,25,INDIA ,Hindi ,complete
1/28/2026 21:16,1/28/2026 21:22,100,396,TRUE,1/28/2026 21:22,R_49BBxoUc3zATkhX,anonymous,EN,1,"Yes, I consent",4 = somewhat honest,4 = somewhat sincere,5 = very ethical,5 = very likeable,5 = very approachable,5 = very confident the findings are true,2 = somewhat dishonest,2 = somewhat insincere,3 = neither ethical nor unethical,3 = neither likeable nor unlikeable,2 = somewhat unapproachable,reporting researcher (S),reporting researcher (S),reporting researcher (S),reporting researcher (S),reporting researcher (S),reporting researcher (S),reporting researcher (S),reporting researcher (S),reporting researcher (S),1 = very dishonest,1 = very insincere,1 = very unethical,2 = somewhat unlikeable,2 = somewhat unapproachable,1 = very confident the findings are false,5 = very honest,5 = very sincere,5 = very ethical,5 = very likeable,5 = very approachable,reporting researcher (F),reporting researcher (F),neither reported (H) nor reporting researcher (F),reporting researcher (F),reporting researcher (F),reporting researcher (F),reported researcher (H),reported researcher (H),reported researcher (H),1 = very dishonest,1 = very insincere,1 = very unethical,2 = somewhat unlikeable,1 = very unapproachable,1 = very confident the findings are false,5 = very honest,5 = very sincere,5 = very ethical,5 = very likeable,5 = very approachable,neither reported (X) nor reporting researcher (Y),reporting researcher (Y),neither reported (X) nor reporting researcher (Y),reporting researcher (Y),reporting researcher (Y),neither reported (X) nor reporting researcher (Y),reporting researcher (Y),reporting researcher (Y),reporting researcher (Y),Somewhat disagree,Female,,Bachelor’s Degree,22,India,"Hindi, English and Bengali ",complete
1/28/2026 21:20,1/28/2026 21:23,100,194,TRUE,1/28/2026 21:23,R_9jYyXt7Blu03HVQ,anonymous,EN,1,"Yes, I consent",5 = very honest,5 = very sincere,5 = very ethical,5 = very likeable,5 = very approachable,5 = very confident the findings are true,5 = very honest,5 = very sincere,5 = very ethical,5 = very likeable,5 = very approachable,reported researcher (K),reporting researcher (S),reporting researcher (S),reporting researcher (S),reporting researcher (S),reporting researcher (S),reporting researcher (S),reporting researcher (S),reporting researcher (S),5 = very honest,5 = very sincere,5 = very ethical,5 = very likeable,5 = very approachable,5 = very confident the findings are true,5 = very honest,5 = very sincere,5 = very ethical,5 = very likeable,5 = very approachable,reporting researcher (F),reporting researcher (F),reporting researcher (F),reporting researcher (F),reporting researcher (F),reported researcher (H),reporting researcher (F),reporting researcher (F),reporting researcher (F),5 = very honest,5 = very sincere,5 = very ethical,5 = very likeable,5 = very approachable,5 = very confident the findings are true,5 = very honest,5 = very sincere,5 = very ethical,5 = very likeable,5 = very approachable,reported researcher (X),reporting researcher (Y),reporting researcher (Y),reporting researcher (Y),reporting researcher (Y),reporting researcher (Y),reporting researcher (Y),reporting researcher (Y),reporting researcher (Y),Somewhat disagree,Male,,Master’s Degree,39,India,English,complete
1/28/2026 21:03,1/28/2026 21:23,100,1218,TRUE,1/28/2026 21:23,R_4HeieQPSjFVIdpW,anonymous,EN,0.8999999761581421,"Yes, I consent",3 = neither honest nor dishonest,3 = neither sincere nor insincere,4 = somewhat ethical,3 = neither likeable nor unlikeable,2 = somewhat unapproachable,2 = somewhat confident the findings are false,4 = somewhat honest,3 = neither sincere nor insincere,3 = neither ethical nor unethical,3 = neither likeable nor unlikeable,3 = neither approachable nor unapproachable,neither reported (K) nor reporting researcher (S),neither reported (K) nor reporting researcher (S),reporting researcher (S),neither reported (K) nor reporting researcher (S),neither reported (K) nor reporting researcher (S),neither reported (K) nor reporting researcher (S),neither reported (K) nor reporting researcher (S),reporting researcher (S),neither reported (K) nor reporting researcher (S),4 = somewhat honest,4 = somewhat sincere,3 = neither ethical nor unethical,3 = neither likeable nor unlikeable,3 = neither approachable nor unapproachable,3 = could go either way,3 = neither honest nor dishonest,4 = somewhat sincere,3 = neither ethical nor unethical,4 = somewhat likeable,4 = somewhat approachable,neither reported (H) nor reporting researcher (F),neither reported (H) nor reporting researcher (F),neither reported (H) nor reporting researcher (F),reporting researcher (F),reporting researcher (F),reporting researcher (F),neither reported (H) nor reporting researcher (F),reported researcher (H),neither reported (H) nor reporting researcher (F),2 = somewhat dishonest,3 = neither sincere nor insincere,4 = somewhat ethical,3 = neither likeable nor unlikeable,3 = neither approachable nor unapproachable,3 = could go either way,3 = neither honest nor dishonest,2 = somewhat insincere,3 = neither ethical nor unethical,2 = somewhat unlikeable,4 = somewhat approachable,neither reported (X) nor reporting researcher (Y),reported researcher (X),neither reported (X) nor reporting researcher (Y),neither reported (X) nor reporting researcher (Y),neither reported (X) nor reporting researcher (Y),neither reported (X) nor reporting researcher (Y),reported researcher (X),neither reported (X) nor reporting researcher (Y),neither reported (X) nor reporting researcher (Y),Somewhat disagree,Female,,Master’s Degree,27,India,English ,complete
1/28/2026 21:19,1/28/2026 21:24,100,279,TRUE,1/28/2026 21:24,R_9Crz63qHJsEGMsz,anonymous,EN,1,"Yes, I consent",2 = somewhat dishonest,4 = somewhat sincere,2 = somewhat unethical,4 = somewhat likeable,4 = somewhat approachable,5 = very confident the findings are true,2 = somewhat dishonest,3 = neither sincere nor insincere,2 = somewhat unethical,2 = somewhat unlikeable,3 = neither approachable nor unapproachable,reporting researcher (S),neither reported (K) nor reporting researcher (S),neither reported (K) nor reporting researcher (S),neither reported (K) nor reporting researcher (S),neither reported (K) nor reporting researcher (S),reporting researcher (S),neither reported (K) nor reporting researcher (S),neither reported (K) nor reporting researcher (S),reporting researcher (S),2 = somewhat dishonest,2 = somewhat insincere,3 = neither ethical nor unethical,4 = somewhat likeable,4 = somewhat approachable,3 = could go either way,3 = neither honest nor dishonest,3 = neither sincere nor insincere,4 = somewhat ethical,2 = somewhat unlikeable,5 = very approachable,neither reported (H) nor reporting researcher (F),neither reported (H) nor reporting researcher (F),reported researcher (H),neither reported (H) nor reporting researcher (F),reporting researcher (F),neither reported (H) nor reporting researcher (F),reported researcher (H),reporting researcher (F),reported researcher (H),3 = neither honest nor dishonest,2 = somewhat insincere,4 = somewhat ethical,3 = neither likeable nor unlikeable,5 = very approachable,2 = somewhat confident the findings are false,4 = somewhat honest,1 = very insincere,2 = somewhat unethical,3 = neither likeable nor unlikeable,4 = somewhat approachable,reporting researcher (Y),neither reported (X) nor reporting researcher (Y),neither reported (X) nor reporting researcher (Y),neither reported (X) nor reporting researcher (Y),reported researcher (X),reporting researcher (Y),neither reported (X) nor reporting researcher (Y),neither reported (X) nor reporting researcher (Y),neither reported (X) nor reporting researcher (Y),Somewhat disagree,Male,,Master’s Degree,25,India ,English Hindi,complete
1/28/2026 21:19,1/28/2026 21:25,100,360,TRUE,1/28/2026 21:25,R_9qpADYYNamrvBHk,anonymous,EN,1,"Yes, I consent",3 = neither honest nor dishonest,4 = somewhat sincere,3 = neither ethical nor unethical,1 = very unlikeable,2 = somewhat unapproachable,2 = somewhat confident the findings are false,2 = somewhat dishonest,2 = somewhat insincere,1 = very unethical,3 = neither likeable nor unlikeable,2 = somewhat unapproachable,neither reported (K) nor reporting researcher (S),reporting researcher (S),neither reported (K) nor reporting researcher (S),neither reported (K) nor reporting researcher (S),reported researcher (K),reported researcher (K),neither reported (K) nor reporting researcher (S),reported researcher (K),reported researcher (K),2 = somewhat dishonest,3 = neither sincere nor insincere,1 = very unethical,3 = neither likeable nor unlikeable,2 = somewhat unapproachable,3 = could go either way,2 = somewhat dishonest,1 = very insincere,1 = very unethical,2 = somewhat unlikeable,3 = neither approachable nor unapproachable,reported researcher (H),neither reported (H) nor reporting researcher (F),reported researcher (H),neither reported (H) nor reporting researcher (F),reported researcher (H),neither reported (H) nor reporting researcher (F),neither reported (H) nor reporting researcher (F),neither reported (H) nor reporting researcher (F),reported researcher (H),2 = somewhat dishonest,2 = somewhat insincere,1 = very unethical,4 = somewhat likeable,2 = somewhat unapproachable,1 = very confident the findings are false,2 = somewhat dishonest,3 = neither sincere nor insincere,1 = very unethical,1 = very unlikeable,1 = very unapproachable,neither reported (X) nor reporting researcher (Y),neither reported (X) nor reporting researcher (Y),reported researcher (X),reported researcher (X),neither reported (X) nor reporting researcher (Y),reported researcher (X),neither reported (X) nor reporting researcher (Y),reported researcher (X),reported researcher (X),Somewhat disagree,Male,,Bachelor’s Degree,25,India,Hindi,complete
1/28/2026 21:16,1/28/2026 21:27,100,656,TRUE,1/28/2026 21:27,R_9uD0w4Qh72Csqf7,anonymous,EN,1,"Yes, I consent",3 = neither honest nor dishonest,2 = somewhat insincere,2 = somewhat unethical,2 = somewhat unlikeable,3 = neither approachable nor unapproachable,2 = somewhat confident the findings are false,4 = somewhat honest,4 = somewhat sincere,4 = somewhat ethical,4 = somewhat likeable,4 = somewhat approachable,reported researcher (K),reporting researcher (S),reported researcher (K),reporting researcher (S),reporting researcher (S),reporting researcher (S),reporting researcher (S),reporting researcher (S),reporting researcher (S),1 = very dishonest,1 = very insincere,1 = very unethical,2 = somewhat unlikeable,3 = neither approachable nor unapproachable,2 = somewhat confident the findings are false,4 = somewhat honest,4 = somewhat sincere,3 = neither ethical nor unethical,4 = somewhat likeable,5 = very approachable,reported researcher (H),reporting researcher (F),reported researcher (H),reporting researcher (F),neither reported (H) nor reporting researcher (F),reporting researcher (F),reporting researcher (F),reporting researcher (F),reporting researcher (F),2 = somewhat dishonest,2 = somewhat insincere,3 = neither ethical nor unethical,1 = very unlikeable,4 = somewhat approachable,3 = could go either way,5 = very honest,4 = somewhat sincere,3 = neither ethical nor unethical,3 = neither likeable nor unlikeable,5 = very approachable,neither reported (X) nor reporting researcher (Y),neither reported (X) nor reporting researcher (Y),reported researcher (X),reporting researcher (Y),neither reported (X) nor reporting researcher (Y),reporting researcher (Y),reporting researcher (Y),reporting researcher (Y),reporting researcher (Y),Somewhat disagree,Female,,Master’s Degree,25,India,"Telugu, english, kannada, tamil, hindi",complete
1/28/2026 21:18,1/28/2026 21:29,100,675,TRUE,1/28/2026 21:29,R_4ByWuP1rq0DhWxz,anonymous,EN,1,"Yes, I consent",5 = very honest,4 = somewhat sincere,4 = somewhat ethical,4 = somewhat likeable,5 = very approachable,5 = very confident the findings are true,5 = very honest,5 = very sincere,5 = very ethical,5 = very likeable,5 = very approachable,reporting researcher (S),reporting researcher (S),reported researcher (K),reporting researcher (S),reporting researcher (S),reported researcher (K),reported researcher (K),reported researcher (K),reported researcher (K),5 = very honest,5 = very sincere,4 = somewhat ethical,5 = very likeable,5 = very approachable,5 = very confident the findings are true,5 = very honest,5 = very sincere,5 = very ethical,5 = very likeable,5 = very approachable,reporting researcher (F),reporting researcher (F),reported researcher (H),reported researcher (H),reported researcher (H),reported researcher (H),reported researcher (H),reported researcher (H),reported researcher (H),4 = somewhat honest,5 = very sincere,4 = somewhat ethical,4 = somewhat likeable,4 = somewhat approachable,5 = very confident the findings are true,4 = somewhat honest,4 = somewhat sincere,4 = somewhat ethical,4 = somewhat likeable,4 = somewhat approachable,reporting researcher (Y),reported researcher (X),reporting researcher (Y),reporting researcher (Y),reporting researcher (Y),reported researcher (X),reporting researcher (Y),reported researcher (X),reported researcher (X),Somewhat disagree,Male,,Bachelor’s Degree,23,Indian,Hindi and English ,complete
1/28/2026 21:17,1/28/2026 21:31,100,801,TRUE,1/28/2026 21:31,R_9g5XEZB3Xq4ZPHW,anonymous,EN,1,"Yes, I consent",2 = somewhat dishonest,2 = somewhat insincere,3 = neither ethical nor unethical,4 = somewhat likeable,3 = neither approachable nor unapproachable,3 = could go either way,2 = somewhat dishonest,2 = somewhat insincere,2 = somewhat unethical,4 = somewhat likeable,3 = neither approachable nor unapproachable,reported researcher (K),reported researcher (K),reporting researcher (S),reporting researcher (S),reporting researcher (S),reporting researcher (S),reporting researcher (S),reporting researcher (S),reporting researcher (S),4 = somewhat honest,4 = somewhat sincere,4 = somewhat ethical,4 = somewhat likeable,4 = somewhat approachable,4 = somewhat confident the findings are true,1 = very dishonest,1 = very insincere,1 = very unethical,1 = very unlikeable,1 = very unapproachable,reported researcher (H),reported researcher (H),reported researcher (H),reported researcher (H),reported researcher (H),reported researcher (H),reported researcher (H),reported researcher (H),reported researcher (H),1 = very dishonest,1 = very insincere,2 = somewhat unethical,2 = somewhat unlikeable,3 = neither approachable nor unapproachable,1 = very confident the findings are false,3 = neither honest nor dishonest,3 = neither sincere nor insincere,4 = somewhat ethical,3 = neither likeable nor unlikeable,4 = somewhat approachable,reporting researcher (Y),reporting researcher (Y),neither reported (X) nor reporting researcher (Y),reporting researcher (Y),reporting researcher (Y),neither reported (X) nor reporting researcher (Y),reported researcher (X),reporting researcher (Y),reporting researcher (Y),Somewhat disagree,Male,,Some High School,20,India,Hindi english bhojpuri bengali,complete
1/28/2026 21:09,1/28/2026 21:31,100,1306,TRUE,1/28/2026 21:31,R_9rAg7ppe6SdRO4N,anonymous,EN,1,"Yes, I consent",5 = very honest,4 = somewhat sincere,4 = somewhat ethical,4 = somewhat likeable,3 = neither approachable nor unapproachable,3 = could go either way,5 = very honest,5 = very sincere,5 = very ethical,5 = very likeable,5 = very approachable,reporting researcher (S),reporting researcher (S),reporting researcher (S),reported researcher (K),reporting researcher (S),reporting researcher (S),reported researcher (K),reporting researcher (S),reporting researcher (S),2 = somewhat dishonest,2 = somewhat insincere,2 = somewhat unethical,2 = somewhat unlikeable,2 = somewhat unapproachable,2 = somewhat confident the findings are false,4 = somewhat honest,4 = somewhat sincere,4 = somewhat ethical,4 = somewhat likeable,4 = somewhat approachable,reporting researcher (F),reporting researcher (F),neither reported (H) nor reporting researcher (F),neither reported (H) nor reporting researcher (F),neither reported (H) nor reporting researcher (F),reporting researcher (F),reported researcher (H),reporting researcher (F),reporting researcher (F),2 = somewhat dishonest,2 = somewhat insincere,2 = somewhat unethical,2 = somewhat unlikeable,2 = somewhat unapproachable,2 = somewhat confident the findings are false,4 = somewhat honest,4 = somewhat sincere,4 = somewhat ethical,4 = somewhat likeable,4 = somewhat approachable,reporting researcher (Y),reporting researcher (Y),reporting researcher (Y),reported researcher (X),reporting researcher (Y),reporting researcher (Y),reported researcher (X),reporting researcher (Y),reporting researcher (Y),Somewhat disagree,Male,,Master’s Degree,37,India,Marathi Hindi English ,complete
1/28/2026 21:24,1/28/2026 21:31,100,447,TRUE,1/28/2026 21:31,R_9CjGjfHJ2FhR9x3,anonymous,EN,0.699999988,"Yes, I consent",2 = somewhat dishonest,2 = somewhat insincere,2 = somewhat unethical,2 = somewhat unlikeable,2 = somewhat unapproachable,2 = somewhat confident the findings are false,4 = somewhat honest,4 = somewhat sincere,4 = somewhat ethical,4 = somewhat likeable,4 = somewhat approachable,reporting researcher (S),neither reported (K) nor reporting researcher (S),reporting researcher (S),reporting researcher (S),reporting researcher (S),reporting researcher (S),reporting researcher (S),reporting researcher (S),reporting researcher (S),2 = somewhat dishonest,2 = somewhat insincere,2 = somewhat unethical,2 = somewhat unlikeable,2 = somewhat unapproachable,2 = somewhat confident the findings are false,4 = somewhat honest,4 = somewhat sincere,4 = somewhat ethical,4 = somewhat likeable,4 = somewhat approachable,reporting researcher (F),reporting researcher (F),reporting researcher (F),reporting researcher (F),reporting researcher (F),reporting researcher (F),reporting researcher (F),reported researcher (H),reported researcher (H),1 = very dishonest,1 = very insincere,1 = very unethical,1 = very unlikeable,1 = very unapproachable,1 = very confident the findings are false,3 = neither honest nor dishonest,3 = neither sincere nor insincere,4 = somewhat ethical,4 = somewhat likeable,4 = somewhat approachable,reported researcher (X),reporting researcher (Y),reported researcher (X),reporting researcher (Y),reporting researcher (Y),reporting researcher (Y),reported researcher (X),reporting researcher (Y),reported researcher (X),Somewhat disagree,Male,,Bachelor’s Degree,25,India,"English, Telugu, Hindi",complete
1/28/2026 21:28,1/28/2026 21:31,100,213,TRUE,1/28/2026 21:31,R_9Npb2um1IlFwiZj,anonymous,EN,1,"Yes, I consent",5 = very honest,5 = very sincere,4 = somewhat ethical,5 = very likeable,5 = very approachable,5 = very confident the findings are true,5 = very honest,5 = very sincere,4 = somewhat ethical,5 = very likeable,5 = very approachable,reporting researcher (S),reporting researcher (S),reporting researcher (S),reporting researcher (S),reporting researcher (S),reporting researcher (S),reported researcher (K),reported researcher (K),reported researcher (K),5 = very honest,5 = very sincere,5 = very ethical,4 = somewhat likeable,4 = somewhat approachable,5 = very confident the findings are true,5 = very honest,5 = very sincere,5 = very ethical,4 = somewhat likeable,4 = somewhat approachable,reporting researcher (F),reported researcher (H),reporting researcher (F),reporting researcher (F),reporting researcher (F),reporting researcher (F),reporting researcher (F),reporting researcher (F),reporting researcher (F),5 = very honest,5 = very sincere,4 = somewhat ethical,5 = very likeable,4 = somewhat approachable,5 = very confident the findings are true,5 = very honest,5 = very sincere,4 = somewhat ethical,5 = very likeable,5 = very approachable,reporting researcher (Y),reporting researcher (Y),reported researcher (X),reporting researcher (Y),reporting researcher (Y),reported researcher (X),reporting researcher (Y),reporting researcher (Y),reporting researcher (Y),Somewhat disagree,Female,,Bachelor’s Degree,25,Indian ,Hindi ,complete
1/28/2026 21:27,1/28/2026 21:32,100,302,TRUE,1/28/2026 21:32,R_9NvjTHXkTevwEx3,anonymous,EN,0.699999988,"Yes, I consent",5 = very honest,5 = very sincere,5 = very ethical,5 = very likeable,5 = very approachable,5 = very confident the findings are true,3 = neither honest nor dishonest,4 = somewhat sincere,2 = somewhat unethical,3 = neither likeable nor unlikeable,3 = neither approachable nor unapproachable,reported researcher (K),reported researcher (K),reported researcher (K),reported researcher (K),reported researcher (K),reported researcher (K),reported researcher (K),reported researcher (K),reported researcher (K),3 = neither honest nor dishonest,4 = somewhat sincere,3 = neither ethical nor unethical,4 = somewhat likeable,4 = somewhat approachable,3 = could go either way,2 = somewhat dishonest,2 = somewhat insincere,3 = neither ethical nor unethical,3 = neither likeable nor unlikeable,2 = somewhat unapproachable,reported researcher (H),neither reported (H) nor reporting researcher (F),reported researcher (H),reported researcher (H),reported researcher (H),reported researcher (H),reported researcher (H),neither reported (H) nor reporting researcher (F),reported researcher (H),1 = very dishonest,1 = very insincere,1 = very unethical,1 = very unlikeable,1 = very unapproachable,3 = could go either way,4 = somewhat honest,4 = somewhat sincere,4 = somewhat ethical,5 = very likeable,5 = very approachable,reporting researcher (Y),reporting researcher (Y),reporting researcher (Y),reporting researcher (Y),reporting researcher (Y),reporting researcher (Y),reporting researcher (Y),reporting researcher (Y),reporting researcher (Y),Somewhat disagree,Male,,Master’s Degree,27,India,"English, Bengali, Hindi",complete
1/28/2026 21:25,1/28/2026 21:33,100,490,TRUE,1/28/2026 21:33,R_4hKJCXAeGCxq12e,anonymous,EN,1,"Yes, I consent",2 = somewhat dishonest,2 = somewhat insincere,2 = somewhat unethical,2 = somewhat unlikeable,1 = very unapproachable,3 = could go either way,4 = somewhat honest,4 = somewhat sincere,3 = neither ethical nor unethical,4 = somewhat likeable,4 = somewhat approachable,reporting researcher (S),reporting researcher (S),reporting researcher (S),reporting researcher (S),reporting researcher (S),reporting researcher (S),reporting researcher (S),reporting researcher (S),reporting researcher (S),2 = somewhat dishonest,2 = somewhat insincere,2 = somewhat unethical,1 = very unlikeable,2 = somewhat unapproachable,2 = somewhat confident the findings are false,4 = somewhat honest,4 = somewhat sincere,3 = neither ethical nor unethical,4 = somewhat likeable,4 = somewhat approachable,reporting researcher (F),reporting researcher (F),reporting researcher (F),reporting researcher (F),reporting researcher (F),reporting researcher (F),reporting researcher (F),reporting researcher (F),reporting researcher (F),4 = somewhat honest,4 = somewhat sincere,4 = somewhat ethical,5 = very likeable,5 = very approachable,4 = somewhat confident the findings are true,1 = very dishonest,1 = very insincere,1 = very unethical,1 = very unlikeable,1 = very unapproachable,reported researcher (X),reported researcher (X),reported researcher (X),reported researcher (X),reported researcher (X),reported researcher (X),reported researcher (X),reported researcher (X),reported researcher (X),Somewhat disagree,Male,,Bachelor’s Degree,42,Indian ,English ,complete
1/28/2026 21:21,1/28/2026 21:33,100,732,TRUE,1/28/2026 21:33,R_4oL220ASzrou9YI,anonymous,EN,1,"Yes, I consent",4 = somewhat honest,4 = somewhat sincere,5 = very ethical,4 = somewhat likeable,4 = somewhat approachable,4 = somewhat confident the findings are true,3 = neither honest nor dishonest,2 = somewhat insincere,3 = neither ethical nor unethical,2 = somewhat unlikeable,3 = neither approachable nor unapproachable,reported researcher (K),reported researcher (K),reported researcher (K),reported researcher (K),reported researcher (K),reported researcher (K),reported researcher (K),reported researcher (K),reported researcher (K),4 = somewhat honest,4 = somewhat sincere,5 = very ethical,5 = very likeable,4 = somewhat approachable,4 = somewhat confident the findings are true,2 = somewhat dishonest,2 = somewhat insincere,3 = neither ethical nor unethical,3 = neither likeable nor unlikeable,4 = somewhat approachable,reported researcher (H),reported researcher (H),reported researcher (H),reported researcher (H),reported researcher (H),reported researcher (H),reported researcher (H),reported researcher (H),reported researcher (H),5 = very honest,5 = very sincere,5 = very ethical,4 = somewhat likeable,4 = somewhat approachable,5 = very confident the findings are true,3 = neither honest nor dishonest,3 = neither sincere nor insincere,4 = somewhat ethical,4 = somewhat likeable,5 = very approachable,reported researcher (X),reported researcher (X),reported researcher (X),reported researcher (X),reported researcher (X),reported researcher (X),reported researcher (X),reported researcher (X),reported researcher (X),Somewhat disagree,Male,,Master’s Degree,23,Indian,English ,complete
1/28/2026 21:31,1/28/2026 21:34,100,157,TRUE,1/28/2026 21:34,R_4aIwlM8sAtW4UZx,anonymous,EN,0.699999988,"Yes, I consent",3 = neither honest nor dishonest,3 = neither sincere nor insincere,3 = neither ethical nor unethical,3 = neither likeable nor unlikeable,3 = neither approachable nor unapproachable,3 = could go either way,3 = neither honest nor dishonest,3 = neither sincere nor insincere,3 = neither ethical nor unethical,3 = neither likeable nor unlikeable,3 = neither approachable nor unapproachable,neither reported (K) nor reporting researcher (S),neither reported (K) nor reporting researcher (S),neither reported (K) nor reporting researcher (S),neither reported (K) nor reporting researcher (S),neither reported (K) nor reporting researcher (S),neither reported (K) nor reporting researcher (S),neither reported (K) nor reporting researcher (S),neither reported (K) nor reporting researcher (S),neither reported (K) nor reporting researcher (S),3 = neither honest nor dishonest,3 = neither sincere nor insincere,3 = neither ethical nor unethical,3 = neither likeable nor unlikeable,3 = neither approachable nor unapproachable,3 = could go either way,3 = neither honest nor dishonest,3 = neither sincere nor insincere,3 = neither ethical nor unethical,3 = neither likeable nor unlikeable,3 = neither approachable nor unapproachable,neither reported (H) nor reporting researcher (F),neither reported (H) nor reporting researcher (F),neither reported (H) nor reporting researcher (F),neither reported (H) nor reporting researcher (F),neither reported (H) nor reporting researcher (F),neither reported (H) nor reporting researcher (F),neither reported (H) nor reporting researcher (F),neither reported (H) nor reporting researcher (F),neither reported (H) nor reporting researcher (F),3 = neither honest nor dishonest,3 = neither sincere nor insincere,3 = neither ethical nor unethical,3 = neither likeable nor unlikeable,3 = neither approachable nor unapproachable,3 = could go either way,3 = neither honest nor dishonest,3 = neither sincere nor insincere,3 = neither ethical nor unethical,3 = neither likeable nor unlikeable,3 = neither approachable nor unapproachable,neither reported (X) nor reporting researcher (Y),neither reported (X) nor reporting researcher (Y),neither reported (X) nor reporting researcher (Y),neither reported (X) nor reporting researcher (Y),neither reported (X) nor reporting researcher (Y),neither reported (X) nor reporting researcher (Y),neither reported (X) nor reporting researcher (Y),neither reported (X) nor reporting researcher (Y),neither reported (X) nor reporting researcher (Y),Neither agree nor disagree,Non-binary / gender nonconforming,,Bachelor’s Degree,25,India,English ,complete
1/28/2026 21:18,1/28/2026 21:34,100,970,TRUE,1/28/2026 21:34,R_45Hy82agPqhQQQV,anonymous,EN,1,"Yes, I consent",2 = somewhat dishonest,1 = very insincere,2 = somewhat unethical,1 = very unlikeable,1 = very unapproachable,2 = somewhat confident the findings are false,4 = somewhat honest,5 = very sincere,5 = very ethical,4 = somewhat likeable,5 = very approachable,reporting researcher (S),reporting researcher (S),reporting researcher (S),reporting researcher (S),reporting researcher (S),reporting researcher (S),reporting researcher (S),reporting researcher (S),reporting researcher (S),1 = very dishonest,1 = very insincere,2 = somewhat unethical,2 = somewhat unlikeable,2 = somewhat unapproachable,2 = somewhat confident the findings are false,4 = somewhat honest,4 = somewhat sincere,5 = very ethical,5 = very likeable,5 = very approachable,reporting researcher (F),reporting researcher (F),reporting researcher (F),reporting researcher (F),reporting researcher (F),reporting researcher (F),reporting researcher (F),reporting researcher (F),reporting researcher (F),1 = very dishonest,1 = very insincere,1 = very unethical,2 = somewhat unlikeable,2 = somewhat unapproachable,2 = somewhat confident the findings are false,4 = somewhat honest,5 = very sincere,5 = very ethical,4 = somewhat likeable,5 = very approachable,reporting researcher (Y),reporting researcher (Y),reporting researcher (Y),reporting researcher (Y),reporting researcher (Y),reporting researcher (Y),reporting researcher (Y),reporting researcher (Y),reporting researcher (Y),Somewhat disagree,Male,,Bachelor’s Degree,26,India,"English, Hindi, Bengali",complete
1/28/2026 21:23,1/28/2026 21:34,100,652,TRUE,1/28/2026 21:34,R_9R4F5Q5CvNQa3cd,anonymous,EN,1,"Yes, I consent",3 = neither honest nor dishonest,3 = neither sincere nor insincere,3 = neither ethical nor unethical,3 = neither likeable nor unlikeable,4 = somewhat approachable,3 = could go either way,5 = very honest,4 = somewhat sincere,3 = neither ethical nor unethical,4 = somewhat likeable,4 = somewhat approachable,neither reported (K) nor reporting researcher (S),reported researcher (K),neither reported (K) nor reporting researcher (S),neither reported (K) nor reporting researcher (S),neither reported (K) nor reporting researcher (S),neither reported (K) nor reporting researcher (S),reported researcher (K),reported researcher (K),neither reported (K) nor reporting researcher (S),1 = very dishonest,1 = very insincere,1 = very unethical,1 = very unlikeable,2 = somewhat unapproachable,1 = very confident the findings are false,3 = neither honest nor dishonest,3 = neither sincere nor insincere,4 = somewhat ethical,4 = somewhat likeable,4 = somewhat approachable,reported researcher (H),neither reported (H) nor reporting researcher (F),reported researcher (H),neither reported (H) nor reporting researcher (F),neither reported (H) nor reporting researcher (F),neither reported (H) nor reporting researcher (F),reported researcher (H),reported researcher (H),neither reported (H) nor reporting researcher (F),1 = very dishonest,1 = very insincere,1 = very unethical,1 = very unlikeable,3 = neither approachable nor unapproachable,1 = very confident the findings are false,5 = very honest,5 = very sincere,5 = very ethical,5 = very likeable,5 = very approachable,neither reported (X) nor reporting researcher (Y),reporting researcher (Y),neither reported (X) nor reporting researcher (Y),reporting researcher (Y),neither reported (X) nor reporting researcher (Y),neither reported (X) nor reporting researcher (Y),neither reported (X) nor reporting researcher (Y),reporting researcher (Y),reporting researcher (Y),Neither agree nor disagree,Female,,Bachelor’s Degree,71,India,English,complete
1/28/2026 21:29,1/28/2026 21:35,100,364,TRUE,1/28/2026 21:35,R_4hzMslGVLV8ubU9,anonymous,EN,1,"Yes, I consent",2 = somewhat dishonest,2 = somewhat insincere,1 = very unethical,1 = very unlikeable,2 = somewhat unapproachable,2 = somewhat confident the findings are false,4 = somewhat honest,5 = very sincere,4 = somewhat ethical,5 = very likeable,5 = very approachable,reported researcher (K),reporting researcher (S),reported researcher (K),neither reported (K) nor reporting researcher (S),reporting researcher (S),reporting researcher (S),reporting researcher (S),reporting researcher (S),reporting researcher (S),1 = very dishonest,2 = somewhat insincere,1 = very unethical,2 = somewhat unlikeable,2 = somewhat unapproachable,2 = somewhat confident the findings are false,4 = somewhat honest,5 = very sincere,4 = somewhat ethical,4 = somewhat likeable,5 = very approachable,reported researcher (H),reporting researcher (F),reported researcher (H),reporting researcher (F),reporting researcher (F),neither reported (H) nor reporting researcher (F),reporting researcher (F),reporting researcher (F),reporting researcher (F),2 = somewhat dishonest,2 = somewhat insincere,1 = very unethical,2 = somewhat unlikeable,1 = very unapproachable,2 = somewhat confident the findings are false,4 = somewhat honest,5 = very sincere,4 = somewhat ethical,5 = very likeable,4 = somewhat approachable,reported researcher (X),reporting researcher (Y),reported researcher (X),reporting researcher (Y),neither reported (X) nor reporting researcher (Y),reporting researcher (Y),reporting researcher (Y),reporting researcher (Y),reporting researcher (Y),Somewhat disagree,Male,,Master’s Degree,47,India,"Kannada, hindi, urdu, English",complete
1/28/2026 21:30,1/28/2026 21:35,100,289,TRUE,1/28/2026 21:35,R_90iZ5tPwpumpfO5,anonymous,EN,1,"Yes, I consent",5 = very honest,5 = very sincere,5 = very ethical,5 = very likeable,4 = somewhat approachable,5 = very confident the findings are true,5 = very honest,5 = very sincere,4 = somewhat ethical,5 = very likeable,5 = very approachable,reporting researcher (S),reported researcher (K),reporting researcher (S),reporting researcher (S),reporting researcher (S),reported researcher (K),reporting researcher (S),reported researcher (K),reporting researcher (S),4 = somewhat honest,5 = very sincere,5 = very ethical,5 = very likeable,5 = very approachable,4 = somewhat confident the findings are true,3 = neither honest nor dishonest,2 = somewhat insincere,4 = somewhat ethical,2 = somewhat unlikeable,3 = neither approachable nor unapproachable,neither reported (H) nor reporting researcher (F),reporting researcher (F),reporting researcher (F),neither reported (H) nor reporting researcher (F),neither reported (H) nor reporting researcher (F),reporting researcher (F),reporting researcher (F),reporting researcher (F),reporting researcher (F),5 = very honest,5 = very sincere,4 = somewhat ethical,4 = somewhat likeable,5 = very approachable,4 = somewhat confident the findings are true,4 = somewhat honest,5 = very sincere,5 = very ethical,4 = somewhat likeable,5 = very approachable,reporting researcher (Y),reporting researcher (Y),reporting researcher (Y),neither reported (X) nor reporting researcher (Y),reporting researcher (Y),reporting researcher (Y),reporting researcher (Y),reporting researcher (Y),reporting researcher (Y),Somewhat disagree,Male,,Master’s Degree,25,India ,Hindi English ,complete
1/28/2026 21:26,1/28/2026 21:35,100,541,TRUE,1/28/2026 21:35,R_9ZzHZoOmlEl4K5P,anonymous,EN,0.8999999761581421,"Yes, I consent",5 = very honest,5 = very sincere,5 = very ethical,5 = very likeable,5 = very approachable,5 = very confident the findings are true,5 = very honest,5 = very sincere,5 = very ethical,5 = very likeable,5 = very approachable,reporting researcher (S),reporting researcher (S),reporting researcher (S),reporting researcher (S),reporting researcher (S),reporting researcher (S),reporting researcher (S),reporting researcher (S),reporting researcher (S),5 = very honest,5 = very sincere,5 = very ethical,5 = very likeable,5 = very approachable,5 = very confident the findings are true,5 = very honest,5 = very sincere,5 = very ethical,5 = very likeable,1 = very unapproachable,reporting researcher (F),reporting researcher (F),reporting researcher (F),reporting researcher (F),reporting researcher (F),reporting researcher (F),reporting researcher (F),reporting researcher (F),reporting researcher (F),5 = very honest,5 = very sincere,5 = very ethical,5 = very likeable,5 = very approachable,5 = very confident the findings are true,5 = very honest,5 = very sincere,5 = very ethical,5 = very likeable,5 = very approachable,reporting researcher (Y),reporting researcher (Y),reporting researcher (Y),reporting researcher (Y),reporting researcher (Y),reporting researcher (Y),reporting researcher (Y),reporting researcher (Y),reporting researcher (Y),Somewhat disagree,Male,,High School Diploma or GED,24,भारत ,अंग्रेजी ,complete
1/28/2026 21:16,1/28/2026 21:37,100,1273,TRUE,1/28/2026 21:37,R_9vtcirh19Tz817b,anonymous,EN,1,"Yes, I consent",1 = very dishonest,1 = very insincere,1 = very unethical,1 = very unlikeable,1 = very unapproachable,1 = very confident the findings are false,5 = very honest,5 = very sincere,5 = very ethical,5 = very likeable,5 = very approachable,reporting researcher (S),reporting researcher (S),reporting researcher (S),reporting researcher (S),reporting researcher (S),reporting researcher (S),reporting researcher (S),reporting researcher (S),reporting researcher (S),1 = very dishonest,1 = very insincere,1 = very unethical,1 = very unlikeable,1 = very unapproachable,1 = very confident the findings are false,5 = very honest,5 = very sincere,5 = very ethical,5 = very likeable,5 = very approachable,reporting researcher (F),reporting researcher (F),reporting researcher (F),reporting researcher (F),reporting researcher (F),reporting researcher (F),reporting researcher (F),reporting researcher (F),reporting researcher (F),5 = very honest,5 = very sincere,5 = very ethical,5 = very likeable,5 = very approachable,5 = very confident the findings are true,5 = very honest,5 = very sincere,5 = very ethical,5 = very likeable,5 = very approachable,reporting researcher (Y),reporting researcher (Y),reporting researcher (Y),reporting researcher (Y),reporting researcher (Y),reporting researcher (Y),reporting researcher (Y),reporting researcher (Y),reporting researcher (Y),Somewhat disagree,Male,,Bachelor’s Degree,31,India ,English ,complete
1/28/2026 21:32,1/28/2026 21:40,100,476,TRUE,1/28/2026 21:40,R_9tn8KIQuaYiTIMx,anonymous,EN,0.699999988,"Yes, I consent",3 = neither honest nor dishonest,2 = somewhat insincere,4 = somewhat ethical,2 = somewhat unlikeable,3 = neither approachable nor unapproachable,2 = somewhat confident the findings are false,3 = neither honest nor dishonest,4 = somewhat sincere,2 = somewhat unethical,4 = somewhat likeable,4 = somewhat approachable,reporting researcher (S),reporting researcher (S),neither reported (K) nor reporting researcher (S),reporting researcher (S),reporting researcher (S),neither reported (K) nor reporting researcher (S),reported researcher (K),reporting researcher (S),reporting researcher (S),3 = neither honest nor dishonest,4 = somewhat sincere,2 = somewhat unethical,3 = neither likeable nor unlikeable,2 = somewhat unapproachable,3 = could go either way,4 = somewhat honest,2 = somewhat insincere,1 = very unethical,1 = very unlikeable,1 = very unapproachable,neither reported (H) nor reporting researcher (F),neither reported (H) nor reporting researcher (F),neither reported (H) nor reporting researcher (F),neither reported (H) nor reporting researcher (F),neither reported (H) nor reporting researcher (F),reported researcher (H),reported researcher (H),reported researcher (H),reported researcher (H),2 = somewhat dishonest,2 = somewhat insincere,4 = somewhat ethical,3 = neither likeable nor unlikeable,4 = somewhat approachable,3 = could go either way,4 = somewhat honest,4 = somewhat sincere,4 = somewhat ethical,5 = very likeable,5 = very approachable,neither reported (X) nor reporting researcher (Y),reporting researcher (Y),reported researcher (X),reporting researcher (Y),reporting researcher (Y),reporting researcher (Y),reported researcher (X),reporting researcher (Y),reporting researcher (Y),Somewhat disagree,Male,,Master’s Degree,28,India,"Urdu, english, kashmiri, pahari",complete
1/28/2026 21:21,1/28/2026 21:40,100,1137,TRUE,1/28/2026 21:40,R_47vBNLVkVkVbtaO,anonymous,EN,1,"Yes, I consent",2 = somewhat dishonest,2 = somewhat insincere,2 = somewhat unethical,3 = neither likeable nor unlikeable,3 = neither approachable nor unapproachable,3 = could go either way,3 = neither honest nor dishonest,4 = somewhat sincere,2 = somewhat unethical,3 = neither likeable nor unlikeable,3 = neither approachable nor unapproachable,neither reported (K) nor reporting researcher (S),reporting researcher (S),reporting researcher (S),reporting researcher (S),reporting researcher (S),reporting researcher (S),neither reported (K) nor reporting researcher (S),reporting researcher (S),reporting researcher (S),2 = somewhat dishonest,4 = somewhat sincere,3 = neither ethical nor unethical,3 = neither likeable nor unlikeable,4 = somewhat approachable,2 = somewhat confident the findings are false,4 = somewhat honest,4 = somewhat sincere,3 = neither ethical nor unethical,3 = neither likeable nor unlikeable,4 = somewhat approachable,reporting researcher (F),reporting researcher (F),reported researcher (H),reporting researcher (F),reporting researcher (F),reporting researcher (F),reported researcher (H),reporting researcher (F),reporting researcher (F),1 = very dishonest,3 = neither sincere nor insincere,3 = neither ethical nor unethical,2 = somewhat unlikeable,3 = neither approachable nor unapproachable,3 = could go either way,4 = somewhat honest,4 = somewhat sincere,3 = neither ethical nor unethical,3 = neither likeable nor unlikeable,4 = somewhat approachable,neither reported (X) nor reporting researcher (Y),reporting researcher (Y),neither reported (X) nor reporting researcher (Y),reporting researcher (Y),neither reported (X) nor reporting researcher (Y),reported researcher (X),neither reported (X) nor reporting researcher (Y),reporting researcher (Y),neither reported (X) nor reporting researcher (Y),Somewhat disagree,Female,,Master’s Degree,29,India,"Hindi , English ",complete
1/28/2026 21:33,1/28/2026 21:41,100,464,TRUE,1/28/2026 21:41,R_9gArH7Qqt0rkUjv,anonymous,EN,1,"Yes, I consent",5 = very honest,4 = somewhat sincere,4 = somewhat ethical,4 = somewhat likeable,4 = somewhat approachable,4 = somewhat confident the findings are true,5 = very honest,5 = very sincere,5 = very ethical,5 = very likeable,5 = very approachable,reporting researcher (S),reporting researcher (S),reporting researcher (S),reporting researcher (S),reporting researcher (S),reporting researcher (S),reporting researcher (S),reporting researcher (S),reporting researcher (S),1 = very dishonest,1 = very insincere,1 = very unethical,1 = very unlikeable,1 = very unapproachable,1 = very confident the findings are false,5 = very honest,5 = very sincere,5 = very ethical,5 = very likeable,5 = very approachable,reporting researcher (F),reporting researcher (F),reporting researcher (F),reporting researcher (F),reporting researcher (F),reporting researcher (F),reporting researcher (F),reporting researcher (F),reporting researcher (F),1 = very dishonest,1 = very insincere,1 = very unethical,1 = very unlikeable,1 = very unapproachable,1 = very confident the findings are false,5 = very honest,5 = very sincere,5 = very ethical,5 = very likeable,5 = very approachable,reporting researcher (Y),reporting researcher (Y),reporting researcher (Y),reporting researcher (Y),reporting researcher (Y),reporting researcher (Y),reporting researcher (Y),reporting researcher (Y),reporting researcher (Y),Somewhat disagree,Male,,Bachelor’s Degree,22,India ,"Telugu, English, Hindi, Tamil ",complete
1/28/2026 21:27,1/28/2026 21:41,100,864,TRUE,1/28/2026 21:41,R_9r7byExUMnuMItL,anonymous,EN,1,"Yes, I consent",3 = neither honest nor dishonest,5 = very sincere,3 = neither ethical nor unethical,4 = somewhat likeable,2 = somewhat unapproachable,4 = somewhat confident the findings are true,3 = neither honest nor dishonest,5 = very sincere,4 = somewhat ethical,5 = very likeable,5 = very approachable,reporting researcher (S),neither reported (K) nor reporting researcher (S),reported researcher (K),reporting researcher (S),reporting researcher (S),neither reported (K) nor reporting researcher (S),reported researcher (K),neither reported (K) nor reporting researcher (S),reporting researcher (S),4 = somewhat honest,5 = very sincere,5 = very ethical,3 = neither likeable nor unlikeable,5 = very approachable,4 = somewhat confident the findings are true,5 = very honest,4 = somewhat sincere,3 = neither ethical nor unethical,5 = very likeable,4 = somewhat approachable,reporting researcher (F),neither reported (H) nor reporting researcher (F),reported researcher (H),neither reported (H) nor reporting researcher (F),reporting researcher (F),neither reported (H) nor reporting researcher (F),reported researcher (H),neither reported (H) nor reporting researcher (F),neither reported (H) nor reporting researcher (F),4 = somewhat honest,5 = very sincere,2 = somewhat unethical,4 = somewhat likeable,5 = very approachable,2 = somewhat confident the findings are false,5 = very honest,3 = neither sincere nor insincere,4 = somewhat ethical,5 = very likeable,3 = neither approachable nor unapproachable,reporting researcher (Y),neither reported (X) nor reporting researcher (Y),reported researcher (X),neither reported (X) nor reporting researcher (Y),reporting researcher (Y),neither reported (X) nor reporting researcher (Y),reported researcher (X),reporting researcher (Y),neither reported (X) nor reporting researcher (Y),Somewhat disagree,Male,,Bachelor’s Degree,26,India,English ,complete
1/28/2026 21:38,1/28/2026 21:45,100,450,TRUE,1/28/2026 21:45,R_9BhxF1ADoxlALpT,anonymous,EN,1,"Yes, I consent",5 = very honest,5 = very sincere,5 = very ethical,5 = very likeable,5 = very approachable,5 = very confident the findings are true,5 = very honest,5 = very sincere,5 = very ethical,5 = very likeable,5 = very approachable,reporting researcher (S),reporting researcher (S),reporting researcher (S),reporting researcher (S),reporting researcher (S),reporting researcher (S),reporting researcher (S),reporting researcher (S),reporting researcher (S),5 = very honest,5 = very sincere,5 = very ethical,5 = very likeable,5 = very approachable,5 = very confident the findings are true,5 = very honest,5 = very sincere,5 = very ethical,5 = very likeable,5 = very approachable,reporting researcher (F),reporting researcher (F),reporting researcher (F),reporting researcher (F),reporting researcher (F),reporting researcher (F),reporting researcher (F),reporting researcher (F),reporting researcher (F),5 = very honest,5 = very sincere,5 = very ethical,5 = very likeable,5 = very approachable,5 = very confident the findings are true,5 = very honest,5 = very sincere,5 = very ethical,5 = very likeable,5 = very approachable,reported researcher (X),reported researcher (X),reported researcher (X),reported researcher (X),reported researcher (X),reported researcher (X),reported researcher (X),reported researcher (X),reported researcher (X),Somewhat disagree,Male,,Bachelor’s Degree,26,India ,"English, Tamil ",complete
1/28/2026 21:37,1/28/2026 21:46,100,555,TRUE,1/28/2026 21:46,R_97pXaflHGjV5cnU,anonymous,EN,1,"Yes, I consent",5 = very honest,5 = very sincere,5 = very ethical,5 = very likeable,5 = very approachable,5 = very confident the findings are true,5 = very honest,5 = very sincere,5 = very ethical,5 = very likeable,5 = very approachable,reporting researcher (S),reporting researcher (S),reporting researcher (S),reporting researcher (S),reporting researcher (S),reporting researcher (S),reporting researcher (S),reporting researcher (S),reporting researcher (S),5 = very honest,5 = very sincere,5 = very ethical,5 = very likeable,5 = very approachable,5 = very confident the findings are true,5 = very honest,5 = very sincere,5 = very ethical,5 = very likeable,5 = very approachable,reporting researcher (F),reporting researcher (F),reporting researcher (F),reporting researcher (F),reporting researcher (F),reporting researcher (F),reporting researcher (F),reporting researcher (F),reporting researcher (F),5 = very honest,5 = very sincere,5 = very ethical,5 = very likeable,5 = very approachable,5 = very confident the findings are true,5 = very honest,5 = very sincere,5 = very ethical,5 = very likeable,5 = very approachable,reporting researcher (Y),reporting researcher (Y),reporting researcher (Y),reporting researcher (Y),reporting researcher (Y),reporting researcher (Y),reporting researcher (Y),reporting researcher (Y),reporting researcher (Y),Somewhat disagree,Male,,Bachelor’s Degree,26,India ,Tamil,complete
1/28/2026 21:38,1/28/2026 21:47,100,537,TRUE,1/28/2026 21:47,R_4FPg72Diht23gah,anonymous,EN,0.8999999761581421,"Yes, I consent",4 = somewhat honest,5 = very sincere,4 = somewhat ethical,5 = very likeable,5 = very approachable,5 = very confident the findings are true,2 = somewhat dishonest,2 = somewhat insincere,3 = neither ethical nor unethical,1 = very unlikeable,1 = very unapproachable,neither reported (K) nor reporting researcher (S),neither reported (K) nor reporting researcher (S),neither reported (K) nor reporting researcher (S),neither reported (K) nor reporting researcher (S),neither reported (K) nor reporting researcher (S),neither reported (K) nor reporting researcher (S),reporting researcher (S),neither reported (K) nor reporting researcher (S),neither reported (K) nor reporting researcher (S),1 = very dishonest,1 = very insincere,1 = very unethical,1 = very unlikeable,1 = very unapproachable,1 = very confident the findings are false,5 = very honest,5 = very sincere,5 = very ethical,5 = very likeable,5 = very approachable,reporting researcher (F),reporting researcher (F),neither reported (H) nor reporting researcher (F),reporting researcher (F),reporting researcher (F),reporting researcher (F),neither reported (H) nor reporting researcher (F),reporting researcher (F),reporting researcher (F),1 = very dishonest,1 = very insincere,1 = very unethical,1 = very unlikeable,1 = very unapproachable,1 = very confident the findings are false,5 = very honest,5 = very sincere,5 = very ethical,5 = very likeable,5 = very approachable,reporting researcher (Y),reporting researcher (Y),neither reported (X) nor reporting researcher (Y),reporting researcher (Y),reporting researcher (Y),reporting researcher (Y),reporting researcher (Y),reporting researcher (Y),reporting researcher (Y),Somewhat disagree,Male,,Master’s Degree,25,India ,English ,complete
1/28/2026 21:42,1/28/2026 21:47,100,305,TRUE,1/28/2026 21:47,R_9VJYBD1mfbhlKxj,anonymous,EN,1,"Yes, I consent",3 = neither honest nor dishonest,3 = neither sincere nor insincere,3 = neither ethical nor unethical,4 = somewhat likeable,4 = somewhat approachable,3 = could go either way,4 = somewhat honest,3 = neither sincere nor insincere,3 = neither ethical nor unethical,3 = neither likeable nor unlikeable,3 = neither approachable nor unapproachable,neither reported (K) nor reporting researcher (S),neither reported (K) nor reporting researcher (S),reported researcher (K),neither reported (K) nor reporting researcher (S),reported researcher (K),reported researcher (K),neither reported (K) nor reporting researcher (S),neither reported (K) nor reporting researcher (S),reported researcher (K),2 = somewhat dishonest,2 = somewhat insincere,2 = somewhat unethical,2 = somewhat unlikeable,2 = somewhat unapproachable,2 = somewhat confident the findings are false,3 = neither honest nor dishonest,4 = somewhat sincere,4 = somewhat ethical,3 = neither likeable nor unlikeable,3 = neither approachable nor unapproachable,neither reported (H) nor reporting researcher (F),neither reported (H) nor reporting researcher (F),neither reported (H) nor reporting researcher (F),reporting researcher (F),reporting researcher (F),reported researcher (H),reporting researcher (F),neither reported (H) nor reporting researcher (F),reporting researcher (F),1 = very dishonest,2 = somewhat insincere,2 = somewhat unethical,2 = somewhat unlikeable,3 = neither approachable nor unapproachable,3 = could go either way,4 = somewhat honest,4 = somewhat sincere,4 = somewhat ethical,4 = somewhat likeable,3 = neither approachable nor unapproachable,reporting researcher (Y),reporting researcher (Y),reporting researcher (Y),reporting researcher (Y),neither reported (X) nor reporting researcher (Y),reporting researcher (Y),reporting researcher (Y),reporting researcher (Y),reporting researcher (Y),Somewhat disagree,Female,,Bachelor’s Degree,22,India,"English, Telugu, Hindi",complete
1/28/2026 21:43,1/28/2026 21:49,100,371,TRUE,1/28/2026 21:49,R_9VOdQ60ScMkmwPR,anonymous,EN,0.8999999761581421,"Yes, I consent",5 = very honest,5 = very sincere,5 = very ethical,5 = very likeable,5 = very approachable,5 = very confident the findings are true,5 = very honest,5 = very sincere,5 = very ethical,5 = very likeable,5 = very approachable,reporting researcher (S),reporting researcher (S),reporting researcher (S),reporting researcher (S),reporting researcher (S),reporting researcher (S),reporting researcher (S),reporting researcher (S),reporting researcher (S),5 = very honest,5 = very sincere,5 = very ethical,5 = very likeable,5 = very approachable,5 = very confident the findings are true,5 = very honest,5 = very sincere,5 = very ethical,5 = very likeable,5 = very approachable,reporting researcher (F),reporting researcher (F),reporting researcher (F),reporting researcher (F),reporting researcher (F),reporting researcher (F),reporting researcher (F),reporting researcher (F),reporting researcher (F),5 = very honest,5 = very sincere,5 = very ethical,5 = very likeable,5 = very approachable,5 = very confident the findings are true,5 = very honest,5 = very sincere,5 = very ethical,5 = very likeable,5 = very approachable,reporting researcher (Y),reporting researcher (Y),reporting researcher (Y),reporting researcher (Y),reporting researcher (Y),reporting researcher (Y),reporting researcher (Y),reporting researcher (Y),reporting researcher (Y),Somewhat disagree,Male,,High School Diploma or GED,24,भारत ,अंग्रेजी ,complete
1/28/2026 21:47,1/28/2026 21:51,100,248,TRUE,1/28/2026 21:51,R_4CskmWaMvuwU0Du,anonymous,EN,1,"Yes, I consent",4 = somewhat honest,2 = somewhat insincere,3 = neither ethical nor unethical,3 = neither likeable nor unlikeable,4 = somewhat approachable,1 = very confident the findings are false,2 = somewhat dishonest,1 = very insincere,1 = very unethical,1 = very unlikeable,1 = very unapproachable,neither reported (K) nor reporting researcher (S),neither reported (K) nor reporting researcher (S),reporting researcher (S),neither reported (K) nor reporting researcher (S),reported researcher (K),reported researcher (K),neither reported (K) nor reporting researcher (S),neither reported (K) nor reporting researcher (S),neither reported (K) nor reporting researcher (S),4 = somewhat honest,4 = somewhat sincere,4 = somewhat ethical,4 = somewhat likeable,4 = somewhat approachable,4 = somewhat confident the findings are true,4 = somewhat honest,4 = somewhat sincere,4 = somewhat ethical,4 = somewhat likeable,4 = somewhat approachable,reporting researcher (F),reporting researcher (F),reporting researcher (F),reporting researcher (F),reporting researcher (F),reporting researcher (F),reporting researcher (F),reporting researcher (F),reporting researcher (F),4 = somewhat honest,4 = somewhat sincere,1 = very unethical,4 = somewhat likeable,3 = neither approachable nor unapproachable,2 = somewhat confident the findings are false,4 = somewhat honest,3 = neither sincere nor insincere,1 = very unethical,2 = somewhat unlikeable,1 = very unapproachable,reporting researcher (Y),neither reported (X) nor reporting researcher (Y),neither reported (X) nor reporting researcher (Y),reported researcher (X),neither reported (X) nor reporting researcher (Y),reported researcher (X),neither reported (X) nor reporting researcher (Y),neither reported (X) nor reporting researcher (Y),reporting researcher (Y),Neither agree nor disagree,Female,,Master’s Degree,33,India ,Tamil ,complete
1/28/2026 21:00,1/28/2026 21:52,100,3077,TRUE,1/28/2026 21:52,R_9cnHE6YMx6fq6Ce,anonymous,EN,1,"Yes, I consent",2 = somewhat dishonest,2 = somewhat insincere,2 = somewhat unethical,3 = neither likeable nor unlikeable,2 = somewhat unapproachable,1 = very confident the findings are false,5 = very honest,5 = very sincere,5 = very ethical,5 = very likeable,5 = very approachable,reporting researcher (S),reporting researcher (S),reporting researcher (S),reporting researcher (S),reporting researcher (S),reporting researcher (S),reporting researcher (S),neither reported (K) nor reporting researcher (S),reporting researcher (S),1 = very dishonest,1 = very insincere,1 = very unethical,2 = somewhat unlikeable,2 = somewhat unapproachable,1 = very confident the findings are false,5 = very honest,4 = somewhat sincere,5 = very ethical,4 = somewhat likeable,4 = somewhat approachable,reporting researcher (F),reporting researcher (F),neither reported (H) nor reporting researcher (F),reporting researcher (F),reporting researcher (F),neither reported (H) nor reporting researcher (F),reporting researcher (F),reporting researcher (F),reporting researcher (F),2 = somewhat dishonest,2 = somewhat insincere,1 = very unethical,2 = somewhat unlikeable,2 = somewhat unapproachable,1 = very confident the findings are false,5 = very honest,5 = very sincere,5 = very ethical,3 = neither likeable nor unlikeable,5 = very approachable,reporting researcher (Y),reporting researcher (Y),reporting researcher (Y),reporting researcher (Y),neither reported (X) nor reporting researcher (Y),reporting researcher (Y),reporting researcher (Y),reporting researcher (Y),reporting researcher (Y),Strongly agree,Male,,Bachelor’s Degree,23,India,Hindi,complete
1/28/2026 21:46,1/28/2026 21:53,100,418,TRUE,1/28/2026 21:53,R_9eDeVVlzmtGYSLb,anonymous,EN,1,"Yes, I consent",5 = very honest,5 = very sincere,5 = very ethical,5 = very likeable,5 = very approachable,5 = very confident the findings are true,5 = very honest,5 = very sincere,5 = very ethical,5 = very likeable,5 = very approachable,neither reported (K) nor reporting researcher (S),neither reported (K) nor reporting researcher (S),neither reported (K) nor reporting researcher (S),reported researcher (K),reporting researcher (S),neither reported (K) nor reporting researcher (S),neither reported (K) nor reporting researcher (S),neither reported (K) nor reporting researcher (S),neither reported (K) nor reporting researcher (S),5 = very honest,5 = very sincere,5 = very ethical,5 = very likeable,5 = very approachable,5 = very confident the findings are true,5 = very honest,5 = very sincere,5 = very ethical,5 = very likeable,5 = very approachable,reported researcher (H),reporting researcher (F),neither reported (H) nor reporting researcher (F),reported researcher (H),reporting researcher (F),reported researcher (H),neither reported (H) nor reporting researcher (F),neither reported (H) nor reporting researcher (F),neither reported (H) nor reporting researcher (F),5 = very honest,5 = very sincere,5 = very ethical,5 = very likeable,5 = very approachable,5 = very confident the findings are true,5 = very honest,5 = very sincere,5 = very ethical,5 = very likeable,5 = very approachable,neither reported (X) nor reporting researcher (Y),neither reported (X) nor reporting researcher (Y),neither reported (X) nor reporting researcher (Y),neither reported (X) nor reporting researcher (Y),reported researcher (X),reporting researcher (Y),neither reported (X) nor reporting researcher (Y),neither reported (X) nor reporting researcher (Y),neither reported (X) nor reporting researcher (Y),Strongly agree,Male,,Bachelor’s Degree,22,India ,Hindi ,complete
1/28/2026 21:49,1/28/2026 21:54,100,268,TRUE,1/28/2026 21:54,R_4cRpTErqtPbfhC1,anonymous,EN,1,"Yes, I consent",1 = very dishonest,1 = very insincere,1 = very unethical,1 = very unlikeable,1 = very unapproachable,1 = very confident the findings are false,5 = very honest,5 = very sincere,5 = very ethical,5 = very likeable,5 = very approachable,reporting researcher (S),reporting researcher (S),reporting researcher (S),reporting researcher (S),reporting researcher (S),reporting researcher (S),reporting researcher (S),reporting researcher (S),reporting researcher (S),1 = very dishonest,1 = very insincere,1 = very unethical,1 = very unlikeable,1 = very unapproachable,1 = very confident the findings are false,5 = very honest,5 = very sincere,5 = very ethical,5 = very likeable,5 = very approachable,reporting researcher (F),reporting researcher (F),reporting researcher (F),reporting researcher (F),reporting researcher (F),reporting researcher (F),reporting researcher (F),reporting researcher (F),reporting researcher (F),1 = very dishonest,1 = very insincere,1 = very unethical,1 = very unlikeable,1 = very unapproachable,1 = very confident the findings are false,5 = very honest,5 = very sincere,5 = very ethical,5 = very likeable,5 = very approachable,reporting researcher (Y),reporting researcher (Y),reporting researcher (Y),reporting researcher (Y),reporting researcher (Y),reporting researcher (Y),reporting researcher (Y),reporting researcher (Y),reporting researcher (Y),Somewhat disagree,Female,,Master’s Degree,29,India,"English, Hondi, Marathi, Spanish",complete
1/28/2026 22:00,1/28/2026 22:04,100,233,TRUE,1/28/2026 22:04,R_9m7DPR5opChDKTs,anonymous,EN,0.8999999761581421,"Yes, I consent",4 = somewhat honest,3 = neither sincere nor insincere,3 = neither ethical nor unethical,4 = somewhat likeable,3 = neither approachable nor unapproachable,2 = somewhat confident the findings are false,2 = somewhat dishonest,1 = very insincere,4 = somewhat ethical,4 = somewhat likeable,4 = somewhat approachable,neither reported (K) nor reporting researcher (S),neither reported (K) nor reporting researcher (S),reported researcher (K),neither reported (K) nor reporting researcher (S),neither reported (K) nor reporting researcher (S),reported researcher (K),neither reported (K) nor reporting researcher (S),reporting researcher (S),neither reported (K) nor reporting researcher (S),1 = very dishonest,3 = neither sincere nor insincere,2 = somewhat unethical,2 = somewhat unlikeable,4 = somewhat approachable,4 = somewhat confident the findings are true,3 = neither honest nor dishonest,3 = neither sincere nor insincere,4 = somewhat ethical,4 = somewhat likeable,5 = very approachable,neither reported (H) nor reporting researcher (F),reporting researcher (F),neither reported (H) nor reporting researcher (F),neither reported (H) nor reporting researcher (F),neither reported (H) nor reporting researcher (F),neither reported (H) nor reporting researcher (F),reporting researcher (F),neither reported (H) nor reporting researcher (F),reported researcher (H),4 = somewhat honest,4 = somewhat sincere,4 = somewhat ethical,3 = neither likeable nor unlikeable,4 = somewhat approachable,3 = could go either way,1 = very dishonest,2 = somewhat insincere,2 = somewhat unethical,3 = neither likeable nor unlikeable,3 = neither approachable nor unapproachable,reporting researcher (Y),reported researcher (X),reporting researcher (Y),reporting researcher (Y),neither reported (X) nor reporting researcher (Y),neither reported (X) nor reporting researcher (Y),reporting researcher (Y),reporting researcher (Y),neither reported (X) nor reporting researcher (Y),Somewhat disagree,Male,,Associate’s Degree,23,India ,English ,complete
1/28/2026 22:04,1/28/2026 22:17,100,775,TRUE,1/28/2026 22:17,R_4ZLFuY64b1flM7T,anonymous,EN,1,"Yes, I consent",2 = somewhat dishonest,2 = somewhat insincere,2 = somewhat unethical,2 = somewhat unlikeable,3 = neither approachable nor unapproachable,3 = could go either way,4 = somewhat honest,4 = somewhat sincere,4 = somewhat ethical,4 = somewhat likeable,4 = somewhat approachable,reporting researcher (S),reporting researcher (S),reporting researcher (S),reporting researcher (S),reporting researcher (S),reporting researcher (S),reporting researcher (S),reporting researcher (S),reporting researcher (S),3 = neither honest nor dishonest,2 = somewhat insincere,2 = somewhat unethical,3 = neither likeable nor unlikeable,4 = somewhat approachable,3 = could go either way,4 = somewhat honest,4 = somewhat sincere,4 = somewhat ethical,3 = neither likeable nor unlikeable,4 = somewhat approachable,reporting researcher (F),reporting researcher (F),reported researcher (H),reporting researcher (F),reporting researcher (F),reporting researcher (F),reporting researcher (F),reporting researcher (F),reporting researcher (F),2 = somewhat dishonest,1 = very insincere,2 = somewhat unethical,1 = very unlikeable,3 = neither approachable nor unapproachable,1 = very confident the findings are false,5 = very honest,4 = somewhat sincere,4 = somewhat ethical,4 = somewhat likeable,4 = somewhat approachable,reporting researcher (Y),reporting researcher (Y),reporting researcher (Y),reporting researcher (Y),reporting researcher (Y),reporting researcher (Y),reporting researcher (Y),reporting researcher (Y),reporting researcher (Y),Somewhat disagree,Male,,Master’s Degree,32,India,"English, Urdu, Arabic ",complete
1/28/2026 22:14,1/28/2026 22:20,100,355,TRUE,1/28/2026 22:20,R_4M5LUo0PMI0O0cV,anonymous,EN,1,"Yes, I consent",5 = very honest,5 = very sincere,5 = very ethical,5 = very likeable,5 = very approachable,5 = very confident the findings are true,5 = very honest,5 = very sincere,5 = very ethical,5 = very likeable,5 = very approachable,reported researcher (K),reported researcher (K),reported researcher (K),reported researcher (K),reported researcher (K),reported researcher (K),reported researcher (K),reported researcher (K),reported researcher (K),5 = very honest,5 = very sincere,5 = very ethical,5 = very likeable,5 = very approachable,5 = very confident the findings are true,5 = very honest,5 = very sincere,5 = very ethical,5 = very likeable,5 = very approachable,reported researcher (H),reported researcher (H),reported researcher (H),reported researcher (H),reported researcher (H),reported researcher (H),reported researcher (H),reported researcher (H),reported researcher (H),4 = somewhat honest,4 = somewhat sincere,4 = somewhat ethical,4 = somewhat likeable,4 = somewhat approachable,4 = somewhat confident the findings are true,1 = very dishonest,5 = very sincere,5 = very ethical,5 = very likeable,5 = very approachable,reported researcher (X),reported researcher (X),reported researcher (X),reported researcher (X),reported researcher (X),reported researcher (X),reported researcher (X),reported researcher (X),reported researcher (X),Somewhat disagree,Male,,Master’s Degree,31,INDIA,HINDI,complete
1/28/2026 22:12,1/28/2026 22:21,100,529,TRUE,1/28/2026 22:21,R_4roJJdkXWB4gDas,anonymous,EN,1,"Yes, I consent",4 = somewhat honest,4 = somewhat sincere,5 = very ethical,5 = very likeable,5 = very approachable,4 = somewhat confident the findings are true,4 = somewhat honest,4 = somewhat sincere,4 = somewhat ethical,3 = neither likeable nor unlikeable,4 = somewhat approachable,reported researcher (K),reported researcher (K),reported researcher (K),reported researcher (K),reported researcher (K),reported researcher (K),reported researcher (K),reported researcher (K),reported researcher (K),4 = somewhat honest,5 = very sincere,4 = somewhat ethical,4 = somewhat likeable,4 = somewhat approachable,4 = somewhat confident the findings are true,5 = very honest,4 = somewhat sincere,5 = very ethical,5 = very likeable,4 = somewhat approachable,reported researcher (H),reported researcher (H),reported researcher (H),reported researcher (H),reported researcher (H),reported researcher (H),reported researcher (H),reported researcher (H),reported researcher (H),4 = somewhat honest,4 = somewhat sincere,3 = neither ethical nor unethical,4 = somewhat likeable,4 = somewhat approachable,3 = could go either way,4 = somewhat honest,4 = somewhat sincere,4 = somewhat ethical,4 = somewhat likeable,5 = very approachable,reported researcher (X),reporting researcher (Y),reported researcher (X),reported researcher (X),reported researcher (X),reported researcher (X),reported researcher (X),reporting researcher (Y),reported researcher (X),Somewhat disagree,Male,,"Doctoral Degree (e.g. Ph.D., M.D., J.D., or equivalent)",27,इंडिया ,Hindi,complete
1/28/2026 22:17,1/28/2026 22:28,100,667,TRUE,1/28/2026 22:28,R_9gNhD5xFdrvNDln,anonymous,EN,1,"Yes, I consent",1 = very dishonest,5 = very sincere,4 = somewhat ethical,4 = somewhat likeable,4 = somewhat approachable,2 = somewhat confident the findings are false,4 = somewhat honest,5 = very sincere,4 = somewhat ethical,5 = very likeable,4 = somewhat approachable,reporting researcher (S),reported researcher (K),reporting researcher (S),reporting researcher (S),reporting researcher (S),reporting researcher (S),reporting researcher (S),reporting researcher (S),reported researcher (K),4 = somewhat honest,2 = somewhat insincere,2 = somewhat unethical,2 = somewhat unlikeable,3 = neither approachable nor unapproachable,1 = very confident the findings are false,1 = very dishonest,4 = somewhat sincere,2 = somewhat unethical,2 = somewhat unlikeable,2 = somewhat unapproachable,reported researcher (H),neither reported (H) nor reporting researcher (F),neither reported (H) nor reporting researcher (F),neither reported (H) nor reporting researcher (F),neither reported (H) nor reporting researcher (F),reported researcher (H),neither reported (H) nor reporting researcher (F),reported researcher (H),reported researcher (H),2 = somewhat dishonest,2 = somewhat insincere,4 = somewhat ethical,2 = somewhat unlikeable,3 = neither approachable nor unapproachable,2 = somewhat confident the findings are false,2 = somewhat dishonest,2 = somewhat insincere,2 = somewhat unethical,4 = somewhat likeable,3 = neither approachable nor unapproachable,reporting researcher (Y),neither reported (X) nor reporting researcher (Y),reported researcher (X),neither reported (X) nor reporting researcher (Y),neither reported (X) nor reporting researcher (Y),neither reported (X) nor reporting researcher (Y),neither reported (X) nor reporting researcher (Y),neither reported (X) nor reporting researcher (Y),reporting researcher (Y),Somewhat disagree,Male,,Bachelor’s Degree,27,India,Hindi,complete
1/28/2026 22:21,1/28/2026 22:30,100,499,TRUE,1/28/2026 22:30,R_9bTRDS4PwPucvge,anonymous,EN,1,"Yes, I consent",5 = very honest,5 = very sincere,3 = neither ethical nor unethical,5 = very likeable,5 = very approachable,5 = very confident the findings are true,5 = very honest,5 = very sincere,3 = neither ethical nor unethical,5 = very likeable,5 = very approachable,reporting researcher (S),reporting researcher (S),neither reported (K) nor reporting researcher (S),neither reported (K) nor reporting researcher (S),neither reported (K) nor reporting researcher (S),reporting researcher (S),neither reported (K) nor reporting researcher (S),reporting researcher (S),reporting researcher (S),1 = very dishonest,3 = neither sincere nor insincere,3 = neither ethical nor unethical,1 = very unlikeable,1 = very unapproachable,2 = somewhat confident the findings are false,5 = very honest,5 = very sincere,5 = very ethical,5 = very likeable,5 = very approachable,reporting researcher (F),neither reported (H) nor reporting researcher (F),reported researcher (H),neither reported (H) nor reporting researcher (F),neither reported (H) nor reporting researcher (F),reporting researcher (F),neither reported (H) nor reporting researcher (F),reporting researcher (F),reporting researcher (F),2 = somewhat dishonest,3 = neither sincere nor insincere,3 = neither ethical nor unethical,1 = very unlikeable,2 = somewhat unapproachable,2 = somewhat confident the findings are false,5 = very honest,5 = very sincere,5 = very ethical,5 = very likeable,5 = very approachable,reported researcher (X),reporting researcher (Y),reported researcher (X),reporting researcher (Y),neither reported (X) nor reporting researcher (Y),reporting researcher (Y),neither reported (X) nor reporting researcher (Y),reporting researcher (Y),reporting researcher (Y),Somewhat disagree,Male,,Master’s Degree,24,India,Tamil ,complete
1/28/2026 22:23,1/28/2026 22:33,100,602,TRUE,1/28/2026 22:33,R_4UlLXSHLRCl1Lax,anonymous,EN,1,"Yes, I consent",1 = very dishonest,5 = very sincere,4 = somewhat ethical,5 = very likeable,5 = very approachable,5 = very confident the findings are true,5 = very honest,5 = very sincere,4 = somewhat ethical,5 = very likeable,5 = very approachable,reported researcher (K),reported researcher (K),reported researcher (K),reported researcher (K),reported researcher (K),neither reported (K) nor reporting researcher (S),reported researcher (K),reported researcher (K),reported researcher (K),5 = very honest,5 = very sincere,4 = somewhat ethical,5 = very likeable,5 = very approachable,5 = very confident the findings are true,5 = very honest,5 = very sincere,4 = somewhat ethical,5 = very likeable,5 = very approachable,reporting researcher (F),reporting researcher (F),reporting researcher (F),reporting researcher (F),neither reported (H) nor reporting researcher (F),neither reported (H) nor reporting researcher (F),reporting researcher (F),reporting researcher (F),reporting researcher (F),5 = very honest,5 = very sincere,5 = very ethical,5 = very likeable,5 = very approachable,5 = very confident the findings are true,3 = neither honest nor dishonest,5 = very sincere,5 = very ethical,5 = very likeable,5 = very approachable,reported researcher (X),reported researcher (X),reported researcher (X),neither reported (X) nor reporting researcher (Y),reported researcher (X),reported researcher (X),reported researcher (X),reported researcher (X),reported researcher (X),Strongly agree,Male,,Bachelor’s Degree,24,India ,Hindi ,complete
1/28/2026 22:30,1/28/2026 22:36,100,350,TRUE,1/28/2026 22:36,R_9RazlQmYpBq8ZYz,anonymous,EN,1,"Yes, I consent",5 = very honest,5 = very sincere,5 = very ethical,5 = very likeable,4 = somewhat approachable,4 = somewhat confident the findings are true,5 = very honest,4 = somewhat sincere,4 = somewhat ethical,5 = very likeable,4 = somewhat approachable,reporting researcher (S),reporting researcher (S),reported researcher (K),reported researcher (K),reported researcher (K),reporting researcher (S),reported researcher (K),reported researcher (K),reporting researcher (S),5 = very honest,5 = very sincere,5 = very ethical,5 = very likeable,5 = very approachable,5 = very confident the findings are true,5 = very honest,5 = very sincere,5 = very ethical,5 = very likeable,5 = very approachable,reported researcher (H),reported researcher (H),reported researcher (H),reported researcher (H),reported researcher (H),reported researcher (H),reported researcher (H),reported researcher (H),reported researcher (H),5 = very honest,5 = very sincere,5 = very ethical,5 = very likeable,5 = very approachable,5 = very confident the findings are true,5 = very honest,5 = very sincere,5 = very ethical,5 = very likeable,5 = very approachable,reported researcher (X),reported researcher (X),reported researcher (X),reported researcher (X),reported researcher (X),reported researcher (X),reported researcher (X),reported researcher (X),reported researcher (X),Somewhat disagree,Male,,Master’s Degree,42,India,English ,complete
1/28/2026 22:24,1/28/2026 22:37,100,769,TRUE,1/28/2026 22:37,R_4yrP77ibmFnDzjD,anonymous,EN,0.699999988,"Yes, I consent",2 = somewhat dishonest,1 = very insincere,4 = somewhat ethical,3 = neither likeable nor unlikeable,2 = somewhat unapproachable,2 = somewhat confident the findings are false,2 = somewhat dishonest,2 = somewhat insincere,1 = very unethical,5 = very likeable,3 = neither approachable nor unapproachable,reporting researcher (S),reporting researcher (S),reporting researcher (S),neither reported (K) nor reporting researcher (S),neither reported (K) nor reporting researcher (S),reported researcher (K),reported researcher (K),reporting researcher (S),reporting researcher (S),2 = somewhat dishonest,4 = somewhat sincere,3 = neither ethical nor unethical,3 = neither likeable nor unlikeable,2 = somewhat unapproachable,1 = very confident the findings are false,1 = very dishonest,2 = somewhat insincere,1 = very unethical,1 = very unlikeable,2 = somewhat unapproachable,neither reported (H) nor reporting researcher (F),reporting researcher (F),neither reported (H) nor reporting researcher (F),reported researcher (H),neither reported (H) nor reporting researcher (F),neither reported (H) nor reporting researcher (F),reporting researcher (F),reported researcher (H),reporting researcher (F),2 = somewhat dishonest,3 = neither sincere nor insincere,2 = somewhat unethical,2 = somewhat unlikeable,1 = very unapproachable,1 = very confident the findings are false,1 = very dishonest,1 = very insincere,2 = somewhat unethical,5 = very likeable,4 = somewhat approachable,reported researcher (X),reporting researcher (Y),neither reported (X) nor reporting researcher (Y),neither reported (X) nor reporting researcher (Y),reporting researcher (Y),neither reported (X) nor reporting researcher (Y),reporting researcher (Y),reported researcher (X),neither reported (X) nor reporting researcher (Y),Somewhat disagree,Male,,Some college credit or technical school degree,22,India,Hindi,complete
1/28/2026 22:36,1/28/2026 22:39,100,211,TRUE,1/28/2026 22:39,R_4PIhSSHK2vH4ed3,anonymous,EN,1,"Yes, I consent",2 = somewhat dishonest,3 = neither sincere nor insincere,3 = neither ethical nor unethical,3 = neither likeable nor unlikeable,3 = neither approachable nor unapproachable,3 = could go either way,3 = neither honest nor dishonest,3 = neither sincere nor insincere,3 = neither ethical nor unethical,3 = neither likeable nor unlikeable,3 = neither approachable nor unapproachable,neither reported (K) nor reporting researcher (S),neither reported (K) nor reporting researcher (S),neither reported (K) nor reporting researcher (S),neither reported (K) nor reporting researcher (S),neither reported (K) nor reporting researcher (S),neither reported (K) nor reporting researcher (S),neither reported (K) nor reporting researcher (S),neither reported (K) nor reporting researcher (S),neither reported (K) nor reporting researcher (S),3 = neither honest nor dishonest,3 = neither sincere nor insincere,3 = neither ethical nor unethical,3 = neither likeable nor unlikeable,3 = neither approachable nor unapproachable,3 = could go either way,3 = neither honest nor dishonest,3 = neither sincere nor insincere,3 = neither ethical nor unethical,3 = neither likeable nor unlikeable,3 = neither approachable nor unapproachable,neither reported (H) nor reporting researcher (F),neither reported (H) nor reporting researcher (F),neither reported (H) nor reporting researcher (F),neither reported (H) nor reporting researcher (F),neither reported (H) nor reporting researcher (F),neither reported (H) nor reporting researcher (F),neither reported (H) nor reporting researcher (F),neither reported (H) nor reporting researcher (F),neither reported (H) nor reporting researcher (F),3 = neither honest nor dishonest,3 = neither sincere nor insincere,3 = neither ethical nor unethical,3 = neither likeable nor unlikeable,3 = neither approachable nor unapproachable,3 = could go either way,3 = neither honest nor dishonest,3 = neither sincere nor insincere,3 = neither ethical nor unethical,3 = neither likeable nor unlikeable,3 = neither approachable nor unapproachable,neither reported (X) nor reporting researcher (Y),neither reported (X) nor reporting researcher (Y),neither reported (X) nor reporting researcher (Y),neither reported (X) nor reporting researcher (Y),neither reported (X) nor reporting researcher (Y),neither reported (X) nor reporting researcher (Y),neither reported (X) nor reporting researcher (Y),neither reported (X) nor reporting researcher (Y),neither reported (X) nor reporting researcher (Y),Neither agree nor disagree,Male,,Bachelor’s Degree,23,India ,Hindi,complete
1/28/2026 22:26,1/28/2026 22:39,100,827,TRUE,1/28/2026 22:39,R_93DePXJJB3Fztun,anonymous,EN,0.5,"Yes, I consent",4 = somewhat honest,4 = somewhat sincere,2 = somewhat unethical,3 = neither likeable nor unlikeable,3 = neither approachable nor unapproachable,3 = could go either way,4 = somewhat honest,5 = very sincere,4 = somewhat ethical,3 = neither likeable nor unlikeable,3 = neither approachable nor unapproachable,neither reported (K) nor reporting researcher (S),neither reported (K) nor reporting researcher (S),neither reported (K) nor reporting researcher (S),reporting researcher (S),reporting researcher (S),reporting researcher (S),reported researcher (K),reported researcher (K),reported researcher (K),2 = somewhat dishonest,4 = somewhat sincere,2 = somewhat unethical,3 = neither likeable nor unlikeable,3 = neither approachable nor unapproachable,2 = somewhat confident the findings are false,4 = somewhat honest,5 = very sincere,5 = very ethical,3 = neither likeable nor unlikeable,3 = neither approachable nor unapproachable,neither reported (H) nor reporting researcher (F),reporting researcher (F),neither reported (H) nor reporting researcher (F),reporting researcher (F),reporting researcher (F),reporting researcher (F),reported researcher (H),neither reported (H) nor reporting researcher (F),reporting researcher (F),1 = very dishonest,2 = somewhat insincere,1 = very unethical,3 = neither likeable nor unlikeable,3 = neither approachable nor unapproachable,2 = somewhat confident the findings are false,5 = very honest,4 = somewhat sincere,5 = very ethical,3 = neither likeable nor unlikeable,3 = neither approachable nor unapproachable,neither reported (X) nor reporting researcher (Y),reporting researcher (Y),reporting researcher (Y),reporting researcher (Y),reporting researcher (Y),reporting researcher (Y),reporting researcher (Y),reporting researcher (Y),reporting researcher (Y),Somewhat disagree,Male,,Bachelor’s Degree,26,India,"Tamil, English",complete
1/28/2026 22:28,1/28/2026 22:50,100,1339,TRUE,1/28/2026 22:50,R_4kjWga0M795fHCV,anonymous,EN,1,"Yes, I consent",2 = somewhat dishonest,2 = somewhat insincere,3 = neither ethical nor unethical,2 = somewhat unlikeable,2 = somewhat unapproachable,2 = somewhat confident the findings are false,4 = somewhat honest,5 = very sincere,4 = somewhat ethical,4 = somewhat likeable,4 = somewhat approachable,reporting researcher (S),reporting researcher (S),neither reported (K) nor reporting researcher (S),neither reported (K) nor reporting researcher (S),neither reported (K) nor reporting researcher (S),neither reported (K) nor reporting researcher (S),reporting researcher (S),reporting researcher (S),reporting researcher (S),2 = somewhat dishonest,2 = somewhat insincere,2 = somewhat unethical,2 = somewhat unlikeable,4 = somewhat approachable,2 = somewhat confident the findings are false,4 = somewhat honest,5 = very sincere,5 = very ethical,4 = somewhat likeable,4 = somewhat approachable,reporting researcher (F),reporting researcher (F),neither reported (H) nor reporting researcher (F),reporting researcher (F),reporting researcher (F),neither reported (H) nor reporting researcher (F),reporting researcher (F),reporting researcher (F),neither reported (H) nor reporting researcher (F),1 = very dishonest,1 = very insincere,4 = somewhat ethical,2 = somewhat unlikeable,2 = somewhat unapproachable,2 = somewhat confident the findings are false,5 = very honest,5 = very sincere,5 = very ethical,4 = somewhat likeable,4 = somewhat approachable,neither reported (X) nor reporting researcher (Y),reporting researcher (Y),reporting researcher (Y),reporting researcher (Y),reporting researcher (Y),reporting researcher (Y),neither reported (X) nor reporting researcher (Y),reporting researcher (Y),reporting researcher (Y),Somewhat disagree,Male,,Bachelor’s Degree,29,India,"Hindi, english",complete
1/28/2026 22:36,1/28/2026 22:51,100,888,TRUE,1/28/2026 22:51,R_4dPQJe3VRMgRppS,anonymous,EN,1,"Yes, I consent",2 = somewhat dishonest,3 = neither sincere nor insincere,1 = very unethical,1 = very unlikeable,2 = somewhat unapproachable,2 = somewhat confident the findings are false,3 = neither honest nor dishonest,2 = somewhat insincere,1 = very unethical,3 = neither likeable nor unlikeable,2 = somewhat unapproachable,neither reported (K) nor reporting researcher (S),neither reported (K) nor reporting researcher (S),neither reported (K) nor reporting researcher (S),neither reported (K) nor reporting researcher (S),neither reported (K) nor reporting researcher (S),reported researcher (K),reported researcher (K),neither reported (K) nor reporting researcher (S),neither reported (K) nor reporting researcher (S),4 = somewhat honest,3 = neither sincere nor insincere,5 = very ethical,5 = very likeable,4 = somewhat approachable,4 = somewhat confident the findings are true,2 = somewhat dishonest,2 = somewhat insincere,2 = somewhat unethical,2 = somewhat unlikeable,1 = very unapproachable,reported researcher (H),neither reported (H) nor reporting researcher (F),neither reported (H) nor reporting researcher (F),reported researcher (H),neither reported (H) nor reporting researcher (F),neither reported (H) nor reporting researcher (F),neither reported (H) nor reporting researcher (F),reported researcher (H),reported researcher (H),4 = somewhat honest,2 = somewhat insincere,3 = neither ethical nor unethical,2 = somewhat unlikeable,2 = somewhat unapproachable,3 = could go either way,4 = somewhat honest,3 = neither sincere nor insincere,4 = somewhat ethical,5 = very likeable,3 = neither approachable nor unapproachable,reported researcher (X),reported researcher (X),reported researcher (X),reported researcher (X),reported researcher (X),reported researcher (X),neither reported (X) nor reporting researcher (Y),neither reported (X) nor reporting researcher (Y),reporting researcher (Y),Somewhat disagree,Female,,Bachelor’s Degree,32,India,Hindi ,complete
1/28/2026 22:43,1/28/2026 22:51,100,509,TRUE,1/28/2026 22:51,R_4KwookCPMl9PlIt,anonymous,EN,,"Yes, I consent",3 = neither honest nor dishonest,2 = somewhat insincere,2 = somewhat unethical,3 = neither likeable nor unlikeable,3 = neither approachable nor unapproachable,4 = somewhat confident the findings are true,5 = very honest,5 = very sincere,5 = very ethical,4 = somewhat likeable,4 = somewhat approachable,reporting researcher (S),neither reported (K) nor reporting researcher (S),neither reported (K) nor reporting researcher (S),reporting researcher (S),reporting researcher (S),neither reported (K) nor reporting researcher (S),reporting researcher (S),reporting researcher (S),neither reported (K) nor reporting researcher (S),3 = neither honest nor dishonest,1 = very insincere,2 = somewhat unethical,2 = somewhat unlikeable,2 = somewhat unapproachable,2 = somewhat confident the findings are false,5 = very honest,5 = very sincere,5 = very ethical,4 = somewhat likeable,4 = somewhat approachable,reporting researcher (F),reporting researcher (F),reported researcher (H),reporting researcher (F),reporting researcher (F),reporting researcher (F),reporting researcher (F),reporting researcher (F),reporting researcher (F),4 = somewhat honest,4 = somewhat sincere,1 = very unethical,3 = neither likeable nor unlikeable,3 = neither approachable nor unapproachable,2 = somewhat confident the findings are false,5 = very honest,5 = very sincere,5 = very ethical,5 = very likeable,5 = very approachable,reporting researcher (Y),reporting researcher (Y),neither reported (X) nor reporting researcher (Y),reporting researcher (Y),reporting researcher (Y),reporting researcher (Y),reporting researcher (Y),reporting researcher (Y),reporting researcher (Y),Somewhat disagree,Male,,Bachelor’s Degree,21,India,English ,error
1/28/2026 22:43,1/28/2026 22:53,100,632,TRUE,1/28/2026 22:53,R_4SbZlx2AS36ThqV,anonymous,EN,1,"Yes, I consent",3 = neither honest nor dishonest,2 = somewhat insincere,1 = very unethical,2 = somewhat unlikeable,2 = somewhat unapproachable,2 = somewhat confident the findings are false,2 = somewhat dishonest,2 = somewhat insincere,2 = somewhat unethical,2 = somewhat unlikeable,4 = somewhat approachable,reported researcher (K),neither reported (K) nor reporting researcher (S),neither reported (K) nor reporting researcher (S),neither reported (K) nor reporting researcher (S),reporting researcher (S),neither reported (K) nor reporting researcher (S),reported researcher (K),neither reported (K) nor reporting researcher (S),neither reported (K) nor reporting researcher (S),5 = very honest,5 = very sincere,4 = somewhat ethical,4 = somewhat likeable,4 = somewhat approachable,5 = very confident the findings are true,2 = somewhat dishonest,2 = somewhat insincere,2 = somewhat unethical,2 = somewhat unlikeable,2 = somewhat unapproachable,reported researcher (H),reported researcher (H),reported researcher (H),neither reported (H) nor reporting researcher (F),reported researcher (H),neither reported (H) nor reporting researcher (F),reported researcher (H),reported researcher (H),neither reported (H) nor reporting researcher (F),4 = somewhat honest,4 = somewhat sincere,4 = somewhat ethical,4 = somewhat likeable,3 = neither approachable nor unapproachable,5 = very confident the findings are true,2 = somewhat dishonest,2 = somewhat insincere,2 = somewhat unethical,1 = very unlikeable,1 = very unapproachable,reported researcher (X),neither reported (X) nor reporting researcher (Y),reporting researcher (Y),reported researcher (X),reporting researcher (Y),neither reported (X) nor reporting researcher (Y),reported researcher (X),neither reported (X) nor reporting researcher (Y),neither reported (X) nor reporting researcher (Y),Somewhat disagree,Male,,Associate’s Degree,37,India,English ,complete
1/28/2026 22:50,1/28/2026 22:53,100,226,TRUE,1/28/2026 22:53,R_4P7FObn6ZqeOLC4,anonymous,EN,1,"Yes, I consent",1 = very dishonest,1 = very insincere,1 = very unethical,1 = very unlikeable,1 = very unapproachable,1 = very confident the findings are false,5 = very honest,5 = very sincere,5 = very ethical,5 = very likeable,5 = very approachable,reporting researcher (S),reporting researcher (S),reporting researcher (S),reporting researcher (S),reporting researcher (S),reporting researcher (S),reporting researcher (S),reporting researcher (S),reporting researcher (S),1 = very dishonest,1 = very insincere,1 = very unethical,1 = very unlikeable,1 = very unapproachable,2 = somewhat confident the findings are false,5 = very honest,5 = very sincere,5 = very ethical,5 = very likeable,5 = very approachable,reporting researcher (F),reporting researcher (F),reporting researcher (F),reporting researcher (F),reporting researcher (F),reporting researcher (F),reporting researcher (F),reporting researcher (F),reporting researcher (F),1 = very dishonest,1 = very insincere,1 = very unethical,1 = very unlikeable,1 = very unapproachable,1 = very confident the findings are false,5 = very honest,5 = very sincere,5 = very ethical,5 = very likeable,5 = very approachable,reporting researcher (Y),reporting researcher (Y),reporting researcher (Y),reporting researcher (Y),reporting researcher (Y),reporting researcher (Y),reporting researcher (Y),reporting researcher (Y),reporting researcher (Y),Somewhat disagree,Female,,Master’s Degree,33,India,Urdu hindi,complete
1/28/2026 22:51,1/28/2026 22:55,100,265,TRUE,1/28/2026 22:55,R_9n2FWBBJdHWFjR7,anonymous,EN,0.699999988,"Yes, I consent",4 = somewhat honest,4 = somewhat sincere,4 = somewhat ethical,4 = somewhat likeable,4 = somewhat approachable,4 = somewhat confident the findings are true,5 = very honest,5 = very sincere,5 = very ethical,4 = somewhat likeable,5 = very approachable,reporting researcher (S),reporting researcher (S),reporting researcher (S),reporting researcher (S),reporting researcher (S),reporting researcher (S),reporting researcher (S),reporting researcher (S),reporting researcher (S),2 = somewhat dishonest,2 = somewhat insincere,1 = very unethical,1 = very unlikeable,1 = very unapproachable,1 = very confident the findings are false,4 = somewhat honest,5 = very sincere,5 = very ethical,5 = very likeable,5 = very approachable,reporting researcher (F),reporting researcher (F),reporting researcher (F),reporting researcher (F),reporting researcher (F),reporting researcher (F),reported researcher (H),reporting researcher (F),reporting researcher (F),2 = somewhat dishonest,2 = somewhat insincere,2 = somewhat unethical,1 = very unlikeable,1 = very unapproachable,1 = very confident the findings are false,4 = somewhat honest,4 = somewhat sincere,4 = somewhat ethical,4 = somewhat likeable,4 = somewhat approachable,reporting researcher (Y),reporting researcher (Y),reporting researcher (Y),reporting researcher (Y),reporting researcher (Y),reporting researcher (Y),reporting researcher (Y),reporting researcher (Y),reporting researcher (Y),Somewhat disagree,Female,,Master’s Degree,36,India,"Hindi, English ",complete
1/28/2026 22:48,1/28/2026 22:59,100,674,TRUE,1/28/2026 22:59,R_9PXAXOWKo1NDN3u,anonymous,EN,1,"Yes, I consent",2 = somewhat dishonest,2 = somewhat insincere,2 = somewhat unethical,2 = somewhat unlikeable,2 = somewhat unapproachable,2 = somewhat confident the findings are false,5 = very honest,5 = very sincere,5 = very ethical,5 = very likeable,5 = very approachable,reporting researcher (S),reporting researcher (S),reporting researcher (S),reporting researcher (S),reporting researcher (S),reporting researcher (S),neither reported (K) nor reporting researcher (S),reporting researcher (S),reporting researcher (S),2 = somewhat dishonest,2 = somewhat insincere,2 = somewhat unethical,2 = somewhat unlikeable,2 = somewhat unapproachable,2 = somewhat confident the findings are false,5 = very honest,5 = very sincere,5 = very ethical,5 = very likeable,5 = very approachable,reporting researcher (F),reporting researcher (F),reporting researcher (F),reporting researcher (F),reporting researcher (F),reporting researcher (F),reporting researcher (F),reporting researcher (F),reporting researcher (F),1 = very dishonest,1 = very insincere,1 = very unethical,1 = very unlikeable,1 = very unapproachable,1 = very confident the findings are false,5 = very honest,5 = very sincere,5 = very ethical,5 = very likeable,5 = very approachable,reporting researcher (Y),reporting researcher (Y),reporting researcher (Y),reporting researcher (Y),reporting researcher (Y),reporting researcher (Y),reported researcher (X),reporting researcher (Y),reporting researcher (Y),Somewhat disagree,Female,,Master’s Degree,26,India ,"English,, Hindi, Gujarati ",complete
1/28/2026 22:56,1/28/2026 23:03,100,448,TRUE,1/28/2026 23:03,R_41A8YJXkUJU6IO2,anonymous,EN,1,"Yes, I consent",4 = somewhat honest,4 = somewhat sincere,4 = somewhat ethical,4 = somewhat likeable,4 = somewhat approachable,4 = somewhat confident the findings are true,4 = somewhat honest,4 = somewhat sincere,4 = somewhat ethical,4 = somewhat likeable,4 = somewhat approachable,neither reported (K) nor reporting researcher (S),neither reported (K) nor reporting researcher (S),neither reported (K) nor reporting researcher (S),neither reported (K) nor reporting researcher (S),neither reported (K) nor reporting researcher (S),neither reported (K) nor reporting researcher (S),neither reported (K) nor reporting researcher (S),neither reported (K) nor reporting researcher (S),neither reported (K) nor reporting researcher (S),2 = somewhat dishonest,2 = somewhat insincere,2 = somewhat unethical,2 = somewhat unlikeable,2 = somewhat unapproachable,2 = somewhat confident the findings are false,3 = neither honest nor dishonest,3 = neither sincere nor insincere,3 = neither ethical nor unethical,3 = neither likeable nor unlikeable,3 = neither approachable nor unapproachable,neither reported (H) nor reporting researcher (F),neither reported (H) nor reporting researcher (F),neither reported (H) nor reporting researcher (F),neither reported (H) nor reporting researcher (F),neither reported (H) nor reporting researcher (F),neither reported (H) nor reporting researcher (F),neither reported (H) nor reporting researcher (F),neither reported (H) nor reporting researcher (F),neither reported (H) nor reporting researcher (F),2 = somewhat dishonest,4 = somewhat sincere,4 = somewhat ethical,2 = somewhat unlikeable,2 = somewhat unapproachable,2 = somewhat confident the findings are false,1 = very dishonest,4 = somewhat sincere,1 = very unethical,1 = very unlikeable,5 = very approachable,reported researcher (X),reporting researcher (Y),reporting researcher (Y),reported researcher (X),neither reported (X) nor reporting researcher (Y),reported researcher (X),reported researcher (X),reporting researcher (Y),reported researcher (X),Somewhat disagree,Male,,Bachelor’s Degree,33,India,English ,complete
1/28/2026 23:07,1/28/2026 23:11,100,231,TRUE,1/28/2026 23:11,R_4PN5DqCAt6rdkaY,anonymous,EN,1,"Yes, I consent",1 = very dishonest,1 = very insincere,1 = very unethical,1 = very unlikeable,1 = very unapproachable,1 = very confident the findings are false,1 = very dishonest,1 = very insincere,1 = very unethical,1 = very unlikeable,1 = very unapproachable,reported researcher (K),reported researcher (K),reported researcher (K),reported researcher (K),reported researcher (K),reported researcher (K),reported researcher (K),reported researcher (K),reported researcher (K),1 = very dishonest,1 = very insincere,1 = very unethical,1 = very unlikeable,1 = very unapproachable,1 = very confident the findings are false,1 = very dishonest,1 = very insincere,1 = very unethical,1 = very unlikeable,1 = very unapproachable,reported researcher (H),reported researcher (H),reported researcher (H),reported researcher (H),reported researcher (H),reported researcher (H),reported researcher (H),reported researcher (H),reported researcher (H),1 = very dishonest,1 = very insincere,1 = very unethical,1 = very unlikeable,1 = very unapproachable,1 = very confident the findings are false,1 = very dishonest,1 = very insincere,1 = very unethical,1 = very unlikeable,1 = very unapproachable,reported researcher (X),reported researcher (X),reported researcher (X),reported researcher (X),reported researcher (X),reported researcher (X),reported researcher (X),reported researcher (X),reported researcher (X),Somewhat disagree,Female,,Master’s Degree,38,India ,Hindi ,complete
1/28/2026 23:02,1/28/2026 23:13,100,662,TRUE,1/28/2026 23:13,R_4Lo4GNehZRMsIzA,anonymous,EN,1,"Yes, I consent",4 = somewhat honest,4 = somewhat sincere,4 = somewhat ethical,4 = somewhat likeable,4 = somewhat approachable,4 = somewhat confident the findings are true,1 = very dishonest,1 = very insincere,1 = very unethical,1 = very unlikeable,1 = very unapproachable,reported researcher (K),reporting researcher (S),neither reported (K) nor reporting researcher (S),reporting researcher (S),neither reported (K) nor reporting researcher (S),neither reported (K) nor reporting researcher (S),neither reported (K) nor reporting researcher (S),neither reported (K) nor reporting researcher (S),neither reported (K) nor reporting researcher (S),1 = very dishonest,1 = very insincere,1 = very unethical,1 = very unlikeable,1 = very unapproachable,1 = very confident the findings are false,1 = very dishonest,1 = very insincere,1 = very unethical,1 = very unlikeable,1 = very unapproachable,reporting researcher (F),reporting researcher (F),neither reported (H) nor reporting researcher (F),reporting researcher (F),reporting researcher (F),reporting researcher (F),reporting researcher (F),reporting researcher (F),reporting researcher (F),1 = very dishonest,1 = very insincere,2 = somewhat unethical,1 = very unlikeable,1 = very unapproachable,3 = could go either way,1 = very dishonest,1 = very insincere,1 = very unethical,1 = very unlikeable,1 = very unapproachable,reporting researcher (Y),reporting researcher (Y),reporting researcher (Y),reporting researcher (Y),reporting researcher (Y),reporting researcher (Y),reporting researcher (Y),reporting researcher (Y),reporting researcher (Y),Somewhat disagree,Male,,Master’s Degree,26,India,"English, Telugu ",complete
1/28/2026 23:12,1/28/2026 23:19,100,450,TRUE,1/28/2026 23:19,R_4pniJGUiwtlYNsy,anonymous,EN,1,"Yes, I consent",5 = very honest,4 = somewhat sincere,5 = very ethical,5 = very likeable,5 = very approachable,4 = somewhat confident the findings are true,5 = very honest,4 = somewhat sincere,5 = very ethical,4 = somewhat likeable,4 = somewhat approachable,reported researcher (K),neither reported (K) nor reporting researcher (S),reported researcher (K),reported researcher (K),reported researcher (K),reported researcher (K),reported researcher (K),reported researcher (K),neither reported (K) nor reporting researcher (S),4 = somewhat honest,1 = very insincere,2 = somewhat unethical,4 = somewhat likeable,5 = very approachable,4 = somewhat confident the findings are true,4 = somewhat honest,5 = very sincere,4 = somewhat ethical,5 = very likeable,5 = very approachable,reported researcher (H),reported researcher (H),reported researcher (H),reported researcher (H),reported researcher (H),reported researcher (H),reported researcher (H),reported researcher (H),neither reported (H) nor reporting researcher (F),4 = somewhat honest,5 = very sincere,4 = somewhat ethical,5 = very likeable,5 = very approachable,4 = somewhat confident the findings are true,4 = somewhat honest,5 = very sincere,5 = very ethical,5 = very likeable,4 = somewhat approachable,reported researcher (X),neither reported (X) nor reporting researcher (Y),reported researcher (X),reported researcher (X),reported researcher (X),neither reported (X) nor reporting researcher (Y),reported researcher (X),reported researcher (X),neither reported (X) nor reporting researcher (Y),Somewhat agree,Female,,Bachelor’s Degree,39,Indian ,Hindi ,complete
1/28/2026 22:53,1/28/2026 23:20,100,1611,TRUE,1/28/2026 23:20,R_4fOEoMfDwDJfscK,anonymous,EN,0.699999988,"Yes, I consent",3 = neither honest nor dishonest,2 = somewhat insincere,4 = somewhat ethical,3 = neither likeable nor unlikeable,4 = somewhat approachable,3 = could go either way,5 = very honest,4 = somewhat sincere,5 = very ethical,5 = very likeable,4 = somewhat approachable,reporting researcher (S),reporting researcher (S),neither reported (K) nor reporting researcher (S),reporting researcher (S),reporting researcher (S),reporting researcher (S),neither reported (K) nor reporting researcher (S),reporting researcher (S),reporting researcher (S),1 = very dishonest,2 = somewhat insincere,1 = very unethical,2 = somewhat unlikeable,3 = neither approachable nor unapproachable,1 = very confident the findings are false,5 = very honest,5 = very sincere,5 = very ethical,5 = very likeable,4 = somewhat approachable,reported researcher (H),reporting researcher (F),reporting researcher (F),reporting researcher (F),reporting researcher (F),reporting researcher (F),reported researcher (H),reported researcher (H),reported researcher (H),1 = very dishonest,1 = very insincere,1 = very unethical,1 = very unlikeable,2 = somewhat unapproachable,1 = very confident the findings are false,5 = very honest,4 = somewhat sincere,5 = very ethical,5 = very likeable,5 = very approachable,reporting researcher (Y),reporting researcher (Y),reported researcher (X),reporting researcher (Y),reporting researcher (Y),reporting researcher (Y),reported researcher (X),reported researcher (X),reported researcher (X),Somewhat disagree,Male,,Master’s Degree,35,India,"English, Hindi, Kannada",complete
1/28/2026 23:07,1/28/2026 23:21,100,835,TRUE,1/28/2026 23:21,R_9QDymGuT7Hxtrp4,anonymous,EN,1,"Yes, I consent",3 = neither honest nor dishonest,3 = neither sincere nor insincere,2 = somewhat unethical,2 = somewhat unlikeable,3 = neither approachable nor unapproachable,3 = could go either way,5 = very honest,4 = somewhat sincere,4 = somewhat ethical,4 = somewhat likeable,4 = somewhat approachable,reporting researcher (S),reporting researcher (S),neither reported (K) nor reporting researcher (S),reporting researcher (S),reporting researcher (S),reporting researcher (S),reporting researcher (S),reporting researcher (S),reporting researcher (S),3 = neither honest nor dishonest,4 = somewhat sincere,4 = somewhat ethical,3 = neither likeable nor unlikeable,3 = neither approachable nor unapproachable,3 = could go either way,4 = somewhat honest,3 = neither sincere nor insincere,4 = somewhat ethical,3 = neither likeable nor unlikeable,3 = neither approachable nor unapproachable,reported researcher (H),reported researcher (H),neither reported (H) nor reporting researcher (F),reported researcher (H),reported researcher (H),reported researcher (H),neither reported (H) nor reporting researcher (F),reported researcher (H),reported researcher (H),4 = somewhat honest,4 = somewhat sincere,3 = neither ethical nor unethical,4 = somewhat likeable,4 = somewhat approachable,3 = could go either way,2 = somewhat dishonest,3 = neither sincere nor insincere,2 = somewhat unethical,2 = somewhat unlikeable,3 = neither approachable nor unapproachable,reported researcher (X),reported researcher (X),reported researcher (X),reported researcher (X),reported researcher (X),reported researcher (X),neither reported (X) nor reporting researcher (Y),reported researcher (X),reported researcher (X),Somewhat disagree,Male,,Bachelor’s Degree,44,India,"English, kannada, hindi ",complete
1/28/2026 23:10,1/28/2026 23:22,100,685,TRUE,1/28/2026 23:22,R_4i2UzVCvDJFlNvI,anonymous,EN,1,"Yes, I consent",5 = very honest,3 = neither sincere nor insincere,4 = somewhat ethical,2 = somewhat unlikeable,4 = somewhat approachable,4 = somewhat confident the findings are true,5 = very honest,5 = very sincere,1 = very unethical,4 = somewhat likeable,2 = somewhat unapproachable,reported researcher (K),reported researcher (K),reported researcher (K),reported researcher (K),reported researcher (K),reported researcher (K),neither reported (K) nor reporting researcher (S),reported researcher (K),reported researcher (K),2 = somewhat dishonest,4 = somewhat sincere,5 = very ethical,5 = very likeable,5 = very approachable,5 = very confident the findings are true,4 = somewhat honest,4 = somewhat sincere,3 = neither ethical nor unethical,4 = somewhat likeable,5 = very approachable,reported researcher (H),reported researcher (H),reported researcher (H),reported researcher (H),reported researcher (H),reported researcher (H),reported researcher (H),reported researcher (H),reported researcher (H),4 = somewhat honest,3 = neither sincere nor insincere,3 = neither ethical nor unethical,2 = somewhat unlikeable,4 = somewhat approachable,4 = somewhat confident the findings are true,4 = somewhat honest,5 = very sincere,5 = very ethical,3 = neither likeable nor unlikeable,5 = very approachable,reporting researcher (Y),reported researcher (X),reporting researcher (Y),reporting researcher (Y),reporting researcher (Y),reporting researcher (Y),reported researcher (X),reporting researcher (Y),reporting researcher (Y),Somewhat disagree,Male,,Bachelor’s Degree,26,India,English ,complete
1/28/2026 23:14,1/28/2026 23:22,100,439,TRUE,1/28/2026 23:22,R_4g5UPA6UPzeAlhd,anonymous,EN,1,"Yes, I consent",4 = somewhat honest,4 = somewhat sincere,4 = somewhat ethical,4 = somewhat likeable,4 = somewhat approachable,3 = could go either way,5 = very honest,4 = somewhat sincere,4 = somewhat ethical,4 = somewhat likeable,4 = somewhat approachable,reporting researcher (S),reporting researcher (S),reporting researcher (S),reporting researcher (S),reporting researcher (S),reporting researcher (S),reported researcher (K),reporting researcher (S),reporting researcher (S),2 = somewhat dishonest,2 = somewhat insincere,4 = somewhat ethical,2 = somewhat unlikeable,4 = somewhat approachable,4 = somewhat confident the findings are true,5 = very honest,5 = very sincere,4 = somewhat ethical,4 = somewhat likeable,4 = somewhat approachable,reporting researcher (F),reporting researcher (F),reporting researcher (F),reporting researcher (F),reporting researcher (F),reporting researcher (F),reporting researcher (F),reporting researcher (F),reporting researcher (F),5 = very honest,5 = very sincere,5 = very ethical,5 = very likeable,4 = somewhat approachable,4 = somewhat confident the findings are true,4 = somewhat honest,2 = somewhat insincere,4 = somewhat ethical,2 = somewhat unlikeable,2 = somewhat unapproachable,reporting researcher (Y),reported researcher (X),reported researcher (X),reported researcher (X),reported researcher (X),reported researcher (X),reported researcher (X),reported researcher (X),reporting researcher (Y),Somewhat disagree,Male,,Bachelor’s Degree,24,India,English ,complete
1/28/2026 23:19,1/28/2026 23:23,100,214,TRUE,1/28/2026 23:23,R_9Zx2qsGB4vXh0UV,anonymous,EN,1,"Yes, I consent",4 = somewhat honest,3 = neither sincere nor insincere,3 = neither ethical nor unethical,4 = somewhat likeable,4 = somewhat approachable,4 = somewhat confident the findings are true,4 = somewhat honest,5 = very sincere,5 = very ethical,3 = neither likeable nor unlikeable,5 = very approachable,neither reported (K) nor reporting researcher (S),reporting researcher (S),neither reported (K) nor reporting researcher (S),reported researcher (K),neither reported (K) nor reporting researcher (S),neither reported (K) nor reporting researcher (S),neither reported (K) nor reporting researcher (S),neither reported (K) nor reporting researcher (S),reported researcher (K),2 = somewhat dishonest,1 = very insincere,1 = very unethical,2 = somewhat unlikeable,1 = very unapproachable,2 = somewhat confident the findings are false,1 = very dishonest,4 = somewhat sincere,4 = somewhat ethical,4 = somewhat likeable,4 = somewhat approachable,neither reported (H) nor reporting researcher (F),neither reported (H) nor reporting researcher (F),reporting researcher (F),neither reported (H) nor reporting researcher (F),reporting researcher (F),reported researcher (H),neither reported (H) nor reporting researcher (F),neither reported (H) nor reporting researcher (F),neither reported (H) nor reporting researcher (F),4 = somewhat honest,5 = very sincere,5 = very ethical,3 = neither likeable nor unlikeable,4 = somewhat approachable,3 = could go either way,3 = neither honest nor dishonest,4 = somewhat sincere,4 = somewhat ethical,5 = very likeable,3 = neither approachable nor unapproachable,reporting researcher (Y),neither reported (X) nor reporting researcher (Y),reporting researcher (Y),reporting researcher (Y),neither reported (X) nor reporting researcher (Y),neither reported (X) nor reporting researcher (Y),neither reported (X) nor reporting researcher (Y),neither reported (X) nor reporting researcher (Y),neither reported (X) nor reporting researcher (Y),Somewhat disagree,Male,,Associate’s Degree,26,India ,English ,complete
1/28/2026 23:20,1/28/2026 23:27,100,419,TRUE,1/28/2026 23:27,R_4YQYopOGJVZRLnW,anonymous,EN,,"Yes, I consent",3 = neither honest nor dishonest,4 = somewhat sincere,3 = neither ethical nor unethical,2 = somewhat unlikeable,4 = somewhat approachable,3 = could go either way,4 = somewhat honest,3 = neither sincere nor insincere,2 = somewhat unethical,4 = somewhat likeable,3 = neither approachable nor unapproachable,reporting researcher (S),neither reported (K) nor reporting researcher (S),reported researcher (K),neither reported (K) nor reporting researcher (S),neither reported (K) nor reporting researcher (S),reported researcher (K),reporting researcher (S),reporting researcher (S),reported researcher (K),2 = somewhat dishonest,4 = somewhat sincere,3 = neither ethical nor unethical,2 = somewhat unlikeable,1 = very unapproachable,5 = very confident the findings are true,1 = very dishonest,3 = neither sincere nor insincere,4 = somewhat ethical,5 = very likeable,2 = somewhat unapproachable,neither reported (H) nor reporting researcher (F),reported researcher (H),neither reported (H) nor reporting researcher (F),reporting researcher (F),reported researcher (H),reporting researcher (F),neither reported (H) nor reporting researcher (F),neither reported (H) nor reporting researcher (F),neither reported (H) nor reporting researcher (F),1 = very dishonest,5 = very sincere,4 = somewhat ethical,1 = very unlikeable,1 = very unapproachable,3 = could go either way,3 = neither honest nor dishonest,1 = very insincere,5 = very ethical,4 = somewhat likeable,3 = neither approachable nor unapproachable,reporting researcher (Y),neither reported (X) nor reporting researcher (Y),neither reported (X) nor reporting researcher (Y),reported researcher (X),reported researcher (X),neither reported (X) nor reporting researcher (Y),reporting researcher (Y),reporting researcher (Y),neither reported (X) nor reporting researcher (Y),strongly disagree,Male,,Some High School,20,India,Hindi,error
1/28/2026 23:20,1/28/2026 23:27,100,423,TRUE,1/28/2026 23:27,R_4v6C7B4nljXTidY,anonymous,EN,1,"Yes, I consent",3 = neither honest nor dishonest,2 = somewhat insincere,4 = somewhat ethical,5 = very likeable,4 = somewhat approachable,3 = could go either way,4 = somewhat honest,5 = very sincere,5 = very ethical,4 = somewhat likeable,4 = somewhat approachable,neither reported (K) nor reporting researcher (S),neither reported (K) nor reporting researcher (S),reporting researcher (S),reported researcher (K),reported researcher (K),neither reported (K) nor reporting researcher (S),reporting researcher (S),neither reported (K) nor reporting researcher (S),neither reported (K) nor reporting researcher (S),4 = somewhat honest,3 = neither sincere nor insincere,4 = somewhat ethical,5 = very likeable,4 = somewhat approachable,5 = very confident the findings are true,5 = very honest,3 = neither sincere nor insincere,2 = somewhat unethical,1 = very unlikeable,4 = somewhat approachable,reported researcher (H),reported researcher (H),reported researcher (H),neither reported (H) nor reporting researcher (F),neither reported (H) nor reporting researcher (F),reported researcher (H),neither reported (H) nor reporting researcher (F),neither reported (H) nor reporting researcher (F),reporting researcher (F),4 = somewhat honest,5 = very sincere,5 = very ethical,2 = somewhat unlikeable,4 = somewhat approachable,4 = somewhat confident the findings are true,4 = somewhat honest,5 = very sincere,3 = neither ethical nor unethical,4 = somewhat likeable,4 = somewhat approachable,neither reported (X) nor reporting researcher (Y),reported researcher (X),reporting researcher (Y),neither reported (X) nor reporting researcher (Y),reported researcher (X),reported researcher (X),reporting researcher (Y),reporting researcher (Y),neither reported (X) nor reporting researcher (Y),Somewhat disagree,Male,,Bachelor’s Degree,25,India,English,complete
1/28/2026 22:55,1/28/2026 23:29,100,2011,TRUE,1/28/2026 23:29,R_4duglrKIm1R3G5o,anonymous,EN,1,"Yes, I consent",4 = somewhat honest,4 = somewhat sincere,3 = neither ethical nor unethical,3 = neither likeable nor unlikeable,3 = neither approachable nor unapproachable,4 = somewhat confident the findings are true,3 = neither honest nor dishonest,3 = neither sincere nor insincere,3 = neither ethical nor unethical,3 = neither likeable nor unlikeable,3 = neither approachable nor unapproachable,reported researcher (K),neither reported (K) nor reporting researcher (S),neither reported (K) nor reporting researcher (S),neither reported (K) nor reporting researcher (S),neither reported (K) nor reporting researcher (S),neither reported (K) nor reporting researcher (S),neither reported (K) nor reporting researcher (S),reported researcher (K),reported researcher (K),2 = somewhat dishonest,2 = somewhat insincere,2 = somewhat unethical,2 = somewhat unlikeable,2 = somewhat unapproachable,2 = somewhat confident the findings are false,4 = somewhat honest,4 = somewhat sincere,4 = somewhat ethical,4 = somewhat likeable,4 = somewhat approachable,reporting researcher (F),reporting researcher (F),reporting researcher (F),reporting researcher (F),reporting researcher (F),reporting researcher (F),reporting researcher (F),reporting researcher (F),reporting researcher (F),3 = neither honest nor dishonest,3 = neither sincere nor insincere,3 = neither ethical nor unethical,3 = neither likeable nor unlikeable,3 = neither approachable nor unapproachable,3 = could go either way,3 = neither honest nor dishonest,3 = neither sincere nor insincere,3 = neither ethical nor unethical,3 = neither likeable nor unlikeable,3 = neither approachable nor unapproachable,neither reported (X) nor reporting researcher (Y),neither reported (X) nor reporting researcher (Y),neither reported (X) nor reporting researcher (Y),neither reported (X) nor reporting researcher (Y),neither reported (X) nor reporting researcher (Y),neither reported (X) nor reporting researcher (Y),neither reported (X) nor reporting researcher (Y),neither reported (X) nor reporting researcher (Y),neither reported (X) nor reporting researcher (Y),Somewhat disagree,Female,,Bachelor’s Degree,42,India,Bengali,complete
1/28/2026 23:18,1/28/2026 23:29,100,659,TRUE,1/28/2026 23:29,R_92NAbxOhgtWs5bP,anonymous,EN,1,"Yes, I consent",5 = very honest,4 = somewhat sincere,2 = somewhat unethical,4 = somewhat likeable,3 = neither approachable nor unapproachable,3 = could go either way,5 = very honest,5 = very sincere,1 = very unethical,2 = somewhat unlikeable,3 = neither approachable nor unapproachable,reporting researcher (S),reporting researcher (S),reported researcher (K),reporting researcher (S),reporting researcher (S),reporting researcher (S),reported researcher (K),reporting researcher (S),reporting researcher (S),2 = somewhat dishonest,3 = neither sincere nor insincere,1 = very unethical,1 = very unlikeable,3 = neither approachable nor unapproachable,1 = very confident the findings are false,5 = very honest,5 = very sincere,5 = very ethical,5 = very likeable,3 = neither approachable nor unapproachable,reported researcher (H),reporting researcher (F),reported researcher (H),reporting researcher (F),reporting researcher (F),reporting researcher (F),reporting researcher (F),reporting researcher (F),reporting researcher (F),5 = very honest,1 = very insincere,1 = very unethical,1 = very unlikeable,3 = neither approachable nor unapproachable,1 = very confident the findings are false,5 = very honest,5 = very sincere,5 = very ethical,5 = very likeable,3 = neither approachable nor unapproachable,reported researcher (X),reporting researcher (Y),reported researcher (X),reporting researcher (Y),reporting researcher (Y),reporting researcher (Y),reporting researcher (Y),reporting researcher (Y),reporting researcher (Y),Somewhat disagree,Male,,Some college credit or technical school degree,30,India ,"English , Hindi , Japanese, Punjabi ",complete
1/28/2026 23:21,1/28/2026 23:43,100,1321,TRUE,1/28/2026 23:43,R_4pEEr6OxH2VHvrL,anonymous,EN,1,"Yes, I consent",5 = very honest,5 = very sincere,5 = very ethical,4 = somewhat likeable,5 = very approachable,4 = somewhat confident the findings are true,4 = somewhat honest,4 = somewhat sincere,4 = somewhat ethical,5 = very likeable,5 = very approachable,reported researcher (K),reporting researcher (S),reported researcher (K),reported researcher (K),reported researcher (K),reported researcher (K),reported researcher (K),reported researcher (K),reported researcher (K),4 = somewhat honest,4 = somewhat sincere,3 = neither ethical nor unethical,4 = somewhat likeable,4 = somewhat approachable,4 = somewhat confident the findings are true,4 = somewhat honest,4 = somewhat sincere,4 = somewhat ethical,4 = somewhat likeable,4 = somewhat approachable,reporting researcher (F),reporting researcher (F),reported researcher (H),reported researcher (H),reporting researcher (F),reporting researcher (F),reported researcher (H),reported researcher (H),reported researcher (H),4 = somewhat honest,4 = somewhat sincere,4 = somewhat ethical,4 = somewhat likeable,4 = somewhat approachable,4 = somewhat confident the findings are true,4 = somewhat honest,4 = somewhat sincere,4 = somewhat ethical,4 = somewhat likeable,4 = somewhat approachable,reporting researcher (Y),reporting researcher (Y),reported researcher (X),reported researcher (X),reported researcher (X),reporting researcher (Y),reporting researcher (Y),reporting researcher (Y),reported researcher (X),Somewhat disagree,Male,,Bachelor’s Degree,33,India,"Hindi,English",complete
1/28/2026 23:16,1/28/2026 23:52,100,2138,TRUE,1/28/2026 23:52,R_9aPrblrbvOPD7ut,anonymous,EN,1,"Yes, I consent",2 = somewhat dishonest,2 = somewhat insincere,2 = somewhat unethical,2 = somewhat unlikeable,2 = somewhat unapproachable,3 = could go either way,5 = very honest,5 = very sincere,5 = very ethical,4 = somewhat likeable,5 = very approachable,reporting researcher (S),reporting researcher (S),reported researcher (K),reporting researcher (S),reporting researcher (S),reporting researcher (S),reporting researcher (S),reporting researcher (S),reporting researcher (S),2 = somewhat dishonest,2 = somewhat insincere,2 = somewhat unethical,2 = somewhat unlikeable,2 = somewhat unapproachable,2 = somewhat confident the findings are false,5 = very honest,5 = very sincere,5 = very ethical,5 = very likeable,5 = very approachable,reporting researcher (F),reporting researcher (F),reported researcher (H),reporting researcher (F),reporting researcher (F),reporting researcher (F),reporting researcher (F),reporting researcher (F),reporting researcher (F),1 = very dishonest,1 = very insincere,1 = very unethical,1 = very unlikeable,3 = neither approachable nor unapproachable,1 = very confident the findings are false,5 = very honest,5 = very sincere,5 = very ethical,5 = very likeable,5 = very approachable,reporting researcher (Y),reporting researcher (Y),neither reported (X) nor reporting researcher (Y),reporting researcher (Y),reporting researcher (Y),reporting researcher (Y),reporting researcher (Y),reporting researcher (Y),reporting researcher (Y),Somewhat disagree,Male,,Bachelor’s Degree,32,India,"English, Hindi, Odia",complete
1/28/2026 23:18,1/28/2026 23:55,100,2196,TRUE,1/28/2026 23:55,R_9IYqGZF8yQwzHWE,anonymous,EN,0.699999988,"Yes, I consent",4 = somewhat honest,4 = somewhat sincere,4 = somewhat ethical,2 = somewhat unlikeable,2 = somewhat unapproachable,3 = could go either way,5 = very honest,5 = very sincere,5 = very ethical,5 = very likeable,5 = very approachable,reporting researcher (S),reporting researcher (S),reporting researcher (S),reporting researcher (S),reporting researcher (S),reporting researcher (S),reporting researcher (S),reporting researcher (S),reporting researcher (S),1 = very dishonest,1 = very insincere,1 = very unethical,1 = very unlikeable,1 = very unapproachable,1 = very confident the findings are false,5 = very honest,5 = very sincere,5 = very ethical,5 = very likeable,5 = very approachable,reporting researcher (F),reporting researcher (F),reporting researcher (F),reporting researcher (F),reporting researcher (F),reporting researcher (F),reporting researcher (F),reporting researcher (F),reporting researcher (F),1 = very dishonest,1 = very insincere,1 = very unethical,1 = very unlikeable,1 = very unapproachable,1 = very confident the findings are false,5 = very honest,5 = very sincere,5 = very ethical,5 = very likeable,5 = very approachable,reporting researcher (Y),reporting researcher (Y),reporting researcher (Y),reporting researcher (Y),reporting researcher (Y),reporting researcher (Y),reporting researcher (Y),reporting researcher (Y),reporting researcher (Y),Somewhat disagree,Male,,Bachelor’s Degree,44,India,English ,complete
1/29/2026 1:23,1/29/2026 1:29,100,339,TRUE,1/29/2026 1:29,R_2agF1DeWwhYaq28,anonymous,EN,0.800000012,"Yes, I consent",3 = neither honest nor dishonest,2 = somewhat insincere,4 = somewhat ethical,4 = somewhat likeable,3 = neither approachable nor unapproachable,2 = somewhat confident the findings are false,2 = somewhat dishonest,3 = neither sincere nor insincere,4 = somewhat ethical,4 = somewhat likeable,3 = neither approachable nor unapproachable,reporting researcher (S),reporting researcher (S),reported researcher (K),reporting researcher (S),reporting researcher (S),reporting researcher (S),reported researcher (K),reporting researcher (S),reporting researcher (S),4 = somewhat honest,5 = very sincere,4 = somewhat ethical,2 = somewhat unlikeable,2 = somewhat unapproachable,1 = very confident the findings are false,3 = neither honest nor dishonest,3 = neither sincere nor insincere,2 = somewhat unethical,1 = very unlikeable,2 = somewhat unapproachable,reporting researcher (F),neither reported (H) nor reporting researcher (F),neither reported (H) nor reporting researcher (F),reported researcher (H),reporting researcher (F),reported researcher (H),neither reported (H) nor reporting researcher (F),reporting researcher (F),reporting researcher (F),2 = somewhat dishonest,2 = somewhat insincere,3 = neither ethical nor unethical,5 = very likeable,1 = very unapproachable,1 = very confident the findings are false,3 = neither honest nor dishonest,4 = somewhat sincere,2 = somewhat unethical,2 = somewhat unlikeable,3 = neither approachable nor unapproachable,reporting researcher (Y),reporting researcher (Y),reporting researcher (Y),reported researcher (X),neither reported (X) nor reporting researcher (Y),reporting researcher (Y),reporting researcher (Y),reporting researcher (Y),reported researcher (X),Somewhat disagree,Male,,Bachelor’s Degree,22,Ghana ,"English, Asante Twi",complete
1/29/2026 1:20,1/29/2026 1:31,100,627,TRUE,1/29/2026 1:31,R_8wLg7eIJhzJYHBF,anonymous,EN,0.699999988,"Yes, I consent",3 = neither honest nor dishonest,4 = somewhat sincere,4 = somewhat ethical,4 = somewhat likeable,4 = somewhat approachable,4 = somewhat confident the findings are true,4 = somewhat honest,4 = somewhat sincere,4 = somewhat ethical,4 = somewhat likeable,4 = somewhat approachable,reporting researcher (S),reported researcher (K),reported researcher (K),reported researcher (K),reported researcher (K),reporting researcher (S),reporting researcher (S),reporting researcher (S),reporting researcher (S),2 = somewhat dishonest,2 = somewhat insincere,1 = very unethical,2 = somewhat unlikeable,2 = somewhat unapproachable,2 = somewhat confident the findings are false,5 = very honest,4 = somewhat sincere,5 = very ethical,5 = very likeable,5 = very approachable,neither reported (H) nor reporting researcher (F),reporting researcher (F),reported researcher (H),reporting researcher (F),reporting researcher (F),reporting researcher (F),reporting researcher (F),reporting researcher (F),reporting researcher (F),1 = very dishonest,1 = very insincere,1 = very unethical,1 = very unlikeable,1 = very unapproachable,1 = very confident the findings are false,5 = very honest,5 = very sincere,5 = very ethical,5 = very likeable,5 = very approachable,reporting researcher (Y),reporting researcher (Y),reporting researcher (Y),reporting researcher (Y),reporting researcher (Y),reporting researcher (Y),reporting researcher (Y),reporting researcher (Y),reporting researcher (Y),Somewhat disagree,Female,,Master’s Degree,24,Ghana,English ,complete
1/29/2026 1:26,1/29/2026 1:32,100,396,TRUE,1/29/2026 1:32,R_2kdFK59RwcvC73p,anonymous,EN,0.800000012,"Yes, I consent",4 = somewhat honest,2 = somewhat insincere,1 = very unethical,1 = very unlikeable,1 = very unapproachable,1 = very confident the findings are false,5 = very honest,5 = very sincere,5 = very ethical,5 = very likeable,5 = very approachable,reporting researcher (S),reporting researcher (S),reporting researcher (S),reporting researcher (S),reporting researcher (S),reporting researcher (S),reporting researcher (S),reporting researcher (S),reporting researcher (S),4 = somewhat honest,4 = somewhat sincere,5 = very ethical,5 = very likeable,5 = very approachable,5 = very confident the findings are true,1 = very dishonest,5 = very sincere,3 = neither ethical nor unethical,3 = neither likeable nor unlikeable,3 = neither approachable nor unapproachable,neither reported (H) nor reporting researcher (F),reporting researcher (F),reporting researcher (F),reporting researcher (F),reporting researcher (F),reporting researcher (F),reporting researcher (F),reporting researcher (F),reporting researcher (F),5 = very honest,4 = somewhat sincere,5 = very ethical,5 = very likeable,5 = very approachable,5 = very confident the findings are true,4 = somewhat honest,3 = neither sincere nor insincere,2 = somewhat unethical,1 = very unlikeable,1 = very unapproachable,reporting researcher (Y),reporting researcher (Y),reporting researcher (Y),reporting researcher (Y),reporting researcher (Y),reporting researcher (Y),reporting researcher (Y),reporting researcher (Y),reporting researcher (Y),Somewhat agree,Male,,Some college credit or technical school degree,22,Ghana ,English ,complete
1/29/2026 1:19,1/29/2026 1:34,100,894,TRUE,1/29/2026 1:34,R_8qE3hfSUkjAJvHE,anonymous,EN,1,"Yes, I consent",4 = somewhat honest,4 = somewhat sincere,4 = somewhat ethical,4 = somewhat likeable,4 = somewhat approachable,4 = somewhat confident the findings are true,4 = somewhat honest,3 = neither sincere nor insincere,3 = neither ethical nor unethical,3 = neither likeable nor unlikeable,4 = somewhat approachable,reported researcher (K),reported researcher (K),reported researcher (K),reported researcher (K),reported researcher (K),reported researcher (K),reported researcher (K),reported researcher (K),reported researcher (K),2 = somewhat dishonest,2 = somewhat insincere,1 = very unethical,2 = somewhat unlikeable,3 = neither approachable nor unapproachable,3 = could go either way,5 = very honest,4 = somewhat sincere,4 = somewhat ethical,4 = somewhat likeable,4 = somewhat approachable,reporting researcher (F),reporting researcher (F),reported researcher (H),reporting researcher (F),reporting researcher (F),reporting researcher (F),reporting researcher (F),reporting researcher (F),reporting researcher (F),2 = somewhat dishonest,2 = somewhat insincere,1 = very unethical,3 = neither likeable nor unlikeable,3 = neither approachable nor unapproachable,1 = very confident the findings are false,5 = very honest,4 = somewhat sincere,5 = very ethical,5 = very likeable,5 = very approachable,reporting researcher (Y),reporting researcher (Y),reported researcher (X),reporting researcher (Y),reporting researcher (Y),reporting researcher (Y),reporting researcher (Y),reporting researcher (Y),reporting researcher (Y),Somewhat disagree,Male,,High School Diploma or GED,20,Ghana,"English, Twi, Ewe",complete
1/29/2026 1:23,1/29/2026 1:35,100,749,TRUE,1/29/2026 1:35,R_80kbIEs0Ls2Pvu9,anonymous,EN,0.6000000238418579,"Yes, I consent",5 = very honest,3 = neither sincere nor insincere,2 = somewhat unethical,5 = very likeable,4 = somewhat approachable,3 = could go either way,3 = neither honest nor dishonest,2 = somewhat insincere,4 = somewhat ethical,5 = very likeable,4 = somewhat approachable,reported researcher (K),neither reported (K) nor reporting researcher (S),neither reported (K) nor reporting researcher (S),reporting researcher (S),reporting researcher (S),reported researcher (K),reporting researcher (S),reporting researcher (S),reporting researcher (S),3 = neither honest nor dishonest,3 = neither sincere nor insincere,2 = somewhat unethical,2 = somewhat unlikeable,2 = somewhat unapproachable,3 = could go either way,5 = very honest,3 = neither sincere nor insincere,3 = neither ethical nor unethical,3 = neither likeable nor unlikeable,4 = somewhat approachable,reporting researcher (F),neither reported (H) nor reporting researcher (F),neither reported (H) nor reporting researcher (F),reported researcher (H),neither reported (H) nor reporting researcher (F),reporting researcher (F),reported researcher (H),reported researcher (H),reported researcher (H),2 = somewhat dishonest,2 = somewhat insincere,2 = somewhat unethical,5 = very likeable,3 = neither approachable nor unapproachable,4 = somewhat confident the findings are true,3 = neither honest nor dishonest,3 = neither sincere nor insincere,3 = neither ethical nor unethical,2 = somewhat unlikeable,5 = very approachable,reported researcher (X),reporting researcher (Y),neither reported (X) nor reporting researcher (Y),reporting researcher (Y),reporting researcher (Y),reported researcher (X),neither reported (X) nor reporting researcher (Y),neither reported (X) nor reporting researcher (Y),reporting researcher (Y),Neither agree nor disagree,Male,,Some college credit or technical school degree,28,Ghana,English ,complete
1/29/2026 1:26,1/29/2026 1:39,100,813,TRUE,1/29/2026 1:39,R_83djgHlZU2UmUNz,anonymous,EN,0.4000000059604645,"Yes, I consent",2 = somewhat dishonest,2 = somewhat insincere,3 = neither ethical nor unethical,3 = neither likeable nor unlikeable,3 = neither approachable nor unapproachable,2 = somewhat confident the findings are false,4 = somewhat honest,5 = very sincere,4 = somewhat ethical,5 = very likeable,3 = neither approachable nor unapproachable,reported researcher (K),reporting researcher (S),reported researcher (K),neither reported (K) nor reporting researcher (S),neither reported (K) nor reporting researcher (S),reporting researcher (S),reported researcher (K),reporting researcher (S),reporting researcher (S),1 = very dishonest,1 = very insincere,1 = very unethical,3 = neither likeable nor unlikeable,3 = neither approachable nor unapproachable,1 = very confident the findings are false,4 = somewhat honest,4 = somewhat sincere,5 = very ethical,3 = neither likeable nor unlikeable,3 = neither approachable nor unapproachable,reporting researcher (F),reporting researcher (F),reporting researcher (F),reporting researcher (F),reporting researcher (F),reporting researcher (F),reporting researcher (F),reporting researcher (F),reporting researcher (F),1 = very dishonest,1 = very insincere,1 = very unethical,1 = very unlikeable,3 = neither approachable nor unapproachable,1 = very confident the findings are false,5 = very honest,4 = somewhat sincere,5 = very ethical,5 = very likeable,4 = somewhat approachable,reporting researcher (Y),reported researcher (X),reported researcher (X),neither reported (X) nor reporting researcher (Y),neither reported (X) nor reporting researcher (Y),reporting researcher (Y),reporting researcher (Y),reporting researcher (Y),reporting researcher (Y),Somewhat disagree,Female,,"Doctoral Degree (e.g. Ph.D., M.D., J.D., or equivalent)",21,Ghana ,"English, Dargarti ,Twi,Daghani,",complete
1/29/2026 1:23,1/29/2026 1:42,100,1150,TRUE,1/29/2026 1:42,R_2QgFoYDCnGDYTUY,anonymous,EN,1,"Yes, I consent",3 = neither honest nor dishonest,3 = neither sincere nor insincere,3 = neither ethical nor unethical,3 = neither likeable nor unlikeable,2 = somewhat unapproachable,3 = could go either way,4 = somewhat honest,4 = somewhat sincere,3 = neither ethical nor unethical,4 = somewhat likeable,4 = somewhat approachable,reporting researcher (S),reporting researcher (S),neither reported (K) nor reporting researcher (S),reporting researcher (S),reporting researcher (S),reporting researcher (S),reporting researcher (S),reporting researcher (S),reporting researcher (S),1 = very dishonest,1 = very insincere,1 = very unethical,1 = very unlikeable,1 = very unapproachable,1 = very confident the findings are false,5 = very honest,5 = very sincere,5 = very ethical,5 = very likeable,5 = very approachable,reporting researcher (F),reporting researcher (F),reported researcher (H),reporting researcher (F),reporting researcher (F),reporting researcher (F),reporting researcher (F),reporting researcher (F),reporting researcher (F),1 = very dishonest,1 = very insincere,1 = very unethical,1 = very unlikeable,1 = very unapproachable,2 = somewhat confident the findings are false,5 = very honest,5 = very sincere,5 = very ethical,5 = very likeable,5 = very approachable,neither reported (X) nor reporting researcher (Y),reporting researcher (Y),reporting researcher (Y),reporting researcher (Y),reporting researcher (Y),reporting researcher (Y),reporting researcher (Y),reporting researcher (Y),reporting researcher (Y),Somewhat disagree,Male,,Bachelor’s Degree,25,Ghana,English ,complete
1/29/2026 1:47,1/29/2026 1:57,100,614,TRUE,1/29/2026 1:57,R_81RYCjdSL0Nunti,anonymous,EN,0.8999999761581421,"Yes, I consent",5 = very honest,5 = very sincere,5 = very ethical,5 = very likeable,5 = very approachable,5 = very confident the findings are true,5 = very honest,5 = very sincere,5 = very ethical,5 = very likeable,5 = very approachable,reported researcher (K),reported researcher (K),reported researcher (K),reported researcher (K),reported researcher (K),reported researcher (K),reported researcher (K),reported researcher (K),reported researcher (K),5 = very honest,5 = very sincere,5 = very ethical,5 = very likeable,5 = very approachable,5 = very confident the findings are true,5 = very honest,5 = very sincere,5 = very ethical,5 = very likeable,5 = very approachable,reporting researcher (F),reporting researcher (F),reporting researcher (F),reporting researcher (F),reporting researcher (F),reporting researcher (F),reporting researcher (F),reporting researcher (F),reporting researcher (F),5 = very honest,5 = very sincere,5 = very ethical,5 = very likeable,5 = very approachable,5 = very confident the findings are true,5 = very honest,5 = very sincere,5 = very ethical,5 = very likeable,5 = very approachable,reporting researcher (Y),reporting researcher (Y),reporting researcher (Y),reporting researcher (Y),reporting researcher (Y),reporting researcher (Y),reporting researcher (Y),reporting researcher (Y),reporting researcher (Y),Strongly agree,Male,,Some High School,30,Ghana ,English ,complete
1/29/2026 1:36,1/29/2026 2:00,100,1439,TRUE,1/29/2026 2:00,R_8e3Waposdv4NFPC,anonymous,EN,1,"Yes, I consent",4 = somewhat honest,4 = somewhat sincere,3 = neither ethical nor unethical,4 = somewhat likeable,4 = somewhat approachable,3 = could go either way,2 = somewhat dishonest,2 = somewhat insincere,2 = somewhat unethical,2 = somewhat unlikeable,2 = somewhat unapproachable,reporting researcher (S),reporting researcher (S),reporting researcher (S),reporting researcher (S),reporting researcher (S),reporting researcher (S),reporting researcher (S),reporting researcher (S),reporting researcher (S),4 = somewhat honest,4 = somewhat sincere,2 = somewhat unethical,3 = neither likeable nor unlikeable,4 = somewhat approachable,3 = could go either way,2 = somewhat dishonest,2 = somewhat insincere,2 = somewhat unethical,2 = somewhat unlikeable,2 = somewhat unapproachable,neither reported (H) nor reporting researcher (F),neither reported (H) nor reporting researcher (F),neither reported (H) nor reporting researcher (F),neither reported (H) nor reporting researcher (F),neither reported (H) nor reporting researcher (F),neither reported (H) nor reporting researcher (F),reported researcher (H),reporting researcher (F),reporting researcher (F),4 = somewhat honest,4 = somewhat sincere,2 = somewhat unethical,3 = neither likeable nor unlikeable,4 = somewhat approachable,3 = could go either way,2 = somewhat dishonest,3 = neither sincere nor insincere,2 = somewhat unethical,2 = somewhat unlikeable,3 = neither approachable nor unapproachable,neither reported (X) nor reporting researcher (Y),neither reported (X) nor reporting researcher (Y),neither reported (X) nor reporting researcher (Y),neither reported (X) nor reporting researcher (Y),neither reported (X) nor reporting researcher (Y),reporting researcher (Y),reporting researcher (Y),reporting researcher (Y),reporting researcher (Y),Somewhat disagree,Male,,Associate’s Degree,28,Ghana,English,complete
1/29/2026 1:19,1/29/2026 2:05,100,2718,TRUE,1/29/2026 2:05,R_8eEOXMnHTD4Avbq,anonymous,EN,0.699999988,"Yes, I consent",2 = somewhat dishonest,2 = somewhat insincere,2 = somewhat unethical,3 = neither likeable nor unlikeable,2 = somewhat unapproachable,3 = could go either way,4 = somewhat honest,4 = somewhat sincere,4 = somewhat ethical,3 = neither likeable nor unlikeable,3 = neither approachable nor unapproachable,reporting researcher (S),reporting researcher (S),reported researcher (K),neither reported (K) nor reporting researcher (S),neither reported (K) nor reporting researcher (S),reporting researcher (S),reported researcher (K),reporting researcher (S),reporting researcher (S),3 = neither honest nor dishonest,3 = neither sincere nor insincere,3 = neither ethical nor unethical,3 = neither likeable nor unlikeable,3 = neither approachable nor unapproachable,3 = could go either way,3 = neither honest nor dishonest,3 = neither sincere nor insincere,3 = neither ethical nor unethical,3 = neither likeable nor unlikeable,3 = neither approachable nor unapproachable,reporting researcher (F),reporting researcher (F),reported researcher (H),neither reported (H) nor reporting researcher (F),neither reported (H) nor reporting researcher (F),reporting researcher (F),reporting researcher (F),reporting researcher (F),reporting researcher (F),3 = neither honest nor dishonest,4 = somewhat sincere,1 = very unethical,3 = neither likeable nor unlikeable,5 = very approachable,3 = could go either way,5 = very honest,5 = very sincere,4 = somewhat ethical,5 = very likeable,4 = somewhat approachable,reporting researcher (Y),reporting researcher (Y),reporting researcher (Y),reporting researcher (Y),neither reported (X) nor reporting researcher (Y),reporting researcher (Y),reported researcher (X),reporting researcher (Y),reporting researcher (Y),Somewhat disagree,Male,,Bachelor’s Degree,25,Ghana ,Kokomba ,complete
1/29/2026 1:41,1/29/2026 2:16,100,2140,TRUE,1/29/2026 2:16,R_8zSWz9Hd3Tu0AZG,anonymous,EN,1,"Yes, I consent",2 = somewhat dishonest,2 = somewhat insincere,1 = very unethical,2 = somewhat unlikeable,4 = somewhat approachable,1 = very confident the findings are false,5 = very honest,5 = very sincere,5 = very ethical,5 = very likeable,5 = very approachable,neither reported (K) nor reporting researcher (S),reporting researcher (S),neither reported (K) nor reporting researcher (S),reporting researcher (S),reporting researcher (S),reporting researcher (S),reporting researcher (S),reporting researcher (S),reporting researcher (S),1 = very dishonest,1 = very insincere,1 = very unethical,1 = very unlikeable,1 = very unapproachable,1 = very confident the findings are false,5 = very honest,5 = very sincere,5 = very ethical,5 = very likeable,5 = very approachable,reporting researcher (F),reporting researcher (F),reported researcher (H),reporting researcher (F),reporting researcher (F),reporting researcher (F),reported researcher (H),reporting researcher (F),reporting researcher (F),1 = very dishonest,1 = very insincere,1 = very unethical,1 = very unlikeable,1 = very unapproachable,1 = very confident the findings are false,5 = very honest,5 = very sincere,5 = very ethical,5 = very likeable,5 = very approachable,reporting researcher (Y),reporting researcher (Y),reported researcher (X),reporting researcher (Y),reporting researcher (Y),reporting researcher (Y),reported researcher (X),reporting researcher (Y),reporting researcher (Y),Somewhat disagree,Male,,Bachelor’s Degree,29,Ghana,English,complete
1/29/2026 2:07,1/29/2026 2:19,100,674,TRUE,1/29/2026 2:19,R_29up74ejKAzK4pU,anonymous,EN,0.699999988,"Yes, I consent",2 = somewhat dishonest,2 = somewhat insincere,2 = somewhat unethical,2 = somewhat unlikeable,2 = somewhat unapproachable,2 = somewhat confident the findings are false,5 = very honest,5 = very sincere,2 = somewhat unethical,4 = somewhat likeable,4 = somewhat approachable,reported researcher (K),reporting researcher (S),reported researcher (K),neither reported (K) nor reporting researcher (S),neither reported (K) nor reporting researcher (S),reporting researcher (S),reported researcher (K),reporting researcher (S),reporting researcher (S),1 = very dishonest,2 = somewhat insincere,2 = somewhat unethical,2 = somewhat unlikeable,2 = somewhat unapproachable,2 = somewhat confident the findings are false,5 = very honest,5 = very sincere,4 = somewhat ethical,4 = somewhat likeable,4 = somewhat approachable,reporting researcher (F),reporting researcher (F),reported researcher (H),reporting researcher (F),reporting researcher (F),reporting researcher (F),reporting researcher (F),reporting researcher (F),reporting researcher (F),2 = somewhat dishonest,2 = somewhat insincere,2 = somewhat unethical,2 = somewhat unlikeable,2 = somewhat unapproachable,2 = somewhat confident the findings are false,5 = very honest,5 = very sincere,4 = somewhat ethical,4 = somewhat likeable,4 = somewhat approachable,reporting researcher (Y),reporting researcher (Y),reported researcher (X),neither reported (X) nor reporting researcher (Y),neither reported (X) nor reporting researcher (Y),reporting researcher (Y),reporting researcher (Y),reporting researcher (Y),reporting researcher (Y),Somewhat disagree,Female,,Bachelor’s Degree,21,Ghana,English ,complete
1/29/2026 2:19,1/29/2026 2:29,100,630,TRUE,1/29/2026 2:29,R_2QAqsb9plq1hpix,anonymous,EN,1,"Yes, I consent",3 = neither honest nor dishonest,3 = neither sincere nor insincere,3 = neither ethical nor unethical,3 = neither likeable nor unlikeable,3 = neither approachable nor unapproachable,3 = could go either way,4 = somewhat honest,4 = somewhat sincere,4 = somewhat ethical,4 = somewhat likeable,4 = somewhat approachable,reporting researcher (S),reporting researcher (S),reported researcher (K),reporting researcher (S),reporting researcher (S),reporting researcher (S),reported researcher (K),reported researcher (K),reported researcher (K),2 = somewhat dishonest,2 = somewhat insincere,2 = somewhat unethical,2 = somewhat unlikeable,2 = somewhat unapproachable,2 = somewhat confident the findings are false,4 = somewhat honest,4 = somewhat sincere,4 = somewhat ethical,4 = somewhat likeable,4 = somewhat approachable,reporting researcher (F),reporting researcher (F),reporting researcher (F),reporting researcher (F),reporting researcher (F),reporting researcher (F),reporting researcher (F),reporting researcher (F),reporting researcher (F),1 = very dishonest,1 = very insincere,1 = very unethical,1 = very unlikeable,1 = very unapproachable,1 = very confident the findings are false,5 = very honest,5 = very sincere,5 = very ethical,5 = very likeable,5 = very approachable,reporting researcher (Y),reporting researcher (Y),reporting researcher (Y),reporting researcher (Y),reporting researcher (Y),reporting researcher (Y),reporting researcher (Y),reporting researcher (Y),reporting researcher (Y),Somewhat disagree,Male,,Bachelor’s Degree,24,Ghana,"English, Twi",complete
1/29/2026 2:19,1/29/2026 2:31,100,675,TRUE,1/29/2026 2:31,R_2coUbDwfn0K3dBy,anonymous,EN,1,"Yes, I consent",2 = somewhat dishonest,2 = somewhat insincere,2 = somewhat unethical,2 = somewhat unlikeable,4 = somewhat approachable,1 = very confident the findings are false,5 = very honest,5 = very sincere,5 = very ethical,5 = very likeable,5 = very approachable,reporting researcher (S),reporting researcher (S),reporting researcher (S),reporting researcher (S),reporting researcher (S),reporting researcher (S),reporting researcher (S),reporting researcher (S),reporting researcher (S),1 = very dishonest,1 = very insincere,1 = very unethical,1 = very unlikeable,3 = neither approachable nor unapproachable,1 = very confident the findings are false,5 = very honest,5 = very sincere,5 = very ethical,5 = very likeable,5 = very approachable,reporting researcher (F),reporting researcher (F),reporting researcher (F),reporting researcher (F),reporting researcher (F),reporting researcher (F),reporting researcher (F),reporting researcher (F),reporting researcher (F),1 = very dishonest,1 = very insincere,1 = very unethical,1 = very unlikeable,4 = somewhat approachable,1 = very confident the findings are false,5 = very honest,5 = very sincere,5 = very ethical,5 = very likeable,5 = very approachable,reporting researcher (Y),reporting researcher (Y),reporting researcher (Y),reporting researcher (Y),reporting researcher (Y),reporting researcher (Y),reporting researcher (Y),reporting researcher (Y),reporting researcher (Y),Somewhat disagree,Female,,Bachelor’s Degree,30,Ghana ,English ,complete
1/29/2026 2:22,1/29/2026 2:33,100,656,TRUE,1/29/2026 2:33,R_8Y4rXz4UVIVIqC5,anonymous,EN,1,"Yes, I consent",1 = very dishonest,1 = very insincere,1 = very unethical,3 = neither likeable nor unlikeable,3 = neither approachable nor unapproachable,3 = could go either way,5 = very honest,5 = very sincere,4 = somewhat ethical,3 = neither likeable nor unlikeable,3 = neither approachable nor unapproachable,neither reported (K) nor reporting researcher (S),neither reported (K) nor reporting researcher (S),neither reported (K) nor reporting researcher (S),neither reported (K) nor reporting researcher (S),reporting researcher (S),reporting researcher (S),neither reported (K) nor reporting researcher (S),reporting researcher (S),reported researcher (K),2 = somewhat dishonest,2 = somewhat insincere,1 = very unethical,3 = neither likeable nor unlikeable,3 = neither approachable nor unapproachable,2 = somewhat confident the findings are false,5 = very honest,5 = very sincere,4 = somewhat ethical,3 = neither likeable nor unlikeable,3 = neither approachable nor unapproachable,neither reported (H) nor reporting researcher (F),reporting researcher (F),neither reported (H) nor reporting researcher (F),reporting researcher (F),reporting researcher (F),neither reported (H) nor reporting researcher (F),neither reported (H) nor reporting researcher (F),neither reported (H) nor reporting researcher (F),neither reported (H) nor reporting researcher (F),1 = very dishonest,1 = very insincere,1 = very unethical,2 = somewhat unlikeable,3 = neither approachable nor unapproachable,1 = very confident the findings are false,5 = very honest,5 = very sincere,4 = somewhat ethical,4 = somewhat likeable,3 = neither approachable nor unapproachable,neither reported (X) nor reporting researcher (Y),reporting researcher (Y),neither reported (X) nor reporting researcher (Y),reporting researcher (Y),reporting researcher (Y),reporting researcher (Y),neither reported (X) nor reporting researcher (Y),neither reported (X) nor reporting researcher (Y),neither reported (X) nor reporting researcher (Y),strongly disagree,Female,,Bachelor’s Degree,22,Ghana,English ,complete
1/29/2026 2:30,1/29/2026 2:35,100,323,TRUE,1/29/2026 2:35,R_26ttIf4crvqCHU5,anonymous,EN,1,"Yes, I consent",2 = somewhat dishonest,1 = very insincere,3 = neither ethical nor unethical,3 = neither likeable nor unlikeable,4 = somewhat approachable,2 = somewhat confident the findings are false,2 = somewhat dishonest,4 = somewhat sincere,2 = somewhat unethical,4 = somewhat likeable,2 = somewhat unapproachable,neither reported (K) nor reporting researcher (S),reported researcher (K),reporting researcher (S),reported researcher (K),reporting researcher (S),neither reported (K) nor reporting researcher (S),reported researcher (K),reporting researcher (S),reported researcher (K),2 = somewhat dishonest,4 = somewhat sincere,2 = somewhat unethical,2 = somewhat unlikeable,4 = somewhat approachable,3 = could go either way,2 = somewhat dishonest,4 = somewhat sincere,3 = neither ethical nor unethical,4 = somewhat likeable,2 = somewhat unapproachable,neither reported (H) nor reporting researcher (F),reported researcher (H),reporting researcher (F),reported researcher (H),reporting researcher (F),neither reported (H) nor reporting researcher (F),reported researcher (H),neither reported (H) nor reporting researcher (F),reported researcher (H),3 = neither honest nor dishonest,4 = somewhat sincere,3 = neither ethical nor unethical,2 = somewhat unlikeable,4 = somewhat approachable,4 = somewhat confident the findings are true,2 = somewhat dishonest,2 = somewhat insincere,4 = somewhat ethical,2 = somewhat unlikeable,4 = somewhat approachable,neither reported (X) nor reporting researcher (Y),neither reported (X) nor reporting researcher (Y),reported researcher (X),reporting researcher (Y),reported researcher (X),reporting researcher (Y),reported researcher (X),reported researcher (X),reporting researcher (Y),Somewhat disagree,Male,,Master’s Degree,33,Ghana ,English ,complete
1/29/2026 2:39,1/29/2026 2:44,100,314,TRUE,1/29/2026 2:44,R_2ezdJM7UJusUxwt,anonymous,EN,1,"Yes, I consent",1 = very dishonest,1 = very insincere,1 = very unethical,2 = somewhat unlikeable,1 = very unapproachable,2 = somewhat confident the findings are false,3 = neither honest nor dishonest,4 = somewhat sincere,1 = very unethical,2 = somewhat unlikeable,1 = very unapproachable,neither reported (K) nor reporting researcher (S),reported researcher (K),reported researcher (K),reported researcher (K),neither reported (K) nor reporting researcher (S),neither reported (K) nor reporting researcher (S),neither reported (K) nor reporting researcher (S),neither reported (K) nor reporting researcher (S),neither reported (K) nor reporting researcher (S),1 = very dishonest,1 = very insincere,3 = neither ethical nor unethical,1 = very unlikeable,3 = neither approachable nor unapproachable,2 = somewhat confident the findings are false,2 = somewhat dishonest,4 = somewhat sincere,4 = somewhat ethical,3 = neither likeable nor unlikeable,4 = somewhat approachable,reporting researcher (F),neither reported (H) nor reporting researcher (F),reported researcher (H),neither reported (H) nor reporting researcher (F),reporting researcher (F),neither reported (H) nor reporting researcher (F),neither reported (H) nor reporting researcher (F),neither reported (H) nor reporting researcher (F),neither reported (H) nor reporting researcher (F),2 = somewhat dishonest,3 = neither sincere nor insincere,2 = somewhat unethical,2 = somewhat unlikeable,3 = neither approachable nor unapproachable,4 = somewhat confident the findings are true,4 = somewhat honest,3 = neither sincere nor insincere,2 = somewhat unethical,4 = somewhat likeable,2 = somewhat unapproachable,reporting researcher (Y),reported researcher (X),reported researcher (X),reported researcher (X),reporting researcher (Y),reported researcher (X),neither reported (X) nor reporting researcher (Y),reporting researcher (Y),neither reported (X) nor reporting researcher (Y),strongly disagree,Female,,Bachelor’s Degree,34,Ghana,Twi,complete
1/29/2026 2:33,1/29/2026 2:45,100,740,TRUE,1/29/2026 2:45,R_80zrEsDguHWoK7D,anonymous,EN,1,"Yes, I consent",2 = somewhat dishonest,2 = somewhat insincere,2 = somewhat unethical,2 = somewhat unlikeable,2 = somewhat unapproachable,2 = somewhat confident the findings are false,4 = somewhat honest,4 = somewhat sincere,4 = somewhat ethical,4 = somewhat likeable,4 = somewhat approachable,neither reported (K) nor reporting researcher (S),reporting researcher (S),reporting researcher (S),reporting researcher (S),reporting researcher (S),neither reported (K) nor reporting researcher (S),reporting researcher (S),reporting researcher (S),reporting researcher (S),1 = very dishonest,1 = very insincere,1 = very unethical,1 = very unlikeable,3 = neither approachable nor unapproachable,2 = somewhat confident the findings are false,5 = very honest,5 = very sincere,5 = very ethical,5 = very likeable,3 = neither approachable nor unapproachable,neither reported (H) nor reporting researcher (F),neither reported (H) nor reporting researcher (F),reported researcher (H),neither reported (H) nor reporting researcher (F),neither reported (H) nor reporting researcher (F),neither reported (H) nor reporting researcher (F),reporting researcher (F),neither reported (H) nor reporting researcher (F),neither reported (H) nor reporting researcher (F),1 = very dishonest,1 = very insincere,1 = very unethical,1 = very unlikeable,1 = very unapproachable,1 = very confident the findings are false,4 = somewhat honest,4 = somewhat sincere,4 = somewhat ethical,4 = somewhat likeable,4 = somewhat approachable,reporting researcher (Y),reporting researcher (Y),reported researcher (X),reporting researcher (Y),reporting researcher (Y),neither reported (X) nor reporting researcher (Y),reporting researcher (Y),reporting researcher (Y),reporting researcher (Y),Somewhat disagree,Male,,Bachelor’s Degree,25,Ghana ,"English, Dagaare, Twi",complete
1/29/2026 2:30,1/29/2026 2:47,100,1075,TRUE,1/29/2026 2:47,R_8yjcek8JlwwwTpC,anonymous,EN,1,"Yes, I consent",2 = somewhat dishonest,2 = somewhat insincere,4 = somewhat ethical,2 = somewhat unlikeable,5 = very approachable,4 = somewhat confident the findings are true,5 = very honest,5 = very sincere,5 = very ethical,5 = very likeable,3 = neither approachable nor unapproachable,reporting researcher (S),neither reported (K) nor reporting researcher (S),reporting researcher (S),reported researcher (K),reported researcher (K),reported researcher (K),reported researcher (K),neither reported (K) nor reporting researcher (S),reporting researcher (S),2 = somewhat dishonest,2 = somewhat insincere,1 = very unethical,2 = somewhat unlikeable,3 = neither approachable nor unapproachable,2 = somewhat confident the findings are false,5 = very honest,4 = somewhat sincere,5 = very ethical,5 = very likeable,4 = somewhat approachable,reported researcher (H),reporting researcher (F),reported researcher (H),reported researcher (H),reporting researcher (F),reporting researcher (F),reporting researcher (F),reporting researcher (F),reported researcher (H),1 = very dishonest,1 = very insincere,1 = very unethical,2 = somewhat unlikeable,3 = neither approachable nor unapproachable,1 = very confident the findings are false,5 = very honest,4 = somewhat sincere,5 = very ethical,4 = somewhat likeable,4 = somewhat approachable,reporting researcher (Y),reporting researcher (Y),reported researcher (X),reporting researcher (Y),reporting researcher (Y),reporting researcher (Y),reporting researcher (Y),reporting researcher (Y),reporting researcher (Y),Somewhat disagree,Male,,Some High School,19,Ghana ,English ,complete
1/29/2026 2:39,1/29/2026 2:48,100,535,TRUE,1/29/2026 2:48,R_8EKY2P1widT0oXo,anonymous,EN,1,"Yes, I consent",3 = neither honest nor dishonest,3 = neither sincere nor insincere,3 = neither ethical nor unethical,3 = neither likeable nor unlikeable,4 = somewhat approachable,2 = somewhat confident the findings are false,4 = somewhat honest,4 = somewhat sincere,5 = very ethical,4 = somewhat likeable,4 = somewhat approachable,reporting researcher (S),reporting researcher (S),reporting researcher (S),reporting researcher (S),reporting researcher (S),reporting researcher (S),reporting researcher (S),reporting researcher (S),reporting researcher (S),1 = very dishonest,1 = very insincere,1 = very unethical,1 = very unlikeable,1 = very unapproachable,1 = very confident the findings are false,5 = very honest,5 = very sincere,5 = very ethical,5 = very likeable,5 = very approachable,reporting researcher (F),reporting researcher (F),reporting researcher (F),reporting researcher (F),reporting researcher (F),reporting researcher (F),reporting researcher (F),reporting researcher (F),reporting researcher (F),1 = very dishonest,1 = very insincere,1 = very unethical,1 = very unlikeable,1 = very unapproachable,1 = very confident the findings are false,5 = very honest,5 = very sincere,5 = very ethical,5 = very likeable,5 = very approachable,reporting researcher (Y),reporting researcher (Y),reporting researcher (Y),reporting researcher (Y),reporting researcher (Y),reporting researcher (Y),reporting researcher (Y),reporting researcher (Y),reporting researcher (Y),Somewhat disagree,Male,,Bachelor’s Degree,28,Ghana ,English ,complete
1/29/2026 2:45,1/29/2026 2:49,100,252,TRUE,1/29/2026 2:49,R_2whH3mubdRpDsiF,anonymous,EN,1,"Yes, I consent",1 = very dishonest,2 = somewhat insincere,3 = neither ethical nor unethical,2 = somewhat unlikeable,3 = neither approachable nor unapproachable,3 = could go either way,4 = somewhat honest,1 = very insincere,2 = somewhat unethical,2 = somewhat unlikeable,2 = somewhat unapproachable,reported researcher (K),neither reported (K) nor reporting researcher (S),reported researcher (K),reporting researcher (S),reported researcher (K),reported researcher (K),reporting researcher (S),reported researcher (K),neither reported (K) nor reporting researcher (S),3 = neither honest nor dishonest,3 = neither sincere nor insincere,3 = neither ethical nor unethical,1 = very unlikeable,3 = neither approachable nor unapproachable,3 = could go either way,1 = very dishonest,2 = somewhat insincere,3 = neither ethical nor unethical,2 = somewhat unlikeable,4 = somewhat approachable,neither reported (H) nor reporting researcher (F),reported researcher (H),neither reported (H) nor reporting researcher (F),neither reported (H) nor reporting researcher (F),neither reported (H) nor reporting researcher (F),reporting researcher (F),reported researcher (H),reported researcher (H),neither reported (H) nor reporting researcher (F),2 = somewhat dishonest,2 = somewhat insincere,3 = neither ethical nor unethical,2 = somewhat unlikeable,1 = very unapproachable,3 = could go either way,2 = somewhat dishonest,2 = somewhat insincere,1 = very unethical,2 = somewhat unlikeable,1 = very unapproachable,reported researcher (X),reported researcher (X),reported researcher (X),reporting researcher (Y),reported researcher (X),reported researcher (X),reported researcher (X),reported researcher (X),reported researcher (X),strongly disagree,Female,,Some college credit or technical school degree,32,Ghana,English ,complete
1/29/2026 2:29,1/29/2026 2:53,100,1442,TRUE,1/29/2026 2:53,R_83WawJbWKHcGzW3,anonymous,EN,1,"Yes, I consent",4 = somewhat honest,2 = somewhat insincere,1 = very unethical,1 = very unlikeable,1 = very unapproachable,4 = somewhat confident the findings are true,5 = very honest,5 = very sincere,5 = very ethical,5 = very likeable,5 = very approachable,reporting researcher (S),reporting researcher (S),reporting researcher (S),reporting researcher (S),reporting researcher (S),reporting researcher (S),reporting researcher (S),reporting researcher (S),reporting researcher (S),1 = very dishonest,1 = very insincere,1 = very unethical,1 = very unlikeable,1 = very unapproachable,1 = very confident the findings are false,5 = very honest,5 = very sincere,5 = very ethical,5 = very likeable,5 = very approachable,reporting researcher (F),reporting researcher (F),reported researcher (H),reporting researcher (F),reporting researcher (F),reporting researcher (F),reporting researcher (F),reporting researcher (F),reporting researcher (F),1 = very dishonest,1 = very insincere,1 = very unethical,1 = very unlikeable,1 = very unapproachable,1 = very confident the findings are false,5 = very honest,5 = very sincere,5 = very ethical,5 = very likeable,5 = very approachable,reporting researcher (Y),reporting researcher (Y),reported researcher (X),reporting researcher (Y),reporting researcher (Y),reporting researcher (Y),reporting researcher (Y),reporting researcher (Y),reporting researcher (Y),Somewhat disagree,Male,,Bachelor’s Degree,25,Ghana ,English ,complete
1/29/2026 2:18,1/29/2026 2:57,100,2325,TRUE,1/29/2026 2:57,R_2ludr2IOVdfC3fl,anonymous,EN,0.8999999761581421,"Yes, I consent",2 = somewhat dishonest,2 = somewhat insincere,2 = somewhat unethical,3 = neither likeable nor unlikeable,3 = neither approachable nor unapproachable,2 = somewhat confident the findings are false,4 = somewhat honest,5 = very sincere,4 = somewhat ethical,4 = somewhat likeable,5 = very approachable,reporting researcher (S),reporting researcher (S),reporting researcher (S),reporting researcher (S),reporting researcher (S),reporting researcher (S),reporting researcher (S),reporting researcher (S),reporting researcher (S),1 = very dishonest,1 = very insincere,1 = very unethical,1 = very unlikeable,2 = somewhat unapproachable,1 = very confident the findings are false,5 = very honest,5 = very sincere,5 = very ethical,5 = very likeable,5 = very approachable,reporting researcher (F),reporting researcher (F),reporting researcher (F),reporting researcher (F),reporting researcher (F),reporting researcher (F),reporting researcher (F),reporting researcher (F),reporting researcher (F),2 = somewhat dishonest,2 = somewhat insincere,2 = somewhat unethical,3 = neither likeable nor unlikeable,3 = neither approachable nor unapproachable,2 = somewhat confident the findings are false,4 = somewhat honest,4 = somewhat sincere,4 = somewhat ethical,3 = neither likeable nor unlikeable,4 = somewhat approachable,neither reported (X) nor reporting researcher (Y),neither reported (X) nor reporting researcher (Y),neither reported (X) nor reporting researcher (Y),reporting researcher (Y),reporting researcher (Y),neither reported (X) nor reporting researcher (Y),neither reported (X) nor reporting researcher (Y),reporting researcher (Y),neither reported (X) nor reporting researcher (Y),Somewhat disagree,Male,,Bachelor’s Degree,36,Ghana,Twi(Akan) and English ,complete
1/29/2026 2:50,1/29/2026 3:00,100,560,TRUE,1/29/2026 3:00,R_2JJkZAiy4JqvUxA,anonymous,EN,1,"Yes, I consent",4 = somewhat honest,5 = very sincere,2 = somewhat unethical,5 = very likeable,1 = very unapproachable,1 = very confident the findings are false,5 = very honest,5 = very sincere,5 = very ethical,1 = very unlikeable,1 = very unapproachable,reporting researcher (S),reported researcher (K),reporting researcher (S),reported researcher (K),reported researcher (K),reported researcher (K),reported researcher (K),reporting researcher (S),reported researcher (K),5 = very honest,4 = somewhat sincere,1 = very unethical,5 = very likeable,1 = very unapproachable,1 = very confident the findings are false,1 = very dishonest,2 = somewhat insincere,1 = very unethical,3 = neither likeable nor unlikeable,1 = very unapproachable,reporting researcher (F),reporting researcher (F),reporting researcher (F),reporting researcher (F),reporting researcher (F),reported researcher (H),reported researcher (H),reported researcher (H),neither reported (H) nor reporting researcher (F),2 = somewhat dishonest,1 = very insincere,1 = very unethical,5 = very likeable,1 = very unapproachable,1 = very confident the findings are false,4 = somewhat honest,5 = very sincere,4 = somewhat ethical,4 = somewhat likeable,4 = somewhat approachable,reporting researcher (Y),reporting researcher (Y),reporting researcher (Y),reporting researcher (Y),reporting researcher (Y),reporting researcher (Y),reporting researcher (Y),reporting researcher (Y),reporting researcher (Y),Somewhat disagree,Male,,Bachelor’s Degree,24,Ghana ,English ,complete
1/29/2026 2:57,1/29/2026 3:06,100,540,TRUE,1/29/2026 3:06,R_2LNjXjp2PUECSaZ,anonymous,EN,1,"Yes, I consent",3 = neither honest nor dishonest,3 = neither sincere nor insincere,3 = neither ethical nor unethical,3 = neither likeable nor unlikeable,3 = neither approachable nor unapproachable,3 = could go either way,3 = neither honest nor dishonest,3 = neither sincere nor insincere,3 = neither ethical nor unethical,3 = neither likeable nor unlikeable,3 = neither approachable nor unapproachable,neither reported (K) nor reporting researcher (S),neither reported (K) nor reporting researcher (S),neither reported (K) nor reporting researcher (S),neither reported (K) nor reporting researcher (S),neither reported (K) nor reporting researcher (S),neither reported (K) nor reporting researcher (S),neither reported (K) nor reporting researcher (S),neither reported (K) nor reporting researcher (S),neither reported (K) nor reporting researcher (S),1 = very dishonest,1 = very insincere,1 = very unethical,1 = very unlikeable,1 = very unapproachable,1 = very confident the findings are false,5 = very honest,5 = very sincere,5 = very ethical,5 = very likeable,5 = very approachable,reporting researcher (F),reporting researcher (F),reporting researcher (F),reporting researcher (F),reporting researcher (F),reporting researcher (F),reporting researcher (F),reporting researcher (F),reporting researcher (F),1 = very dishonest,1 = very insincere,1 = very unethical,1 = very unlikeable,1 = very unapproachable,1 = very confident the findings are false,5 = very honest,5 = very sincere,5 = very ethical,5 = very likeable,5 = very approachable,reporting researcher (Y),reporting researcher (Y),reporting researcher (Y),reporting researcher (Y),reporting researcher (Y),reporting researcher (Y),reporting researcher (Y),reporting researcher (Y),reporting researcher (Y),Somewhat disagree,Male,,Bachelor’s Degree,26,Ghana ,English ,complete
1/29/2026 2:57,1/29/2026 3:10,100,756,TRUE,1/29/2026 3:10,R_23dI2vCEwiLX164,anonymous,EN,1,"Yes, I consent",3 = neither honest nor dishonest,2 = somewhat insincere,3 = neither ethical nor unethical,2 = somewhat unlikeable,2 = somewhat unapproachable,3 = could go either way,2 = somewhat dishonest,2 = somewhat insincere,4 = somewhat ethical,2 = somewhat unlikeable,4 = somewhat approachable,reported researcher (K),reported researcher (K),reported researcher (K),reported researcher (K),reported researcher (K),reported researcher (K),reported researcher (K),reported researcher (K),reported researcher (K),2 = somewhat dishonest,2 = somewhat insincere,4 = somewhat ethical,4 = somewhat likeable,4 = somewhat approachable,3 = could go either way,4 = somewhat honest,5 = very sincere,3 = neither ethical nor unethical,2 = somewhat unlikeable,4 = somewhat approachable,reported researcher (H),reported researcher (H),reported researcher (H),reported researcher (H),reported researcher (H),reported researcher (H),reported researcher (H),reported researcher (H),reported researcher (H),4 = somewhat honest,4 = somewhat sincere,3 = neither ethical nor unethical,4 = somewhat likeable,3 = neither approachable nor unapproachable,4 = somewhat confident the findings are true,4 = somewhat honest,3 = neither sincere nor insincere,4 = somewhat ethical,2 = somewhat unlikeable,4 = somewhat approachable,reported researcher (X),reported researcher (X),reported researcher (X),reported researcher (X),reported researcher (X),reported researcher (X),reported researcher (X),reported researcher (X),reported researcher (X),Somewhat disagree,Male,,Bachelor’s Degree,28,Ghana ,English ,complete
1/29/2026 3:07,1/29/2026 3:18,100,673,TRUE,1/29/2026 3:18,R_8GcWcOh2yhfPOvp,anonymous,EN,1,"Yes, I consent",4 = somewhat honest,4 = somewhat sincere,4 = somewhat ethical,4 = somewhat likeable,4 = somewhat approachable,4 = somewhat confident the findings are true,5 = very honest,5 = very sincere,5 = very ethical,5 = very likeable,5 = very approachable,reporting researcher (S),reporting researcher (S),reporting researcher (S),reporting researcher (S),reporting researcher (S),reporting researcher (S),reporting researcher (S),reporting researcher (S),reporting researcher (S),4 = somewhat honest,2 = somewhat insincere,2 = somewhat unethical,2 = somewhat unlikeable,2 = somewhat unapproachable,1 = very confident the findings are false,5 = very honest,5 = very sincere,5 = very ethical,5 = very likeable,5 = very approachable,reporting researcher (F),reporting researcher (F),reporting researcher (F),reporting researcher (F),reporting researcher (F),reporting researcher (F),reporting researcher (F),reporting researcher (F),reporting researcher (F),2 = somewhat dishonest,2 = somewhat insincere,2 = somewhat unethical,2 = somewhat unlikeable,2 = somewhat unapproachable,1 = very confident the findings are false,5 = very honest,5 = very sincere,5 = very ethical,5 = very likeable,5 = very approachable,reporting researcher (Y),reporting researcher (Y),reporting researcher (Y),reporting researcher (Y),reporting researcher (Y),reporting researcher (Y),reporting researcher (Y),reporting researcher (Y),reporting researcher (Y),Somewhat disagree,Male,,Bachelor’s Degree,32,Ghana ,English ,complete
1/29/2026 3:09,1/29/2026 3:19,100,636,TRUE,1/29/2026 3:19,R_2EPQC2fAg3mSH46,anonymous,EN,1,"Yes, I consent",2 = somewhat dishonest,2 = somewhat insincere,2 = somewhat unethical,2 = somewhat unlikeable,2 = somewhat unapproachable,2 = somewhat confident the findings are false,4 = somewhat honest,4 = somewhat sincere,4 = somewhat ethical,4 = somewhat likeable,4 = somewhat approachable,reporting researcher (S),reporting researcher (S),reporting researcher (S),reporting researcher (S),reporting researcher (S),reporting researcher (S),reporting researcher (S),reporting researcher (S),reporting researcher (S),1 = very dishonest,1 = very insincere,1 = very unethical,1 = very unlikeable,1 = very unapproachable,2 = somewhat confident the findings are false,5 = very honest,5 = very sincere,5 = very ethical,5 = very likeable,5 = very approachable,reported researcher (H),reporting researcher (F),reporting researcher (F),reporting researcher (F),reporting researcher (F),reporting researcher (F),reporting researcher (F),reporting researcher (F),reporting researcher (F),1 = very dishonest,1 = very insincere,1 = very unethical,1 = very unlikeable,1 = very unapproachable,1 = very confident the findings are false,4 = somewhat honest,4 = somewhat sincere,4 = somewhat ethical,4 = somewhat likeable,4 = somewhat approachable,reporting researcher (Y),reporting researcher (Y),reported researcher (X),reporting researcher (Y),reported researcher (X),reporting researcher (Y),reporting researcher (Y),reporting researcher (Y),reporting researcher (Y),Somewhat disagree,Male,,Bachelor’s Degree,25,Ghana ,English twi ewe ga,complete
1/29/2026 3:11,1/29/2026 3:22,100,639,TRUE,1/29/2026 3:22,R_2ysio3YzWlD5RXH,anonymous,EN,0.8999999761581421,"Yes, I consent",3 = neither honest nor dishonest,2 = somewhat insincere,2 = somewhat unethical,4 = somewhat likeable,5 = very approachable,3 = could go either way,1 = very dishonest,3 = neither sincere nor insincere,4 = somewhat ethical,4 = somewhat likeable,2 = somewhat unapproachable,reported researcher (K),neither reported (K) nor reporting researcher (S),reporting researcher (S),reported researcher (K),reported researcher (K),neither reported (K) nor reporting researcher (S),reporting researcher (S),reported researcher (K),neither reported (K) nor reporting researcher (S),1 = very dishonest,3 = neither sincere nor insincere,4 = somewhat ethical,1 = very unlikeable,3 = neither approachable nor unapproachable,3 = could go either way,2 = somewhat dishonest,1 = very insincere,4 = somewhat ethical,3 = neither likeable nor unlikeable,4 = somewhat approachable,neither reported (H) nor reporting researcher (F),reporting researcher (F),reported researcher (H),reported researcher (H),reporting researcher (F),neither reported (H) nor reporting researcher (F),reported researcher (H),neither reported (H) nor reporting researcher (F),reported researcher (H),2 = somewhat dishonest,3 = neither sincere nor insincere,4 = somewhat ethical,2 = somewhat unlikeable,4 = somewhat approachable,1 = very confident the findings are false,5 = very honest,2 = somewhat insincere,5 = very ethical,5 = very likeable,1 = very unapproachable,reported researcher (X),reporting researcher (Y),neither reported (X) nor reporting researcher (Y),reported researcher (X),reporting researcher (Y),neither reported (X) nor reporting researcher (Y),reported researcher (X),reporting researcher (Y),neither reported (X) nor reporting researcher (Y),Somewhat disagree,Female,,Bachelor’s Degree,26,Ghana,English ,complete
1/29/2026 3:20,1/29/2026 3:24,100,272,TRUE,1/29/2026 3:24,R_296VTFSKetdqpy6,anonymous,EN,1,"Yes, I consent",4 = somewhat honest,3 = neither sincere nor insincere,3 = neither ethical nor unethical,2 = somewhat unlikeable,2 = somewhat unapproachable,3 = could go either way,3 = neither honest nor dishonest,2 = somewhat insincere,4 = somewhat ethical,4 = somewhat likeable,4 = somewhat approachable,neither reported (K) nor reporting researcher (S),reported researcher (K),reporting researcher (S),reporting researcher (S),reporting researcher (S),reporting researcher (S),neither reported (K) nor reporting researcher (S),neither reported (K) nor reporting researcher (S),reported researcher (K),2 = somewhat dishonest,3 = neither sincere nor insincere,2 = somewhat unethical,5 = very likeable,2 = somewhat unapproachable,2 = somewhat confident the findings are false,2 = somewhat dishonest,5 = very sincere,5 = very ethical,4 = somewhat likeable,4 = somewhat approachable,reporting researcher (F),reporting researcher (F),neither reported (H) nor reporting researcher (F),reporting researcher (F),neither reported (H) nor reporting researcher (F),reporting researcher (F),reporting researcher (F),reporting researcher (F),reporting researcher (F),3 = neither honest nor dishonest,2 = somewhat insincere,3 = neither ethical nor unethical,2 = somewhat unlikeable,2 = somewhat unapproachable,2 = somewhat confident the findings are false,4 = somewhat honest,4 = somewhat sincere,4 = somewhat ethical,4 = somewhat likeable,4 = somewhat approachable,reporting researcher (Y),reporting researcher (Y),reporting researcher (Y),reporting researcher (Y),reporting researcher (Y),reporting researcher (Y),reporting researcher (Y),reporting researcher (Y),reporting researcher (Y),Somewhat disagree,Female,,Bachelor’s Degree,21,Ghana ,English ,complete
1/29/2026 2:42,1/29/2026 3:30,100,2850,TRUE,1/29/2026 3:30,R_2DYOAy5S3H7OCvT,anonymous,EN,0.699999988,"Yes, I consent",2 = somewhat dishonest,3 = neither sincere nor insincere,3 = neither ethical nor unethical,3 = neither likeable nor unlikeable,3 = neither approachable nor unapproachable,3 = could go either way,3 = neither honest nor dishonest,3 = neither sincere nor insincere,4 = somewhat ethical,3 = neither likeable nor unlikeable,3 = neither approachable nor unapproachable,neither reported (K) nor reporting researcher (S),neither reported (K) nor reporting researcher (S),reported researcher (K),reporting researcher (S),reporting researcher (S),reporting researcher (S),reporting researcher (S),reporting researcher (S),reporting researcher (S),3 = neither honest nor dishonest,3 = neither sincere nor insincere,3 = neither ethical nor unethical,3 = neither likeable nor unlikeable,3 = neither approachable nor unapproachable,3 = could go either way,3 = neither honest nor dishonest,3 = neither sincere nor insincere,3 = neither ethical nor unethical,3 = neither likeable nor unlikeable,3 = neither approachable nor unapproachable,neither reported (H) nor reporting researcher (F),neither reported (H) nor reporting researcher (F),neither reported (H) nor reporting researcher (F),neither reported (H) nor reporting researcher (F),reporting researcher (F),reporting researcher (F),reported researcher (H),reporting researcher (F),reporting researcher (F),1 = very dishonest,3 = neither sincere nor insincere,2 = somewhat unethical,2 = somewhat unlikeable,2 = somewhat unapproachable,1 = very confident the findings are false,4 = somewhat honest,4 = somewhat sincere,4 = somewhat ethical,4 = somewhat likeable,4 = somewhat approachable,reporting researcher (Y),reporting researcher (Y),reported researcher (X),reporting researcher (Y),reporting researcher (Y),reporting researcher (Y),reporting researcher (Y),reporting researcher (Y),reporting researcher (Y),Somewhat disagree,Male,,Bachelor’s Degree,26,Ghana ,English ,complete
1/29/2026 3:26,1/29/2026 3:31,100,271,TRUE,1/29/2026 3:31,R_2rr76afIfh7By9y,anonymous,EN,0.8999999761581421,"Yes, I consent",2 = somewhat dishonest,3 = neither sincere nor insincere,5 = very ethical,1 = very unlikeable,4 = somewhat approachable,2 = somewhat confident the findings are false,2 = somewhat dishonest,4 = somewhat sincere,5 = very ethical,1 = very unlikeable,2 = somewhat unapproachable,neither reported (K) nor reporting researcher (S),reported researcher (K),reporting researcher (S),reported researcher (K),neither reported (K) nor reporting researcher (S),reported researcher (K),reporting researcher (S),reporting researcher (S),reporting researcher (S),3 = neither honest nor dishonest,2 = somewhat insincere,3 = neither ethical nor unethical,1 = very unlikeable,4 = somewhat approachable,2 = somewhat confident the findings are false,4 = somewhat honest,1 = very insincere,1 = very unethical,3 = neither likeable nor unlikeable,2 = somewhat unapproachable,reported researcher (H),neither reported (H) nor reporting researcher (F),neither reported (H) nor reporting researcher (F),neither reported (H) nor reporting researcher (F),reported researcher (H),reporting researcher (F),reported researcher (H),neither reported (H) nor reporting researcher (F),reported researcher (H),3 = neither honest nor dishonest,2 = somewhat insincere,4 = somewhat ethical,3 = neither likeable nor unlikeable,3 = neither approachable nor unapproachable,4 = somewhat confident the findings are true,1 = very dishonest,2 = somewhat insincere,5 = very ethical,4 = somewhat likeable,2 = somewhat unapproachable,neither reported (X) nor reporting researcher (Y),neither reported (X) nor reporting researcher (Y),reported researcher (X),reported researcher (X),reporting researcher (Y),reported researcher (X),neither reported (X) nor reporting researcher (Y),reported researcher (X),neither reported (X) nor reporting researcher (Y),Neither agree nor disagree,Male,,Associate’s Degree,21,Ghana,English ,complete
1/29/2026 3:28,1/29/2026 3:38,100,603,TRUE,1/29/2026 3:38,R_8SruFvfgtK0UIMb,anonymous,EN,1,"Yes, I consent",4 = somewhat honest,4 = somewhat sincere,4 = somewhat ethical,4 = somewhat likeable,4 = somewhat approachable,4 = somewhat confident the findings are true,5 = very honest,5 = very sincere,5 = very ethical,5 = very likeable,5 = very approachable,neither reported (K) nor reporting researcher (S),reporting researcher (S),reporting researcher (S),reporting researcher (S),reporting researcher (S),reporting researcher (S),reporting researcher (S),reporting researcher (S),reporting researcher (S),5 = very honest,5 = very sincere,5 = very ethical,5 = very likeable,5 = very approachable,5 = very confident the findings are true,5 = very honest,5 = very sincere,5 = very ethical,5 = very likeable,5 = very approachable,reported researcher (H),reported researcher (H),reported researcher (H),reported researcher (H),reported researcher (H),reported researcher (H),reported researcher (H),reported researcher (H),reported researcher (H),4 = somewhat honest,4 = somewhat sincere,4 = somewhat ethical,4 = somewhat likeable,4 = somewhat approachable,4 = somewhat confident the findings are true,5 = very honest,5 = very sincere,5 = very ethical,5 = very likeable,5 = very approachable,reporting researcher (Y),reporting researcher (Y),reporting researcher (Y),reporting researcher (Y),reporting researcher (Y),reporting researcher (Y),reporting researcher (Y),reporting researcher (Y),reporting researcher (Y),Somewhat disagree,Female,,Some college credit or technical school degree,28,Ghana ,English ,complete
1/29/2026 3:29,1/29/2026 3:39,100,567,TRUE,1/29/2026 3:39,R_80jyNj2CyrrVLeZ,anonymous,EN,1,"Yes, I consent",3 = neither honest nor dishonest,3 = neither sincere nor insincere,4 = somewhat ethical,3 = neither likeable nor unlikeable,3 = neither approachable nor unapproachable,3 = could go either way,3 = neither honest nor dishonest,3 = neither sincere nor insincere,3 = neither ethical nor unethical,3 = neither likeable nor unlikeable,3 = neither approachable nor unapproachable,neither reported (K) nor reporting researcher (S),neither reported (K) nor reporting researcher (S),neither reported (K) nor reporting researcher (S),neither reported (K) nor reporting researcher (S),neither reported (K) nor reporting researcher (S),neither reported (K) nor reporting researcher (S),neither reported (K) nor reporting researcher (S),neither reported (K) nor reporting researcher (S),neither reported (K) nor reporting researcher (S),3 = neither honest nor dishonest,3 = neither sincere nor insincere,3 = neither ethical nor unethical,3 = neither likeable nor unlikeable,3 = neither approachable nor unapproachable,3 = could go either way,4 = somewhat honest,2 = somewhat insincere,4 = somewhat ethical,2 = somewhat unlikeable,2 = somewhat unapproachable,reported researcher (H),reporting researcher (F),reported researcher (H),reporting researcher (F),reporting researcher (F),reporting researcher (F),reporting researcher (F),reporting researcher (F),reported researcher (H),3 = neither honest nor dishonest,3 = neither sincere nor insincere,3 = neither ethical nor unethical,3 = neither likeable nor unlikeable,3 = neither approachable nor unapproachable,4 = somewhat confident the findings are true,3 = neither honest nor dishonest,3 = neither sincere nor insincere,3 = neither ethical nor unethical,3 = neither likeable nor unlikeable,3 = neither approachable nor unapproachable,reported researcher (X),reported researcher (X),reporting researcher (Y),reported researcher (X),neither reported (X) nor reporting researcher (Y),neither reported (X) nor reporting researcher (Y),neither reported (X) nor reporting researcher (Y),neither reported (X) nor reporting researcher (Y),neither reported (X) nor reporting researcher (Y),Somewhat disagree,Male,,Associate’s Degree,21,Ghana,English,complete
1/29/2026 3:39,1/29/2026 3:44,100,341,TRUE,1/29/2026 3:44,R_8ATlmRmalLWtSlc,anonymous,EN,1,"Yes, I consent",4 = somewhat honest,4 = somewhat sincere,4 = somewhat ethical,4 = somewhat likeable,4 = somewhat approachable,4 = somewhat confident the findings are true,5 = very honest,5 = very sincere,5 = very ethical,5 = very likeable,5 = very approachable,reporting researcher (S),reporting researcher (S),reporting researcher (S),reporting researcher (S),reporting researcher (S),reporting researcher (S),reporting researcher (S),reporting researcher (S),reporting researcher (S),5 = very honest,5 = very sincere,5 = very ethical,5 = very likeable,5 = very approachable,5 = very confident the findings are true,5 = very honest,5 = very sincere,5 = very ethical,5 = very likeable,5 = very approachable,reporting researcher (F),reporting researcher (F),reporting researcher (F),reporting researcher (F),reporting researcher (F),reporting researcher (F),reporting researcher (F),reporting researcher (F),reporting researcher (F),5 = very honest,5 = very sincere,5 = very ethical,5 = very likeable,5 = very approachable,5 = very confident the findings are true,5 = very honest,5 = very sincere,5 = very ethical,5 = very likeable,5 = very approachable,reporting researcher (Y),reporting researcher (Y),reporting researcher (Y),reporting researcher (Y),reporting researcher (Y),reporting researcher (Y),reporting researcher (Y),reporting researcher (Y),reporting researcher (Y),Somewhat disagree,Female,,Some college credit or technical school degree,28,Ghana ,English ,complete
1/29/2026 3:36,1/29/2026 3:45,100,542,TRUE,1/29/2026 3:45,R_2DtDAWXXCey8krF,anonymous,EN,0.699999988,"Yes, I consent",4 = somewhat honest,4 = somewhat sincere,4 = somewhat ethical,2 = somewhat unlikeable,4 = somewhat approachable,5 = very confident the findings are true,4 = somewhat honest,4 = somewhat sincere,5 = very ethical,5 = very likeable,5 = very approachable,reporting researcher (S),reporting researcher (S),reporting researcher (S),reporting researcher (S),reporting researcher (S),reporting researcher (S),reporting researcher (S),reporting researcher (S),reported researcher (K),4 = somewhat honest,4 = somewhat sincere,4 = somewhat ethical,4 = somewhat likeable,4 = somewhat approachable,4 = somewhat confident the findings are true,5 = very honest,4 = somewhat sincere,4 = somewhat ethical,4 = somewhat likeable,4 = somewhat approachable,reporting researcher (F),reporting researcher (F),reporting researcher (F),reporting researcher (F),reporting researcher (F),reporting researcher (F),reporting researcher (F),reporting researcher (F),reporting researcher (F),4 = somewhat honest,4 = somewhat sincere,4 = somewhat ethical,5 = very likeable,4 = somewhat approachable,5 = very confident the findings are true,5 = very honest,5 = very sincere,5 = very ethical,5 = very likeable,5 = very approachable,reporting researcher (Y),reporting researcher (Y),reporting researcher (Y),reporting researcher (Y),reporting researcher (Y),reporting researcher (Y),reporting researcher (Y),reporting researcher (Y),reporting researcher (Y),Somewhat agree,Male,,Bachelor’s Degree,28,Ghanaian ,English ,complete
1/29/2026 3:45,1/29/2026 3:48,100,219,TRUE,1/29/2026 3:48,R_8pWJVYSwWBfGPsM,anonymous,EN,1,"Yes, I consent",3 = neither honest nor dishonest,3 = neither sincere nor insincere,3 = neither ethical nor unethical,3 = neither likeable nor unlikeable,3 = neither approachable nor unapproachable,3 = could go either way,5 = very honest,5 = very sincere,2 = somewhat unethical,3 = neither likeable nor unlikeable,3 = neither approachable nor unapproachable,neither reported (K) nor reporting researcher (S),neither reported (K) nor reporting researcher (S),reporting researcher (S),reported researcher (K),neither reported (K) nor reporting researcher (S),reporting researcher (S),reporting researcher (S),reported researcher (K),neither reported (K) nor reporting researcher (S),5 = very honest,1 = very insincere,1 = very unethical,2 = somewhat unlikeable,4 = somewhat approachable,4 = somewhat confident the findings are true,5 = very honest,2 = somewhat insincere,1 = very unethical,2 = somewhat unlikeable,4 = somewhat approachable,reporting researcher (F),neither reported (H) nor reporting researcher (F),reporting researcher (F),reported researcher (H),neither reported (H) nor reporting researcher (F),reported researcher (H),reporting researcher (F),neither reported (H) nor reporting researcher (F),reported researcher (H),5 = very honest,3 = neither sincere nor insincere,5 = very ethical,4 = somewhat likeable,4 = somewhat approachable,2 = somewhat confident the findings are false,1 = very dishonest,1 = very insincere,2 = somewhat unethical,3 = neither likeable nor unlikeable,3 = neither approachable nor unapproachable,neither reported (X) nor reporting researcher (Y),neither reported (X) nor reporting researcher (Y),reported researcher (X),reporting researcher (Y),reporting researcher (Y),neither reported (X) nor reporting researcher (Y),reported researcher (X),reported researcher (X),reporting researcher (Y),Somewhat disagree,Female,,Bachelor’s Degree,27,Ghana ,English ,complete
1/29/2026 3:45,1/29/2026 3:53,100,455,TRUE,1/29/2026 3:53,R_2koILsdVl8kobP2,anonymous,EN,1,"Yes, I consent",3 = neither honest nor dishonest,2 = somewhat insincere,4 = somewhat ethical,3 = neither likeable nor unlikeable,3 = neither approachable nor unapproachable,4 = somewhat confident the findings are true,2 = somewhat dishonest,1 = very insincere,1 = very unethical,4 = somewhat likeable,3 = neither approachable nor unapproachable,neither reported (K) nor reporting researcher (S),neither reported (K) nor reporting researcher (S),neither reported (K) nor reporting researcher (S),reporting researcher (S),reporting researcher (S),reporting researcher (S),reporting researcher (S),neither reported (K) nor reporting researcher (S),reported researcher (K),4 = somewhat honest,4 = somewhat sincere,4 = somewhat ethical,3 = neither likeable nor unlikeable,3 = neither approachable nor unapproachable,4 = somewhat confident the findings are true,4 = somewhat honest,3 = neither sincere nor insincere,2 = somewhat unethical,3 = neither likeable nor unlikeable,2 = somewhat unapproachable,neither reported (H) nor reporting researcher (F),neither reported (H) nor reporting researcher (F),neither reported (H) nor reporting researcher (F),neither reported (H) nor reporting researcher (F),neither reported (H) nor reporting researcher (F),neither reported (H) nor reporting researcher (F),neither reported (H) nor reporting researcher (F),neither reported (H) nor reporting researcher (F),neither reported (H) nor reporting researcher (F),1 = very dishonest,1 = very insincere,1 = very unethical,3 = neither likeable nor unlikeable,2 = somewhat unapproachable,2 = somewhat confident the findings are false,3 = neither honest nor dishonest,2 = somewhat insincere,2 = somewhat unethical,1 = very unlikeable,2 = somewhat unapproachable,reporting researcher (Y),reporting researcher (Y),neither reported (X) nor reporting researcher (Y),reported researcher (X),reported researcher (X),reported researcher (X),reported researcher (X),neither reported (X) nor reporting researcher (Y),neither reported (X) nor reporting researcher (Y),Somewhat disagree,Male,,Some High School,25,Ghana ,English ,complete
1/29/2026 4:00,1/29/2026 4:16,100,966,TRUE,1/29/2026 4:16,R_8cvgsWwN052WMgx,anonymous,EN,1,"Yes, I consent",5 = very honest,5 = very sincere,4 = somewhat ethical,1 = very unlikeable,3 = neither approachable nor unapproachable,2 = somewhat confident the findings are false,1 = very dishonest,1 = very insincere,1 = very unethical,2 = somewhat unlikeable,2 = somewhat unapproachable,reported researcher (K),reported researcher (K),reporting researcher (S),reported researcher (K),reported researcher (K),reporting researcher (S),reporting researcher (S),reported researcher (K),reported researcher (K),2 = somewhat dishonest,1 = very insincere,1 = very unethical,2 = somewhat unlikeable,1 = very unapproachable,2 = somewhat confident the findings are false,3 = neither honest nor dishonest,2 = somewhat insincere,2 = somewhat unethical,1 = very unlikeable,3 = neither approachable nor unapproachable,reported researcher (H),neither reported (H) nor reporting researcher (F),reporting researcher (F),reporting researcher (F),neither reported (H) nor reporting researcher (F),reported researcher (H),neither reported (H) nor reporting researcher (F),reported researcher (H),neither reported (H) nor reporting researcher (F),3 = neither honest nor dishonest,2 = somewhat insincere,1 = very unethical,4 = somewhat likeable,1 = very unapproachable,3 = could go either way,1 = very dishonest,1 = very insincere,2 = somewhat unethical,2 = somewhat unlikeable,2 = somewhat unapproachable,reporting researcher (Y),reporting researcher (Y),reported researcher (X),reporting researcher (Y),reported researcher (X),reporting researcher (Y),reporting researcher (Y),reported researcher (X),reported researcher (X),Somewhat disagree,Female,,High School Diploma or GED,24,Ghana ,English ,complete
1/29/2026 4:09,1/29/2026 4:21,100,727,TRUE,1/29/2026 4:21,R_8CVqIMu1Da8weTh,anonymous,EN,,"Yes, I consent",5 = very honest,5 = very sincere,5 = very ethical,5 = very likeable,5 = very approachable,4 = somewhat confident the findings are true,3 = neither honest nor dishonest,3 = neither sincere nor insincere,2 = somewhat unethical,4 = somewhat likeable,4 = somewhat approachable,neither reported (K) nor reporting researcher (S),neither reported (K) nor reporting researcher (S),neither reported (K) nor reporting researcher (S),reporting researcher (S),reported researcher (K),reported researcher (K),reported researcher (K),reported researcher (K),reported researcher (K),2 = somewhat dishonest,2 = somewhat insincere,2 = somewhat unethical,3 = neither likeable nor unlikeable,2 = somewhat unapproachable,5 = very confident the findings are true,4 = somewhat honest,4 = somewhat sincere,4 = somewhat ethical,4 = somewhat likeable,4 = somewhat approachable,reporting researcher (F),reporting researcher (F),reporting researcher (F),reporting researcher (F),reporting researcher (F),reporting researcher (F),reporting researcher (F),reporting researcher (F),reporting researcher (F),1 = very dishonest,1 = very insincere,1 = very unethical,1 = very unlikeable,1 = very unapproachable,1 = very confident the findings are false,5 = very honest,5 = very sincere,5 = very ethical,5 = very likeable,5 = very approachable,reporting researcher (Y),reporting researcher (Y),reporting researcher (Y),reporting researcher (Y),reporting researcher (Y),reporting researcher (Y),reporting researcher (Y),reporting researcher (Y),reporting researcher (Y),Somewhat disagree,Male,,Bachelor’s Degree,22,Ghana,English and Twi,error
1/29/2026 4:00,1/29/2026 4:23,100,1426,TRUE,1/29/2026 4:23,R_2wMmOM8mzYKDArN,anonymous,EN,0.8999999761581421,"Yes, I consent",4 = somewhat honest,4 = somewhat sincere,2 = somewhat unethical,3 = neither likeable nor unlikeable,4 = somewhat approachable,3 = could go either way,4 = somewhat honest,4 = somewhat sincere,4 = somewhat ethical,4 = somewhat likeable,4 = somewhat approachable,reporting researcher (S),neither reported (K) nor reporting researcher (S),reporting researcher (S),reporting researcher (S),neither reported (K) nor reporting researcher (S),reporting researcher (S),neither reported (K) nor reporting researcher (S),reporting researcher (S),reporting researcher (S),2 = somewhat dishonest,2 = somewhat insincere,2 = somewhat unethical,2 = somewhat unlikeable,3 = neither approachable nor unapproachable,4 = somewhat confident the findings are true,4 = somewhat honest,4 = somewhat sincere,4 = somewhat ethical,4 = somewhat likeable,4 = somewhat approachable,reported researcher (H),reported researcher (H),reported researcher (H),neither reported (H) nor reporting researcher (F),neither reported (H) nor reporting researcher (F),reporting researcher (F),neither reported (H) nor reporting researcher (F),reporting researcher (F),reported researcher (H),2 = somewhat dishonest,2 = somewhat insincere,2 = somewhat unethical,2 = somewhat unlikeable,2 = somewhat unapproachable,2 = somewhat confident the findings are false,4 = somewhat honest,4 = somewhat sincere,4 = somewhat ethical,4 = somewhat likeable,4 = somewhat approachable,reporting researcher (Y),reporting researcher (Y),reporting researcher (Y),reporting researcher (Y),reporting researcher (Y),reporting researcher (Y),reporting researcher (Y),reporting researcher (Y),reporting researcher (Y),Somewhat disagree,Male,,Bachelor’s Degree,27,Ghana ,English ,complete
1/29/2026 3:45,1/29/2026 4:25,100,2393,TRUE,1/29/2026 4:25,R_8nDE3RSD3zMVM74,anonymous,EN,1,"Yes, I consent",2 = somewhat dishonest,2 = somewhat insincere,2 = somewhat unethical,3 = neither likeable nor unlikeable,4 = somewhat approachable,2 = somewhat confident the findings are false,5 = very honest,5 = very sincere,5 = very ethical,5 = very likeable,5 = very approachable,reporting researcher (S),reporting researcher (S),reporting researcher (S),reporting researcher (S),reporting researcher (S),reporting researcher (S),reporting researcher (S),reporting researcher (S),reporting researcher (S),1 = very dishonest,1 = very insincere,1 = very unethical,1 = very unlikeable,1 = very unapproachable,5 = very confident the findings are true,5 = very honest,5 = very sincere,5 = very ethical,5 = very likeable,5 = very approachable,reporting researcher (F),reporting researcher (F),reporting researcher (F),reporting researcher (F),reporting researcher (F),reporting researcher (F),reporting researcher (F),reporting researcher (F),reporting researcher (F),1 = very dishonest,1 = very insincere,1 = very unethical,1 = very unlikeable,1 = very unapproachable,5 = very confident the findings are true,5 = very honest,5 = very sincere,5 = very ethical,5 = very likeable,5 = very approachable,reporting researcher (Y),reporting researcher (Y),reporting researcher (Y),reporting researcher (Y),reporting researcher (Y),reporting researcher (Y),reporting researcher (Y),reporting researcher (Y),reporting researcher (Y),Somewhat disagree,Male,,Bachelor’s Degree,32,Ghana ,"English, Fante, and Twi ",complete
1/29/2026 4:24,1/29/2026 4:27,100,201,TRUE,1/29/2026 4:27,R_8LNJYOU0f1FprBv,anonymous,EN,1,"Yes, I consent",4 = somewhat honest,4 = somewhat sincere,4 = somewhat ethical,3 = neither likeable nor unlikeable,4 = somewhat approachable,2 = somewhat confident the findings are false,3 = neither honest nor dishonest,4 = somewhat sincere,4 = somewhat ethical,3 = neither likeable nor unlikeable,4 = somewhat approachable,reporting researcher (S),neither reported (K) nor reporting researcher (S),reporting researcher (S),neither reported (K) nor reporting researcher (S),reporting researcher (S),neither reported (K) nor reporting researcher (S),neither reported (K) nor reporting researcher (S),neither reported (K) nor reporting researcher (S),reporting researcher (S),1 = very dishonest,1 = very insincere,2 = somewhat unethical,2 = somewhat unlikeable,4 = somewhat approachable,4 = somewhat confident the findings are true,5 = very honest,4 = somewhat sincere,3 = neither ethical nor unethical,3 = neither likeable nor unlikeable,2 = somewhat unapproachable,neither reported (H) nor reporting researcher (F),neither reported (H) nor reporting researcher (F),reporting researcher (F),neither reported (H) nor reporting researcher (F),reporting researcher (F),reporting researcher (F),reported researcher (H),neither reported (H) nor reporting researcher (F),neither reported (H) nor reporting researcher (F),3 = neither honest nor dishonest,2 = somewhat insincere,3 = neither ethical nor unethical,3 = neither likeable nor unlikeable,4 = somewhat approachable,3 = could go either way,2 = somewhat dishonest,5 = very sincere,3 = neither ethical nor unethical,3 = neither likeable nor unlikeable,3 = neither approachable nor unapproachable,reporting researcher (Y),neither reported (X) nor reporting researcher (Y),neither reported (X) nor reporting researcher (Y),reporting researcher (Y),neither reported (X) nor reporting researcher (Y),reporting researcher (Y),neither reported (X) nor reporting researcher (Y),reporting researcher (Y),reported researcher (X),Somewhat disagree,Prefer not to say,,High School Diploma or GED,19,Ghana ,English ,complete
1/29/2026 4:03,1/29/2026 4:29,100,1579,TRUE,1/29/2026 4:29,R_2QRdLKQ5igaiqeS,anonymous,EN,1,"Yes, I consent",1 = very dishonest,1 = very insincere,1 = very unethical,1 = very unlikeable,1 = very unapproachable,1 = very confident the findings are false,5 = very honest,5 = very sincere,5 = very ethical,5 = very likeable,5 = very approachable,reporting researcher (S),reporting researcher (S),reporting researcher (S),reporting researcher (S),reporting researcher (S),reporting researcher (S),reporting researcher (S),reporting researcher (S),reporting researcher (S),1 = very dishonest,2 = somewhat insincere,1 = very unethical,2 = somewhat unlikeable,2 = somewhat unapproachable,1 = very confident the findings are false,5 = very honest,5 = very sincere,5 = very ethical,5 = very likeable,5 = very approachable,reporting researcher (F),reporting researcher (F),reporting researcher (F),reporting researcher (F),reporting researcher (F),reporting researcher (F),reporting researcher (F),reporting researcher (F),reporting researcher (F),1 = very dishonest,1 = very insincere,1 = very unethical,1 = very unlikeable,1 = very unapproachable,1 = very confident the findings are false,5 = very honest,5 = very sincere,5 = very ethical,5 = very likeable,5 = very approachable,reporting researcher (Y),reporting researcher (Y),reporting researcher (Y),reporting researcher (Y),reporting researcher (Y),reporting researcher (Y),reporting researcher (Y),reporting researcher (Y),reporting researcher (Y),Somewhat disagree,Male,,Some High School,32,Ghana ,English ,complete
1/29/2026 4:20,1/29/2026 4:29,100,588,TRUE,1/29/2026 4:29,R_2gnEOLQKwV1jkg9,anonymous,EN,1,"Yes, I consent",1 = very dishonest,1 = very insincere,1 = very unethical,1 = very unlikeable,5 = very approachable,1 = very confident the findings are false,5 = very honest,5 = very sincere,5 = very ethical,4 = somewhat likeable,5 = very approachable,reporting researcher (S),reporting researcher (S),reported researcher (K),reporting researcher (S),reporting researcher (S),reporting researcher (S),reported researcher (K),reporting researcher (S),reported researcher (K),2 = somewhat dishonest,2 = somewhat insincere,2 = somewhat unethical,4 = somewhat likeable,5 = very approachable,4 = somewhat confident the findings are true,5 = very honest,5 = very sincere,5 = very ethical,4 = somewhat likeable,5 = very approachable,reported researcher (H),reporting researcher (F),reported researcher (H),neither reported (H) nor reporting researcher (F),reporting researcher (F),reporting researcher (F),reported researcher (H),reported researcher (H),reported researcher (H),1 = very dishonest,1 = very insincere,1 = very unethical,1 = very unlikeable,5 = very approachable,1 = very confident the findings are false,5 = very honest,5 = very sincere,5 = very ethical,4 = somewhat likeable,5 = very approachable,reporting researcher (Y),reporting researcher (Y),reported researcher (X),reporting researcher (Y),reporting researcher (Y),reporting researcher (Y),reporting researcher (Y),reporting researcher (Y),reported researcher (X),Somewhat disagree,Female,,Bachelor’s Degree,23,Ghana ,English ,complete
1/29/2026 4:19,1/29/2026 4:30,100,659,TRUE,1/29/2026 4:30,R_8wAiLsnW4EZs7Q3,anonymous,EN,1,"Yes, I consent",5 = very honest,5 = very sincere,5 = very ethical,5 = very likeable,5 = very approachable,5 = very confident the findings are true,4 = somewhat honest,4 = somewhat sincere,5 = very ethical,5 = very likeable,5 = very approachable,reporting researcher (S),reporting researcher (S),reporting researcher (S),reporting researcher (S),reporting researcher (S),reporting researcher (S),reporting researcher (S),reported researcher (K),reporting researcher (S),1 = very dishonest,1 = very insincere,1 = very unethical,2 = somewhat unlikeable,5 = very approachable,1 = very confident the findings are false,5 = very honest,5 = very sincere,5 = very ethical,5 = very likeable,5 = very approachable,reporting researcher (F),reporting researcher (F),reported researcher (H),reporting researcher (F),reported researcher (H),reporting researcher (F),reporting researcher (F),reported researcher (H),reporting researcher (F),1 = very dishonest,1 = very insincere,1 = very unethical,1 = very unlikeable,1 = very unapproachable,1 = very confident the findings are false,5 = very honest,5 = very sincere,5 = very ethical,5 = very likeable,5 = very approachable,reporting researcher (Y),reporting researcher (Y),reported researcher (X),reporting researcher (Y),reported researcher (X),reporting researcher (Y),reported researcher (X),reported researcher (X),reported researcher (X),Somewhat disagree,Male,,Master’s Degree,31,Ghana,English GA and Twi,complete
1/29/2026 4:30,1/29/2026 4:38,100,453,TRUE,1/29/2026 4:38,R_2DpPWefgfm9lRwH,anonymous,EN,1,"Yes, I consent",3 = neither honest nor dishonest,3 = neither sincere nor insincere,3 = neither ethical nor unethical,3 = neither likeable nor unlikeable,3 = neither approachable nor unapproachable,3 = could go either way,3 = neither honest nor dishonest,3 = neither sincere nor insincere,3 = neither ethical nor unethical,3 = neither likeable nor unlikeable,3 = neither approachable nor unapproachable,neither reported (K) nor reporting researcher (S),neither reported (K) nor reporting researcher (S),reporting researcher (S),reported researcher (K),reporting researcher (S),reporting researcher (S),reported researcher (K),reporting researcher (S),reported researcher (K),3 = neither honest nor dishonest,3 = neither sincere nor insincere,3 = neither ethical nor unethical,3 = neither likeable nor unlikeable,3 = neither approachable nor unapproachable,3 = could go either way,3 = neither honest nor dishonest,1 = very insincere,1 = very unethical,3 = neither likeable nor unlikeable,3 = neither approachable nor unapproachable,neither reported (H) nor reporting researcher (F),neither reported (H) nor reporting researcher (F),reporting researcher (F),reported researcher (H),reporting researcher (F),reported researcher (H),neither reported (H) nor reporting researcher (F),reported researcher (H),reported researcher (H),1 = very dishonest,1 = very insincere,1 = very unethical,1 = very unlikeable,3 = neither approachable nor unapproachable,1 = very confident the findings are false,5 = very honest,5 = very sincere,4 = somewhat ethical,5 = very likeable,5 = very approachable,reporting researcher (Y),reporting researcher (Y),reporting researcher (Y),reporting researcher (Y),reporting researcher (Y),reporting researcher (Y),reporting researcher (Y),reporting researcher (Y),reporting researcher (Y),Somewhat disagree,Female,,Bachelor’s Degree,27,Ghana ,"English, Akan, Spanish ",complete
1/29/2026 4:27,1/29/2026 4:38,100,644,TRUE,1/29/2026 4:38,R_8LUP0d3nxWNHUo9,anonymous,EN,0.800000012,"Yes, I consent",5 = very honest,4 = somewhat sincere,5 = very ethical,5 = very likeable,4 = somewhat approachable,5 = very confident the findings are true,3 = neither honest nor dishonest,3 = neither sincere nor insincere,3 = neither ethical nor unethical,3 = neither likeable nor unlikeable,3 = neither approachable nor unapproachable,reported researcher (K),reported researcher (K),reported researcher (K),reported researcher (K),reported researcher (K),reported researcher (K),reported researcher (K),reported researcher (K),reported researcher (K),5 = very honest,5 = very sincere,5 = very ethical,5 = very likeable,5 = very approachable,5 = very confident the findings are true,5 = very honest,5 = very sincere,5 = very ethical,5 = very likeable,5 = very approachable,reporting researcher (F),reporting researcher (F),reporting researcher (F),reporting researcher (F),reporting researcher (F),reporting researcher (F),reporting researcher (F),reporting researcher (F),reporting researcher (F),3 = neither honest nor dishonest,3 = neither sincere nor insincere,3 = neither ethical nor unethical,3 = neither likeable nor unlikeable,3 = neither approachable nor unapproachable,3 = could go either way,4 = somewhat honest,3 = neither sincere nor insincere,3 = neither ethical nor unethical,3 = neither likeable nor unlikeable,3 = neither approachable nor unapproachable,reporting researcher (Y),reporting researcher (Y),reporting researcher (Y),reporting researcher (Y),reporting researcher (Y),reporting researcher (Y),reporting researcher (Y),reporting researcher (Y),reporting researcher (Y),Somewhat disagree,Male,,Bachelor’s Degree,26,Ghana,English,complete
1/29/2026 4:21,1/29/2026 4:38,100,1024,TRUE,1/29/2026 4:38,R_25zKQZgJSKIQrxU,anonymous,EN,1,"Yes, I consent",5 = very honest,5 = very sincere,4 = somewhat ethical,4 = somewhat likeable,5 = very approachable,5 = very confident the findings are true,5 = very honest,5 = very sincere,5 = very ethical,2 = somewhat unlikeable,3 = neither approachable nor unapproachable,reported researcher (K),reporting researcher (S),reporting researcher (S),reported researcher (K),reported researcher (K),reported researcher (K),reported researcher (K),reporting researcher (S),reporting researcher (S),1 = very dishonest,2 = somewhat insincere,3 = neither ethical nor unethical,2 = somewhat unlikeable,3 = neither approachable nor unapproachable,1 = very confident the findings are false,4 = somewhat honest,3 = neither sincere nor insincere,2 = somewhat unethical,3 = neither likeable nor unlikeable,3 = neither approachable nor unapproachable,reporting researcher (F),reported researcher (H),reporting researcher (F),neither reported (H) nor reporting researcher (F),neither reported (H) nor reporting researcher (F),reporting researcher (F),reporting researcher (F),reported researcher (H),neither reported (H) nor reporting researcher (F),4 = somewhat honest,3 = neither sincere nor insincere,2 = somewhat unethical,2 = somewhat unlikeable,3 = neither approachable nor unapproachable,3 = could go either way,4 = somewhat honest,4 = somewhat sincere,1 = very unethical,3 = neither likeable nor unlikeable,4 = somewhat approachable,reporting researcher (Y),reported researcher (X),reporting researcher (Y),neither reported (X) nor reporting researcher (Y),neither reported (X) nor reporting researcher (Y),reporting researcher (Y),reporting researcher (Y),reported researcher (X),reporting researcher (Y),Somewhat disagree,Female,,Some High School,19,Ghana ,English ,complete
1/29/2026 4:38,1/29/2026 4:42,100,269,TRUE,1/29/2026 4:42,R_2KOe2XGC92Zdwps,anonymous,EN,0.699999988,"Yes, I consent",3 = neither honest nor dishonest,3 = neither sincere nor insincere,3 = neither ethical nor unethical,3 = neither likeable nor unlikeable,3 = neither approachable nor unapproachable,2 = somewhat confident the findings are false,3 = neither honest nor dishonest,2 = somewhat insincere,3 = neither ethical nor unethical,3 = neither likeable nor unlikeable,5 = very approachable,neither reported (K) nor reporting researcher (S),reporting researcher (S),reported researcher (K),reported researcher (K),neither reported (K) nor reporting researcher (S),reported researcher (K),reported researcher (K),reported researcher (K),reported researcher (K),3 = neither honest nor dishonest,3 = neither sincere nor insincere,2 = somewhat unethical,3 = neither likeable nor unlikeable,3 = neither approachable nor unapproachable,3 = could go either way,3 = neither honest nor dishonest,2 = somewhat insincere,2 = somewhat unethical,2 = somewhat unlikeable,2 = somewhat unapproachable,neither reported (H) nor reporting researcher (F),neither reported (H) nor reporting researcher (F),reported researcher (H),neither reported (H) nor reporting researcher (F),reporting researcher (F),neither reported (H) nor reporting researcher (F),reported researcher (H),reported researcher (H),reporting researcher (F),4 = somewhat honest,2 = somewhat insincere,5 = very ethical,3 = neither likeable nor unlikeable,2 = somewhat unapproachable,4 = somewhat confident the findings are true,3 = neither honest nor dishonest,3 = neither sincere nor insincere,4 = somewhat ethical,4 = somewhat likeable,4 = somewhat approachable,neither reported (X) nor reporting researcher (Y),neither reported (X) nor reporting researcher (Y),reported researcher (X),reported researcher (X),reported researcher (X),reporting researcher (Y),reporting researcher (Y),reporting researcher (Y),reported researcher (X),Somewhat disagree,Female,,Master’s Degree,20,Ghana,English ,complete
1/29/2026 4:35,1/29/2026 4:47,100,673,TRUE,1/29/2026 4:47,R_2gZ0OAEWsNQue39,anonymous,EN,1,"Yes, I consent",2 = somewhat dishonest,2 = somewhat insincere,2 = somewhat unethical,2 = somewhat unlikeable,2 = somewhat unapproachable,3 = could go either way,3 = neither honest nor dishonest,3 = neither sincere nor insincere,3 = neither ethical nor unethical,3 = neither likeable nor unlikeable,3 = neither approachable nor unapproachable,neither reported (K) nor reporting researcher (S),neither reported (K) nor reporting researcher (S),neither reported (K) nor reporting researcher (S),neither reported (K) nor reporting researcher (S),neither reported (K) nor reporting researcher (S),neither reported (K) nor reporting researcher (S),neither reported (K) nor reporting researcher (S),neither reported (K) nor reporting researcher (S),neither reported (K) nor reporting researcher (S),1 = very dishonest,1 = very insincere,1 = very unethical,1 = very unlikeable,1 = very unapproachable,1 = very confident the findings are false,3 = neither honest nor dishonest,3 = neither sincere nor insincere,3 = neither ethical nor unethical,3 = neither likeable nor unlikeable,3 = neither approachable nor unapproachable,neither reported (H) nor reporting researcher (F),neither reported (H) nor reporting researcher (F),neither reported (H) nor reporting researcher (F),neither reported (H) nor reporting researcher (F),neither reported (H) nor reporting researcher (F),neither reported (H) nor reporting researcher (F),neither reported (H) nor reporting researcher (F),neither reported (H) nor reporting researcher (F),neither reported (H) nor reporting researcher (F),1 = very dishonest,1 = very insincere,1 = very unethical,1 = very unlikeable,1 = very unapproachable,1 = very confident the findings are false,3 = neither honest nor dishonest,3 = neither sincere nor insincere,3 = neither ethical nor unethical,3 = neither likeable nor unlikeable,3 = neither approachable nor unapproachable,neither reported (X) nor reporting researcher (Y),neither reported (X) nor reporting researcher (Y),neither reported (X) nor reporting researcher (Y),neither reported (X) nor reporting researcher (Y),neither reported (X) nor reporting researcher (Y),neither reported (X) nor reporting researcher (Y),neither reported (X) nor reporting researcher (Y),neither reported (X) nor reporting researcher (Y),neither reported (X) nor reporting researcher (Y),Somewhat disagree,Female,,Master’s Degree,28,Ghana,English and Fante,complete
1/29/2026 4:44,1/29/2026 4:50,100,372,TRUE,1/29/2026 4:50,R_237CiMN6EpykAht,anonymous,EN,1,"Yes, I consent",3 = neither honest nor dishonest,3 = neither sincere nor insincere,2 = somewhat unethical,3 = neither likeable nor unlikeable,4 = somewhat approachable,3 = could go either way,4 = somewhat honest,3 = neither sincere nor insincere,4 = somewhat ethical,3 = neither likeable nor unlikeable,4 = somewhat approachable,reported researcher (K),reporting researcher (S),neither reported (K) nor reporting researcher (S),neither reported (K) nor reporting researcher (S),reported researcher (K),reporting researcher (S),neither reported (K) nor reporting researcher (S),neither reported (K) nor reporting researcher (S),neither reported (K) nor reporting researcher (S),3 = neither honest nor dishonest,4 = somewhat sincere,3 = neither ethical nor unethical,4 = somewhat likeable,3 = neither approachable nor unapproachable,2 = somewhat confident the findings are false,3 = neither honest nor dishonest,4 = somewhat sincere,3 = neither ethical nor unethical,4 = somewhat likeable,3 = neither approachable nor unapproachable,neither reported (H) nor reporting researcher (F),neither reported (H) nor reporting researcher (F),neither reported (H) nor reporting researcher (F),reporting researcher (F),neither reported (H) nor reporting researcher (F),neither reported (H) nor reporting researcher (F),neither reported (H) nor reporting researcher (F),neither reported (H) nor reporting researcher (F),reporting researcher (F),3 = neither honest nor dishonest,2 = somewhat insincere,4 = somewhat ethical,3 = neither likeable nor unlikeable,4 = somewhat approachable,4 = somewhat confident the findings are true,4 = somewhat honest,3 = neither sincere nor insincere,4 = somewhat ethical,4 = somewhat likeable,3 = neither approachable nor unapproachable,neither reported (X) nor reporting researcher (Y),neither reported (X) nor reporting researcher (Y),reporting researcher (Y),neither reported (X) nor reporting researcher (Y),reporting researcher (Y),neither reported (X) nor reporting researcher (Y),reporting researcher (Y),neither reported (X) nor reporting researcher (Y),neither reported (X) nor reporting researcher (Y),Somewhat disagree,Female,,Bachelor’s Degree,24,Ghana ,Ewe,complete
1/29/2026 4:28,1/29/2026 5:04,100,2160,TRUE,1/29/2026 5:04,R_2TE7Iy14cAACZgJ,anonymous,EN,1,"Yes, I consent",2 = somewhat dishonest,2 = somewhat insincere,2 = somewhat unethical,4 = somewhat likeable,4 = somewhat approachable,3 = could go either way,1 = very dishonest,1 = very insincere,1 = very unethical,1 = very unlikeable,1 = very unapproachable,reporting researcher (S),reporting researcher (S),reporting researcher (S),reporting researcher (S),reporting researcher (S),reporting researcher (S),reporting researcher (S),reporting researcher (S),reporting researcher (S),4 = somewhat honest,4 = somewhat sincere,4 = somewhat ethical,4 = somewhat likeable,4 = somewhat approachable,4 = somewhat confident the findings are true,2 = somewhat dishonest,2 = somewhat insincere,2 = somewhat unethical,2 = somewhat unlikeable,2 = somewhat unapproachable,reported researcher (H),reported researcher (H),reported researcher (H),reported researcher (H),reported researcher (H),reported researcher (H),reported researcher (H),reported researcher (H),reported researcher (H),1 = very dishonest,1 = very insincere,1 = very unethical,1 = very unlikeable,2 = somewhat unapproachable,2 = somewhat confident the findings are false,5 = very honest,5 = very sincere,5 = very ethical,5 = very likeable,5 = very approachable,reporting researcher (Y),reporting researcher (Y),reporting researcher (Y),reporting researcher (Y),reporting researcher (Y),reporting researcher (Y),reporting researcher (Y),reporting researcher (Y),reporting researcher (Y),Somewhat disagree,Male,,Bachelor’s Degree,30,Ghana ,English ,complete
1/29/2026 5:01,1/29/2026 5:08,100,443,TRUE,1/29/2026 5:08,R_8yf63eh6nVi0NuO,anonymous,EN,0.8999999761581421,"Yes, I consent",4 = somewhat honest,4 = somewhat sincere,4 = somewhat ethical,4 = somewhat likeable,4 = somewhat approachable,4 = somewhat confident the findings are true,5 = very honest,5 = very sincere,5 = very ethical,5 = very likeable,5 = very approachable,reporting researcher (S),reporting researcher (S),reporting researcher (S),reporting researcher (S),reporting researcher (S),reporting researcher (S),reporting researcher (S),reporting researcher (S),reporting researcher (S),1 = very dishonest,1 = very insincere,1 = very unethical,1 = very unlikeable,1 = very unapproachable,1 = very confident the findings are false,5 = very honest,5 = very sincere,5 = very ethical,5 = very likeable,5 = very approachable,reporting researcher (F),reporting researcher (F),reporting researcher (F),reporting researcher (F),reporting researcher (F),reporting researcher (F),reporting researcher (F),reporting researcher (F),reporting researcher (F),1 = very dishonest,1 = very insincere,1 = very unethical,1 = very unlikeable,2 = somewhat unapproachable,1 = very confident the findings are false,5 = very honest,5 = very sincere,5 = very ethical,5 = very likeable,4 = somewhat approachable,reporting researcher (Y),reporting researcher (Y),neither reported (X) nor reporting researcher (Y),reporting researcher (Y),reporting researcher (Y),reporting researcher (Y),reporting researcher (Y),reporting researcher (Y),reporting researcher (Y),Somewhat disagree,Male,,Bachelor’s Degree,29,Ghana,"Twi, English ",complete
1/29/2026 4:45,1/29/2026 5:09,100,1409,TRUE,1/29/2026 5:09,R_8U5SEJX7GazZFst,anonymous,EN,1,"Yes, I consent",2 = somewhat dishonest,2 = somewhat insincere,2 = somewhat unethical,3 = neither likeable nor unlikeable,4 = somewhat approachable,3 = could go either way,5 = very honest,4 = somewhat sincere,5 = very ethical,4 = somewhat likeable,4 = somewhat approachable,reporting researcher (S),reporting researcher (S),reporting researcher (S),reporting researcher (S),reporting researcher (S),reporting researcher (S),reporting researcher (S),reporting researcher (S),reporting researcher (S),2 = somewhat dishonest,2 = somewhat insincere,2 = somewhat unethical,2 = somewhat unlikeable,4 = somewhat approachable,3 = could go either way,4 = somewhat honest,4 = somewhat sincere,4 = somewhat ethical,4 = somewhat likeable,4 = somewhat approachable,reporting researcher (F),reporting researcher (F),reporting researcher (F),reporting researcher (F),reporting researcher (F),reporting researcher (F),reporting researcher (F),reporting researcher (F),reporting researcher (F),1 = very dishonest,1 = very insincere,1 = very unethical,1 = very unlikeable,1 = very unapproachable,1 = very confident the findings are false,5 = very honest,5 = very sincere,5 = very ethical,5 = very likeable,5 = very approachable,reporting researcher (Y),reporting researcher (Y),reporting researcher (Y),reporting researcher (Y),reporting researcher (Y),reporting researcher (Y),reporting researcher (Y),reporting researcher (Y),reporting researcher (Y),Somewhat disagree,Male,,Bachelor’s Degree,35,Ghana ,English and Ewe,complete
1/29/2026 5:06,1/29/2026 5:09,100,181,TRUE,1/29/2026 5:09,R_8dxYCiQDPHpyVOC,anonymous,EN,1,"Yes, I consent",4 = somewhat honest,2 = somewhat insincere,3 = neither ethical nor unethical,4 = somewhat likeable,1 = very unapproachable,2 = somewhat confident the findings are false,4 = somewhat honest,4 = somewhat sincere,5 = very ethical,4 = somewhat likeable,1 = very unapproachable,neither reported (K) nor reporting researcher (S),neither reported (K) nor reporting researcher (S),neither reported (K) nor reporting researcher (S),reported researcher (K),reporting researcher (S),reporting researcher (S),reporting researcher (S),reported researcher (K),reporting researcher (S),1 = very dishonest,3 = neither sincere nor insincere,4 = somewhat ethical,4 = somewhat likeable,5 = very approachable,4 = somewhat confident the findings are true,4 = somewhat honest,5 = very sincere,1 = very unethical,3 = neither likeable nor unlikeable,5 = very approachable,reporting researcher (F),neither reported (H) nor reporting researcher (F),reported researcher (H),neither reported (H) nor reporting researcher (F),reporting researcher (F),reporting researcher (F),reporting researcher (F),reporting researcher (F),reporting researcher (F),2 = somewhat dishonest,3 = neither sincere nor insincere,3 = neither ethical nor unethical,5 = very likeable,4 = somewhat approachable,4 = somewhat confident the findings are true,3 = neither honest nor dishonest,5 = very sincere,5 = very ethical,5 = very likeable,3 = neither approachable nor unapproachable,neither reported (X) nor reporting researcher (Y),reporting researcher (Y),reporting researcher (Y),neither reported (X) nor reporting researcher (Y),neither reported (X) nor reporting researcher (Y),reported researcher (X),reported researcher (X),neither reported (X) nor reporting researcher (Y),neither reported (X) nor reporting researcher (Y),Somewhat disagree,Male,,Bachelor’s Degree,30,Ghana,English ,complete
1/29/2026 5:08,1/29/2026 5:14,100,349,TRUE,1/29/2026 5:14,R_2rrBFQJY3vLuaa1,anonymous,EN,1,"Yes, I consent",2 = somewhat dishonest,2 = somewhat insincere,1 = very unethical,2 = somewhat unlikeable,3 = neither approachable nor unapproachable,2 = somewhat confident the findings are false,5 = very honest,5 = very sincere,5 = very ethical,3 = neither likeable nor unlikeable,3 = neither approachable nor unapproachable,reported researcher (K),reporting researcher (S),reported researcher (K),reporting researcher (S),reporting researcher (S),reporting researcher (S),reporting researcher (S),reporting researcher (S),reporting researcher (S),1 = very dishonest,1 = very insincere,1 = very unethical,1 = very unlikeable,1 = very unapproachable,1 = very confident the findings are false,5 = very honest,5 = very sincere,5 = very ethical,4 = somewhat likeable,3 = neither approachable nor unapproachable,reported researcher (H),reporting researcher (F),reported researcher (H),reporting researcher (F),reporting researcher (F),reporting researcher (F),reported researcher (H),reporting researcher (F),reporting researcher (F),1 = very dishonest,1 = very insincere,1 = very unethical,3 = neither likeable nor unlikeable,3 = neither approachable nor unapproachable,1 = very confident the findings are false,5 = very honest,5 = very sincere,5 = very ethical,4 = somewhat likeable,3 = neither approachable nor unapproachable,reported researcher (X),reporting researcher (Y),reported researcher (X),reporting researcher (Y),reporting researcher (Y),reporting researcher (Y),reported researcher (X),reporting researcher (Y),reporting researcher (Y),Somewhat disagree,Male,,Bachelor’s Degree,40,Ghana ,"English, Twi 
",complete
1/29/2026 5:00,1/29/2026 5:15,100,896,TRUE,1/29/2026 5:15,R_2Ey001rtaWC6Buh,anonymous,EN,1,"Yes, I consent",2 = somewhat dishonest,2 = somewhat insincere,2 = somewhat unethical,2 = somewhat unlikeable,2 = somewhat unapproachable,4 = somewhat confident the findings are true,5 = very honest,5 = very sincere,5 = very ethical,5 = very likeable,5 = very approachable,reporting researcher (S),reporting researcher (S),neither reported (K) nor reporting researcher (S),reporting researcher (S),reporting researcher (S),reporting researcher (S),reporting researcher (S),reporting researcher (S),reporting researcher (S),1 = very dishonest,1 = very insincere,1 = very unethical,1 = very unlikeable,1 = very unapproachable,1 = very confident the findings are false,5 = very honest,5 = very sincere,5 = very ethical,5 = very likeable,5 = very approachable,reporting researcher (F),reporting researcher (F),neither reported (H) nor reporting researcher (F),reporting researcher (F),reporting researcher (F),reporting researcher (F),reporting researcher (F),reporting researcher (F),reporting researcher (F),1 = very dishonest,1 = very insincere,1 = very unethical,1 = very unlikeable,1 = very unapproachable,1 = very confident the findings are false,5 = very honest,5 = very sincere,5 = very ethical,5 = very likeable,5 = very approachable,reporting researcher (Y),reporting researcher (Y),reporting researcher (Y),reporting researcher (Y),reporting researcher (Y),reporting researcher (Y),reporting researcher (Y),reporting researcher (Y),reporting researcher (Y),Somewhat disagree,Male,,Bachelor’s Degree,25,Ghana ,English ,complete
1/29/2026 5:15,1/29/2026 5:25,100,568,TRUE,1/29/2026 5:25,R_2gOXfjQikHk0fmx,anonymous,EN,1,"Yes, I consent",2 = somewhat dishonest,2 = somewhat insincere,2 = somewhat unethical,2 = somewhat unlikeable,2 = somewhat unapproachable,3 = could go either way,5 = very honest,5 = very sincere,5 = very ethical,5 = very likeable,5 = very approachable,reporting researcher (S),reporting researcher (S),neither reported (K) nor reporting researcher (S),reporting researcher (S),reporting researcher (S),reporting researcher (S),reporting researcher (S),reporting researcher (S),reporting researcher (S),2 = somewhat dishonest,2 = somewhat insincere,2 = somewhat unethical,2 = somewhat unlikeable,2 = somewhat unapproachable,1 = very confident the findings are false,5 = very honest,5 = very sincere,5 = very ethical,5 = very likeable,5 = very approachable,reporting researcher (F),reporting researcher (F),neither reported (H) nor reporting researcher (F),reporting researcher (F),reporting researcher (F),reporting researcher (F),reporting researcher (F),reporting researcher (F),reporting researcher (F),1 = very dishonest,1 = very insincere,1 = very unethical,1 = very unlikeable,1 = very unapproachable,1 = very confident the findings are false,5 = very honest,5 = very sincere,5 = very ethical,5 = very likeable,5 = very approachable,reporting researcher (Y),reporting researcher (Y),neither reported (X) nor reporting researcher (Y),reporting researcher (Y),reporting researcher (Y),reporting researcher (Y),reporting researcher (Y),reporting researcher (Y),reporting researcher (Y),Somewhat disagree,Male,,Bachelor’s Degree,25,Ghana ,English/Twi,complete
1/29/2026 4:40,1/29/2026 5:26,100,2736,TRUE,1/29/2026 5:26,R_8kcBBFXPkuNwJSn,anonymous,EN,0.8999999761581421,"Yes, I consent",1 = very dishonest,2 = somewhat insincere,1 = very unethical,4 = somewhat likeable,4 = somewhat approachable,2 = somewhat confident the findings are false,5 = very honest,5 = very sincere,4 = somewhat ethical,4 = somewhat likeable,4 = somewhat approachable,reporting researcher (S),reporting researcher (S),reporting researcher (S),neither reported (K) nor reporting researcher (S),reporting researcher (S),reported researcher (K),reporting researcher (S),reported researcher (K),reporting researcher (S),1 = very dishonest,2 = somewhat insincere,1 = very unethical,2 = somewhat unlikeable,4 = somewhat approachable,1 = very confident the findings are false,5 = very honest,5 = very sincere,5 = very ethical,2 = somewhat unlikeable,4 = somewhat approachable,neither reported (H) nor reporting researcher (F),reporting researcher (F),reported researcher (H),neither reported (H) nor reporting researcher (F),reporting researcher (F),reporting researcher (F),reporting researcher (F),reported researcher (H),neither reported (H) nor reporting researcher (F),1 = very dishonest,1 = very insincere,1 = very unethical,1 = very unlikeable,4 = somewhat approachable,1 = very confident the findings are false,5 = very honest,5 = very sincere,4 = somewhat ethical,4 = somewhat likeable,5 = very approachable,reporting researcher (Y),reporting researcher (Y),reported researcher (X),neither reported (X) nor reporting researcher (Y),reporting researcher (Y),reported researcher (X),reporting researcher (Y),neither reported (X) nor reporting researcher (Y),reporting researcher (Y),Somewhat disagree,Female,,Bachelor’s Degree,22,Ghana,English,complete
1/29/2026 5:21,1/29/2026 5:28,100,465,TRUE,1/29/2026 5:28,R_8lMN7TkF0cwAsIX,anonymous,EN,0.699999988,"Yes, I consent",1 = very dishonest,1 = very insincere,1 = very unethical,1 = very unlikeable,1 = very unapproachable,1 = very confident the findings are false,5 = very honest,5 = very sincere,5 = very ethical,5 = very likeable,5 = very approachable,reporting researcher (S),reporting researcher (S),reporting researcher (S),reporting researcher (S),reporting researcher (S),reporting researcher (S),reporting researcher (S),reporting researcher (S),reporting researcher (S),1 = very dishonest,1 = very insincere,1 = very unethical,1 = very unlikeable,1 = very unapproachable,1 = very confident the findings are false,5 = very honest,5 = very sincere,5 = very ethical,5 = very likeable,5 = very approachable,reporting researcher (F),reporting researcher (F),reporting researcher (F),reporting researcher (F),reporting researcher (F),reporting researcher (F),reporting researcher (F),reporting researcher (F),reporting researcher (F),1 = very dishonest,1 = very insincere,1 = very unethical,1 = very unlikeable,1 = very unapproachable,1 = very confident the findings are false,5 = very honest,5 = very sincere,5 = very ethical,5 = very likeable,5 = very approachable,reporting researcher (Y),reporting researcher (Y),reporting researcher (Y),reporting researcher (Y),reporting researcher (Y),reporting researcher (Y),reporting researcher (Y),reporting researcher (Y),reporting researcher (Y),Somewhat disagree,Female,,Bachelor’s Degree,23,Ghana,English,complete
1/29/2026 5:20,1/29/2026 5:31,100,661,TRUE,1/29/2026 5:31,R_29rWwTJ3pDcdGff,anonymous,EN,1,"Yes, I consent",4 = somewhat honest,4 = somewhat sincere,4 = somewhat ethical,4 = somewhat likeable,4 = somewhat approachable,4 = somewhat confident the findings are true,4 = somewhat honest,4 = somewhat sincere,4 = somewhat ethical,4 = somewhat likeable,4 = somewhat approachable,neither reported (K) nor reporting researcher (S),neither reported (K) nor reporting researcher (S),neither reported (K) nor reporting researcher (S),neither reported (K) nor reporting researcher (S),neither reported (K) nor reporting researcher (S),neither reported (K) nor reporting researcher (S),neither reported (K) nor reporting researcher (S),neither reported (K) nor reporting researcher (S),neither reported (K) nor reporting researcher (S),3 = neither honest nor dishonest,3 = neither sincere nor insincere,3 = neither ethical nor unethical,3 = neither likeable nor unlikeable,3 = neither approachable nor unapproachable,3 = could go either way,3 = neither honest nor dishonest,3 = neither sincere nor insincere,3 = neither ethical nor unethical,3 = neither likeable nor unlikeable,4 = somewhat approachable,reported researcher (H),reported researcher (H),reported researcher (H),reported researcher (H),reported researcher (H),reported researcher (H),reported researcher (H),reported researcher (H),reported researcher (H),2 = somewhat dishonest,2 = somewhat insincere,2 = somewhat unethical,2 = somewhat unlikeable,2 = somewhat unapproachable,2 = somewhat confident the findings are false,1 = very dishonest,1 = very insincere,1 = very unethical,1 = very unlikeable,1 = very unapproachable,reporting researcher (Y),reporting researcher (Y),reporting researcher (Y),reporting researcher (Y),reporting researcher (Y),reporting researcher (Y),reporting researcher (Y),reporting researcher (Y),reporting researcher (Y),Somewhat disagree,Male,,Bachelor’s Degree,34,Ghana,Twi,complete
1/29/2026 5:22,1/29/2026 5:31,100,556,TRUE,1/29/2026 5:31,R_2wMORWTNJz7vA1y,anonymous,EN,1,"Yes, I consent",1 = very dishonest,1 = very insincere,1 = very unethical,1 = very unlikeable,2 = somewhat unapproachable,2 = somewhat confident the findings are false,5 = very honest,5 = very sincere,5 = very ethical,5 = very likeable,5 = very approachable,reporting researcher (S),reporting researcher (S),reporting researcher (S),reporting researcher (S),reporting researcher (S),reporting researcher (S),reporting researcher (S),reporting researcher (S),reporting researcher (S),3 = neither honest nor dishonest,4 = somewhat sincere,4 = somewhat ethical,4 = somewhat likeable,4 = somewhat approachable,5 = very confident the findings are true,5 = very honest,5 = very sincere,5 = very ethical,5 = very likeable,5 = very approachable,reported researcher (H),reported researcher (H),reported researcher (H),neither reported (H) nor reporting researcher (F),neither reported (H) nor reporting researcher (F),reporting researcher (F),neither reported (H) nor reporting researcher (F),neither reported (H) nor reporting researcher (F),neither reported (H) nor reporting researcher (F),3 = neither honest nor dishonest,4 = somewhat sincere,4 = somewhat ethical,5 = very likeable,5 = very approachable,5 = very confident the findings are true,5 = very honest,5 = very sincere,5 = very ethical,5 = very likeable,5 = very approachable,reporting researcher (Y),reporting researcher (Y),reporting researcher (Y),reporting researcher (Y),reporting researcher (Y),reporting researcher (Y),neither reported (X) nor reporting researcher (Y),reporting researcher (Y),reporting researcher (Y),Somewhat disagree,Female,,High School Diploma or GED,21,Ghana ,English ,complete
1/29/2026 5:25,1/29/2026 5:35,100,615,TRUE,1/29/2026 5:35,R_2EcTdYAG6AAiwBm,anonymous,EN,1,"Yes, I consent",2 = somewhat dishonest,2 = somewhat insincere,2 = somewhat unethical,2 = somewhat unlikeable,2 = somewhat unapproachable,2 = somewhat confident the findings are false,2 = somewhat dishonest,2 = somewhat insincere,2 = somewhat unethical,2 = somewhat unlikeable,2 = somewhat unapproachable,reporting researcher (S),reported researcher (K),reported researcher (K),reported researcher (K),reported researcher (K),reported researcher (K),reported researcher (K),reported researcher (K),reported researcher (K),2 = somewhat dishonest,2 = somewhat insincere,1 = very unethical,2 = somewhat unlikeable,2 = somewhat unapproachable,2 = somewhat confident the findings are false,4 = somewhat honest,4 = somewhat sincere,4 = somewhat ethical,4 = somewhat likeable,4 = somewhat approachable,reporting researcher (F),reporting researcher (F),reporting researcher (F),reporting researcher (F),reporting researcher (F),reporting researcher (F),reporting researcher (F),reporting researcher (F),reporting researcher (F),2 = somewhat dishonest,2 = somewhat insincere,2 = somewhat unethical,4 = somewhat likeable,4 = somewhat approachable,4 = somewhat confident the findings are true,2 = somewhat dishonest,2 = somewhat insincere,2 = somewhat unethical,2 = somewhat unlikeable,2 = somewhat unapproachable,reporting researcher (Y),reporting researcher (Y),reporting researcher (Y),reporting researcher (Y),reporting researcher (Y),reporting researcher (Y),reporting researcher (Y),reporting researcher (Y),reporting researcher (Y),Somewhat disagree,Male,,Bachelor’s Degree,36,Ghana,"English, Fante",complete
1/29/2026 5:15,1/29/2026 5:37,100,1376,TRUE,1/29/2026 5:38,R_2pk5XpGtBxYzBYJ,anonymous,EN,,"Yes, I consent",4 = somewhat honest,4 = somewhat sincere,2 = somewhat unethical,4 = somewhat likeable,4 = somewhat approachable,5 = very confident the findings are true,5 = very honest,5 = very sincere,5 = very ethical,5 = very likeable,5 = very approachable,reporting researcher (S),reporting researcher (S),reporting researcher (S),reporting researcher (S),reporting researcher (S),reporting researcher (S),reported researcher (K),reported researcher (K),reported researcher (K),2 = somewhat dishonest,2 = somewhat insincere,2 = somewhat unethical,4 = somewhat likeable,4 = somewhat approachable,3 = could go either way,5 = very honest,5 = very sincere,5 = very ethical,5 = very likeable,5 = very approachable,reported researcher (H),reporting researcher (F),reported researcher (H),reporting researcher (F),reporting researcher (F),reporting researcher (F),reported researcher (H),reported researcher (H),reported researcher (H),2 = somewhat dishonest,2 = somewhat insincere,1 = very unethical,2 = somewhat unlikeable,4 = somewhat approachable,2 = somewhat confident the findings are false,5 = very honest,5 = very sincere,5 = very ethical,5 = very likeable,5 = very approachable,reporting researcher (Y),reporting researcher (Y),reporting researcher (Y),reporting researcher (Y),reporting researcher (Y),reporting researcher (Y),reported researcher (X),reporting researcher (Y),reported researcher (X),Somewhat disagree,Male,,Master’s Degree,38,Ghana ,English ,error
1/29/2026 5:23,1/29/2026 5:39,100,939,TRUE,1/29/2026 5:39,R_8B6ppYu6Rn0gIcp,anonymous,EN,1,"Yes, I consent",2 = somewhat dishonest,2 = somewhat insincere,2 = somewhat unethical,3 = neither likeable nor unlikeable,3 = neither approachable nor unapproachable,2 = somewhat confident the findings are false,4 = somewhat honest,4 = somewhat sincere,5 = very ethical,5 = very likeable,5 = very approachable,reporting researcher (S),reporting researcher (S),reporting researcher (S),reporting researcher (S),reporting researcher (S),reporting researcher (S),reporting researcher (S),reporting researcher (S),reporting researcher (S),1 = very dishonest,1 = very insincere,1 = very unethical,1 = very unlikeable,2 = somewhat unapproachable,1 = very confident the findings are false,4 = somewhat honest,4 = somewhat sincere,2 = somewhat unethical,2 = somewhat unlikeable,3 = neither approachable nor unapproachable,neither reported (H) nor reporting researcher (F),neither reported (H) nor reporting researcher (F),reported researcher (H),neither reported (H) nor reporting researcher (F),neither reported (H) nor reporting researcher (F),reported researcher (H),neither reported (H) nor reporting researcher (F),reporting researcher (F),reporting researcher (F),1 = very dishonest,1 = very insincere,1 = very unethical,1 = very unlikeable,1 = very unapproachable,2 = somewhat confident the findings are false,5 = very honest,5 = very sincere,5 = very ethical,5 = very likeable,5 = very approachable,reporting researcher (Y),reporting researcher (Y),reporting researcher (Y),reporting researcher (Y),reporting researcher (Y),reporting researcher (Y),reporting researcher (Y),reporting researcher (Y),reporting researcher (Y),Somewhat disagree,Male,,Bachelor’s Degree,22,Ghana ,English ,complete
1/29/2026 5:35,1/29/2026 5:43,100,458,TRUE,1/29/2026 5:43,R_2jIXcDylURTNe6H,anonymous,EN,1,"Yes, I consent",1 = very dishonest,1 = very insincere,1 = very unethical,1 = very unlikeable,1 = very unapproachable,1 = very confident the findings are false,5 = very honest,5 = very sincere,5 = very ethical,5 = very likeable,5 = very approachable,reporting researcher (S),reporting researcher (S),reporting researcher (S),reporting researcher (S),reporting researcher (S),reporting researcher (S),reporting researcher (S),reporting researcher (S),reporting researcher (S),3 = neither honest nor dishonest,3 = neither sincere nor insincere,3 = neither ethical nor unethical,3 = neither likeable nor unlikeable,3 = neither approachable nor unapproachable,3 = could go either way,4 = somewhat honest,4 = somewhat sincere,4 = somewhat ethical,4 = somewhat likeable,4 = somewhat approachable,reporting researcher (F),neither reported (H) nor reporting researcher (F),neither reported (H) nor reporting researcher (F),neither reported (H) nor reporting researcher (F),neither reported (H) nor reporting researcher (F),neither reported (H) nor reporting researcher (F),neither reported (H) nor reporting researcher (F),neither reported (H) nor reporting researcher (F),neither reported (H) nor reporting researcher (F),2 = somewhat dishonest,1 = very insincere,1 = very unethical,1 = very unlikeable,1 = very unapproachable,1 = very confident the findings are false,5 = very honest,5 = very sincere,5 = very ethical,5 = very likeable,5 = very approachable,reporting researcher (Y),reporting researcher (Y),reporting researcher (Y),reporting researcher (Y),reporting researcher (Y),reporting researcher (Y),reporting researcher (Y),reporting researcher (Y),reporting researcher (Y),Somewhat disagree,Male,,Associate’s Degree,30,Ghana ,"English, French, Ewe, Twi, Ga",complete
1/29/2026 5:33,1/29/2026 5:45,100,722,TRUE,1/29/2026 5:45,R_2oqe1XDH8Uj7SCd,anonymous,EN,1,"Yes, I consent",3 = neither honest nor dishonest,4 = somewhat sincere,2 = somewhat unethical,4 = somewhat likeable,4 = somewhat approachable,4 = somewhat confident the findings are true,4 = somewhat honest,4 = somewhat sincere,5 = very ethical,5 = very likeable,5 = very approachable,neither reported (K) nor reporting researcher (S),reporting researcher (S),reported researcher (K),reporting researcher (S),reporting researcher (S),reporting researcher (S),reported researcher (K),reported researcher (K),reporting researcher (S),1 = very dishonest,1 = very insincere,1 = very unethical,1 = very unlikeable,3 = neither approachable nor unapproachable,3 = could go either way,5 = very honest,5 = very sincere,5 = very ethical,3 = neither likeable nor unlikeable,4 = somewhat approachable,reporting researcher (F),reporting researcher (F),reported researcher (H),reporting researcher (F),reporting researcher (F),reporting researcher (F),reported researcher (H),reported researcher (H),reporting researcher (F),1 = very dishonest,2 = somewhat insincere,1 = very unethical,3 = neither likeable nor unlikeable,4 = somewhat approachable,3 = could go either way,5 = very honest,5 = very sincere,5 = very ethical,5 = very likeable,5 = very approachable,reporting researcher (Y),reporting researcher (Y),reported researcher (X),reporting researcher (Y),reporting researcher (Y),reporting researcher (Y),neither reported (X) nor reporting researcher (Y),reported researcher (X),reporting researcher (Y),Somewhat disagree,Female,,Bachelor’s Degree,27,Ghana,English Ewe,complete
1/29/2026 5:37,1/29/2026 5:45,100,516,TRUE,1/29/2026 5:45,R_82D5Q0jvrkumhPp,anonymous,EN,1,"Yes, I consent",2 = somewhat dishonest,2 = somewhat insincere,4 = somewhat ethical,4 = somewhat likeable,4 = somewhat approachable,4 = somewhat confident the findings are true,4 = somewhat honest,4 = somewhat sincere,4 = somewhat ethical,4 = somewhat likeable,4 = somewhat approachable,reported researcher (K),reported researcher (K),neither reported (K) nor reporting researcher (S),neither reported (K) nor reporting researcher (S),neither reported (K) nor reporting researcher (S),neither reported (K) nor reporting researcher (S),reported researcher (K),reporting researcher (S),reporting researcher (S),4 = somewhat honest,4 = somewhat sincere,4 = somewhat ethical,4 = somewhat likeable,4 = somewhat approachable,4 = somewhat confident the findings are true,4 = somewhat honest,4 = somewhat sincere,4 = somewhat ethical,4 = somewhat likeable,4 = somewhat approachable,reported researcher (H),neither reported (H) nor reporting researcher (F),reporting researcher (F),neither reported (H) nor reporting researcher (F),reporting researcher (F),reported researcher (H),reported researcher (H),reporting researcher (F),reporting researcher (F),4 = somewhat honest,4 = somewhat sincere,4 = somewhat ethical,4 = somewhat likeable,4 = somewhat approachable,4 = somewhat confident the findings are true,4 = somewhat honest,4 = somewhat sincere,4 = somewhat ethical,4 = somewhat likeable,4 = somewhat approachable,neither reported (X) nor reporting researcher (Y),reported researcher (X),neither reported (X) nor reporting researcher (Y),reporting researcher (Y),reporting researcher (Y),neither reported (X) nor reporting researcher (Y),neither reported (X) nor reporting researcher (Y),reported researcher (X),reporting researcher (Y),Somewhat disagree,Female,,Some High School,27,Ghana ,English and Twi,complete
1/29/2026 5:28,1/29/2026 5:49,100,1215,TRUE,1/29/2026 5:49,R_8LiFN82O9FG6f5p,anonymous,EN,1,"Yes, I consent",2 = somewhat dishonest,2 = somewhat insincere,1 = very unethical,3 = neither likeable nor unlikeable,3 = neither approachable nor unapproachable,4 = somewhat confident the findings are true,5 = very honest,5 = very sincere,5 = very ethical,3 = neither likeable nor unlikeable,3 = neither approachable nor unapproachable,reporting researcher (S),reporting researcher (S),neither reported (K) nor reporting researcher (S),reporting researcher (S),reporting researcher (S),reporting researcher (S),reporting researcher (S),reporting researcher (S),reporting researcher (S),1 = very dishonest,1 = very insincere,1 = very unethical,1 = very unlikeable,3 = neither approachable nor unapproachable,2 = somewhat confident the findings are false,4 = somewhat honest,4 = somewhat sincere,5 = very ethical,5 = very likeable,4 = somewhat approachable,reporting researcher (F),reporting researcher (F),reported researcher (H),reporting researcher (F),reporting researcher (F),reporting researcher (F),reporting researcher (F),reporting researcher (F),reporting researcher (F),1 = very dishonest,1 = very insincere,1 = very unethical,1 = very unlikeable,1 = very unapproachable,1 = very confident the findings are false,5 = very honest,5 = very sincere,5 = very ethical,5 = very likeable,5 = very approachable,reporting researcher (Y),reporting researcher (Y),reporting researcher (Y),reporting researcher (Y),reporting researcher (Y),reporting researcher (Y),reporting researcher (Y),reporting researcher (Y),reporting researcher (Y),Somewhat disagree,Female,,Bachelor’s Degree,25,Ghana ,English ,complete
1/29/2026 3:38,1/29/2026 5:52,100,8041,TRUE,1/29/2026 5:52,R_8utOS2Wd2vjTVxn,anonymous,EN,1,"Yes, I consent",2 = somewhat dishonest,2 = somewhat insincere,2 = somewhat unethical,2 = somewhat unlikeable,2 = somewhat unapproachable,2 = somewhat confident the findings are false,4 = somewhat honest,4 = somewhat sincere,4 = somewhat ethical,4 = somewhat likeable,4 = somewhat approachable,reporting researcher (S),reporting researcher (S),reporting researcher (S),reporting researcher (S),reporting researcher (S),reporting researcher (S),reporting researcher (S),reporting researcher (S),reporting researcher (S),2 = somewhat dishonest,2 = somewhat insincere,2 = somewhat unethical,2 = somewhat unlikeable,2 = somewhat unapproachable,2 = somewhat confident the findings are false,4 = somewhat honest,4 = somewhat sincere,4 = somewhat ethical,4 = somewhat likeable,4 = somewhat approachable,reporting researcher (F),reporting researcher (F),reported researcher (H),reporting researcher (F),reporting researcher (F),reporting researcher (F),reporting researcher (F),reporting researcher (F),reporting researcher (F),1 = very dishonest,1 = very insincere,1 = very unethical,1 = very unlikeable,1 = very unapproachable,2 = somewhat confident the findings are false,4 = somewhat honest,4 = somewhat sincere,4 = somewhat ethical,4 = somewhat likeable,4 = somewhat approachable,reporting researcher (Y),reporting researcher (Y),reporting researcher (Y),reporting researcher (Y),reporting researcher (Y),reporting researcher (Y),reporting researcher (Y),reporting researcher (Y),reporting researcher (Y),strongly disagree,Male,,Master’s Degree,26,Ghana ,English and Asante Twi,complete
1/29/2026 5:45,1/29/2026 5:54,100,562,TRUE,1/29/2026 5:54,R_2oZ6NvRLw81Tm8A,anonymous,EN,1,"Yes, I consent",1 = very dishonest,1 = very insincere,1 = very unethical,1 = very unlikeable,1 = very unapproachable,1 = very confident the findings are false,4 = somewhat honest,5 = very sincere,4 = somewhat ethical,4 = somewhat likeable,4 = somewhat approachable,reporting researcher (S),reporting researcher (S),reporting researcher (S),reporting researcher (S),reporting researcher (S),reporting researcher (S),reporting researcher (S),reporting researcher (S),reporting researcher (S),1 = very dishonest,1 = very insincere,1 = very unethical,1 = very unlikeable,1 = very unapproachable,1 = very confident the findings are false,5 = very honest,5 = very sincere,5 = very ethical,5 = very likeable,5 = very approachable,neither reported (H) nor reporting researcher (F),reporting researcher (F),neither reported (H) nor reporting researcher (F),reporting researcher (F),reporting researcher (F),reporting researcher (F),reporting researcher (F),reporting researcher (F),reporting researcher (F),1 = very dishonest,1 = very insincere,1 = very unethical,1 = very unlikeable,1 = very unapproachable,1 = very confident the findings are false,5 = very honest,5 = very sincere,5 = very ethical,5 = very likeable,5 = very approachable,reporting researcher (Y),reporting researcher (Y),reporting researcher (Y),reporting researcher (Y),reporting researcher (Y),reporting researcher (Y),reporting researcher (Y),reporting researcher (Y),reporting researcher (Y),Somewhat disagree,Male,,Some High School,26,Ghana ,English ,complete
1/29/2026 5:50,1/29/2026 5:55,100,291,TRUE,1/29/2026 5:55,R_2TFgcdSug3PkxaZ,anonymous,EN,0.8999999761581421,"Yes, I consent",1 = very dishonest,1 = very insincere,1 = very unethical,1 = very unlikeable,1 = very unapproachable,1 = very confident the findings are false,5 = very honest,5 = very sincere,5 = very ethical,5 = very likeable,5 = very approachable,reporting researcher (S),reporting researcher (S),reported researcher (K),reporting researcher (S),reporting researcher (S),reporting researcher (S),reporting researcher (S),reporting researcher (S),reporting researcher (S),1 = very dishonest,1 = very insincere,1 = very unethical,1 = very unlikeable,1 = very unapproachable,1 = very confident the findings are false,5 = very honest,5 = very sincere,5 = very ethical,5 = very likeable,5 = very approachable,reporting researcher (F),reporting researcher (F),reported researcher (H),reporting researcher (F),reporting researcher (F),reporting researcher (F),reporting researcher (F),reporting researcher (F),reporting researcher (F),1 = very dishonest,1 = very insincere,1 = very unethical,1 = very unlikeable,1 = very unapproachable,1 = very confident the findings are false,5 = very honest,5 = very sincere,5 = very ethical,5 = very likeable,5 = very approachable,reporting researcher (Y),reporting researcher (Y),reported researcher (X),reporting researcher (Y),reporting researcher (Y),reporting researcher (Y),reporting researcher (Y),reporting researcher (Y),reporting researcher (Y),Somewhat disagree,Male,,Bachelor’s Degree,33,Ghana ,English ,complete
1/29/2026 5:52,1/29/2026 5:55,100,194,TRUE,1/29/2026 5:55,R_8y0vYacUb45KUPT,anonymous,EN,1,"Yes, I consent",4 = somewhat honest,4 = somewhat sincere,4 = somewhat ethical,4 = somewhat likeable,4 = somewhat approachable,4 = somewhat confident the findings are true,4 = somewhat honest,4 = somewhat sincere,4 = somewhat ethical,4 = somewhat likeable,4 = somewhat approachable,reported researcher (K),reporting researcher (S),neither reported (K) nor reporting researcher (S),reported researcher (K),reported researcher (K),reporting researcher (S),reporting researcher (S),neither reported (K) nor reporting researcher (S),reporting researcher (S),4 = somewhat honest,4 = somewhat sincere,4 = somewhat ethical,4 = somewhat likeable,4 = somewhat approachable,4 = somewhat confident the findings are true,4 = somewhat honest,4 = somewhat sincere,4 = somewhat ethical,4 = somewhat likeable,4 = somewhat approachable,reported researcher (H),reported researcher (H),neither reported (H) nor reporting researcher (F),reported researcher (H),reporting researcher (F),reporting researcher (F),reporting researcher (F),neither reported (H) nor reporting researcher (F),reported researcher (H),4 = somewhat honest,4 = somewhat sincere,4 = somewhat ethical,4 = somewhat likeable,4 = somewhat approachable,4 = somewhat confident the findings are true,4 = somewhat honest,4 = somewhat sincere,4 = somewhat ethical,4 = somewhat likeable,4 = somewhat approachable,neither reported (X) nor reporting researcher (Y),reported researcher (X),reporting researcher (Y),reported researcher (X),reported researcher (X),reporting researcher (Y),reporting researcher (Y),reported researcher (X),reported researcher (X),Somewhat agree,Female,,Some High School,27,Ghana ,English and Twi ,complete
1/29/2026 5:48,1/29/2026 5:56,100,459,TRUE,1/29/2026 5:56,R_8GdhEWxV6lIM0A5,anonymous,EN,1,"Yes, I consent",3 = neither honest nor dishonest,3 = neither sincere nor insincere,3 = neither ethical nor unethical,3 = neither likeable nor unlikeable,3 = neither approachable nor unapproachable,3 = could go either way,3 = neither honest nor dishonest,3 = neither sincere nor insincere,3 = neither ethical nor unethical,3 = neither likeable nor unlikeable,3 = neither approachable nor unapproachable,neither reported (K) nor reporting researcher (S),neither reported (K) nor reporting researcher (S),neither reported (K) nor reporting researcher (S),neither reported (K) nor reporting researcher (S),neither reported (K) nor reporting researcher (S),neither reported (K) nor reporting researcher (S),neither reported (K) nor reporting researcher (S),neither reported (K) nor reporting researcher (S),neither reported (K) nor reporting researcher (S),3 = neither honest nor dishonest,3 = neither sincere nor insincere,3 = neither ethical nor unethical,3 = neither likeable nor unlikeable,3 = neither approachable nor unapproachable,3 = could go either way,3 = neither honest nor dishonest,3 = neither sincere nor insincere,3 = neither ethical nor unethical,3 = neither likeable nor unlikeable,3 = neither approachable nor unapproachable,neither reported (H) nor reporting researcher (F),neither reported (H) nor reporting researcher (F),neither reported (H) nor reporting researcher (F),neither reported (H) nor reporting researcher (F),neither reported (H) nor reporting researcher (F),neither reported (H) nor reporting researcher (F),neither reported (H) nor reporting researcher (F),neither reported (H) nor reporting researcher (F),neither reported (H) nor reporting researcher (F),3 = neither honest nor dishonest,3 = neither sincere nor insincere,3 = neither ethical nor unethical,3 = neither likeable nor unlikeable,3 = neither approachable nor unapproachable,3 = could go either way,3 = neither honest nor dishonest,3 = neither sincere nor insincere,3 = neither ethical nor unethical,3 = neither likeable nor unlikeable,3 = neither approachable nor unapproachable,neither reported (X) nor reporting researcher (Y),neither reported (X) nor reporting researcher (Y),neither reported (X) nor reporting researcher (Y),neither reported (X) nor reporting researcher (Y),neither reported (X) nor reporting researcher (Y),neither reported (X) nor reporting researcher (Y),neither reported (X) nor reporting researcher (Y),neither reported (X) nor reporting researcher (Y),neither reported (X) nor reporting researcher (Y),Neither agree nor disagree,Female,,Some college credit or technical school degree,27,Ghana,English,complete
1/29/2026 5:43,1/29/2026 5:58,100,871,TRUE,1/29/2026 5:58,R_8iI4MTSdDQyHYY2,anonymous,EN,1,"Yes, I consent",2 = somewhat dishonest,2 = somewhat insincere,2 = somewhat unethical,2 = somewhat unlikeable,3 = neither approachable nor unapproachable,3 = could go either way,5 = very honest,5 = very sincere,5 = very ethical,5 = very likeable,5 = very approachable,reporting researcher (S),reporting researcher (S),reporting researcher (S),reporting researcher (S),reporting researcher (S),reporting researcher (S),reporting researcher (S),reporting researcher (S),reporting researcher (S),1 = very dishonest,1 = very insincere,1 = very unethical,1 = very unlikeable,2 = somewhat unapproachable,1 = very confident the findings are false,5 = very honest,5 = very sincere,5 = very ethical,5 = very likeable,5 = very approachable,reporting researcher (F),reporting researcher (F),reporting researcher (F),reporting researcher (F),reporting researcher (F),reporting researcher (F),reporting researcher (F),reporting researcher (F),reporting researcher (F),1 = very dishonest,1 = very insincere,1 = very unethical,1 = very unlikeable,2 = somewhat unapproachable,1 = very confident the findings are false,5 = very honest,5 = very sincere,5 = very ethical,5 = very likeable,5 = very approachable,reporting researcher (Y),reporting researcher (Y),reporting researcher (Y),reporting researcher (Y),reporting researcher (Y),reporting researcher (Y),reporting researcher (Y),reporting researcher (Y),reporting researcher (Y),Somewhat disagree,Male,,Bachelor’s Degree,30,Ghana ,English ,complete
1/29/2026 5:35,1/29/2026 5:59,100,1440,TRUE,1/29/2026 5:59,R_2PdHxQ3KyOPmCrf,anonymous,EN,1,"Yes, I consent",2 = somewhat dishonest,2 = somewhat insincere,1 = very unethical,1 = very unlikeable,2 = somewhat unapproachable,2 = somewhat confident the findings are false,5 = very honest,5 = very sincere,5 = very ethical,2 = somewhat unlikeable,4 = somewhat approachable,reporting researcher (S),reporting researcher (S),reporting researcher (S),reporting researcher (S),reporting researcher (S),reporting researcher (S),reporting researcher (S),reporting researcher (S),reporting researcher (S),2 = somewhat dishonest,1 = very insincere,1 = very unethical,1 = very unlikeable,2 = somewhat unapproachable,3 = could go either way,3 = neither honest nor dishonest,4 = somewhat sincere,3 = neither ethical nor unethical,2 = somewhat unlikeable,3 = neither approachable nor unapproachable,reporting researcher (F),reporting researcher (F),reporting researcher (F),reporting researcher (F),reporting researcher (F),reporting researcher (F),reporting researcher (F),reporting researcher (F),reporting researcher (F),3 = neither honest nor dishonest,2 = somewhat insincere,1 = very unethical,1 = very unlikeable,2 = somewhat unapproachable,2 = somewhat confident the findings are false,4 = somewhat honest,4 = somewhat sincere,4 = somewhat ethical,1 = very unlikeable,2 = somewhat unapproachable,reported researcher (X),neither reported (X) nor reporting researcher (Y),reported researcher (X),neither reported (X) nor reporting researcher (Y),reporting researcher (Y),reporting researcher (Y),reporting researcher (Y),neither reported (X) nor reporting researcher (Y),neither reported (X) nor reporting researcher (Y),Somewhat disagree,Female,,High School Diploma or GED,36,Ghana ,English ,complete
1/29/2026 5:48,1/29/2026 6:02,100,839,TRUE,1/29/2026 6:02,R_83lsMIpeE32sy9W,anonymous,EN,0.800000012,"Yes, I consent",3 = neither honest nor dishonest,3 = neither sincere nor insincere,2 = somewhat unethical,3 = neither likeable nor unlikeable,4 = somewhat approachable,3 = could go either way,5 = very honest,5 = very sincere,4 = somewhat ethical,4 = somewhat likeable,4 = somewhat approachable,reporting researcher (S),reporting researcher (S),reporting researcher (S),reporting researcher (S),reporting researcher (S),reporting researcher (S),reporting researcher (S),reporting researcher (S),reporting researcher (S),1 = very dishonest,1 = very insincere,1 = very unethical,2 = somewhat unlikeable,2 = somewhat unapproachable,2 = somewhat confident the findings are false,5 = very honest,5 = very sincere,5 = very ethical,5 = very likeable,5 = very approachable,reporting researcher (F),reporting researcher (F),reporting researcher (F),reporting researcher (F),reporting researcher (F),reporting researcher (F),reporting researcher (F),reporting researcher (F),reporting researcher (F),5 = very honest,5 = very sincere,2 = somewhat unethical,4 = somewhat likeable,5 = very approachable,4 = somewhat confident the findings are true,5 = very honest,5 = very sincere,4 = somewhat ethical,4 = somewhat likeable,4 = somewhat approachable,reporting researcher (Y),reporting researcher (Y),reported researcher (X),reporting researcher (Y),reporting researcher (Y),reporting researcher (Y),reporting researcher (Y),reporting researcher (Y),reporting researcher (Y),Somewhat agree,Male,,Bachelor’s Degree,25,Ghana ,"English 
Twi 
Ewe ",complete
1/29/2026 5:36,1/29/2026 6:03,100,1590,TRUE,1/29/2026 6:03,R_2zhJROCkQtIjBiu,anonymous,EN,0.5,"Yes, I consent",4 = somewhat honest,2 = somewhat insincere,3 = neither ethical nor unethical,4 = somewhat likeable,4 = somewhat approachable,4 = somewhat confident the findings are true,1 = very dishonest,5 = very sincere,5 = very ethical,5 = very likeable,4 = somewhat approachable,reporting researcher (S),reporting researcher (S),reporting researcher (S),reported researcher (K),reporting researcher (S),reported researcher (K),reporting researcher (S),reported researcher (K),reporting researcher (S),1 = very dishonest,1 = very insincere,1 = very unethical,4 = somewhat likeable,1 = very unapproachable,1 = very confident the findings are false,5 = very honest,5 = very sincere,5 = very ethical,5 = very likeable,5 = very approachable,reporting researcher (F),reporting researcher (F),reporting researcher (F),reporting researcher (F),reported researcher (H),reported researcher (H),reporting researcher (F),reporting researcher (F),reported researcher (H),2 = somewhat dishonest,2 = somewhat insincere,2 = somewhat unethical,4 = somewhat likeable,5 = very approachable,4 = somewhat confident the findings are true,5 = very honest,5 = very sincere,3 = neither ethical nor unethical,5 = very likeable,5 = very approachable,reporting researcher (Y),reporting researcher (Y),reporting researcher (Y),reporting researcher (Y),reporting researcher (Y),reporting researcher (Y),reported researcher (X),reported researcher (X),reported researcher (X),Somewhat disagree,Male,,Bachelor’s Degree,21,Ghana ,English ,complete
1/29/2026 5:33,1/29/2026 6:03,100,1804,TRUE,1/29/2026 6:03,R_8GiE02hPC1a6rmj,anonymous,EN,1,"Yes, I consent",2 = somewhat dishonest,2 = somewhat insincere,1 = very unethical,1 = very unlikeable,2 = somewhat unapproachable,2 = somewhat confident the findings are false,5 = very honest,5 = very sincere,5 = very ethical,5 = very likeable,5 = very approachable,neither reported (K) nor reporting researcher (S),neither reported (K) nor reporting researcher (S),neither reported (K) nor reporting researcher (S),neither reported (K) nor reporting researcher (S),neither reported (K) nor reporting researcher (S),neither reported (K) nor reporting researcher (S),neither reported (K) nor reporting researcher (S),neither reported (K) nor reporting researcher (S),neither reported (K) nor reporting researcher (S),2 = somewhat dishonest,2 = somewhat insincere,2 = somewhat unethical,2 = somewhat unlikeable,2 = somewhat unapproachable,2 = somewhat confident the findings are false,5 = very honest,4 = somewhat sincere,4 = somewhat ethical,5 = very likeable,5 = very approachable,reporting researcher (F),reporting researcher (F),reporting researcher (F),reporting researcher (F),reporting researcher (F),reporting researcher (F),reporting researcher (F),reporting researcher (F),reporting researcher (F),1 = very dishonest,1 = very insincere,1 = very unethical,1 = very unlikeable,1 = very unapproachable,1 = very confident the findings are false,5 = very honest,5 = very sincere,5 = very ethical,5 = very likeable,5 = very approachable,reporting researcher (Y),reporting researcher (Y),reporting researcher (Y),reporting researcher (Y),reporting researcher (Y),reporting researcher (Y),reporting researcher (Y),reporting researcher (Y),reporting researcher (Y),Somewhat disagree,Male,,Bachelor’s Degree,35,Ghana ,"English 
",complete
1/29/2026 5:31,1/29/2026 6:04,100,2006,TRUE,1/29/2026 6:04,R_8FRQDZVyuE1n6tc,anonymous,EN,0.8999999761581421,"Yes, I consent",1 = very dishonest,1 = very insincere,1 = very unethical,1 = very unlikeable,1 = very unapproachable,1 = very confident the findings are false,5 = very honest,5 = very sincere,5 = very ethical,5 = very likeable,5 = very approachable,reporting researcher (S),reporting researcher (S),reporting researcher (S),reported researcher (K),reporting researcher (S),reported researcher (K),reported researcher (K),reporting researcher (S),reporting researcher (S),4 = somewhat honest,5 = very sincere,5 = very ethical,1 = very unlikeable,2 = somewhat unapproachable,4 = somewhat confident the findings are true,1 = very dishonest,1 = very insincere,1 = very unethical,5 = very likeable,3 = neither approachable nor unapproachable,reported researcher (H),reported researcher (H),reported researcher (H),reported researcher (H),reported researcher (H),reported researcher (H),reported researcher (H),reported researcher (H),reporting researcher (F),1 = very dishonest,1 = very insincere,1 = very unethical,1 = very unlikeable,1 = very unapproachable,1 = very confident the findings are false,1 = very dishonest,1 = very insincere,5 = very ethical,5 = very likeable,5 = very approachable,reporting researcher (Y),reporting researcher (Y),reporting researcher (Y),reporting researcher (Y),reporting researcher (Y),reporting researcher (Y),reporting researcher (Y),reporting researcher (Y),reporting researcher (Y),Somewhat agree,Female,,Bachelor’s Degree,38,Ghana,Twi,complete
1/29/2026 6:01,1/29/2026 6:06,100,292,TRUE,1/29/2026 6:06,R_21cFfelTC6fUefz,anonymous,EN,1,"Yes, I consent",3 = neither honest nor dishonest,2 = somewhat insincere,3 = neither ethical nor unethical,4 = somewhat likeable,1 = very unapproachable,3 = could go either way,3 = neither honest nor dishonest,3 = neither sincere nor insincere,1 = very unethical,1 = very unlikeable,3 = neither approachable nor unapproachable,reporting researcher (S),neither reported (K) nor reporting researcher (S),reported researcher (K),reporting researcher (S),reporting researcher (S),neither reported (K) nor reporting researcher (S),reported researcher (K),neither reported (K) nor reporting researcher (S),neither reported (K) nor reporting researcher (S),3 = neither honest nor dishonest,5 = very sincere,1 = very unethical,4 = somewhat likeable,2 = somewhat unapproachable,3 = could go either way,3 = neither honest nor dishonest,2 = somewhat insincere,5 = very ethical,4 = somewhat likeable,3 = neither approachable nor unapproachable,reported researcher (H),reporting researcher (F),neither reported (H) nor reporting researcher (F),neither reported (H) nor reporting researcher (F),reported researcher (H),reporting researcher (F),neither reported (H) nor reporting researcher (F),neither reported (H) nor reporting researcher (F),reporting researcher (F),1 = very dishonest,5 = very sincere,2 = somewhat unethical,4 = somewhat likeable,3 = neither approachable nor unapproachable,3 = could go either way,5 = very honest,1 = very insincere,4 = somewhat ethical,2 = somewhat unlikeable,3 = neither approachable nor unapproachable,neither reported (X) nor reporting researcher (Y),reporting researcher (Y),reported researcher (X),neither reported (X) nor reporting researcher (Y),neither reported (X) nor reporting researcher (Y),reported researcher (X),reporting researcher (Y),neither reported (X) nor reporting researcher (Y),reported researcher (X),Somewhat disagree,Male,,Bachelor’s Degree,21,Ghana ,English ,complete
1/29/2026 5:28,1/29/2026 6:08,100,2414,TRUE,1/29/2026 6:08,R_2SwBroNVyVBUUsb,anonymous,EN,1,"Yes, I consent",1 = very dishonest,2 = somewhat insincere,2 = somewhat unethical,2 = somewhat unlikeable,2 = somewhat unapproachable,4 = somewhat confident the findings are true,5 = very honest,4 = somewhat sincere,4 = somewhat ethical,4 = somewhat likeable,4 = somewhat approachable,reporting researcher (S),reporting researcher (S),reporting researcher (S),reporting researcher (S),reporting researcher (S),reporting researcher (S),reporting researcher (S),reporting researcher (S),reporting researcher (S),1 = very dishonest,1 = very insincere,2 = somewhat unethical,2 = somewhat unlikeable,2 = somewhat unapproachable,2 = somewhat confident the findings are false,5 = very honest,4 = somewhat sincere,4 = somewhat ethical,4 = somewhat likeable,4 = somewhat approachable,reporting researcher (F),reporting researcher (F),reporting researcher (F),reporting researcher (F),reporting researcher (F),reporting researcher (F),reporting researcher (F),reporting researcher (F),reporting researcher (F),1 = very dishonest,1 = very insincere,1 = very unethical,2 = somewhat unlikeable,1 = very unapproachable,5 = very confident the findings are true,5 = very honest,5 = very sincere,5 = very ethical,5 = very likeable,4 = somewhat approachable,reporting researcher (Y),reporting researcher (Y),reporting researcher (Y),reporting researcher (Y),reporting researcher (Y),reporting researcher (Y),reporting researcher (Y),reporting researcher (Y),reporting researcher (Y),Somewhat disagree,Female,,Bachelor’s Degree,21,Ghana ,English ,complete
1/29/2026 5:52,1/29/2026 6:08,100,977,TRUE,1/29/2026 6:08,R_8hDubZ2IrDhlVzG,anonymous,EN,1,"Yes, I consent",5 = very honest,5 = very sincere,5 = very ethical,5 = very likeable,5 = very approachable,5 = very confident the findings are true,3 = neither honest nor dishonest,3 = neither sincere nor insincere,4 = somewhat ethical,2 = somewhat unlikeable,2 = somewhat unapproachable,reported researcher (K),reported researcher (K),reported researcher (K),reported researcher (K),reported researcher (K),reported researcher (K),reported researcher (K),reported researcher (K),reported researcher (K),1 = very dishonest,1 = very insincere,1 = very unethical,1 = very unlikeable,1 = very unapproachable,1 = very confident the findings are false,5 = very honest,5 = very sincere,5 = very ethical,5 = very likeable,5 = very approachable,reporting researcher (F),reporting researcher (F),reporting researcher (F),reporting researcher (F),reporting researcher (F),reporting researcher (F),reporting researcher (F),reporting researcher (F),reporting researcher (F),1 = very dishonest,1 = very insincere,1 = very unethical,1 = very unlikeable,1 = very unapproachable,1 = very confident the findings are false,5 = very honest,5 = very sincere,5 = very ethical,5 = very likeable,5 = very approachable,reporting researcher (Y),reporting researcher (Y),reporting researcher (Y),reporting researcher (Y),reporting researcher (Y),reporting researcher (Y),reporting researcher (Y),reporting researcher (Y),reporting researcher (Y),Somewhat disagree,Male,,Master’s Degree,32,Ghana,English ,complete
1/29/2026 5:46,1/29/2026 6:10,100,1453,TRUE,1/29/2026 6:10,R_84t0kQ7g6hAwAi5,anonymous,EN,,"Yes, I consent",3 = neither honest nor dishonest,4 = somewhat sincere,4 = somewhat ethical,3 = neither likeable nor unlikeable,3 = neither approachable nor unapproachable,3 = could go either way,4 = somewhat honest,3 = neither sincere nor insincere,4 = somewhat ethical,4 = somewhat likeable,3 = neither approachable nor unapproachable,neither reported (K) nor reporting researcher (S),reported researcher (K),neither reported (K) nor reporting researcher (S),neither reported (K) nor reporting researcher (S),reported researcher (K),neither reported (K) nor reporting researcher (S),neither reported (K) nor reporting researcher (S),reported researcher (K),neither reported (K) nor reporting researcher (S),3 = neither honest nor dishonest,3 = neither sincere nor insincere,4 = somewhat ethical,4 = somewhat likeable,4 = somewhat approachable,4 = somewhat confident the findings are true,3 = neither honest nor dishonest,4 = somewhat sincere,3 = neither ethical nor unethical,3 = neither likeable nor unlikeable,3 = neither approachable nor unapproachable,neither reported (H) nor reporting researcher (F),neither reported (H) nor reporting researcher (F),reported researcher (H),neither reported (H) nor reporting researcher (F),neither reported (H) nor reporting researcher (F),reporting researcher (F),neither reported (H) nor reporting researcher (F),neither reported (H) nor reporting researcher (F),reported researcher (H),3 = neither honest nor dishonest,3 = neither sincere nor insincere,3 = neither ethical nor unethical,3 = neither likeable nor unlikeable,4 = somewhat approachable,4 = somewhat confident the findings are true,3 = neither honest nor dishonest,3 = neither sincere nor insincere,3 = neither ethical nor unethical,4 = somewhat likeable,3 = neither approachable nor unapproachable,neither reported (X) nor reporting researcher (Y),reported researcher (X),neither reported (X) nor reporting researcher (Y),neither reported (X) nor reporting researcher (Y),reporting researcher (Y),neither reported (X) nor reporting researcher (Y),neither reported (X) nor reporting researcher (Y),neither reported (X) nor reporting researcher (Y),reporting researcher (Y),Somewhat disagree,Male,,Some High School,23,Ghana ,Ewe,error
1/29/2026 6:08,1/29/2026 6:11,100,209,TRUE,1/29/2026 6:11,R_8ohNjAW2TJcHS0N,anonymous,EN,1,"Yes, I consent",2 = somewhat dishonest,1 = very insincere,3 = neither ethical nor unethical,2 = somewhat unlikeable,2 = somewhat unapproachable,1 = very confident the findings are false,4 = somewhat honest,3 = neither sincere nor insincere,3 = neither ethical nor unethical,5 = very likeable,2 = somewhat unapproachable,neither reported (K) nor reporting researcher (S),neither reported (K) nor reporting researcher (S),reported researcher (K),reporting researcher (S),reporting researcher (S),reported researcher (K),neither reported (K) nor reporting researcher (S),reported researcher (K),neither reported (K) nor reporting researcher (S),3 = neither honest nor dishonest,3 = neither sincere nor insincere,1 = very unethical,2 = somewhat unlikeable,2 = somewhat unapproachable,3 = could go either way,2 = somewhat dishonest,5 = very sincere,4 = somewhat ethical,3 = neither likeable nor unlikeable,2 = somewhat unapproachable,neither reported (H) nor reporting researcher (F),reported researcher (H),reported researcher (H),reporting researcher (F),reporting researcher (F),neither reported (H) nor reporting researcher (F),neither reported (H) nor reporting researcher (F),reported researcher (H),neither reported (H) nor reporting researcher (F),2 = somewhat dishonest,3 = neither sincere nor insincere,3 = neither ethical nor unethical,2 = somewhat unlikeable,3 = neither approachable nor unapproachable,3 = could go either way,3 = neither honest nor dishonest,1 = very insincere,4 = somewhat ethical,5 = very likeable,1 = very unapproachable,reporting researcher (Y),neither reported (X) nor reporting researcher (Y),reported researcher (X),reporting researcher (Y),reporting researcher (Y),neither reported (X) nor reporting researcher (Y),reported researcher (X),neither reported (X) nor reporting researcher (Y),reported researcher (X),Somewhat disagree,Male,,High School Diploma or GED,19,Ghana,English ,complete
1/29/2026 5:40,1/29/2026 6:13,100,1953,TRUE,1/29/2026 6:13,R_2stCvKmkBiaCSfw,anonymous,EN,0.8999999761581421,"Yes, I consent",3 = neither honest nor dishonest,2 = somewhat insincere,4 = somewhat ethical,3 = neither likeable nor unlikeable,4 = somewhat approachable,4 = somewhat confident the findings are true,4 = somewhat honest,4 = somewhat sincere,4 = somewhat ethical,3 = neither likeable nor unlikeable,4 = somewhat approachable,neither reported (K) nor reporting researcher (S),reporting researcher (S),neither reported (K) nor reporting researcher (S),neither reported (K) nor reporting researcher (S),neither reported (K) nor reporting researcher (S),reporting researcher (S),reporting researcher (S),reporting researcher (S),reporting researcher (S),2 = somewhat dishonest,2 = somewhat insincere,2 = somewhat unethical,2 = somewhat unlikeable,4 = somewhat approachable,2 = somewhat confident the findings are false,4 = somewhat honest,4 = somewhat sincere,4 = somewhat ethical,3 = neither likeable nor unlikeable,3 = neither approachable nor unapproachable,neither reported (H) nor reporting researcher (F),reporting researcher (F),neither reported (H) nor reporting researcher (F),neither reported (H) nor reporting researcher (F),neither reported (H) nor reporting researcher (F),reporting researcher (F),reporting researcher (F),reporting researcher (F),reporting researcher (F),2 = somewhat dishonest,2 = somewhat insincere,1 = very unethical,2 = somewhat unlikeable,2 = somewhat unapproachable,2 = somewhat confident the findings are false,5 = very honest,4 = somewhat sincere,4 = somewhat ethical,4 = somewhat likeable,4 = somewhat approachable,neither reported (X) nor reporting researcher (Y),reporting researcher (Y),neither reported (X) nor reporting researcher (Y),reporting researcher (Y),reporting researcher (Y),reporting researcher (Y),reporting researcher (Y),reporting researcher (Y),reporting researcher (Y),Somewhat disagree,Male,,Bachelor’s Degree,30,Ghana ,"Ga Dangme, English, Twi",complete
1/29/2026 6:06,1/29/2026 6:13,100,447,TRUE,1/29/2026 6:13,R_8CxiGw34LWOaLGc,anonymous,EN,0.800000012,"Yes, I consent",4 = somewhat honest,2 = somewhat insincere,1 = very unethical,2 = somewhat unlikeable,2 = somewhat unapproachable,4 = somewhat confident the findings are true,4 = somewhat honest,1 = very insincere,2 = somewhat unethical,4 = somewhat likeable,4 = somewhat approachable,reporting researcher (S),reported researcher (K),reporting researcher (S),reported researcher (K),reported researcher (K),reported researcher (K),reported researcher (K),reported researcher (K),reported researcher (K),2 = somewhat dishonest,2 = somewhat insincere,2 = somewhat unethical,2 = somewhat unlikeable,4 = somewhat approachable,4 = somewhat confident the findings are true,4 = somewhat honest,4 = somewhat sincere,2 = somewhat unethical,4 = somewhat likeable,4 = somewhat approachable,reporting researcher (F),reporting researcher (F),reporting researcher (F),reporting researcher (F),reporting researcher (F),reported researcher (H),reported researcher (H),reported researcher (H),reported researcher (H),4 = somewhat honest,2 = somewhat insincere,1 = very unethical,1 = very unlikeable,1 = very unapproachable,4 = somewhat confident the findings are true,4 = somewhat honest,4 = somewhat sincere,1 = very unethical,4 = somewhat likeable,4 = somewhat approachable,reporting researcher (Y),reported researcher (X),reporting researcher (Y),reported researcher (X),reported researcher (X),reported researcher (X),reported researcher (X),reported researcher (X),reported researcher (X),Somewhat disagree,Male,,Bachelor’s Degree,20,Ghana ,ENGLISH ,complete
1/29/2026 6:03,1/29/2026 6:15,100,731,TRUE,1/29/2026 6:15,R_8QDJvsiYl7xAevx,anonymous,EN,1,"Yes, I consent",2 = somewhat dishonest,2 = somewhat insincere,1 = very unethical,2 = somewhat unlikeable,2 = somewhat unapproachable,2 = somewhat confident the findings are false,5 = very honest,5 = very sincere,5 = very ethical,5 = very likeable,5 = very approachable,reporting researcher (S),reporting researcher (S),reported researcher (K),reporting researcher (S),neither reported (K) nor reporting researcher (S),reporting researcher (S),reporting researcher (S),reporting researcher (S),reporting researcher (S),1 = very dishonest,1 = very insincere,1 = very unethical,1 = very unlikeable,2 = somewhat unapproachable,1 = very confident the findings are false,5 = very honest,5 = very sincere,5 = very ethical,5 = very likeable,5 = very approachable,reporting researcher (F),reporting researcher (F),reported researcher (H),reporting researcher (F),neither reported (H) nor reporting researcher (F),reporting researcher (F),reporting researcher (F),reporting researcher (F),reporting researcher (F),1 = very dishonest,2 = somewhat insincere,1 = very unethical,1 = very unlikeable,2 = somewhat unapproachable,1 = very confident the findings are false,5 = very honest,5 = very sincere,5 = very ethical,5 = very likeable,5 = very approachable,reporting researcher (Y),reporting researcher (Y),reported researcher (X),reporting researcher (Y),neither reported (X) nor reporting researcher (Y),reporting researcher (Y),reporting researcher (Y),reporting researcher (Y),reporting researcher (Y),Somewhat disagree,Male,,Bachelor’s Degree,24,Ghana,English and Asante Twi,complete
1/29/2026 6:03,1/29/2026 6:16,100,823,TRUE,1/29/2026 6:16,R_8sR573cm09oeX3W,anonymous,EN,0.800000012,"Yes, I consent",2 = somewhat dishonest,2 = somewhat insincere,2 = somewhat unethical,3 = neither likeable nor unlikeable,4 = somewhat approachable,3 = could go either way,5 = very honest,4 = somewhat sincere,5 = very ethical,4 = somewhat likeable,4 = somewhat approachable,reporting researcher (S),reporting researcher (S),reported researcher (K),reporting researcher (S),reporting researcher (S),reporting researcher (S),reported researcher (K),reporting researcher (S),reporting researcher (S),2 = somewhat dishonest,2 = somewhat insincere,2 = somewhat unethical,3 = neither likeable nor unlikeable,3 = neither approachable nor unapproachable,4 = somewhat confident the findings are true,4 = somewhat honest,4 = somewhat sincere,4 = somewhat ethical,4 = somewhat likeable,4 = somewhat approachable,reporting researcher (F),reporting researcher (F),reported researcher (H),reporting researcher (F),reported researcher (H),reported researcher (H),reported researcher (H),reported researcher (H),reported researcher (H),1 = very dishonest,1 = very insincere,1 = very unethical,1 = very unlikeable,1 = very unapproachable,1 = very confident the findings are false,5 = very honest,5 = very sincere,5 = very ethical,5 = very likeable,5 = very approachable,reporting researcher (Y),reporting researcher (Y),reported researcher (X),reporting researcher (Y),reporting researcher (Y),reporting researcher (Y),reporting researcher (Y),reporting researcher (Y),reporting researcher (Y),Somewhat disagree,Male,,Some college credit or technical school degree,26,Ghana ,"English, Ewe",complete
1/29/2026 6:05,1/29/2026 6:24,100,1153,TRUE,1/29/2026 6:24,R_838rGUPS02HEtdD,anonymous,EN,1,"Yes, I consent",2 = somewhat dishonest,2 = somewhat insincere,2 = somewhat unethical,3 = neither likeable nor unlikeable,1 = very unapproachable,2 = somewhat confident the findings are false,5 = very honest,5 = very sincere,5 = very ethical,5 = very likeable,4 = somewhat approachable,reporting researcher (S),reporting researcher (S),reporting researcher (S),reporting researcher (S),reporting researcher (S),reporting researcher (S),reporting researcher (S),reporting researcher (S),reporting researcher (S),2 = somewhat dishonest,2 = somewhat insincere,2 = somewhat unethical,4 = somewhat likeable,4 = somewhat approachable,3 = could go either way,5 = very honest,5 = very sincere,5 = very ethical,4 = somewhat likeable,4 = somewhat approachable,reporting researcher (F),reporting researcher (F),neither reported (H) nor reporting researcher (F),reporting researcher (F),reporting researcher (F),reporting researcher (F),reporting researcher (F),reporting researcher (F),reporting researcher (F),3 = neither honest nor dishonest,2 = somewhat insincere,3 = neither ethical nor unethical,4 = somewhat likeable,4 = somewhat approachable,2 = somewhat confident the findings are false,5 = very honest,5 = very sincere,4 = somewhat ethical,4 = somewhat likeable,4 = somewhat approachable,reported researcher (X),reporting researcher (Y),reported researcher (X),reporting researcher (Y),reporting researcher (Y),reporting researcher (Y),reporting researcher (Y),reporting researcher (Y),reporting researcher (Y),Somewhat disagree,Male,,Bachelor’s Degree,25,Ghana,"Dagbani, English ",complete
1/29/2026 5:48,1/29/2026 6:26,100,2244,TRUE,1/29/2026 6:26,R_2iHWnIX8Q5EiQRB,anonymous,EN,0.8999999761581421,"Yes, I consent",4 = somewhat honest,3 = neither sincere nor insincere,4 = somewhat ethical,2 = somewhat unlikeable,3 = neither approachable nor unapproachable,3 = could go either way,3 = neither honest nor dishonest,4 = somewhat sincere,2 = somewhat unethical,4 = somewhat likeable,4 = somewhat approachable,reported researcher (K),reported researcher (K),reported researcher (K),reported researcher (K),neither reported (K) nor reporting researcher (S),reported researcher (K),reported researcher (K),reported researcher (K),reporting researcher (S),2 = somewhat dishonest,3 = neither sincere nor insincere,2 = somewhat unethical,4 = somewhat likeable,4 = somewhat approachable,4 = somewhat confident the findings are true,4 = somewhat honest,3 = neither sincere nor insincere,2 = somewhat unethical,4 = somewhat likeable,4 = somewhat approachable,neither reported (H) nor reporting researcher (F),reported researcher (H),reported researcher (H),reported researcher (H),neither reported (H) nor reporting researcher (F),reported researcher (H),reported researcher (H),reported researcher (H),reported researcher (H),4 = somewhat honest,4 = somewhat sincere,3 = neither ethical nor unethical,2 = somewhat unlikeable,4 = somewhat approachable,3 = could go either way,4 = somewhat honest,3 = neither sincere nor insincere,4 = somewhat ethical,5 = very likeable,4 = somewhat approachable,reported researcher (X),reported researcher (X),reported researcher (X),reported researcher (X),neither reported (X) nor reporting researcher (Y),reported researcher (X),reported researcher (X),neither reported (X) nor reporting researcher (Y),reported researcher (X),Somewhat disagree,Male,,Bachelor’s Degree,28,Ghana,Akan and English ,complete
1/29/2026 6:21,1/29/2026 6:29,100,489,TRUE,1/29/2026 6:29,R_2Ol751790B29e4q,anonymous,EN,1,"Yes, I consent",3 = neither honest nor dishonest,3 = neither sincere nor insincere,3 = neither ethical nor unethical,3 = neither likeable nor unlikeable,3 = neither approachable nor unapproachable,3 = could go either way,3 = neither honest nor dishonest,3 = neither sincere nor insincere,3 = neither ethical nor unethical,3 = neither likeable nor unlikeable,3 = neither approachable nor unapproachable,neither reported (K) nor reporting researcher (S),neither reported (K) nor reporting researcher (S),neither reported (K) nor reporting researcher (S),neither reported (K) nor reporting researcher (S),neither reported (K) nor reporting researcher (S),neither reported (K) nor reporting researcher (S),neither reported (K) nor reporting researcher (S),neither reported (K) nor reporting researcher (S),neither reported (K) nor reporting researcher (S),3 = neither honest nor dishonest,3 = neither sincere nor insincere,3 = neither ethical nor unethical,3 = neither likeable nor unlikeable,3 = neither approachable nor unapproachable,3 = could go either way,3 = neither honest nor dishonest,3 = neither sincere nor insincere,3 = neither ethical nor unethical,3 = neither likeable nor unlikeable,3 = neither approachable nor unapproachable,neither reported (H) nor reporting researcher (F),neither reported (H) nor reporting researcher (F),neither reported (H) nor reporting researcher (F),neither reported (H) nor reporting researcher (F),neither reported (H) nor reporting researcher (F),neither reported (H) nor reporting researcher (F),neither reported (H) nor reporting researcher (F),neither reported (H) nor reporting researcher (F),neither reported (H) nor reporting researcher (F),4 = somewhat honest,3 = neither sincere nor insincere,3 = neither ethical nor unethical,3 = neither likeable nor unlikeable,3 = neither approachable nor unapproachable,4 = somewhat confident the findings are true,3 = neither honest nor dishonest,3 = neither sincere nor insincere,3 = neither ethical nor unethical,3 = neither likeable nor unlikeable,3 = neither approachable nor unapproachable,neither reported (X) nor reporting researcher (Y),neither reported (X) nor reporting researcher (Y),neither reported (X) nor reporting researcher (Y),neither reported (X) nor reporting researcher (Y),neither reported (X) nor reporting researcher (Y),neither reported (X) nor reporting researcher (Y),neither reported (X) nor reporting researcher (Y),neither reported (X) nor reporting researcher (Y),neither reported (X) nor reporting researcher (Y),Neither agree nor disagree,Male,,Some college credit or technical school degree,18,Ghana ,English ,complete
1/29/2026 6:23,1/29/2026 6:32,100,521,TRUE,1/29/2026 6:32,R_2HG25t3Rf6UKFKV,anonymous,EN,1,"Yes, I consent",3 = neither honest nor dishonest,3 = neither sincere nor insincere,3 = neither ethical nor unethical,3 = neither likeable nor unlikeable,3 = neither approachable nor unapproachable,1 = very confident the findings are false,3 = neither honest nor dishonest,3 = neither sincere nor insincere,3 = neither ethical nor unethical,3 = neither likeable nor unlikeable,3 = neither approachable nor unapproachable,neither reported (K) nor reporting researcher (S),neither reported (K) nor reporting researcher (S),neither reported (K) nor reporting researcher (S),neither reported (K) nor reporting researcher (S),neither reported (K) nor reporting researcher (S),neither reported (K) nor reporting researcher (S),neither reported (K) nor reporting researcher (S),neither reported (K) nor reporting researcher (S),neither reported (K) nor reporting researcher (S),2 = somewhat dishonest,2 = somewhat insincere,1 = very unethical,2 = somewhat unlikeable,2 = somewhat unapproachable,2 = somewhat confident the findings are false,2 = somewhat dishonest,1 = very insincere,1 = very unethical,1 = very unlikeable,1 = very unapproachable,reported researcher (H),reported researcher (H),reported researcher (H),neither reported (H) nor reporting researcher (F),neither reported (H) nor reporting researcher (F),neither reported (H) nor reporting researcher (F),neither reported (H) nor reporting researcher (F),neither reported (H) nor reporting researcher (F),neither reported (H) nor reporting researcher (F),3 = neither honest nor dishonest,3 = neither sincere nor insincere,3 = neither ethical nor unethical,3 = neither likeable nor unlikeable,3 = neither approachable nor unapproachable,1 = very confident the findings are false,3 = neither honest nor dishonest,3 = neither sincere nor insincere,3 = neither ethical nor unethical,3 = neither likeable nor unlikeable,3 = neither approachable nor unapproachable,neither reported (X) nor reporting researcher (Y),neither reported (X) nor reporting researcher (Y),neither reported (X) nor reporting researcher (Y),neither reported (X) nor reporting researcher (Y),neither reported (X) nor reporting researcher (Y),neither reported (X) nor reporting researcher (Y),neither reported (X) nor reporting researcher (Y),neither reported (X) nor reporting researcher (Y),neither reported (X) nor reporting researcher (Y),Somewhat disagree,Male,,Bachelor’s Degree,28,GHANA,English,complete
1/29/2026 6:34,1/29/2026 6:41,100,440,TRUE,1/29/2026 6:41,R_2dLxQE9AEh0kfzZ,anonymous,EN,1,"Yes, I consent",2 = somewhat dishonest,1 = very insincere,1 = very unethical,2 = somewhat unlikeable,2 = somewhat unapproachable,3 = could go either way,5 = very honest,5 = very sincere,5 = very ethical,5 = very likeable,5 = very approachable,reported researcher (K),reporting researcher (S),reported researcher (K),reporting researcher (S),reporting researcher (S),reporting researcher (S),reporting researcher (S),reporting researcher (S),reporting researcher (S),1 = very dishonest,1 = very insincere,1 = very unethical,1 = very unlikeable,1 = very unapproachable,1 = very confident the findings are false,5 = very honest,5 = very sincere,5 = very ethical,5 = very likeable,5 = very approachable,reporting researcher (F),reporting researcher (F),reported researcher (H),reporting researcher (F),reporting researcher (F),reporting researcher (F),reporting researcher (F),reporting researcher (F),reporting researcher (F),1 = very dishonest,1 = very insincere,1 = very unethical,2 = somewhat unlikeable,2 = somewhat unapproachable,1 = very confident the findings are false,5 = very honest,5 = very sincere,5 = very ethical,5 = very likeable,5 = very approachable,reported researcher (X),reporting researcher (Y),reported researcher (X),reporting researcher (Y),reporting researcher (Y),reporting researcher (Y),reporting researcher (Y),reporting researcher (Y),reporting researcher (Y),Somewhat disagree,Female,,Some High School,21,Ghana ,English and Twi,complete
1/29/2026 6:30,1/29/2026 6:41,100,675,TRUE,1/29/2026 6:41,R_8EccV14aY3m24D3,anonymous,EN,1,"Yes, I consent",5 = very honest,5 = very sincere,5 = very ethical,5 = very likeable,5 = very approachable,5 = very confident the findings are true,5 = very honest,5 = very sincere,5 = very ethical,5 = very likeable,5 = very approachable,reporting researcher (S),reporting researcher (S),reported researcher (K),reporting researcher (S),reporting researcher (S),reported researcher (K),reported researcher (K),reporting researcher (S),reported researcher (K),1 = very dishonest,1 = very insincere,1 = very unethical,1 = very unlikeable,2 = somewhat unapproachable,1 = very confident the findings are false,5 = very honest,5 = very sincere,5 = very ethical,5 = very likeable,5 = very approachable,reporting researcher (F),reporting researcher (F),neither reported (H) nor reporting researcher (F),reporting researcher (F),reporting researcher (F),reporting researcher (F),reporting researcher (F),reporting researcher (F),reporting researcher (F),5 = very honest,1 = very insincere,1 = very unethical,1 = very unlikeable,1 = very unapproachable,1 = very confident the findings are false,5 = very honest,5 = very sincere,5 = very ethical,5 = very likeable,5 = very approachable,reporting researcher (Y),reporting researcher (Y),reporting researcher (Y),reporting researcher (Y),reporting researcher (Y),reporting researcher (Y),reporting researcher (Y),reporting researcher (Y),reporting researcher (Y),Somewhat disagree,Male,,Associate’s Degree,37,Ghana ,"English, Twi, Fante",complete
1/29/2026 6:36,1/29/2026 6:45,100,560,TRUE,1/29/2026 6:45,R_8Lbpa7v4INz1B8Y,anonymous,EN,1,"Yes, I consent",3 = neither honest nor dishonest,5 = very sincere,4 = somewhat ethical,3 = neither likeable nor unlikeable,4 = somewhat approachable,2 = somewhat confident the findings are false,4 = somewhat honest,1 = very insincere,4 = somewhat ethical,2 = somewhat unlikeable,4 = somewhat approachable,reported researcher (K),neither reported (K) nor reporting researcher (S),reporting researcher (S),neither reported (K) nor reporting researcher (S),reported researcher (K),reporting researcher (S),neither reported (K) nor reporting researcher (S),reporting researcher (S),reporting researcher (S),1 = very dishonest,3 = neither sincere nor insincere,3 = neither ethical nor unethical,4 = somewhat likeable,2 = somewhat unapproachable,1 = very confident the findings are false,1 = very dishonest,3 = neither sincere nor insincere,4 = somewhat ethical,2 = somewhat unlikeable,5 = very approachable,neither reported (H) nor reporting researcher (F),reporting researcher (F),reported researcher (H),reported researcher (H),reporting researcher (F),reported researcher (H),neither reported (H) nor reporting researcher (F),reporting researcher (F),neither reported (H) nor reporting researcher (F),4 = somewhat honest,2 = somewhat insincere,5 = very ethical,2 = somewhat unlikeable,4 = somewhat approachable,5 = very confident the findings are true,2 = somewhat dishonest,3 = neither sincere nor insincere,3 = neither ethical nor unethical,4 = somewhat likeable,5 = very approachable,neither reported (X) nor reporting researcher (Y),reported researcher (X),reporting researcher (Y),reporting researcher (Y),reported researcher (X),reported researcher (X),reported researcher (X),neither reported (X) nor reporting researcher (Y),neither reported (X) nor reporting researcher (Y),Strongly agree,Male,,Some college credit or technical school degree,21,Ghana,English ,complete
1/29/2026 6:37,1/29/2026 6:51,100,809,TRUE,1/29/2026 6:51,R_2yfjoLOmMQb6Vfb,anonymous,EN,1,"Yes, I consent",4 = somewhat honest,4 = somewhat sincere,4 = somewhat ethical,4 = somewhat likeable,4 = somewhat approachable,4 = somewhat confident the findings are true,1 = very dishonest,1 = very insincere,1 = very unethical,1 = very unlikeable,1 = very unapproachable,reporting researcher (S),reported researcher (K),reporting researcher (S),reporting researcher (S),reporting researcher (S),reported researcher (K),reported researcher (K),reporting researcher (S),reporting researcher (S),1 = very dishonest,1 = very insincere,1 = very unethical,1 = very unlikeable,1 = very unapproachable,1 = very confident the findings are false,5 = very honest,5 = very sincere,5 = very ethical,5 = very likeable,5 = very approachable,reported researcher (H),reporting researcher (F),reporting researcher (F),reporting researcher (F),reporting researcher (F),reporting researcher (F),reporting researcher (F),reporting researcher (F),reporting researcher (F),1 = very dishonest,2 = somewhat insincere,1 = very unethical,5 = very likeable,1 = very unapproachable,3 = could go either way,5 = very honest,5 = very sincere,5 = very ethical,5 = very likeable,5 = very approachable,reporting researcher (Y),reporting researcher (Y),reported researcher (X),reporting researcher (Y),reporting researcher (Y),reporting researcher (Y),reporting researcher (Y),reporting researcher (Y),reporting researcher (Y),Somewhat disagree,Male,,Some High School,25,Ghana ,English ,complete
1/29/2026 6:36,1/29/2026 6:54,100,1072,TRUE,1/29/2026 6:54,R_8t6FdurRUYWF2G5,anonymous,EN,1,"Yes, I consent",1 = very dishonest,1 = very insincere,1 = very unethical,1 = very unlikeable,1 = very unapproachable,3 = could go either way,5 = very honest,5 = very sincere,5 = very ethical,5 = very likeable,5 = very approachable,reported researcher (K),reporting researcher (S),reported researcher (K),reporting researcher (S),reporting researcher (S),reporting researcher (S),reported researcher (K),reporting researcher (S),reporting researcher (S),2 = somewhat dishonest,2 = somewhat insincere,2 = somewhat unethical,2 = somewhat unlikeable,2 = somewhat unapproachable,4 = somewhat confident the findings are true,4 = somewhat honest,4 = somewhat sincere,4 = somewhat ethical,4 = somewhat likeable,4 = somewhat approachable,reported researcher (H),reporting researcher (F),reported researcher (H),reporting researcher (F),reporting researcher (F),reporting researcher (F),reported researcher (H),reporting researcher (F),reporting researcher (F),1 = very dishonest,1 = very insincere,1 = very unethical,1 = very unlikeable,1 = very unapproachable,1 = very confident the findings are false,5 = very honest,5 = very sincere,5 = very ethical,5 = very likeable,5 = very approachable,reporting researcher (Y),reporting researcher (Y),reported researcher (X),reporting researcher (Y),reporting researcher (Y),reporting researcher (Y),reporting researcher (Y),reporting researcher (Y),reporting researcher (Y),Somewhat disagree,Male,,Some High School,35,Ghana,Twi and English ,complete
1/29/2026 6:58,1/29/2026 7:09,100,653,TRUE,1/29/2026 7:09,R_8dus05wHArzQjgl,anonymous,EN,,"Yes, I consent",1 = very dishonest,1 = very insincere,1 = very unethical,1 = very unlikeable,1 = very unapproachable,1 = very confident the findings are false,5 = very honest,5 = very sincere,5 = very ethical,5 = very likeable,5 = very approachable,reporting researcher (S),reporting researcher (S),reporting researcher (S),reporting researcher (S),reporting researcher (S),reporting researcher (S),reporting researcher (S),reporting researcher (S),reporting researcher (S),1 = very dishonest,1 = very insincere,1 = very unethical,1 = very unlikeable,1 = very unapproachable,1 = very confident the findings are false,5 = very honest,5 = very sincere,5 = very ethical,5 = very likeable,5 = very approachable,reporting researcher (F),reporting researcher (F),reporting researcher (F),reporting researcher (F),reporting researcher (F),reporting researcher (F),reporting researcher (F),reporting researcher (F),reporting researcher (F),1 = very dishonest,1 = very insincere,1 = very unethical,1 = very unlikeable,1 = very unapproachable,1 = very confident the findings are false,5 = very honest,5 = very sincere,5 = very ethical,5 = very likeable,5 = very approachable,reporting researcher (Y),reporting researcher (Y),reporting researcher (Y),reporting researcher (Y),reporting researcher (Y),reporting researcher (Y),reporting researcher (Y),reporting researcher (Y),reporting researcher (Y),Somewhat disagree,Male,,Bachelor’s Degree,36,Ghana ,English and Twi,error
1/29/2026 7:13,1/29/2026 7:21,100,453,TRUE,1/29/2026 7:21,R_2dKYYNLMcD2Rfe4,anonymous,EN,0.8999999761581421,"Yes, I consent",2 = somewhat dishonest,2 = somewhat insincere,1 = very unethical,3 = neither likeable nor unlikeable,3 = neither approachable nor unapproachable,1 = very confident the findings are false,5 = very honest,5 = very sincere,5 = very ethical,4 = somewhat likeable,3 = neither approachable nor unapproachable,reporting researcher (S),reporting researcher (S),reporting researcher (S),reporting researcher (S),reporting researcher (S),reporting researcher (S),reporting researcher (S),reporting researcher (S),reporting researcher (S),1 = very dishonest,1 = very insincere,1 = very unethical,2 = somewhat unlikeable,3 = neither approachable nor unapproachable,1 = very confident the findings are false,5 = very honest,5 = very sincere,5 = very ethical,5 = very likeable,3 = neither approachable nor unapproachable,reporting researcher (F),reporting researcher (F),reporting researcher (F),reporting researcher (F),reporting researcher (F),reporting researcher (F),reporting researcher (F),reporting researcher (F),reporting researcher (F),5 = very honest,4 = somewhat sincere,5 = very ethical,5 = very likeable,5 = very approachable,5 = very confident the findings are true,5 = very honest,5 = very sincere,5 = very ethical,4 = somewhat likeable,3 = neither approachable nor unapproachable,reporting researcher (Y),reporting researcher (Y),reporting researcher (Y),reporting researcher (Y),reporting researcher (Y),reporting researcher (Y),reporting researcher (Y),reporting researcher (Y),reporting researcher (Y),Somewhat disagree,Female,,"Doctoral Degree (e.g. Ph.D., M.D., J.D., or equivalent)",21,Ghana ,"English,Dagaare,Twi",complete
1/29/2026 7:05,1/29/2026 7:21,100,962,TRUE,1/29/2026 7:21,R_8IE1XxwxHfhYtzx,anonymous,EN,0.8999999761581421,"Yes, I consent",2 = somewhat dishonest,2 = somewhat insincere,2 = somewhat unethical,2 = somewhat unlikeable,2 = somewhat unapproachable,1 = very confident the findings are false,4 = somewhat honest,4 = somewhat sincere,4 = somewhat ethical,5 = very likeable,5 = very approachable,reporting researcher (S),reporting researcher (S),reporting researcher (S),reporting researcher (S),reporting researcher (S),reporting researcher (S),reporting researcher (S),reporting researcher (S),reporting researcher (S),1 = very dishonest,2 = somewhat insincere,2 = somewhat unethical,2 = somewhat unlikeable,4 = somewhat approachable,2 = somewhat confident the findings are false,4 = somewhat honest,4 = somewhat sincere,4 = somewhat ethical,4 = somewhat likeable,4 = somewhat approachable,reporting researcher (F),reporting researcher (F),reporting researcher (F),reporting researcher (F),reporting researcher (F),reporting researcher (F),reporting researcher (F),reporting researcher (F),reporting researcher (F),2 = somewhat dishonest,2 = somewhat insincere,2 = somewhat unethical,2 = somewhat unlikeable,2 = somewhat unapproachable,2 = somewhat confident the findings are false,4 = somewhat honest,4 = somewhat sincere,4 = somewhat ethical,4 = somewhat likeable,4 = somewhat approachable,reporting researcher (Y),reporting researcher (Y),reporting researcher (Y),reporting researcher (Y),reporting researcher (Y),reporting researcher (Y),reporting researcher (Y),reporting researcher (Y),reporting researcher (Y),Somewhat agree,Male,,Some college credit or technical school degree,21,Ghana,English ,complete
1/29/2026 7:18,1/29/2026 7:27,100,533,TRUE,1/29/2026 7:27,R_20GgqHZf0el5nQS,anonymous,EN,1,"Yes, I consent",3 = neither honest nor dishonest,3 = neither sincere nor insincere,2 = somewhat unethical,4 = somewhat likeable,3 = neither approachable nor unapproachable,3 = could go either way,4 = somewhat honest,4 = somewhat sincere,4 = somewhat ethical,4 = somewhat likeable,3 = neither approachable nor unapproachable,neither reported (K) nor reporting researcher (S),reporting researcher (S),reporting researcher (S),reporting researcher (S),reporting researcher (S),reporting researcher (S),reporting researcher (S),reporting researcher (S),reporting researcher (S),1 = very dishonest,1 = very insincere,1 = very unethical,1 = very unlikeable,1 = very unapproachable,1 = very confident the findings are false,5 = very honest,5 = very sincere,5 = very ethical,5 = very likeable,5 = very approachable,reporting researcher (F),reporting researcher (F),reporting researcher (F),reporting researcher (F),reporting researcher (F),reporting researcher (F),reporting researcher (F),reporting researcher (F),reporting researcher (F),2 = somewhat dishonest,2 = somewhat insincere,2 = somewhat unethical,2 = somewhat unlikeable,2 = somewhat unapproachable,2 = somewhat confident the findings are false,4 = somewhat honest,4 = somewhat sincere,4 = somewhat ethical,4 = somewhat likeable,4 = somewhat approachable,reporting researcher (Y),reporting researcher (Y),reporting researcher (Y),reporting researcher (Y),reporting researcher (Y),reporting researcher (Y),reporting researcher (Y),reporting researcher (Y),reporting researcher (Y),Strongly agree,Male,,Bachelor’s Degree,35,Ghana ,English and Akan ,complete
1/29/2026 7:22,1/29/2026 7:28,100,356,TRUE,1/29/2026 7:28,R_2vJ5CSJoeDHzn45,anonymous,EN,0.699999988,"Yes, I consent",1 = very dishonest,1 = very insincere,1 = very unethical,1 = very unlikeable,1 = very unapproachable,1 = very confident the findings are false,5 = very honest,2 = somewhat insincere,2 = somewhat unethical,3 = neither likeable nor unlikeable,4 = somewhat approachable,reported researcher (K),reported researcher (K),reported researcher (K),reported researcher (K),reported researcher (K),reported researcher (K),reported researcher (K),reported researcher (K),reported researcher (K),1 = very dishonest,1 = very insincere,1 = very unethical,1 = very unlikeable,1 = very unapproachable,1 = very confident the findings are false,5 = very honest,5 = very sincere,4 = somewhat ethical,5 = very likeable,5 = very approachable,reporting researcher (F),reporting researcher (F),reporting researcher (F),reporting researcher (F),reporting researcher (F),reporting researcher (F),reporting researcher (F),reporting researcher (F),reporting researcher (F),1 = very dishonest,1 = very insincere,1 = very unethical,1 = very unlikeable,1 = very unapproachable,1 = very confident the findings are false,5 = very honest,4 = somewhat sincere,5 = very ethical,5 = very likeable,5 = very approachable,neither reported (X) nor reporting researcher (Y),reporting researcher (Y),reported researcher (X),reporting researcher (Y),reported researcher (X),reported researcher (X),reporting researcher (Y),reporting researcher (Y),reporting researcher (Y),Somewhat disagree,Male,,Some High School,28,Ghana ,English ,complete
1/29/2026 7:24,1/29/2026 7:37,100,744,TRUE,1/29/2026 7:37,R_2TCbyCxYmKRL1dL,anonymous,EN,0.699999988,"Yes, I consent",3 = neither honest nor dishonest,2 = somewhat insincere,2 = somewhat unethical,3 = neither likeable nor unlikeable,4 = somewhat approachable,2 = somewhat confident the findings are false,5 = very honest,5 = very sincere,4 = somewhat ethical,5 = very likeable,4 = somewhat approachable,neither reported (K) nor reporting researcher (S),reporting researcher (S),reporting researcher (S),reporting researcher (S),reporting researcher (S),reporting researcher (S),reporting researcher (S),reporting researcher (S),reporting researcher (S),5 = very honest,5 = very sincere,4 = somewhat ethical,5 = very likeable,5 = very approachable,4 = somewhat confident the findings are true,3 = neither honest nor dishonest,2 = somewhat insincere,2 = somewhat unethical,3 = neither likeable nor unlikeable,3 = neither approachable nor unapproachable,reported researcher (H),reported researcher (H),reported researcher (H),reported researcher (H),reporting researcher (F),reported researcher (H),reported researcher (H),reported researcher (H),reporting researcher (F),1 = very dishonest,1 = very insincere,1 = very unethical,1 = very unlikeable,1 = very unapproachable,1 = very confident the findings are false,5 = very honest,5 = very sincere,5 = very ethical,5 = very likeable,5 = very approachable,reporting researcher (Y),reporting researcher (Y),reporting researcher (Y),reporting researcher (Y),reporting researcher (Y),reporting researcher (Y),reporting researcher (Y),reporting researcher (Y),reporting researcher (Y),Somewhat disagree,Female,,High School Diploma or GED,30,Ghana,English ,complete
1/29/2026 7:09,1/29/2026 7:38,100,1723,TRUE,1/29/2026 7:38,R_8O0SFXXPqJXDSni,anonymous,EN,1,"Yes, I consent",3 = neither honest nor dishonest,4 = somewhat sincere,4 = somewhat ethical,3 = neither likeable nor unlikeable,2 = somewhat unapproachable,3 = could go either way,4 = somewhat honest,5 = very sincere,4 = somewhat ethical,4 = somewhat likeable,2 = somewhat unapproachable,reported researcher (K),reported researcher (K),reporting researcher (S),reported researcher (K),reported researcher (K),reported researcher (K),reported researcher (K),reporting researcher (S),reported researcher (K),1 = very dishonest,1 = very insincere,1 = very unethical,2 = somewhat unlikeable,1 = very unapproachable,2 = somewhat confident the findings are false,5 = very honest,5 = very sincere,4 = somewhat ethical,5 = very likeable,5 = very approachable,reporting researcher (F),reporting researcher (F),reported researcher (H),reporting researcher (F),reporting researcher (F),reporting researcher (F),reporting researcher (F),reporting researcher (F),reporting researcher (F),1 = very dishonest,1 = very insincere,1 = very unethical,1 = very unlikeable,1 = very unapproachable,1 = very confident the findings are false,5 = very honest,5 = very sincere,5 = very ethical,5 = very likeable,5 = very approachable,reporting researcher (Y),reporting researcher (Y),reporting researcher (Y),reporting researcher (Y),reporting researcher (Y),reporting researcher (Y),reporting researcher (Y),reporting researcher (Y),reporting researcher (Y),Somewhat disagree,Male,,Bachelor’s Degree,26,Ghana ,English ,complete
1/29/2026 7:20,1/29/2026 7:41,100,1250,TRUE,1/29/2026 7:41,R_2DTyCa8SXviYXwK,anonymous,EN,1,"Yes, I consent",1 = very dishonest,1 = very insincere,1 = very unethical,1 = very unlikeable,1 = very unapproachable,1 = very confident the findings are false,5 = very honest,5 = very sincere,5 = very ethical,5 = very likeable,5 = very approachable,reported researcher (K),reporting researcher (S),reporting researcher (S),reporting researcher (S),reporting researcher (S),reporting researcher (S),reporting researcher (S),reporting researcher (S),reporting researcher (S),1 = very dishonest,1 = very insincere,1 = very unethical,2 = somewhat unlikeable,2 = somewhat unapproachable,1 = very confident the findings are false,5 = very honest,5 = very sincere,5 = very ethical,5 = very likeable,5 = very approachable,reporting researcher (F),reporting researcher (F),reporting researcher (F),reporting researcher (F),reporting researcher (F),reporting researcher (F),reporting researcher (F),reporting researcher (F),reporting researcher (F),1 = very dishonest,1 = very insincere,1 = very unethical,1 = very unlikeable,1 = very unapproachable,1 = very confident the findings are false,5 = very honest,5 = very sincere,5 = very ethical,5 = very likeable,5 = very approachable,reporting researcher (Y),reporting researcher (Y),reporting researcher (Y),reporting researcher (Y),reporting researcher (Y),reporting researcher (Y),reporting researcher (Y),reporting researcher (Y),reporting researcher (Y),Somewhat disagree,Female,,Bachelor’s Degree,35,Ghana,English and twi,complete
1/29/2026 7:20,1/29/2026 7:43,100,1400,TRUE,1/29/2026 7:43,R_2sp6zzEanMsEjhu,anonymous,EN,1,"Yes, I consent",1 = very dishonest,1 = very insincere,1 = very unethical,1 = very unlikeable,1 = very unapproachable,1 = very confident the findings are false,5 = very honest,5 = very sincere,5 = very ethical,5 = very likeable,5 = very approachable,reporting researcher (S),reporting researcher (S),reported researcher (K),reporting researcher (S),reporting researcher (S),reporting researcher (S),reported researcher (K),reporting researcher (S),reporting researcher (S),1 = very dishonest,1 = very insincere,1 = very unethical,1 = very unlikeable,1 = very unapproachable,1 = very confident the findings are false,5 = very honest,5 = very sincere,5 = very ethical,5 = very likeable,5 = very approachable,reporting researcher (F),reporting researcher (F),reported researcher (H),reporting researcher (F),reporting researcher (F),reporting researcher (F),reported researcher (H),reporting researcher (F),reporting researcher (F),1 = very dishonest,1 = very insincere,1 = very unethical,1 = very unlikeable,1 = very unapproachable,1 = very confident the findings are false,5 = very honest,5 = very sincere,5 = very ethical,5 = very likeable,5 = very approachable,reporting researcher (Y),reporting researcher (Y),reported researcher (X),reporting researcher (Y),reporting researcher (Y),reporting researcher (Y),reported researcher (X),reporting researcher (Y),reporting researcher (Y),Somewhat disagree,Male,,Bachelor’s Degree,43,Ghana ,English ,complete
1/29/2026 7:21,1/29/2026 7:47,100,1597,TRUE,1/29/2026 7:47,R_2RAWIDBamacm0OB,anonymous,EN,0.8999999761581421,"Yes, I consent",5 = very honest,5 = very sincere,4 = somewhat ethical,5 = very likeable,5 = very approachable,5 = very confident the findings are true,5 = very honest,5 = very sincere,5 = very ethical,5 = very likeable,4 = somewhat approachable,reporting researcher (S),reporting researcher (S),reporting researcher (S),reporting researcher (S),reporting researcher (S),reporting researcher (S),reporting researcher (S),reporting researcher (S),reporting researcher (S),4 = somewhat honest,4 = somewhat sincere,4 = somewhat ethical,4 = somewhat likeable,5 = very approachable,4 = somewhat confident the findings are true,5 = very honest,5 = very sincere,5 = very ethical,5 = very likeable,5 = very approachable,reporting researcher (F),reporting researcher (F),reporting researcher (F),reporting researcher (F),reporting researcher (F),reporting researcher (F),reporting researcher (F),reporting researcher (F),reporting researcher (F),5 = very honest,4 = somewhat sincere,5 = very ethical,5 = very likeable,5 = very approachable,5 = very confident the findings are true,4 = somewhat honest,5 = very sincere,3 = neither ethical nor unethical,4 = somewhat likeable,5 = very approachable,reported researcher (X),reported researcher (X),reporting researcher (Y),reported researcher (X),reported researcher (X),reported researcher (X),reported researcher (X),reported researcher (X),reporting researcher (Y),Somewhat disagree,Female,,Some High School,24,Ghana,English ,complete
1/29/2026 7:24,1/29/2026 7:55,100,1832,TRUE,1/29/2026 7:55,R_2daSvdw0HLrn2ig,anonymous,EN,1,"Yes, I consent",5 = very honest,5 = very sincere,5 = very ethical,5 = very likeable,5 = very approachable,4 = somewhat confident the findings are true,5 = very honest,5 = very sincere,5 = very ethical,5 = very likeable,5 = very approachable,reporting researcher (S),reported researcher (K),reported researcher (K),reported researcher (K),reported researcher (K),reported researcher (K),reported researcher (K),reported researcher (K),reported researcher (K),5 = very honest,5 = very sincere,5 = very ethical,5 = very likeable,5 = very approachable,5 = very confident the findings are true,5 = very honest,5 = very sincere,5 = very ethical,5 = very likeable,5 = very approachable,reported researcher (H),reported researcher (H),reported researcher (H),reported researcher (H),reported researcher (H),reported researcher (H),reported researcher (H),reported researcher (H),reported researcher (H),1 = very dishonest,5 = very sincere,5 = very ethical,4 = somewhat likeable,5 = very approachable,5 = very confident the findings are true,5 = very honest,5 = very sincere,5 = very ethical,5 = very likeable,5 = very approachable,reported researcher (X),reported researcher (X),reported researcher (X),reported researcher (X),reported researcher (X),reported researcher (X),reported researcher (X),reported researcher (X),reported researcher (X),Somewhat disagree,Male,,Some college credit or technical school degree,21,Ghana ,Twi,complete
1/29/2026 7:21,1/29/2026 7:55,100,2010,TRUE,1/29/2026 7:55,R_8L0U6avJRcOGaeA,anonymous,EN,1,"Yes, I consent",1 = very dishonest,1 = very insincere,1 = very unethical,1 = very unlikeable,1 = very unapproachable,1 = very confident the findings are false,5 = very honest,5 = very sincere,5 = very ethical,5 = very likeable,5 = very approachable,reporting researcher (S),reporting researcher (S),reporting researcher (S),reporting researcher (S),reporting researcher (S),reporting researcher (S),reporting researcher (S),reporting researcher (S),reporting researcher (S),1 = very dishonest,1 = very insincere,1 = very unethical,1 = very unlikeable,1 = very unapproachable,1 = very confident the findings are false,5 = very honest,5 = very sincere,5 = very ethical,5 = very likeable,5 = very approachable,reporting researcher (F),reporting researcher (F),reporting researcher (F),reporting researcher (F),reporting researcher (F),reporting researcher (F),reporting researcher (F),reporting researcher (F),reporting researcher (F),1 = very dishonest,1 = very insincere,1 = very unethical,1 = very unlikeable,1 = very unapproachable,1 = very confident the findings are false,5 = very honest,5 = very sincere,5 = very ethical,5 = very likeable,5 = very approachable,reporting researcher (Y),reporting researcher (Y),reporting researcher (Y),reporting researcher (Y),reporting researcher (Y),reporting researcher (Y),reporting researcher (Y),reporting researcher (Y),reporting researcher (Y),Somewhat disagree,Female,,Bachelor’s Degree,34,Ghana,English ,complete
1/29/2026 7:58,1/29/2026 8:13,100,914,TRUE,1/29/2026 8:13,R_2niv3IcY3YD1zXj,anonymous,EN,1,"Yes, I consent",2 = somewhat dishonest,2 = somewhat insincere,2 = somewhat unethical,2 = somewhat unlikeable,3 = neither approachable nor unapproachable,3 = could go either way,5 = very honest,4 = somewhat sincere,4 = somewhat ethical,4 = somewhat likeable,4 = somewhat approachable,reporting researcher (S),reporting researcher (S),reporting researcher (S),reporting researcher (S),reporting researcher (S),reporting researcher (S),reporting researcher (S),reporting researcher (S),reporting researcher (S),1 = very dishonest,1 = very insincere,5 = very ethical,1 = very unlikeable,1 = very unapproachable,2 = somewhat confident the findings are false,5 = very honest,5 = very sincere,5 = very ethical,5 = very likeable,5 = very approachable,reporting researcher (F),reporting researcher (F),reporting researcher (F),reporting researcher (F),reporting researcher (F),reporting researcher (F),reporting researcher (F),reporting researcher (F),reporting researcher (F),4 = somewhat honest,2 = somewhat insincere,4 = somewhat ethical,5 = very likeable,5 = very approachable,4 = somewhat confident the findings are true,3 = neither honest nor dishonest,4 = somewhat sincere,2 = somewhat unethical,2 = somewhat unlikeable,3 = neither approachable nor unapproachable,reporting researcher (Y),reported researcher (X),reported researcher (X),reporting researcher (Y),reporting researcher (Y),reported researcher (X),reported researcher (X),reported researcher (X),reported researcher (X),Somewhat disagree,Female,,Bachelor’s Degree,20,Ghana,"English, French, twi and ewe",complete
1/29/2026 7:55,1/29/2026 8:22,100,1644,TRUE,1/29/2026 8:22,R_2rIDpFI9S5hheGW,anonymous,EN,1,"Yes, I consent",5 = very honest,5 = very sincere,5 = very ethical,5 = very likeable,5 = very approachable,3 = could go either way,5 = very honest,5 = very sincere,5 = very ethical,5 = very likeable,5 = very approachable,reporting researcher (S),reporting researcher (S),reporting researcher (S),reporting researcher (S),reporting researcher (S),reporting researcher (S),reported researcher (K),reported researcher (K),reporting researcher (S),1 = very dishonest,2 = somewhat insincere,2 = somewhat unethical,2 = somewhat unlikeable,2 = somewhat unapproachable,2 = somewhat confident the findings are false,5 = very honest,5 = very sincere,5 = very ethical,5 = very likeable,5 = very approachable,reporting researcher (F),reporting researcher (F),reporting researcher (F),reporting researcher (F),reporting researcher (F),reporting researcher (F),reported researcher (H),reporting researcher (F),reporting researcher (F),5 = very honest,5 = very sincere,4 = somewhat ethical,4 = somewhat likeable,3 = neither approachable nor unapproachable,3 = could go either way,5 = very honest,5 = very sincere,4 = somewhat ethical,4 = somewhat likeable,5 = very approachable,reporting researcher (Y),reported researcher (X),reporting researcher (Y),reported researcher (X),neither reported (X) nor reporting researcher (Y),reporting researcher (Y),reported researcher (X),reporting researcher (Y),reporting researcher (Y),Somewhat disagree,Female,,Bachelor’s Degree,24,Ghana ,English Language ,complete
1/29/2026 8:20,1/29/2026 8:25,100,262,TRUE,1/29/2026 8:25,R_82HPh7hEAuPSE0N,anonymous,EN,1,"Yes, I consent",3 = neither honest nor dishonest,3 = neither sincere nor insincere,3 = neither ethical nor unethical,3 = neither likeable nor unlikeable,3 = neither approachable nor unapproachable,3 = could go either way,4 = somewhat honest,3 = neither sincere nor insincere,3 = neither ethical nor unethical,3 = neither likeable nor unlikeable,3 = neither approachable nor unapproachable,reported researcher (K),neither reported (K) nor reporting researcher (S),neither reported (K) nor reporting researcher (S),neither reported (K) nor reporting researcher (S),neither reported (K) nor reporting researcher (S),neither reported (K) nor reporting researcher (S),neither reported (K) nor reporting researcher (S),reporting researcher (S),neither reported (K) nor reporting researcher (S),5 = very honest,5 = very sincere,5 = very ethical,5 = very likeable,5 = very approachable,5 = very confident the findings are true,5 = very honest,5 = very sincere,5 = very ethical,5 = very likeable,5 = very approachable,reporting researcher (F),neither reported (H) nor reporting researcher (F),neither reported (H) nor reporting researcher (F),neither reported (H) nor reporting researcher (F),reporting researcher (F),neither reported (H) nor reporting researcher (F),reporting researcher (F),reporting researcher (F),reporting researcher (F),3 = neither honest nor dishonest,3 = neither sincere nor insincere,3 = neither ethical nor unethical,3 = neither likeable nor unlikeable,3 = neither approachable nor unapproachable,3 = could go either way,3 = neither honest nor dishonest,3 = neither sincere nor insincere,4 = somewhat ethical,4 = somewhat likeable,3 = neither approachable nor unapproachable,reported researcher (X),neither reported (X) nor reporting researcher (Y),neither reported (X) nor reporting researcher (Y),neither reported (X) nor reporting researcher (Y),neither reported (X) nor reporting researcher (Y),neither reported (X) nor reporting researcher (Y),neither reported (X) nor reporting researcher (Y),neither reported (X) nor reporting researcher (Y),neither reported (X) nor reporting researcher (Y),Neither agree nor disagree,Female,,Some college credit or technical school degree,20,Ghana ,Ewe,complete
1/29/2026 8:01,1/29/2026 8:27,100,1577,TRUE,1/29/2026 8:27,R_842qKlvOTIkGcWB,anonymous,EN,1,"Yes, I consent",3 = neither honest nor dishonest,2 = somewhat insincere,4 = somewhat ethical,3 = neither likeable nor unlikeable,4 = somewhat approachable,3 = could go either way,2 = somewhat dishonest,2 = somewhat insincere,4 = somewhat ethical,4 = somewhat likeable,3 = neither approachable nor unapproachable,reporting researcher (S),reported researcher (K),neither reported (K) nor reporting researcher (S),reported researcher (K),reported researcher (K),reporting researcher (S),reporting researcher (S),reported researcher (K),reported researcher (K),3 = neither honest nor dishonest,4 = somewhat sincere,3 = neither ethical nor unethical,3 = neither likeable nor unlikeable,3 = neither approachable nor unapproachable,4 = somewhat confident the findings are true,2 = somewhat dishonest,2 = somewhat insincere,3 = neither ethical nor unethical,2 = somewhat unlikeable,4 = somewhat approachable,reported researcher (H),reported researcher (H),neither reported (H) nor reporting researcher (F),neither reported (H) nor reporting researcher (F),reporting researcher (F),reported researcher (H),reported researcher (H),neither reported (H) nor reporting researcher (F),neither reported (H) nor reporting researcher (F),2 = somewhat dishonest,4 = somewhat sincere,4 = somewhat ethical,3 = neither likeable nor unlikeable,4 = somewhat approachable,4 = somewhat confident the findings are true,3 = neither honest nor dishonest,3 = neither sincere nor insincere,2 = somewhat unethical,3 = neither likeable nor unlikeable,2 = somewhat unapproachable,reported researcher (X),reporting researcher (Y),neither reported (X) nor reporting researcher (Y),neither reported (X) nor reporting researcher (Y),reported researcher (X),reported researcher (X),reporting researcher (Y),reported researcher (X),reporting researcher (Y),Somewhat disagree,Female,,Some High School,20,Ghana,Ewe,complete
1/29/2026 8:20,1/29/2026 8:28,100,458,TRUE,1/29/2026 8:28,R_8mBGLXUU6pyoIFP,anonymous,EN,0.8999999761581421,"Yes, I consent",4 = somewhat honest,4 = somewhat sincere,1 = very unethical,4 = somewhat likeable,5 = very approachable,4 = somewhat confident the findings are true,4 = somewhat honest,4 = somewhat sincere,4 = somewhat ethical,4 = somewhat likeable,2 = somewhat unapproachable,neither reported (K) nor reporting researcher (S),reporting researcher (S),neither reported (K) nor reporting researcher (S),reported researcher (K),reporting researcher (S),reported researcher (K),neither reported (K) nor reporting researcher (S),reporting researcher (S),neither reported (K) nor reporting researcher (S),1 = very dishonest,4 = somewhat sincere,4 = somewhat ethical,4 = somewhat likeable,4 = somewhat approachable,4 = somewhat confident the findings are true,4 = somewhat honest,4 = somewhat sincere,4 = somewhat ethical,4 = somewhat likeable,4 = somewhat approachable,neither reported (H) nor reporting researcher (F),neither reported (H) nor reporting researcher (F),neither reported (H) nor reporting researcher (F),neither reported (H) nor reporting researcher (F),neither reported (H) nor reporting researcher (F),neither reported (H) nor reporting researcher (F),neither reported (H) nor reporting researcher (F),neither reported (H) nor reporting researcher (F),neither reported (H) nor reporting researcher (F),4 = somewhat honest,3 = neither sincere nor insincere,3 = neither ethical nor unethical,4 = somewhat likeable,4 = somewhat approachable,4 = somewhat confident the findings are true,4 = somewhat honest,4 = somewhat sincere,4 = somewhat ethical,4 = somewhat likeable,4 = somewhat approachable,neither reported (X) nor reporting researcher (Y),neither reported (X) nor reporting researcher (Y),neither reported (X) nor reporting researcher (Y),neither reported (X) nor reporting researcher (Y),reporting researcher (Y),reporting researcher (Y),neither reported (X) nor reporting researcher (Y),reporting researcher (Y),neither reported (X) nor reporting researcher (Y),Somewhat disagree,Male,,Bachelor’s Degree,25,Ghana ,"English , twi ",complete
1/29/2026 6:26,1/29/2026 8:33,100,7613,TRUE,1/29/2026 8:33,R_8PTXgY6xXWpYocq,anonymous,EN,1,"Yes, I consent",2 = somewhat dishonest,2 = somewhat insincere,2 = somewhat unethical,2 = somewhat unlikeable,2 = somewhat unapproachable,2 = somewhat confident the findings are false,5 = very honest,5 = very sincere,5 = very ethical,5 = very likeable,5 = very approachable,reporting researcher (S),reporting researcher (S),reporting researcher (S),reporting researcher (S),reporting researcher (S),reporting researcher (S),reporting researcher (S),reporting researcher (S),reporting researcher (S),1 = very dishonest,1 = very insincere,1 = very unethical,1 = very unlikeable,1 = very unapproachable,1 = very confident the findings are false,5 = very honest,5 = very sincere,5 = very ethical,5 = very likeable,5 = very approachable,reporting researcher (F),reporting researcher (F),reporting researcher (F),reporting researcher (F),reporting researcher (F),reporting researcher (F),reporting researcher (F),reporting researcher (F),reporting researcher (F),1 = very dishonest,1 = very insincere,1 = very unethical,1 = very unlikeable,3 = neither approachable nor unapproachable,1 = very confident the findings are false,5 = very honest,5 = very sincere,5 = very ethical,5 = very likeable,4 = somewhat approachable,reporting researcher (Y),reporting researcher (Y),reporting researcher (Y),neither reported (X) nor reporting researcher (Y),reporting researcher (Y),reporting researcher (Y),reporting researcher (Y),reporting researcher (Y),reporting researcher (Y),Somewhat disagree,Female,,Bachelor’s Degree,28,Ghana,"English, Ga, German, Twi",complete
1/29/2026 8:22,1/29/2026 8:35,100,780,TRUE,1/29/2026 8:35,R_2FsrNnkqhB3MB99,anonymous,EN,0.4000000059604645,"Yes, I consent",4 = somewhat honest,4 = somewhat sincere,3 = neither ethical nor unethical,3 = neither likeable nor unlikeable,4 = somewhat approachable,4 = somewhat confident the findings are true,4 = somewhat honest,5 = very sincere,4 = somewhat ethical,4 = somewhat likeable,5 = very approachable,reported researcher (K),reported researcher (K),reported researcher (K),reported researcher (K),reported researcher (K),reported researcher (K),reported researcher (K),reported researcher (K),reported researcher (K),4 = somewhat honest,4 = somewhat sincere,4 = somewhat ethical,3 = neither likeable nor unlikeable,4 = somewhat approachable,3 = could go either way,5 = very honest,5 = very sincere,5 = very ethical,5 = very likeable,5 = very approachable,reported researcher (H),reported researcher (H),reported researcher (H),reported researcher (H),reported researcher (H),reported researcher (H),reported researcher (H),reported researcher (H),reported researcher (H),1 = very dishonest,1 = very insincere,1 = very unethical,1 = very unlikeable,1 = very unapproachable,1 = very confident the findings are false,5 = very honest,5 = very sincere,4 = somewhat ethical,4 = somewhat likeable,4 = somewhat approachable,reported researcher (X),reported researcher (X),reported researcher (X),reported researcher (X),reported researcher (X),reported researcher (X),reported researcher (X),reported researcher (X),reported researcher (X),Somewhat disagree,Male,,Bachelor’s Degree,33,Ghana ,Dagaare ,complete
1/29/2026 8:30,1/29/2026 8:37,100,460,TRUE,1/29/2026 8:37,R_82To0IrUifFO1AR,anonymous,EN,1,"Yes, I consent",1 = very dishonest,1 = very insincere,1 = very unethical,1 = very unlikeable,1 = very unapproachable,2 = somewhat confident the findings are false,5 = very honest,5 = very sincere,5 = very ethical,5 = very likeable,4 = somewhat approachable,reporting researcher (S),reporting researcher (S),reporting researcher (S),neither reported (K) nor reporting researcher (S),neither reported (K) nor reporting researcher (S),reporting researcher (S),neither reported (K) nor reporting researcher (S),reporting researcher (S),reporting researcher (S),1 = very dishonest,1 = very insincere,1 = very unethical,1 = very unlikeable,1 = very unapproachable,1 = very confident the findings are false,4 = somewhat honest,4 = somewhat sincere,4 = somewhat ethical,4 = somewhat likeable,5 = very approachable,reporting researcher (F),reporting researcher (F),reporting researcher (F),neither reported (H) nor reporting researcher (F),neither reported (H) nor reporting researcher (F),reporting researcher (F),neither reported (H) nor reporting researcher (F),reporting researcher (F),reporting researcher (F),1 = very dishonest,1 = very insincere,1 = very unethical,1 = very unlikeable,1 = very unapproachable,1 = very confident the findings are false,5 = very honest,5 = very sincere,5 = very ethical,5 = very likeable,4 = somewhat approachable,reporting researcher (Y),reporting researcher (Y),reporting researcher (Y),neither reported (X) nor reporting researcher (Y),neither reported (X) nor reporting researcher (Y),reporting researcher (Y),reporting researcher (Y),reporting researcher (Y),reporting researcher (Y),Somewhat disagree,Male,,Bachelor’s Degree,23,Ghana,English,complete
1/29/2026 8:36,1/29/2026 8:40,100,269,TRUE,1/29/2026 8:40,R_8pX2RXAwPwMRPJ6,anonymous,EN,1,"Yes, I consent",1 = very dishonest,5 = very sincere,5 = very ethical,1 = very unlikeable,1 = very unapproachable,1 = very confident the findings are false,1 = very dishonest,1 = very insincere,1 = very unethical,1 = very unlikeable,1 = very unapproachable,reported researcher (K),reported researcher (K),reported researcher (K),reported researcher (K),reported researcher (K),reported researcher (K),reported researcher (K),reported researcher (K),reported researcher (K),1 = very dishonest,1 = very insincere,1 = very unethical,1 = very unlikeable,1 = very unapproachable,1 = very confident the findings are false,1 = very dishonest,1 = very insincere,1 = very unethical,1 = very unlikeable,1 = very unapproachable,reported researcher (H),reported researcher (H),reported researcher (H),reported researcher (H),reported researcher (H),reported researcher (H),reported researcher (H),reported researcher (H),reported researcher (H),1 = very dishonest,1 = very insincere,1 = very unethical,1 = very unlikeable,1 = very unapproachable,1 = very confident the findings are false,1 = very dishonest,1 = very insincere,1 = very unethical,1 = very unlikeable,1 = very unapproachable,reported researcher (X),reported researcher (X),reported researcher (X),reported researcher (X),reported researcher (X),reported researcher (X),reported researcher (X),reported researcher (X),reported researcher (X),strongly disagree,Male,,Bachelor’s Degree,25,Ghana ,English ,complete
1/29/2026 8:38,1/29/2026 8:46,100,470,TRUE,1/29/2026 8:46,R_2NyNb21hX0zqGjw,anonymous,EN,1,"Yes, I consent",2 = somewhat dishonest,4 = somewhat sincere,2 = somewhat unethical,2 = somewhat unlikeable,1 = very unapproachable,3 = could go either way,5 = very honest,4 = somewhat sincere,3 = neither ethical nor unethical,2 = somewhat unlikeable,2 = somewhat unapproachable,neither reported (K) nor reporting researcher (S),neither reported (K) nor reporting researcher (S),neither reported (K) nor reporting researcher (S),neither reported (K) nor reporting researcher (S),neither reported (K) nor reporting researcher (S),reporting researcher (S),reported researcher (K),reporting researcher (S),reporting researcher (S),2 = somewhat dishonest,2 = somewhat insincere,1 = very unethical,2 = somewhat unlikeable,2 = somewhat unapproachable,3 = could go either way,4 = somewhat honest,4 = somewhat sincere,3 = neither ethical nor unethical,3 = neither likeable nor unlikeable,2 = somewhat unapproachable,neither reported (H) nor reporting researcher (F),neither reported (H) nor reporting researcher (F),reported researcher (H),neither reported (H) nor reporting researcher (F),neither reported (H) nor reporting researcher (F),reporting researcher (F),reported researcher (H),reporting researcher (F),reporting researcher (F),2 = somewhat dishonest,2 = somewhat insincere,1 = very unethical,1 = very unlikeable,1 = very unapproachable,3 = could go either way,4 = somewhat honest,4 = somewhat sincere,3 = neither ethical nor unethical,2 = somewhat unlikeable,3 = neither approachable nor unapproachable,neither reported (X) nor reporting researcher (Y),reporting researcher (Y),neither reported (X) nor reporting researcher (Y),neither reported (X) nor reporting researcher (Y),neither reported (X) nor reporting researcher (Y),reporting researcher (Y),reported researcher (X),reporting researcher (Y),reporting researcher (Y),Somewhat disagree,Female,,Bachelor’s Degree,24,Ghana ,Twi,complete
1/29/2026 7:53,1/29/2026 8:50,100,3443,TRUE,1/29/2026 8:50,R_20Dih5E6nwLRT85,anonymous,EN,1,"Yes, I consent",2 = somewhat dishonest,1 = very insincere,1 = very unethical,1 = very unlikeable,1 = very unapproachable,3 = could go either way,3 = neither honest nor dishonest,5 = very sincere,1 = very unethical,4 = somewhat likeable,5 = very approachable,neither reported (K) nor reporting researcher (S),reporting researcher (S),neither reported (K) nor reporting researcher (S),neither reported (K) nor reporting researcher (S),neither reported (K) nor reporting researcher (S),reporting researcher (S),reporting researcher (S),reporting researcher (S),reporting researcher (S),1 = very dishonest,1 = very insincere,1 = very unethical,1 = very unlikeable,3 = neither approachable nor unapproachable,2 = somewhat confident the findings are false,5 = very honest,5 = very sincere,5 = very ethical,4 = somewhat likeable,5 = very approachable,neither reported (H) nor reporting researcher (F),reporting researcher (F),neither reported (H) nor reporting researcher (F),neither reported (H) nor reporting researcher (F),reporting researcher (F),reporting researcher (F),reporting researcher (F),reporting researcher (F),reporting researcher (F),1 = very dishonest,1 = very insincere,1 = very unethical,1 = very unlikeable,3 = neither approachable nor unapproachable,1 = very confident the findings are false,5 = very honest,5 = very sincere,5 = very ethical,5 = very likeable,5 = very approachable,neither reported (X) nor reporting researcher (Y),reporting researcher (Y),reporting researcher (Y),neither reported (X) nor reporting researcher (Y),neither reported (X) nor reporting researcher (Y),reporting researcher (Y),reporting researcher (Y),reporting researcher (Y),reporting researcher (Y),Somewhat disagree,Male,,Bachelor’s Degree,39,Ghana ,"Twi, English ",complete
1/29/2026 8:47,1/29/2026 8:52,100,288,TRUE,1/29/2026 8:52,R_8hlwbJVkGQglq7A,anonymous,EN,0.8999999761581421,"Yes, I consent",4 = somewhat honest,3 = neither sincere nor insincere,2 = somewhat unethical,2 = somewhat unlikeable,2 = somewhat unapproachable,2 = somewhat confident the findings are false,3 = neither honest nor dishonest,2 = somewhat insincere,2 = somewhat unethical,3 = neither likeable nor unlikeable,3 = neither approachable nor unapproachable,neither reported (K) nor reporting researcher (S),neither reported (K) nor reporting researcher (S),neither reported (K) nor reporting researcher (S),neither reported (K) nor reporting researcher (S),neither reported (K) nor reporting researcher (S),neither reported (K) nor reporting researcher (S),neither reported (K) nor reporting researcher (S),neither reported (K) nor reporting researcher (S),neither reported (K) nor reporting researcher (S),3 = neither honest nor dishonest,3 = neither sincere nor insincere,3 = neither ethical nor unethical,3 = neither likeable nor unlikeable,3 = neither approachable nor unapproachable,3 = could go either way,3 = neither honest nor dishonest,3 = neither sincere nor insincere,3 = neither ethical nor unethical,3 = neither likeable nor unlikeable,3 = neither approachable nor unapproachable,neither reported (H) nor reporting researcher (F),neither reported (H) nor reporting researcher (F),neither reported (H) nor reporting researcher (F),neither reported (H) nor reporting researcher (F),neither reported (H) nor reporting researcher (F),neither reported (H) nor reporting researcher (F),neither reported (H) nor reporting researcher (F),neither reported (H) nor reporting researcher (F),neither reported (H) nor reporting researcher (F),2 = somewhat dishonest,2 = somewhat insincere,1 = very unethical,2 = somewhat unlikeable,3 = neither approachable nor unapproachable,3 = could go either way,3 = neither honest nor dishonest,2 = somewhat insincere,3 = neither ethical nor unethical,3 = neither likeable nor unlikeable,3 = neither approachable nor unapproachable,neither reported (X) nor reporting researcher (Y),neither reported (X) nor reporting researcher (Y),neither reported (X) nor reporting researcher (Y),neither reported (X) nor reporting researcher (Y),neither reported (X) nor reporting researcher (Y),neither reported (X) nor reporting researcher (Y),neither reported (X) nor reporting researcher (Y),neither reported (X) nor reporting researcher (Y),neither reported (X) nor reporting researcher (Y),Neither agree nor disagree,Male,,Bachelor’s Degree,27,Ghana,English and Twi ,complete
1/29/2026 8:01,1/29/2026 8:57,100,3358,TRUE,1/29/2026 8:57,R_2ydfqgFTJHCZfgu,anonymous,EN,1,"Yes, I consent",4 = somewhat honest,4 = somewhat sincere,4 = somewhat ethical,3 = neither likeable nor unlikeable,3 = neither approachable nor unapproachable,3 = could go either way,3 = neither honest nor dishonest,3 = neither sincere nor insincere,3 = neither ethical nor unethical,2 = somewhat unlikeable,3 = neither approachable nor unapproachable,reported researcher (K),neither reported (K) nor reporting researcher (S),reporting researcher (S),reported researcher (K),reported researcher (K),reported researcher (K),reported researcher (K),reported researcher (K),reported researcher (K),2 = somewhat dishonest,2 = somewhat insincere,2 = somewhat unethical,3 = neither likeable nor unlikeable,3 = neither approachable nor unapproachable,2 = somewhat confident the findings are false,4 = somewhat honest,4 = somewhat sincere,4 = somewhat ethical,3 = neither likeable nor unlikeable,3 = neither approachable nor unapproachable,reporting researcher (F),reporting researcher (F),reporting researcher (F),reporting researcher (F),reporting researcher (F),reporting researcher (F),reporting researcher (F),reporting researcher (F),reporting researcher (F),3 = neither honest nor dishonest,3 = neither sincere nor insincere,2 = somewhat unethical,3 = neither likeable nor unlikeable,4 = somewhat approachable,3 = could go either way,3 = neither honest nor dishonest,3 = neither sincere nor insincere,4 = somewhat ethical,2 = somewhat unlikeable,3 = neither approachable nor unapproachable,neither reported (X) nor reporting researcher (Y),neither reported (X) nor reporting researcher (Y),neither reported (X) nor reporting researcher (Y),reported researcher (X),reporting researcher (Y),reported researcher (X),reported researcher (X),reporting researcher (Y),reported researcher (X),Somewhat disagree,Male,,Bachelor’s Degree,25,GHANA,"ENGLISH
TWI",complete
1/29/2026 8:47,1/29/2026 8:59,100,728,TRUE,1/29/2026 8:59,R_8C6CQtHUPoxkftv,anonymous,EN,1,"Yes, I consent",1 = very dishonest,2 = somewhat insincere,1 = very unethical,2 = somewhat unlikeable,4 = somewhat approachable,1 = very confident the findings are false,4 = somewhat honest,4 = somewhat sincere,4 = somewhat ethical,3 = neither likeable nor unlikeable,4 = somewhat approachable,reporting researcher (S),reporting researcher (S),neither reported (K) nor reporting researcher (S),neither reported (K) nor reporting researcher (S),neither reported (K) nor reporting researcher (S),reported researcher (K),reported researcher (K),reporting researcher (S),reported researcher (K),2 = somewhat dishonest,2 = somewhat insincere,2 = somewhat unethical,3 = neither likeable nor unlikeable,3 = neither approachable nor unapproachable,2 = somewhat confident the findings are false,4 = somewhat honest,4 = somewhat sincere,4 = somewhat ethical,4 = somewhat likeable,4 = somewhat approachable,reporting researcher (F),reporting researcher (F),reported researcher (H),neither reported (H) nor reporting researcher (F),neither reported (H) nor reporting researcher (F),reporting researcher (F),reporting researcher (F),reporting researcher (F),reporting researcher (F),1 = very dishonest,1 = very insincere,1 = very unethical,1 = very unlikeable,1 = very unapproachable,1 = very confident the findings are false,4 = somewhat honest,4 = somewhat sincere,5 = very ethical,4 = somewhat likeable,4 = somewhat approachable,reporting researcher (Y),reporting researcher (Y),neither reported (X) nor reporting researcher (Y),neither reported (X) nor reporting researcher (Y),neither reported (X) nor reporting researcher (Y),reported researcher (X),reporting researcher (Y),reporting researcher (Y),reporting researcher (Y),Somewhat disagree,Female,,Bachelor’s Degree,21,Ghana,English ,complete
1/29/2026 8:49,1/29/2026 9:00,100,649,TRUE,1/29/2026 9:00,R_8rHJOrrvsydacjB,anonymous,EN,1,"Yes, I consent",3 = neither honest nor dishonest,5 = very sincere,3 = neither ethical nor unethical,5 = very likeable,5 = very approachable,5 = very confident the findings are true,5 = very honest,5 = very sincere,5 = very ethical,1 = very unlikeable,3 = neither approachable nor unapproachable,reporting researcher (S),reporting researcher (S),reporting researcher (S),reporting researcher (S),reporting researcher (S),reporting researcher (S),neither reported (K) nor reporting researcher (S),reported researcher (K),neither reported (K) nor reporting researcher (S),4 = somewhat honest,2 = somewhat insincere,1 = very unethical,4 = somewhat likeable,3 = neither approachable nor unapproachable,4 = somewhat confident the findings are true,4 = somewhat honest,4 = somewhat sincere,5 = very ethical,2 = somewhat unlikeable,1 = very unapproachable,reported researcher (H),reported researcher (H),reported researcher (H),reported researcher (H),reporting researcher (F),reporting researcher (F),reported researcher (H),reported researcher (H),neither reported (H) nor reporting researcher (F),1 = very dishonest,1 = very insincere,1 = very unethical,4 = somewhat likeable,4 = somewhat approachable,2 = somewhat confident the findings are false,5 = very honest,5 = very sincere,5 = very ethical,1 = very unlikeable,2 = somewhat unapproachable,reported researcher (X),reporting researcher (Y),reporting researcher (Y),reporting researcher (Y),reporting researcher (Y),reporting researcher (Y),reported researcher (X),reporting researcher (Y),reported researcher (X),Somewhat disagree,Female,,Some college credit or technical school degree,20,ghana ,"twi , fante , English ",complete
1/29/2026 8:54,1/29/2026 9:06,100,714,TRUE,1/29/2026 9:06,R_27UdKhUOow2qGDD,anonymous,EN,1,"Yes, I consent",2 = somewhat dishonest,4 = somewhat sincere,4 = somewhat ethical,5 = very likeable,5 = very approachable,3 = could go either way,4 = somewhat honest,4 = somewhat sincere,4 = somewhat ethical,3 = neither likeable nor unlikeable,4 = somewhat approachable,neither reported (K) nor reporting researcher (S),neither reported (K) nor reporting researcher (S),neither reported (K) nor reporting researcher (S),neither reported (K) nor reporting researcher (S),neither reported (K) nor reporting researcher (S),reporting researcher (S),reporting researcher (S),reporting researcher (S),reporting researcher (S),1 = very dishonest,1 = very insincere,1 = very unethical,1 = very unlikeable,2 = somewhat unapproachable,1 = very confident the findings are false,5 = very honest,5 = very sincere,5 = very ethical,5 = very likeable,5 = very approachable,reporting researcher (F),reporting researcher (F),reported researcher (H),reporting researcher (F),reporting researcher (F),reporting researcher (F),reporting researcher (F),reporting researcher (F),reporting researcher (F),4 = somewhat honest,3 = neither sincere nor insincere,4 = somewhat ethical,5 = very likeable,5 = very approachable,5 = very confident the findings are true,3 = neither honest nor dishonest,3 = neither sincere nor insincere,1 = very unethical,1 = very unlikeable,5 = very approachable,reported researcher (X),reporting researcher (Y),reporting researcher (Y),reporting researcher (Y),reported researcher (X),reported researcher (X),reported researcher (X),neither reported (X) nor reporting researcher (Y),neither reported (X) nor reporting researcher (Y),Somewhat disagree,Male,,Bachelor’s Degree,34,Ghana,English,complete
1/29/2026 7:51,1/29/2026 9:12,100,4834,TRUE,1/29/2026 9:12,R_26CeaerEQjpYzE5,anonymous,EN,0.699999988,"Yes, I consent",3 = neither honest nor dishonest,2 = somewhat insincere,4 = somewhat ethical,2 = somewhat unlikeable,5 = very approachable,2 = somewhat confident the findings are false,4 = somewhat honest,2 = somewhat insincere,4 = somewhat ethical,4 = somewhat likeable,2 = somewhat unapproachable,reported researcher (K),reporting researcher (S),reported researcher (K),neither reported (K) nor reporting researcher (S),reporting researcher (S),reported researcher (K),reported researcher (K),reported researcher (K),reporting researcher (S),3 = neither honest nor dishonest,3 = neither sincere nor insincere,2 = somewhat unethical,4 = somewhat likeable,4 = somewhat approachable,4 = somewhat confident the findings are true,4 = somewhat honest,5 = very sincere,5 = very ethical,3 = neither likeable nor unlikeable,4 = somewhat approachable,reporting researcher (F),reporting researcher (F),reporting researcher (F),neither reported (H) nor reporting researcher (F),neither reported (H) nor reporting researcher (F),reporting researcher (F),reported researcher (H),reporting researcher (F),reporting researcher (F),2 = somewhat dishonest,4 = somewhat sincere,1 = very unethical,3 = neither likeable nor unlikeable,3 = neither approachable nor unapproachable,1 = very confident the findings are false,3 = neither honest nor dishonest,2 = somewhat insincere,1 = very unethical,4 = somewhat likeable,5 = very approachable,reported researcher (X),neither reported (X) nor reporting researcher (Y),reporting researcher (Y),reported researcher (X),reporting researcher (Y),reported researcher (X),reporting researcher (Y),neither reported (X) nor reporting researcher (Y),neither reported (X) nor reporting researcher (Y),Somewhat agree,Male,,Bachelor’s Degree,23,Ghana ,Sisali,complete
1/29/2026 9:16,1/29/2026 9:22,100,356,TRUE,1/29/2026 9:22,R_8Vr4qDnud2XpyJX,anonymous,EN,0.800000012,"Yes, I consent",4 = somewhat honest,3 = neither sincere nor insincere,3 = neither ethical nor unethical,2 = somewhat unlikeable,2 = somewhat unapproachable,2 = somewhat confident the findings are false,2 = somewhat dishonest,3 = neither sincere nor insincere,4 = somewhat ethical,2 = somewhat unlikeable,2 = somewhat unapproachable,reported researcher (K),neither reported (K) nor reporting researcher (S),neither reported (K) nor reporting researcher (S),reporting researcher (S),reporting researcher (S),neither reported (K) nor reporting researcher (S),reported researcher (K),reported researcher (K),neither reported (K) nor reporting researcher (S),2 = somewhat dishonest,3 = neither sincere nor insincere,4 = somewhat ethical,4 = somewhat likeable,1 = very unapproachable,1 = very confident the findings are false,2 = somewhat dishonest,3 = neither sincere nor insincere,4 = somewhat ethical,2 = somewhat unlikeable,4 = somewhat approachable,reporting researcher (F),reported researcher (H),reporting researcher (F),reported researcher (H),neither reported (H) nor reporting researcher (F),neither reported (H) nor reporting researcher (F),reported researcher (H),neither reported (H) nor reporting researcher (F),neither reported (H) nor reporting researcher (F),3 = neither honest nor dishonest,3 = neither sincere nor insincere,2 = somewhat unethical,3 = neither likeable nor unlikeable,2 = somewhat unapproachable,1 = very confident the findings are false,3 = neither honest nor dishonest,3 = neither sincere nor insincere,3 = neither ethical nor unethical,4 = somewhat likeable,2 = somewhat unapproachable,neither reported (X) nor reporting researcher (Y),neither reported (X) nor reporting researcher (Y),neither reported (X) nor reporting researcher (Y),neither reported (X) nor reporting researcher (Y),neither reported (X) nor reporting researcher (Y),neither reported (X) nor reporting researcher (Y),reported researcher (X),neither reported (X) nor reporting researcher (Y),neither reported (X) nor reporting researcher (Y),Somewhat disagree,Male,,Some High School,22,Ghana,English,complete
1/29/2026 9:20,1/29/2026 9:23,100,203,TRUE,1/29/2026 9:23,R_8Loii4yoml9jLRD,anonymous,EN,0.8999999761581421,"Yes, I consent",1 = very dishonest,1 = very insincere,1 = very unethical,1 = very unlikeable,1 = very unapproachable,1 = very confident the findings are false,5 = very honest,5 = very sincere,5 = very ethical,5 = very likeable,5 = very approachable,reported researcher (K),reported researcher (K),reported researcher (K),reported researcher (K),reported researcher (K),reported researcher (K),reported researcher (K),reported researcher (K),reported researcher (K),1 = very dishonest,1 = very insincere,2 = somewhat unethical,2 = somewhat unlikeable,1 = very unapproachable,1 = very confident the findings are false,5 = very honest,4 = somewhat sincere,4 = somewhat ethical,4 = somewhat likeable,5 = very approachable,reported researcher (H),neither reported (H) nor reporting researcher (F),neither reported (H) nor reporting researcher (F),neither reported (H) nor reporting researcher (F),reported researcher (H),neither reported (H) nor reporting researcher (F),reporting researcher (F),reporting researcher (F),reporting researcher (F),1 = very dishonest,1 = very insincere,1 = very unethical,2 = somewhat unlikeable,2 = somewhat unapproachable,1 = very confident the findings are false,5 = very honest,4 = somewhat sincere,5 = very ethical,4 = somewhat likeable,5 = very approachable,reported researcher (X),neither reported (X) nor reporting researcher (Y),reported researcher (X),reported researcher (X),reporting researcher (Y),reported researcher (X),reported researcher (X),reported researcher (X),reported researcher (X),Somewhat disagree,Male,,Some High School,28,Ghana,English ,complete
1/29/2026 9:17,1/29/2026 9:24,100,405,TRUE,1/29/2026 9:24,R_9rSsvmeAvc3hYBY,anonymous,EN,1,"Yes, I consent",2 = somewhat dishonest,1 = very insincere,4 = somewhat ethical,5 = very likeable,4 = somewhat approachable,2 = somewhat confident the findings are false,4 = somewhat honest,1 = very insincere,2 = somewhat unethical,4 = somewhat likeable,1 = very unapproachable,reported researcher (K),neither reported (K) nor reporting researcher (S),reporting researcher (S),reported researcher (K),reporting researcher (S),reported researcher (K),reported researcher (K),reported researcher (K),reported researcher (K),3 = neither honest nor dishonest,3 = neither sincere nor insincere,2 = somewhat unethical,4 = somewhat likeable,3 = neither approachable nor unapproachable,4 = somewhat confident the findings are true,2 = somewhat dishonest,2 = somewhat insincere,4 = somewhat ethical,1 = very unlikeable,2 = somewhat unapproachable,reported researcher (H),reporting researcher (F),neither reported (H) nor reporting researcher (F),reporting researcher (F),reporting researcher (F),reporting researcher (F),reporting researcher (F),reporting researcher (F),reporting researcher (F),2 = somewhat dishonest,1 = very insincere,2 = somewhat unethical,3 = neither likeable nor unlikeable,2 = somewhat unapproachable,1 = very confident the findings are false,5 = very honest,2 = somewhat insincere,2 = somewhat unethical,5 = very likeable,4 = somewhat approachable,neither reported (X) nor reporting researcher (Y),neither reported (X) nor reporting researcher (Y),reported researcher (X),reported researcher (X),neither reported (X) nor reporting researcher (Y),reporting researcher (Y),neither reported (X) nor reporting researcher (Y),reported researcher (X),neither reported (X) nor reporting researcher (Y),Somewhat disagree,Male,,Some college credit or technical school degree,26,Ghana,English ,complete
1/29/2026 8:53,1/29/2026 9:26,100,1979,TRUE,1/29/2026 9:26,R_8fl2eunTRHQ4TxT,anonymous,EN,,"Yes, I consent",3 = neither honest nor dishonest,3 = neither sincere nor insincere,3 = neither ethical nor unethical,3 = neither likeable nor unlikeable,3 = neither approachable nor unapproachable,3 = could go either way,3 = neither honest nor dishonest,3 = neither sincere nor insincere,3 = neither ethical nor unethical,3 = neither likeable nor unlikeable,3 = neither approachable nor unapproachable,neither reported (K) nor reporting researcher (S),neither reported (K) nor reporting researcher (S),neither reported (K) nor reporting researcher (S),neither reported (K) nor reporting researcher (S),neither reported (K) nor reporting researcher (S),neither reported (K) nor reporting researcher (S),neither reported (K) nor reporting researcher (S),neither reported (K) nor reporting researcher (S),neither reported (K) nor reporting researcher (S),2 = somewhat dishonest,2 = somewhat insincere,2 = somewhat unethical,3 = neither likeable nor unlikeable,3 = neither approachable nor unapproachable,3 = could go either way,3 = neither honest nor dishonest,3 = neither sincere nor insincere,2 = somewhat unethical,3 = neither likeable nor unlikeable,3 = neither approachable nor unapproachable,neither reported (H) nor reporting researcher (F),neither reported (H) nor reporting researcher (F),reported researcher (H),neither reported (H) nor reporting researcher (F),neither reported (H) nor reporting researcher (F),neither reported (H) nor reporting researcher (F),neither reported (H) nor reporting researcher (F),neither reported (H) nor reporting researcher (F),neither reported (H) nor reporting researcher (F),2 = somewhat dishonest,2 = somewhat insincere,3 = neither ethical nor unethical,3 = neither likeable nor unlikeable,3 = neither approachable nor unapproachable,3 = could go either way,3 = neither honest nor dishonest,3 = neither sincere nor insincere,3 = neither ethical nor unethical,3 = neither likeable nor unlikeable,3 = neither approachable nor unapproachable,neither reported (X) nor reporting researcher (Y),neither reported (X) nor reporting researcher (Y),neither reported (X) nor reporting researcher (Y),neither reported (X) nor reporting researcher (Y),neither reported (X) nor reporting researcher (Y),neither reported (X) nor reporting researcher (Y),neither reported (X) nor reporting researcher (Y),neither reported (X) nor reporting researcher (Y),neither reported (X) nor reporting researcher (Y),Somewhat disagree,Male,,Master’s Degree,39,Ghana ,English and Twi (Ghanaian language),error
1/29/2026 8:44,1/29/2026 9:29,100,2707,TRUE,1/29/2026 9:29,R_8CPFnVLJwrhIbCJ,anonymous,EN,,"Yes, I consent",4 = somewhat honest,4 = somewhat sincere,4 = somewhat ethical,4 = somewhat likeable,4 = somewhat approachable,3 = could go either way,4 = somewhat honest,4 = somewhat sincere,4 = somewhat ethical,4 = somewhat likeable,4 = somewhat approachable,reporting researcher (S),reporting researcher (S),reported researcher (K),reporting researcher (S),reporting researcher (S),reporting researcher (S),reported researcher (K),reporting researcher (S),reporting researcher (S),2 = somewhat dishonest,2 = somewhat insincere,2 = somewhat unethical,4 = somewhat likeable,4 = somewhat approachable,3 = could go either way,3 = neither honest nor dishonest,4 = somewhat sincere,2 = somewhat unethical,4 = somewhat likeable,4 = somewhat approachable,reported researcher (H),reported researcher (H),reported researcher (H),reported researcher (H),reported researcher (H),reported researcher (H),reported researcher (H),reported researcher (H),reported researcher (H),1 = very dishonest,2 = somewhat insincere,1 = very unethical,2 = somewhat unlikeable,4 = somewhat approachable,2 = somewhat confident the findings are false,4 = somewhat honest,5 = very sincere,4 = somewhat ethical,5 = very likeable,4 = somewhat approachable,reporting researcher (Y),reporting researcher (Y),reported researcher (X),neither reported (X) nor reporting researcher (Y),reporting researcher (Y),reporting researcher (Y),reporting researcher (Y),reporting researcher (Y),reporting researcher (Y),Somewhat disagree,Male,,High School Diploma or GED,25,Ghana ,"English,Ewe,Twi",error
1/29/2026 9:20,1/29/2026 9:29,100,560,TRUE,1/29/2026 9:29,R_8wb1yRaZhzXcaGn,anonymous,EN,0.8999999761581421,"Yes, I consent",3 = neither honest nor dishonest,5 = very sincere,5 = very ethical,3 = neither likeable nor unlikeable,5 = very approachable,4 = somewhat confident the findings are true,4 = somewhat honest,3 = neither sincere nor insincere,3 = neither ethical nor unethical,3 = neither likeable nor unlikeable,3 = neither approachable nor unapproachable,reported researcher (K),neither reported (K) nor reporting researcher (S),neither reported (K) nor reporting researcher (S),neither reported (K) nor reporting researcher (S),reporting researcher (S),reporting researcher (S),neither reported (K) nor reporting researcher (S),reported researcher (K),reported researcher (K),3 = neither honest nor dishonest,1 = very insincere,1 = very unethical,2 = somewhat unlikeable,2 = somewhat unapproachable,2 = somewhat confident the findings are false,3 = neither honest nor dishonest,3 = neither sincere nor insincere,3 = neither ethical nor unethical,3 = neither likeable nor unlikeable,4 = somewhat approachable,reported researcher (H),reported researcher (H),neither reported (H) nor reporting researcher (F),reporting researcher (F),reporting researcher (F),reporting researcher (F),reporting researcher (F),neither reported (H) nor reporting researcher (F),neither reported (H) nor reporting researcher (F),3 = neither honest nor dishonest,2 = somewhat insincere,2 = somewhat unethical,1 = very unlikeable,1 = very unapproachable,2 = somewhat confident the findings are false,3 = neither honest nor dishonest,4 = somewhat sincere,4 = somewhat ethical,4 = somewhat likeable,5 = very approachable,neither reported (X) nor reporting researcher (Y),neither reported (X) nor reporting researcher (Y),reporting researcher (Y),reporting researcher (Y),reporting researcher (Y),reporting researcher (Y),neither reported (X) nor reporting researcher (Y),neither reported (X) nor reporting researcher (Y),reporting researcher (Y),Somewhat agree,Male,,Bachelor’s Degree,26,Ghana,French and English ,complete
1/29/2026 9:20,1/29/2026 9:32,100,701,TRUE,1/29/2026 9:32,R_88D4PvvBbOWefPY,anonymous,EN,1,"Yes, I consent",1 = very dishonest,1 = very insincere,1 = very unethical,1 = very unlikeable,1 = very unapproachable,1 = very confident the findings are false,5 = very honest,5 = very sincere,5 = very ethical,5 = very likeable,5 = very approachable,reporting researcher (S),reporting researcher (S),reporting researcher (S),reporting researcher (S),reporting researcher (S),reporting researcher (S),reporting researcher (S),reporting researcher (S),reporting researcher (S),1 = very dishonest,1 = very insincere,1 = very unethical,1 = very unlikeable,1 = very unapproachable,1 = very confident the findings are false,5 = very honest,5 = very sincere,5 = very ethical,5 = very likeable,5 = very approachable,reporting researcher (F),reporting researcher (F),reporting researcher (F),reporting researcher (F),reporting researcher (F),reporting researcher (F),reporting researcher (F),reporting researcher (F),reporting researcher (F),2 = somewhat dishonest,4 = somewhat sincere,2 = somewhat unethical,3 = neither likeable nor unlikeable,3 = neither approachable nor unapproachable,2 = somewhat confident the findings are false,5 = very honest,5 = very sincere,5 = very ethical,5 = very likeable,5 = very approachable,reported researcher (X),neither reported (X) nor reporting researcher (Y),neither reported (X) nor reporting researcher (Y),neither reported (X) nor reporting researcher (Y),neither reported (X) nor reporting researcher (Y),neither reported (X) nor reporting researcher (Y),neither reported (X) nor reporting researcher (Y),reporting researcher (Y),reporting researcher (Y),Somewhat disagree,Prefer not to say,,Bachelor’s Degree,21,African ,English ,complete
1/29/2026 9:23,1/29/2026 9:39,100,973,TRUE,1/29/2026 9:39,R_8r7y2U03SNdKNYQ,anonymous,EN,0.800000012,"Yes, I consent",3 = neither honest nor dishonest,3 = neither sincere nor insincere,3 = neither ethical nor unethical,3 = neither likeable nor unlikeable,3 = neither approachable nor unapproachable,3 = could go either way,3 = neither honest nor dishonest,3 = neither sincere nor insincere,5 = very ethical,5 = very likeable,5 = very approachable,reporting researcher (S),reporting researcher (S),reporting researcher (S),reporting researcher (S),reporting researcher (S),reported researcher (K),reporting researcher (S),reporting researcher (S),reporting researcher (S),5 = very honest,2 = somewhat insincere,2 = somewhat unethical,1 = very unlikeable,3 = neither approachable nor unapproachable,4 = somewhat confident the findings are true,4 = somewhat honest,4 = somewhat sincere,4 = somewhat ethical,3 = neither likeable nor unlikeable,3 = neither approachable nor unapproachable,reporting researcher (F),reporting researcher (F),reporting researcher (F),reported researcher (H),reported researcher (H),reporting researcher (F),reported researcher (H),reported researcher (H),reporting researcher (F),2 = somewhat dishonest,1 = very insincere,1 = very unethical,1 = very unlikeable,1 = very unapproachable,1 = very confident the findings are false,5 = very honest,5 = very sincere,5 = very ethical,5 = very likeable,5 = very approachable,neither reported (X) nor reporting researcher (Y),neither reported (X) nor reporting researcher (Y),neither reported (X) nor reporting researcher (Y),neither reported (X) nor reporting researcher (Y),neither reported (X) nor reporting researcher (Y),reporting researcher (Y),neither reported (X) nor reporting researcher (Y),reporting researcher (Y),reporting researcher (Y),strongly disagree,Female,,Master’s Degree,24,Ghana ,English ,complete
1/29/2026 9:25,1/29/2026 9:46,100,1300,TRUE,1/29/2026 9:46,R_2EvdQAUUDmvdfxn,anonymous,EN,0,"Yes, I consent",5 = very honest,5 = very sincere,5 = very ethical,5 = very likeable,5 = very approachable,5 = very confident the findings are true,2 = somewhat dishonest,2 = somewhat insincere,2 = somewhat unethical,3 = neither likeable nor unlikeable,3 = neither approachable nor unapproachable,reporting researcher (S),reporting researcher (S),reporting researcher (S),reporting researcher (S),reporting researcher (S),reporting researcher (S),reporting researcher (S),reporting researcher (S),reporting researcher (S),1 = very dishonest,1 = very insincere,1 = very unethical,1 = very unlikeable,1 = very unapproachable,1 = very confident the findings are false,5 = very honest,5 = very sincere,5 = very ethical,5 = very likeable,5 = very approachable,reporting researcher (F),reporting researcher (F),reporting researcher (F),reporting researcher (F),reporting researcher (F),reporting researcher (F),reporting researcher (F),reporting researcher (F),reporting researcher (F),1 = very dishonest,1 = very insincere,1 = very unethical,1 = very unlikeable,1 = very unapproachable,1 = very confident the findings are false,5 = very honest,5 = very sincere,5 = very ethical,5 = very likeable,5 = very approachable,reporting researcher (Y),reporting researcher (Y),reporting researcher (Y),reporting researcher (Y),reporting researcher (Y),reporting researcher (Y),reporting researcher (Y),reporting researcher (Y),reporting researcher (Y),Somewhat disagree,Female,,"Doctoral Degree (e.g. Ph.D., M.D., J.D., or equivalent)",65,Ghana ,English ,complete
1/29/2026 9:46,1/29/2026 9:52,100,346,TRUE,1/29/2026 9:52,R_8nRh2UxM1Vaa801,anonymous,EN,1,"Yes, I consent",3 = neither honest nor dishonest,3 = neither sincere nor insincere,2 = somewhat unethical,3 = neither likeable nor unlikeable,3 = neither approachable nor unapproachable,3 = could go either way,3 = neither honest nor dishonest,3 = neither sincere nor insincere,3 = neither ethical nor unethical,3 = neither likeable nor unlikeable,3 = neither approachable nor unapproachable,neither reported (K) nor reporting researcher (S),reported researcher (K),reported researcher (K),neither reported (K) nor reporting researcher (S),reporting researcher (S),reporting researcher (S),neither reported (K) nor reporting researcher (S),neither reported (K) nor reporting researcher (S),neither reported (K) nor reporting researcher (S),4 = somewhat honest,3 = neither sincere nor insincere,2 = somewhat unethical,3 = neither likeable nor unlikeable,2 = somewhat unapproachable,2 = somewhat confident the findings are false,3 = neither honest nor dishonest,3 = neither sincere nor insincere,3 = neither ethical nor unethical,2 = somewhat unlikeable,4 = somewhat approachable,neither reported (H) nor reporting researcher (F),neither reported (H) nor reporting researcher (F),neither reported (H) nor reporting researcher (F),reported researcher (H),reported researcher (H),neither reported (H) nor reporting researcher (F),neither reported (H) nor reporting researcher (F),neither reported (H) nor reporting researcher (F),neither reported (H) nor reporting researcher (F),1 = very dishonest,1 = very insincere,2 = somewhat unethical,2 = somewhat unlikeable,2 = somewhat unapproachable,3 = could go either way,2 = somewhat dishonest,3 = neither sincere nor insincere,3 = neither ethical nor unethical,4 = somewhat likeable,4 = somewhat approachable,neither reported (X) nor reporting researcher (Y),neither reported (X) nor reporting researcher (Y),neither reported (X) nor reporting researcher (Y),neither reported (X) nor reporting researcher (Y),neither reported (X) nor reporting researcher (Y),neither reported (X) nor reporting researcher (Y),reported researcher (X),neither reported (X) nor reporting researcher (Y),neither reported (X) nor reporting researcher (Y),Neither agree nor disagree,Female,,Bachelor’s Degree,21,Ghana,2,complete
1/29/2026 9:27,1/29/2026 9:53,100,1536,TRUE,1/29/2026 9:53,R_8Tq4F2n3JlUdfm0,anonymous,EN,0.699999988,"Yes, I consent",2 = somewhat dishonest,2 = somewhat insincere,2 = somewhat unethical,1 = very unlikeable,3 = neither approachable nor unapproachable,3 = could go either way,4 = somewhat honest,4 = somewhat sincere,4 = somewhat ethical,5 = very likeable,3 = neither approachable nor unapproachable,reporting researcher (S),reporting researcher (S),reporting researcher (S),reporting researcher (S),reporting researcher (S),reporting researcher (S),reporting researcher (S),reporting researcher (S),reporting researcher (S),2 = somewhat dishonest,2 = somewhat insincere,2 = somewhat unethical,2 = somewhat unlikeable,3 = neither approachable nor unapproachable,2 = somewhat confident the findings are false,4 = somewhat honest,4 = somewhat sincere,4 = somewhat ethical,5 = very likeable,5 = very approachable,reporting researcher (F),reporting researcher (F),reporting researcher (F),reporting researcher (F),reporting researcher (F),reporting researcher (F),reporting researcher (F),reporting researcher (F),reporting researcher (F),1 = very dishonest,1 = very insincere,1 = very unethical,1 = very unlikeable,1 = very unapproachable,2 = somewhat confident the findings are false,5 = very honest,5 = very sincere,5 = very ethical,5 = very likeable,5 = very approachable,reporting researcher (Y),reporting researcher (Y),reporting researcher (Y),reporting researcher (Y),reporting researcher (Y),reporting researcher (Y),reporting researcher (Y),reporting researcher (Y),reporting researcher (Y),Somewhat disagree,Male,,Bachelor’s Degree,34,Ghana,English,complete
1/29/2026 9:40,1/29/2026 9:56,100,940,TRUE,1/29/2026 9:56,R_8DSktkqkbPk1ryB,anonymous,EN,0.8999999761581421,"Yes, I consent",3 = neither honest nor dishonest,3 = neither sincere nor insincere,4 = somewhat ethical,3 = neither likeable nor unlikeable,2 = somewhat unapproachable,3 = could go either way,3 = neither honest nor dishonest,3 = neither sincere nor insincere,4 = somewhat ethical,4 = somewhat likeable,3 = neither approachable nor unapproachable,neither reported (K) nor reporting researcher (S),neither reported (K) nor reporting researcher (S),reporting researcher (S),reporting researcher (S),reporting researcher (S),reporting researcher (S),reporting researcher (S),reporting researcher (S),reporting researcher (S),1 = very dishonest,1 = very insincere,1 = very unethical,1 = very unlikeable,1 = very unapproachable,3 = could go either way,4 = somewhat honest,4 = somewhat sincere,4 = somewhat ethical,3 = neither likeable nor unlikeable,1 = very unapproachable,reporting researcher (F),neither reported (H) nor reporting researcher (F),reporting researcher (F),reported researcher (H),neither reported (H) nor reporting researcher (F),reported researcher (H),reported researcher (H),reported researcher (H),neither reported (H) nor reporting researcher (F),2 = somewhat dishonest,2 = somewhat insincere,1 = very unethical,1 = very unlikeable,1 = very unapproachable,3 = could go either way,2 = somewhat dishonest,2 = somewhat insincere,1 = very unethical,3 = neither likeable nor unlikeable,1 = very unapproachable,reported researcher (X),neither reported (X) nor reporting researcher (Y),neither reported (X) nor reporting researcher (Y),reported researcher (X),reported researcher (X),reporting researcher (Y),reported researcher (X),reported researcher (X),neither reported (X) nor reporting researcher (Y),strongly disagree,Male,,Bachelor’s Degree,25,Ghanaian,English ,complete
1/29/2026 9:47,1/29/2026 10:00,100,745,TRUE,1/29/2026 10:00,R_8DD7NEmiYyLEj7z,anonymous,EN,1,"Yes, I consent",4 = somewhat honest,4 = somewhat sincere,4 = somewhat ethical,5 = very likeable,3 = neither approachable nor unapproachable,4 = somewhat confident the findings are true,4 = somewhat honest,4 = somewhat sincere,4 = somewhat ethical,4 = somewhat likeable,4 = somewhat approachable,reporting researcher (S),reporting researcher (S),neither reported (K) nor reporting researcher (S),reporting researcher (S),reporting researcher (S),reported researcher (K),reporting researcher (S),reporting researcher (S),reporting researcher (S),4 = somewhat honest,4 = somewhat sincere,4 = somewhat ethical,4 = somewhat likeable,4 = somewhat approachable,4 = somewhat confident the findings are true,4 = somewhat honest,3 = neither sincere nor insincere,4 = somewhat ethical,5 = very likeable,3 = neither approachable nor unapproachable,reporting researcher (F),neither reported (H) nor reporting researcher (F),reporting researcher (F),reporting researcher (F),neither reported (H) nor reporting researcher (F),reporting researcher (F),reporting researcher (F),reporting researcher (F),reporting researcher (F),5 = very honest,5 = very sincere,3 = neither ethical nor unethical,2 = somewhat unlikeable,5 = very approachable,5 = very confident the findings are true,4 = somewhat honest,4 = somewhat sincere,4 = somewhat ethical,4 = somewhat likeable,4 = somewhat approachable,reported researcher (X),reported researcher (X),reporting researcher (Y),reported researcher (X),reported researcher (X),reported researcher (X),reporting researcher (Y),reported researcher (X),reported researcher (X),Somewhat disagree,Female,,Bachelor’s Degree,30,ghana,english,complete
1/29/2026 9:54,1/29/2026 10:05,100,630,TRUE,1/29/2026 10:05,R_2gbwPwpLwxpR1YK,anonymous,EN,0.8999999761581421,"Yes, I consent",4 = somewhat honest,1 = very insincere,4 = somewhat ethical,4 = somewhat likeable,4 = somewhat approachable,5 = very confident the findings are true,5 = very honest,5 = very sincere,5 = very ethical,4 = somewhat likeable,5 = very approachable,reported researcher (K),reported researcher (K),reported researcher (K),reported researcher (K),reported researcher (K),reported researcher (K),reported researcher (K),reported researcher (K),reported researcher (K),1 = very dishonest,1 = very insincere,1 = very unethical,4 = somewhat likeable,3 = neither approachable nor unapproachable,1 = very confident the findings are false,5 = very honest,5 = very sincere,5 = very ethical,5 = very likeable,5 = very approachable,reporting researcher (F),reporting researcher (F),reporting researcher (F),reporting researcher (F),reporting researcher (F),reporting researcher (F),reporting researcher (F),reporting researcher (F),reporting researcher (F),4 = somewhat honest,1 = very insincere,4 = somewhat ethical,4 = somewhat likeable,4 = somewhat approachable,4 = somewhat confident the findings are true,4 = somewhat honest,4 = somewhat sincere,4 = somewhat ethical,4 = somewhat likeable,4 = somewhat approachable,neither reported (X) nor reporting researcher (Y),neither reported (X) nor reporting researcher (Y),reported researcher (X),reported researcher (X),reported researcher (X),reporting researcher (Y),reported researcher (X),reported researcher (X),reported researcher (X),Somewhat disagree,Male,,Bachelor’s Degree,22,Ghana,English ,complete
1/29/2026 9:21,1/29/2026 10:25,100,3844,TRUE,1/29/2026 10:25,R_8ceFtd2kDC21EEK,anonymous,EN,1,"Yes, I consent",4 = somewhat honest,3 = neither sincere nor insincere,2 = somewhat unethical,3 = neither likeable nor unlikeable,3 = neither approachable nor unapproachable,3 = could go either way,4 = somewhat honest,3 = neither sincere nor insincere,2 = somewhat unethical,3 = neither likeable nor unlikeable,3 = neither approachable nor unapproachable,neither reported (K) nor reporting researcher (S),neither reported (K) nor reporting researcher (S),neither reported (K) nor reporting researcher (S),neither reported (K) nor reporting researcher (S),neither reported (K) nor reporting researcher (S),neither reported (K) nor reporting researcher (S),reported researcher (K),reported researcher (K),reported researcher (K),1 = very dishonest,4 = somewhat sincere,1 = very unethical,3 = neither likeable nor unlikeable,3 = neither approachable nor unapproachable,2 = somewhat confident the findings are false,4 = somewhat honest,4 = somewhat sincere,5 = very ethical,3 = neither likeable nor unlikeable,3 = neither approachable nor unapproachable,neither reported (H) nor reporting researcher (F),reporting researcher (F),neither reported (H) nor reporting researcher (F),reporting researcher (F),reporting researcher (F),neither reported (H) nor reporting researcher (F),reported researcher (H),reported researcher (H),reported researcher (H),1 = very dishonest,1 = very insincere,1 = very unethical,2 = somewhat unlikeable,3 = neither approachable nor unapproachable,2 = somewhat confident the findings are false,4 = somewhat honest,3 = neither sincere nor insincere,4 = somewhat ethical,3 = neither likeable nor unlikeable,3 = neither approachable nor unapproachable,neither reported (X) nor reporting researcher (Y),neither reported (X) nor reporting researcher (Y),neither reported (X) nor reporting researcher (Y),neither reported (X) nor reporting researcher (Y),neither reported (X) nor reporting researcher (Y),neither reported (X) nor reporting researcher (Y),reported researcher (X),reported researcher (X),reported researcher (X),Somewhat disagree,Male,,Bachelor’s Degree,31,Ghana,"English, Twi ",complete
1/29/2026 10:13,1/29/2026 10:30,100,1032,TRUE,1/29/2026 10:30,R_2OOE4ftAOVgt0qc,anonymous,EN,1,"Yes, I consent",2 = somewhat dishonest,1 = very insincere,1 = very unethical,3 = neither likeable nor unlikeable,3 = neither approachable nor unapproachable,1 = very confident the findings are false,5 = very honest,5 = very sincere,5 = very ethical,4 = somewhat likeable,4 = somewhat approachable,reporting researcher (S),reporting researcher (S),reporting researcher (S),reporting researcher (S),reporting researcher (S),reporting researcher (S),reporting researcher (S),reporting researcher (S),reporting researcher (S),1 = very dishonest,1 = very insincere,1 = very unethical,1 = very unlikeable,1 = very unapproachable,1 = very confident the findings are false,5 = very honest,5 = very sincere,5 = very ethical,4 = somewhat likeable,5 = very approachable,reporting researcher (F),reporting researcher (F),reporting researcher (F),reporting researcher (F),reporting researcher (F),reporting researcher (F),reporting researcher (F),reporting researcher (F),reporting researcher (F),1 = very dishonest,2 = somewhat insincere,1 = very unethical,2 = somewhat unlikeable,3 = neither approachable nor unapproachable,1 = very confident the findings are false,4 = somewhat honest,5 = very sincere,4 = somewhat ethical,3 = neither likeable nor unlikeable,5 = very approachable,reporting researcher (Y),reporting researcher (Y),reporting researcher (Y),reporting researcher (Y),reporting researcher (Y),reporting researcher (Y),reporting researcher (Y),reporting researcher (Y),reporting researcher (Y),Somewhat disagree,Female,,Bachelor’s Degree,25,Ghana ,English ,complete
1/29/2026 10:15,1/29/2026 10:35,100,1192,TRUE,1/29/2026 10:35,R_2HT7saXe0gJtdBW,anonymous,EN,1,"Yes, I consent",1 = very dishonest,1 = very insincere,1 = very unethical,1 = very unlikeable,1 = very unapproachable,1 = very confident the findings are false,5 = very honest,5 = very sincere,5 = very ethical,5 = very likeable,5 = very approachable,reporting researcher (S),reporting researcher (S),reporting researcher (S),reporting researcher (S),reporting researcher (S),reporting researcher (S),reporting researcher (S),reporting researcher (S),reporting researcher (S),5 = very honest,5 = very sincere,5 = very ethical,5 = very likeable,5 = very approachable,5 = very confident the findings are true,1 = very dishonest,1 = very insincere,1 = very unethical,1 = very unlikeable,1 = very unapproachable,reported researcher (H),reported researcher (H),reported researcher (H),reported researcher (H),reported researcher (H),reported researcher (H),reported researcher (H),reported researcher (H),reported researcher (H),1 = very dishonest,1 = very insincere,1 = very unethical,1 = very unlikeable,1 = very unapproachable,1 = very confident the findings are false,5 = very honest,5 = very sincere,5 = very ethical,5 = very likeable,5 = very approachable,reporting researcher (Y),reporting researcher (Y),reported researcher (X),reporting researcher (Y),reporting researcher (Y),reporting researcher (Y),reporting researcher (Y),reporting researcher (Y),reporting researcher (Y),Somewhat disagree,Male,,Some High School,21,Ghana ,Ewe,complete
1/29/2026 10:41,1/29/2026 10:53,100,751,TRUE,1/29/2026 10:53,R_8yqoEi4oZOZRz1w,anonymous,EN,0.8999999761581421,"Yes, I consent",3 = neither honest nor dishonest,5 = very sincere,3 = neither ethical nor unethical,3 = neither likeable nor unlikeable,4 = somewhat approachable,1 = very confident the findings are false,5 = very honest,5 = very sincere,5 = very ethical,4 = somewhat likeable,4 = somewhat approachable,reporting researcher (S),reporting researcher (S),reporting researcher (S),reporting researcher (S),reporting researcher (S),reporting researcher (S),reported researcher (K),reporting researcher (S),reporting researcher (S),1 = very dishonest,1 = very insincere,1 = very unethical,1 = very unlikeable,1 = very unapproachable,1 = very confident the findings are false,5 = very honest,5 = very sincere,5 = very ethical,5 = very likeable,5 = very approachable,reporting researcher (F),reporting researcher (F),reporting researcher (F),reporting researcher (F),reporting researcher (F),reporting researcher (F),reported researcher (H),reporting researcher (F),reporting researcher (F),1 = very dishonest,1 = very insincere,1 = very unethical,1 = very unlikeable,3 = neither approachable nor unapproachable,1 = very confident the findings are false,5 = very honest,5 = very sincere,5 = very ethical,5 = very likeable,5 = very approachable,reporting researcher (Y),reporting researcher (Y),reporting researcher (Y),reporting researcher (Y),reporting researcher (Y),reporting researcher (Y),reported researcher (X),reporting researcher (Y),reporting researcher (Y),Somewhat disagree,Female,,Bachelor’s Degree,36,Ghana,"English, Ewe and Twi",complete
1/29/2026 10:46,1/29/2026 11:00,100,866,TRUE,1/29/2026 11:00,R_2Kr2HU3KNX4zKpQ,anonymous,EN,1,"Yes, I consent",2 = somewhat dishonest,2 = somewhat insincere,2 = somewhat unethical,2 = somewhat unlikeable,2 = somewhat unapproachable,2 = somewhat confident the findings are false,4 = somewhat honest,4 = somewhat sincere,4 = somewhat ethical,4 = somewhat likeable,4 = somewhat approachable,reported researcher (K),reporting researcher (S),reported researcher (K),reporting researcher (S),reporting researcher (S),reporting researcher (S),reporting researcher (S),reporting researcher (S),reporting researcher (S),2 = somewhat dishonest,2 = somewhat insincere,2 = somewhat unethical,2 = somewhat unlikeable,2 = somewhat unapproachable,2 = somewhat confident the findings are false,4 = somewhat honest,4 = somewhat sincere,4 = somewhat ethical,4 = somewhat likeable,4 = somewhat approachable,reported researcher (H),reporting researcher (F),reported researcher (H),reporting researcher (F),reporting researcher (F),reporting researcher (F),reporting researcher (F),reporting researcher (F),reporting researcher (F),2 = somewhat dishonest,2 = somewhat insincere,2 = somewhat unethical,2 = somewhat unlikeable,2 = somewhat unapproachable,1 = very confident the findings are false,4 = somewhat honest,4 = somewhat sincere,4 = somewhat ethical,4 = somewhat likeable,4 = somewhat approachable,reported researcher (X),reporting researcher (Y),reported researcher (X),reporting researcher (Y),reporting researcher (Y),reporting researcher (Y),reporting researcher (Y),reporting researcher (Y),reporting researcher (Y),Somewhat disagree,Male,,Bachelor’s Degree,33,Ghana,English,complete
1/29/2026 11:05,1/29/2026 11:13,100,497,TRUE,1/29/2026 11:13,R_85ToFJJ2Z88z9Pd,anonymous,EN,0.699999988,"Yes, I consent",2 = somewhat dishonest,2 = somewhat insincere,2 = somewhat unethical,2 = somewhat unlikeable,2 = somewhat unapproachable,1 = very confident the findings are false,5 = very honest,5 = very sincere,5 = very ethical,5 = very likeable,5 = very approachable,reporting researcher (S),reporting researcher (S),reporting researcher (S),reporting researcher (S),reporting researcher (S),reporting researcher (S),reporting researcher (S),reporting researcher (S),reporting researcher (S),1 = very dishonest,1 = very insincere,1 = very unethical,1 = very unlikeable,2 = somewhat unapproachable,1 = very confident the findings are false,5 = very honest,5 = very sincere,5 = very ethical,5 = very likeable,5 = very approachable,reporting researcher (F),reporting researcher (F),neither reported (H) nor reporting researcher (F),reporting researcher (F),reporting researcher (F),reporting researcher (F),reporting researcher (F),reporting researcher (F),reporting researcher (F),1 = very dishonest,1 = very insincere,1 = very unethical,1 = very unlikeable,1 = very unapproachable,1 = very confident the findings are false,5 = very honest,5 = very sincere,5 = very ethical,5 = very likeable,5 = very approachable,reporting researcher (Y),reporting researcher (Y),reporting researcher (Y),reporting researcher (Y),reporting researcher (Y),reporting researcher (Y),reporting researcher (Y),reporting researcher (Y),reporting researcher (Y),Somewhat disagree,Male,,Bachelor’s Degree,22,Ghana ,"English, Ewe and Twi",complete
1/29/2026 10:48,1/29/2026 11:15,100,1607,TRUE,1/29/2026 11:15,R_2MZu3112rgPKE5X,anonymous,EN,1,"Yes, I consent",4 = somewhat honest,3 = neither sincere nor insincere,3 = neither ethical nor unethical,2 = somewhat unlikeable,2 = somewhat unapproachable,2 = somewhat confident the findings are false,4 = somewhat honest,4 = somewhat sincere,4 = somewhat ethical,4 = somewhat likeable,4 = somewhat approachable,reporting researcher (S),reporting researcher (S),reported researcher (K),reporting researcher (S),reporting researcher (S),reporting researcher (S),reporting researcher (S),reporting researcher (S),reporting researcher (S),2 = somewhat dishonest,2 = somewhat insincere,3 = neither ethical nor unethical,3 = neither likeable nor unlikeable,3 = neither approachable nor unapproachable,3 = could go either way,4 = somewhat honest,4 = somewhat sincere,4 = somewhat ethical,4 = somewhat likeable,4 = somewhat approachable,reporting researcher (F),reporting researcher (F),reporting researcher (F),reporting researcher (F),reporting researcher (F),reporting researcher (F),reporting researcher (F),reporting researcher (F),reporting researcher (F),1 = very dishonest,1 = very insincere,5 = very ethical,5 = very likeable,5 = very approachable,5 = very confident the findings are true,5 = very honest,5 = very sincere,5 = very ethical,5 = very likeable,5 = very approachable,reporting researcher (Y),reporting researcher (Y),reported researcher (X),reporting researcher (Y),reporting researcher (Y),reporting researcher (Y),reported researcher (X),reporting researcher (Y),reporting researcher (Y),Strongly agree,Male,,Bachelor’s Degree,25,Ghana,English,complete
1/29/2026 11:05,1/29/2026 11:18,100,762,TRUE,1/29/2026 11:18,R_2FjjFFaQkBrVctj,anonymous,EN,0.4000000059604645,"Yes, I consent",2 = somewhat dishonest,2 = somewhat insincere,2 = somewhat unethical,2 = somewhat unlikeable,3 = neither approachable nor unapproachable,4 = somewhat confident the findings are true,5 = very honest,5 = very sincere,5 = very ethical,5 = very likeable,5 = very approachable,reporting researcher (S),reporting researcher (S),reporting researcher (S),reporting researcher (S),reporting researcher (S),reporting researcher (S),reporting researcher (S),reporting researcher (S),reporting researcher (S),1 = very dishonest,1 = very insincere,1 = very unethical,1 = very unlikeable,1 = very unapproachable,1 = very confident the findings are false,5 = very honest,5 = very sincere,5 = very ethical,5 = very likeable,5 = very approachable,reporting researcher (F),reporting researcher (F),reporting researcher (F),reporting researcher (F),reporting researcher (F),reporting researcher (F),reporting researcher (F),reporting researcher (F),reporting researcher (F),1 = very dishonest,1 = very insincere,1 = very unethical,1 = very unlikeable,1 = very unapproachable,1 = very confident the findings are false,5 = very honest,5 = very sincere,5 = very ethical,5 = very likeable,5 = very approachable,reporting researcher (Y),reporting researcher (Y),reporting researcher (Y),reporting researcher (Y),reporting researcher (Y),reporting researcher (Y),reporting researcher (Y),reporting researcher (Y),reporting researcher (Y),Somewhat agree,Male,,Bachelor’s Degree,30,Ghana,English ,complete
1/29/2026 11:11,1/29/2026 11:24,100,781,TRUE,1/29/2026 11:24,R_2ekNSKUk5FehnZ5,anonymous,EN,1,"Yes, I consent",3 = neither honest nor dishonest,4 = somewhat sincere,3 = neither ethical nor unethical,3 = neither likeable nor unlikeable,5 = very approachable,4 = somewhat confident the findings are true,5 = very honest,5 = very sincere,5 = very ethical,5 = very likeable,5 = very approachable,neither reported (K) nor reporting researcher (S),neither reported (K) nor reporting researcher (S),neither reported (K) nor reporting researcher (S),neither reported (K) nor reporting researcher (S),neither reported (K) nor reporting researcher (S),neither reported (K) nor reporting researcher (S),neither reported (K) nor reporting researcher (S),neither reported (K) nor reporting researcher (S),neither reported (K) nor reporting researcher (S),5 = very honest,5 = very sincere,5 = very ethical,5 = very likeable,5 = very approachable,5 = very confident the findings are true,1 = very dishonest,1 = very insincere,1 = very unethical,1 = very unlikeable,1 = very unapproachable,reported researcher (H),reported researcher (H),reported researcher (H),reported researcher (H),reported researcher (H),reported researcher (H),reported researcher (H),reported researcher (H),reported researcher (H),1 = very dishonest,1 = very insincere,1 = very unethical,1 = very unlikeable,1 = very unapproachable,1 = very confident the findings are false,5 = very honest,5 = very sincere,5 = very ethical,5 = very likeable,5 = very approachable,reporting researcher (Y),reporting researcher (Y),reporting researcher (Y),reporting researcher (Y),reporting researcher (Y),reporting researcher (Y),reporting researcher (Y),reporting researcher (Y),reporting researcher (Y),Somewhat disagree,Female,,Bachelor’s Degree,28,Ghana ,"English 
Ghanaian Language (TWI)",complete
1/29/2026 11:11,1/29/2026 11:25,100,829,TRUE,1/29/2026 11:25,R_8mfurqHYuknwnQh,anonymous,EN,0.8999999761581421,"Yes, I consent",5 = very honest,5 = very sincere,5 = very ethical,5 = very likeable,5 = very approachable,3 = could go either way,5 = very honest,5 = very sincere,5 = very ethical,5 = very likeable,5 = very approachable,reporting researcher (S),reporting researcher (S),reporting researcher (S),reporting researcher (S),reporting researcher (S),reporting researcher (S),reporting researcher (S),reporting researcher (S),reporting researcher (S),2 = somewhat dishonest,2 = somewhat insincere,2 = somewhat unethical,3 = neither likeable nor unlikeable,3 = neither approachable nor unapproachable,3 = could go either way,5 = very honest,5 = very sincere,5 = very ethical,5 = very likeable,5 = very approachable,reporting researcher (F),reporting researcher (F),reported researcher (H),reporting researcher (F),reporting researcher (F),reporting researcher (F),reporting researcher (F),reporting researcher (F),reporting researcher (F),2 = somewhat dishonest,2 = somewhat insincere,1 = very unethical,2 = somewhat unlikeable,3 = neither approachable nor unapproachable,1 = very confident the findings are false,5 = very honest,5 = very sincere,5 = very ethical,5 = very likeable,5 = very approachable,reporting researcher (Y),reporting researcher (Y),reported researcher (X),reporting researcher (Y),reporting researcher (Y),reporting researcher (Y),reporting researcher (Y),reporting researcher (Y),reporting researcher (Y),Somewhat disagree,Male,,Bachelor’s Degree,23,Ghana,"English, twi",complete
1/29/2026 10:56,1/29/2026 11:31,100,2110,TRUE,1/29/2026 11:31,R_8zUEkoeNtSknZkZ,anonymous,EN,0.20000000298023224,"Yes, I consent",1 = very dishonest,1 = very insincere,1 = very unethical,1 = very unlikeable,1 = very unapproachable,1 = very confident the findings are false,5 = very honest,5 = very sincere,5 = very ethical,5 = very likeable,5 = very approachable,reporting researcher (S),reporting researcher (S),reporting researcher (S),reporting researcher (S),reporting researcher (S),reporting researcher (S),reporting researcher (S),reporting researcher (S),reporting researcher (S),1 = very dishonest,1 = very insincere,1 = very unethical,1 = very unlikeable,1 = very unapproachable,1 = very confident the findings are false,5 = very honest,5 = very sincere,5 = very ethical,5 = very likeable,5 = very approachable,reporting researcher (F),reporting researcher (F),reporting researcher (F),reporting researcher (F),reporting researcher (F),reporting researcher (F),reporting researcher (F),reporting researcher (F),reporting researcher (F),1 = very dishonest,1 = very insincere,1 = very unethical,1 = very unlikeable,2 = somewhat unapproachable,1 = very confident the findings are false,5 = very honest,4 = somewhat sincere,5 = very ethical,3 = neither likeable nor unlikeable,4 = somewhat approachable,reporting researcher (Y),reporting researcher (Y),reported researcher (X),neither reported (X) nor reporting researcher (Y),neither reported (X) nor reporting researcher (Y),reporting researcher (Y),reported researcher (X),reporting researcher (Y),reporting researcher (Y),Somewhat disagree,Female,,Bachelor’s Degree,35,Ghana,English ,complete
1/29/2026 10:33,1/29/2026 12:40,100,7651,TRUE,1/29/2026 12:40,R_2wafbz9F0UnyqgI,anonymous,EN,,"Yes, I consent",3 = neither honest nor dishonest,4 = somewhat sincere,4 = somewhat ethical,4 = somewhat likeable,4 = somewhat approachable,3 = could go either way,5 = very honest,4 = somewhat sincere,4 = somewhat ethical,4 = somewhat likeable,4 = somewhat approachable,reporting researcher (S),reporting researcher (S),reporting researcher (S),reporting researcher (S),reporting researcher (S),reporting researcher (S),reporting researcher (S),reporting researcher (S),reporting researcher (S),1 = very dishonest,1 = very insincere,1 = very unethical,1 = very unlikeable,2 = somewhat unapproachable,1 = very confident the findings are false,5 = very honest,5 = very sincere,5 = very ethical,5 = very likeable,5 = very approachable,reported researcher (H),reporting researcher (F),reported researcher (H),reported researcher (H),reported researcher (H),reported researcher (H),reported researcher (H),reported researcher (H),reported researcher (H),1 = very dishonest,1 = very insincere,1 = very unethical,1 = very unlikeable,1 = very unapproachable,1 = very confident the findings are false,5 = very honest,5 = very sincere,5 = very ethical,5 = very likeable,5 = very approachable,reporting researcher (Y),reporting researcher (Y),reporting researcher (Y),reporting researcher (Y),reporting researcher (Y),reporting researcher (Y),reporting researcher (Y),reporting researcher (Y),reporting researcher (Y),Somewhat disagree,Male,,Bachelor’s Degree,55,Ghana ,English and Dagaare,error
1/29/2026 2:21,1/29/2026 17:11,100,53390,TRUE,1/29/2026 17:11,R_2K9gWnr0bYMeMZX,anonymous,EN,1,"Yes, I consent",1 = very dishonest,1 = very insincere,2 = somewhat unethical,4 = somewhat likeable,4 = somewhat approachable,4 = somewhat confident the findings are true,5 = very honest,5 = very sincere,5 = very ethical,2 = somewhat unlikeable,4 = somewhat approachable,reported researcher (K),reporting researcher (S),reported researcher (K),reporting researcher (S),reported researcher (K),reporting researcher (S),reporting researcher (S),reported researcher (K),reporting researcher (S),1 = very dishonest,1 = very insincere,1 = very unethical,1 = very unlikeable,2 = somewhat unapproachable,3 = could go either way,4 = somewhat honest,4 = somewhat sincere,4 = somewhat ethical,4 = somewhat likeable,4 = somewhat approachable,reported researcher (H),reporting researcher (F),reported researcher (H),reporting researcher (F),reported researcher (H),reporting researcher (F),reporting researcher (F),reported researcher (H),reporting researcher (F),2 = somewhat dishonest,2 = somewhat insincere,1 = very unethical,1 = very unlikeable,2 = somewhat unapproachable,2 = somewhat confident the findings are false,5 = very honest,5 = very sincere,4 = somewhat ethical,4 = somewhat likeable,4 = somewhat approachable,reported researcher (X),reporting researcher (Y),reported researcher (X),reporting researcher (Y),reported researcher (X),reporting researcher (Y),reporting researcher (Y),reported researcher (X),reported researcher (X),Somewhat disagree,Male,,Bachelor’s Degree,31,Ghana,English ,complete
2/1/2026 22:05,2/1/2026 22:07,100,80,TRUE,2/1/2026 22:07,R_67rDjnhTQQtM6xH,preview,EN,1,"Yes, I consent",,,,,,,,,,,,,,,,,,,,,,,,,,,,,,,,,,,,,,,,,,,,,,,,,,,,,,,,,,,,,,,,,,,,complete
2/2/2026 1:20,2/2/2026 1:26,100,379,TRUE,2/2/2026 1:26,R_85wpPJPD3UAWHlv,anonymous,EN,1,"Yes, I consent",1 = very dishonest,1 = very insincere,1 = very unethical,1 = very unlikeable,1 = very unapproachable,1 = very confident the findings are false,5 = very honest,5 = very sincere,5 = very ethical,5 = very likeable,5 = very approachable,reporting researcher (S),reporting researcher (S),reporting researcher (S),reporting researcher (S),reporting researcher (S),reporting researcher (S),reporting researcher (S),reporting researcher (S),reporting researcher (S),1 = very dishonest,1 = very insincere,1 = very unethical,1 = very unlikeable,1 = very unapproachable,1 = very confident the findings are false,5 = very honest,5 = very sincere,5 = very ethical,5 = very likeable,5 = very approachable,reporting researcher (F),reporting researcher (F),reporting researcher (F),reporting researcher (F),reporting researcher (F),reporting researcher (F),reporting researcher (F),reporting researcher (F),reporting researcher (F),1 = very dishonest,1 = very insincere,1 = very unethical,1 = very unlikeable,1 = very unapproachable,1 = very confident the findings are false,5 = very honest,5 = very sincere,5 = very ethical,5 = very likeable,5 = very approachable,reporting researcher (Y),reporting researcher (Y),reporting researcher (Y),reporting researcher (Y),reporting researcher (Y),reporting researcher (Y),reporting researcher (Y),reporting researcher (Y),reporting researcher (Y),Somewhat disagree,Male,,High School Diploma or GED,27,Ghana ,English ,complete
2/2/2026 1:19,2/2/2026 1:33,100,856,TRUE,2/2/2026 1:33,R_2Am0I1r7umP7bln,anonymous,EN,0.8999999761581421,"Yes, I consent",2 = somewhat dishonest,2 = somewhat insincere,2 = somewhat unethical,2 = somewhat unlikeable,2 = somewhat unapproachable,3 = could go either way,4 = somewhat honest,4 = somewhat sincere,4 = somewhat ethical,4 = somewhat likeable,4 = somewhat approachable,neither reported (K) nor reporting researcher (S),neither reported (K) nor reporting researcher (S),neither reported (K) nor reporting researcher (S),neither reported (K) nor reporting researcher (S),neither reported (K) nor reporting researcher (S),neither reported (K) nor reporting researcher (S),neither reported (K) nor reporting researcher (S),neither reported (K) nor reporting researcher (S),neither reported (K) nor reporting researcher (S),2 = somewhat dishonest,2 = somewhat insincere,2 = somewhat unethical,2 = somewhat unlikeable,2 = somewhat unapproachable,2 = somewhat confident the findings are false,4 = somewhat honest,4 = somewhat sincere,4 = somewhat ethical,4 = somewhat likeable,4 = somewhat approachable,neither reported (H) nor reporting researcher (F),neither reported (H) nor reporting researcher (F),neither reported (H) nor reporting researcher (F),neither reported (H) nor reporting researcher (F),neither reported (H) nor reporting researcher (F),neither reported (H) nor reporting researcher (F),neither reported (H) nor reporting researcher (F),neither reported (H) nor reporting researcher (F),neither reported (H) nor reporting researcher (F),2 = somewhat dishonest,2 = somewhat insincere,2 = somewhat unethical,2 = somewhat unlikeable,2 = somewhat unapproachable,2 = somewhat confident the findings are false,2 = somewhat dishonest,2 = somewhat insincere,2 = somewhat unethical,2 = somewhat unlikeable,2 = somewhat unapproachable,neither reported (X) nor reporting researcher (Y),neither reported (X) nor reporting researcher (Y),neither reported (X) nor reporting researcher (Y),neither reported (X) nor reporting researcher (Y),neither reported (X) nor reporting researcher (Y),neither reported (X) nor reporting researcher (Y),neither reported (X) nor reporting researcher (Y),neither reported (X) nor reporting researcher (Y),neither reported (X) nor reporting researcher (Y),Somewhat disagree,Male,,Some High School,22,Ghana,English ,complete
2/2/2026 1:16,2/2/2026 1:35,100,1142,TRUE,2/2/2026 1:35,R_8JAerDXS0UvVw7T,anonymous,EN,1,"Yes, I consent",4 = somewhat honest,4 = somewhat sincere,4 = somewhat ethical,4 = somewhat likeable,4 = somewhat approachable,4 = somewhat confident the findings are true,4 = somewhat honest,4 = somewhat sincere,4 = somewhat ethical,4 = somewhat likeable,4 = somewhat approachable,reporting researcher (S),reporting researcher (S),neither reported (K) nor reporting researcher (S),neither reported (K) nor reporting researcher (S),reporting researcher (S),reporting researcher (S),reporting researcher (S),reporting researcher (S),reporting researcher (S),4 = somewhat honest,4 = somewhat sincere,4 = somewhat ethical,4 = somewhat likeable,4 = somewhat approachable,4 = somewhat confident the findings are true,4 = somewhat honest,4 = somewhat sincere,4 = somewhat ethical,4 = somewhat likeable,4 = somewhat approachable,reporting researcher (F),reporting researcher (F),reporting researcher (F),reporting researcher (F),reporting researcher (F),reporting researcher (F),reporting researcher (F),reporting researcher (F),reporting researcher (F),4 = somewhat honest,4 = somewhat sincere,1 = very unethical,1 = very unlikeable,2 = somewhat unapproachable,3 = could go either way,4 = somewhat honest,5 = very sincere,4 = somewhat ethical,4 = somewhat likeable,4 = somewhat approachable,reporting researcher (Y),reporting researcher (Y),neither reported (X) nor reporting researcher (Y),reporting researcher (Y),neither reported (X) nor reporting researcher (Y),neither reported (X) nor reporting researcher (Y),neither reported (X) nor reporting researcher (Y),reporting researcher (Y),reporting researcher (Y),Somewhat disagree,Male,,Bachelor’s Degree,36,Ghana,"English, Akan",complete
2/2/2026 1:47,2/2/2026 1:54,100,414,TRUE,2/2/2026 1:54,R_2tOQlITaacvJWtr,anonymous,EN,1,"Yes, I consent",2 = somewhat dishonest,2 = somewhat insincere,2 = somewhat unethical,3 = neither likeable nor unlikeable,3 = neither approachable nor unapproachable,4 = somewhat confident the findings are true,5 = very honest,5 = very sincere,4 = somewhat ethical,3 = neither likeable nor unlikeable,3 = neither approachable nor unapproachable,reporting researcher (S),reporting researcher (S),reported researcher (K),reporting researcher (S),reporting researcher (S),reporting researcher (S),reported researcher (K),reporting researcher (S),reporting researcher (S),1 = very dishonest,1 = very insincere,2 = somewhat unethical,3 = neither likeable nor unlikeable,3 = neither approachable nor unapproachable,2 = somewhat confident the findings are false,4 = somewhat honest,4 = somewhat sincere,4 = somewhat ethical,3 = neither likeable nor unlikeable,3 = neither approachable nor unapproachable,neither reported (H) nor reporting researcher (F),reporting researcher (F),neither reported (H) nor reporting researcher (F),reporting researcher (F),reporting researcher (F),reporting researcher (F),neither reported (H) nor reporting researcher (F),reporting researcher (F),reporting researcher (F),1 = very dishonest,1 = very insincere,1 = very unethical,2 = somewhat unlikeable,3 = neither approachable nor unapproachable,1 = very confident the findings are false,5 = very honest,5 = very sincere,5 = very ethical,3 = neither likeable nor unlikeable,3 = neither approachable nor unapproachable,reporting researcher (Y),reporting researcher (Y),reported researcher (X),reporting researcher (Y),reporting researcher (Y),reporting researcher (Y),reporting researcher (Y),reporting researcher (Y),reporting researcher (Y),Somewhat disagree,Female,,Bachelor’s Degree,21,Ghana,English ,complete
2/2/2026 1:46,2/2/2026 2:03,100,994,TRUE,2/2/2026 2:03,R_2rJmHYWa7gkVFxM,anonymous,EN,1,"Yes, I consent",1 = very dishonest,2 = somewhat insincere,2 = somewhat unethical,2 = somewhat unlikeable,2 = somewhat unapproachable,3 = could go either way,5 = very honest,5 = very sincere,5 = very ethical,5 = very likeable,5 = very approachable,reporting researcher (S),reporting researcher (S),reporting researcher (S),reporting researcher (S),reporting researcher (S),reporting researcher (S),reporting researcher (S),reporting researcher (S),reporting researcher (S),1 = very dishonest,2 = somewhat insincere,2 = somewhat unethical,2 = somewhat unlikeable,2 = somewhat unapproachable,3 = could go either way,5 = very honest,5 = very sincere,5 = very ethical,5 = very likeable,5 = very approachable,reporting researcher (F),reporting researcher (F),reported researcher (H),reporting researcher (F),reporting researcher (F),reporting researcher (F),reported researcher (H),reported researcher (H),reported researcher (H),1 = very dishonest,2 = somewhat insincere,2 = somewhat unethical,3 = neither likeable nor unlikeable,4 = somewhat approachable,3 = could go either way,5 = very honest,5 = very sincere,5 = very ethical,5 = very likeable,5 = very approachable,reporting researcher (Y),reporting researcher (Y),reporting researcher (Y),reporting researcher (Y),reporting researcher (Y),reporting researcher (Y),reported researcher (X),reporting researcher (Y),reporting researcher (Y),Somewhat agree,Male,,Some High School,25,Ghana ,"English, Akan and Krobo",complete
2/2/2026 2:01,2/2/2026 2:07,100,354,TRUE,2/2/2026 2:07,R_2Ib18MeDajgL8JT,anonymous,EN,0.8999999761581421,"Yes, I consent",4 = somewhat honest,4 = somewhat sincere,5 = very ethical,5 = very likeable,5 = very approachable,4 = somewhat confident the findings are true,5 = very honest,5 = very sincere,5 = very ethical,5 = very likeable,5 = very approachable,reporting researcher (S),reporting researcher (S),reporting researcher (S),reporting researcher (S),reporting researcher (S),reporting researcher (S),reporting researcher (S),reporting researcher (S),reporting researcher (S),5 = very honest,4 = somewhat sincere,5 = very ethical,5 = very likeable,5 = very approachable,5 = very confident the findings are true,5 = very honest,5 = very sincere,5 = very ethical,5 = very likeable,5 = very approachable,reported researcher (H),neither reported (H) nor reporting researcher (F),neither reported (H) nor reporting researcher (F),neither reported (H) nor reporting researcher (F),neither reported (H) nor reporting researcher (F),reporting researcher (F),reporting researcher (F),reporting researcher (F),reporting researcher (F),2 = somewhat dishonest,2 = somewhat insincere,2 = somewhat unethical,2 = somewhat unlikeable,3 = neither approachable nor unapproachable,2 = somewhat confident the findings are false,5 = very honest,5 = very sincere,5 = very ethical,5 = very likeable,5 = very approachable,reporting researcher (Y),reporting researcher (Y),reporting researcher (Y),reporting researcher (Y),reporting researcher (Y),reporting researcher (Y),reporting researcher (Y),reporting researcher (Y),reporting researcher (Y),Somewhat disagree,Male,,Bachelor’s Degree,36,Ghana,English,complete
2/2/2026 2:02,2/2/2026 2:15,100,779,TRUE,2/2/2026 2:15,R_2NrnEkCB2agxBIu,anonymous,EN,1,"Yes, I consent",3 = neither honest nor dishonest,4 = somewhat sincere,4 = somewhat ethical,5 = very likeable,4 = somewhat approachable,5 = very confident the findings are true,2 = somewhat dishonest,2 = somewhat insincere,1 = very unethical,1 = very unlikeable,2 = somewhat unapproachable,reported researcher (K),reported researcher (K),reported researcher (K),reported researcher (K),reported researcher (K),reporting researcher (S),reporting researcher (S),reporting researcher (S),reporting researcher (S),1 = very dishonest,1 = very insincere,1 = very unethical,2 = somewhat unlikeable,2 = somewhat unapproachable,1 = very confident the findings are false,5 = very honest,4 = somewhat sincere,4 = somewhat ethical,4 = somewhat likeable,4 = somewhat approachable,reporting researcher (F),reporting researcher (F),reporting researcher (F),reporting researcher (F),reporting researcher (F),reporting researcher (F),reporting researcher (F),reporting researcher (F),reporting researcher (F),1 = very dishonest,1 = very insincere,1 = very unethical,1 = very unlikeable,2 = somewhat unapproachable,1 = very confident the findings are false,5 = very honest,4 = somewhat sincere,4 = somewhat ethical,4 = somewhat likeable,4 = somewhat approachable,reporting researcher (Y),reporting researcher (Y),reported researcher (X),reporting researcher (Y),reporting researcher (Y),reporting researcher (Y),reporting researcher (Y),reporting researcher (Y),reporting researcher (Y),Somewhat disagree,Male,,Bachelor’s Degree,24,Ghana,"English, Ewe, Twi",complete
2/2/2026 2:16,2/2/2026 2:29,100,809,TRUE,2/2/2026 2:29,R_8IngHrxBumibvPs,anonymous,EN,1,"Yes, I consent",4 = somewhat honest,3 = neither sincere nor insincere,3 = neither ethical nor unethical,3 = neither likeable nor unlikeable,3 = neither approachable nor unapproachable,3 = could go either way,5 = very honest,5 = very sincere,5 = very ethical,5 = very likeable,5 = very approachable,reporting researcher (S),reporting researcher (S),neither reported (K) nor reporting researcher (S),reporting researcher (S),reporting researcher (S),reporting researcher (S),reporting researcher (S),reporting researcher (S),reporting researcher (S),2 = somewhat dishonest,2 = somewhat insincere,2 = somewhat unethical,3 = neither likeable nor unlikeable,3 = neither approachable nor unapproachable,2 = somewhat confident the findings are false,5 = very honest,5 = very sincere,5 = very ethical,5 = very likeable,5 = very approachable,reporting researcher (F),reporting researcher (F),neither reported (H) nor reporting researcher (F),reporting researcher (F),reporting researcher (F),reporting researcher (F),reporting researcher (F),reporting researcher (F),reporting researcher (F),1 = very dishonest,1 = very insincere,1 = very unethical,1 = very unlikeable,1 = very unapproachable,1 = very confident the findings are false,5 = very honest,5 = very sincere,5 = very ethical,5 = very likeable,5 = very approachable,reporting researcher (Y),reporting researcher (Y),reporting researcher (Y),reporting researcher (Y),reporting researcher (Y),reporting researcher (Y),reporting researcher (Y),reporting researcher (Y),reporting researcher (Y),Somewhat disagree,Male,,Bachelor’s Degree,22,Ghana,"English Language, Akan",complete
2/2/2026 2:20,2/2/2026 2:32,100,728,TRUE,2/2/2026 2:32,R_8KOpqDvezPijgSN,anonymous,EN,1,"Yes, I consent",1 = very dishonest,1 = very insincere,1 = very unethical,1 = very unlikeable,1 = very unapproachable,1 = very confident the findings are false,5 = very honest,5 = very sincere,5 = very ethical,5 = very likeable,5 = very approachable,reporting researcher (S),reporting researcher (S),reporting researcher (S),neither reported (K) nor reporting researcher (S),neither reported (K) nor reporting researcher (S),reporting researcher (S),reporting researcher (S),reporting researcher (S),reporting researcher (S),1 = very dishonest,2 = somewhat insincere,1 = very unethical,1 = very unlikeable,1 = very unapproachable,1 = very confident the findings are false,5 = very honest,5 = very sincere,5 = very ethical,5 = very likeable,5 = very approachable,reporting researcher (F),reporting researcher (F),reporting researcher (F),neither reported (H) nor reporting researcher (F),neither reported (H) nor reporting researcher (F),reporting researcher (F),reporting researcher (F),reporting researcher (F),reporting researcher (F),1 = very dishonest,1 = very insincere,1 = very unethical,1 = very unlikeable,1 = very unapproachable,1 = very confident the findings are false,5 = very honest,5 = very sincere,5 = very ethical,5 = very likeable,5 = very approachable,reporting researcher (Y),reporting researcher (Y),reporting researcher (Y),neither reported (X) nor reporting researcher (Y),neither reported (X) nor reporting researcher (Y),reporting researcher (Y),reporting researcher (Y),reporting researcher (Y),reporting researcher (Y),Somewhat disagree,Male,,Bachelor’s Degree,23,Ghana ,"Ga Adangbe, Twi, English ",complete
2/2/2026 2:21,2/2/2026 2:37,100,981,TRUE,2/2/2026 2:37,R_2zJ8HdphSmXCzF2,anonymous,EN,1,"Yes, I consent",1 = very dishonest,1 = very insincere,1 = very unethical,1 = very unlikeable,1 = very unapproachable,1 = very confident the findings are false,5 = very honest,5 = very sincere,5 = very ethical,5 = very likeable,5 = very approachable,reporting researcher (S),reporting researcher (S),reporting researcher (S),reporting researcher (S),reporting researcher (S),reporting researcher (S),reporting researcher (S),reporting researcher (S),reporting researcher (S),1 = very dishonest,1 = very insincere,1 = very unethical,1 = very unlikeable,1 = very unapproachable,1 = very confident the findings are false,5 = very honest,5 = very sincere,5 = very ethical,5 = very likeable,5 = very approachable,reporting researcher (F),reporting researcher (F),reporting researcher (F),reporting researcher (F),reporting researcher (F),reporting researcher (F),reporting researcher (F),reporting researcher (F),reporting researcher (F),1 = very dishonest,1 = very insincere,1 = very unethical,1 = very unlikeable,1 = very unapproachable,1 = very confident the findings are false,5 = very honest,5 = very sincere,5 = very ethical,5 = very likeable,5 = very approachable,reporting researcher (Y),reporting researcher (Y),reporting researcher (Y),reporting researcher (Y),reporting researcher (Y),reporting researcher (Y),reporting researcher (Y),reporting researcher (Y),reporting researcher (Y),Somewhat disagree,Male,,Bachelor’s Degree,31,Ghana ,English and Twi,complete
2/2/2026 2:30,2/2/2026 2:39,100,511,TRUE,2/2/2026 2:39,R_8YyNp6eHhrYlr6d,anonymous,EN,1,"Yes, I consent",3 = neither honest nor dishonest,3 = neither sincere nor insincere,3 = neither ethical nor unethical,3 = neither likeable nor unlikeable,3 = neither approachable nor unapproachable,3 = could go either way,5 = very honest,5 = very sincere,5 = very ethical,5 = very likeable,5 = very approachable,reporting researcher (S),reporting researcher (S),reporting researcher (S),reporting researcher (S),reporting researcher (S),reporting researcher (S),reporting researcher (S),reporting researcher (S),reporting researcher (S),2 = somewhat dishonest,1 = very insincere,1 = very unethical,1 = very unlikeable,1 = very unapproachable,1 = very confident the findings are false,5 = very honest,5 = very sincere,5 = very ethical,5 = very likeable,5 = very approachable,reporting researcher (F),reporting researcher (F),reporting researcher (F),reporting researcher (F),reporting researcher (F),reporting researcher (F),reporting researcher (F),reporting researcher (F),reporting researcher (F),1 = very dishonest,1 = very insincere,1 = very unethical,1 = very unlikeable,1 = very unapproachable,1 = very confident the findings are false,5 = very honest,5 = very sincere,5 = very ethical,5 = very likeable,5 = very approachable,reporting researcher (Y),reporting researcher (Y),reporting researcher (Y),reporting researcher (Y),reporting researcher (Y),reporting researcher (Y),reporting researcher (Y),reporting researcher (Y),reporting researcher (Y),Somewhat disagree,Female,,Bachelor’s Degree,26,Ghana,"English, Akan",complete
2/2/2026 2:33,2/2/2026 2:42,100,504,TRUE,2/2/2026 2:42,R_8S8hIZMFs9zzvuJ,anonymous,EN,0.800000012,"Yes, I consent",4 = somewhat honest,3 = neither sincere nor insincere,4 = somewhat ethical,3 = neither likeable nor unlikeable,3 = neither approachable nor unapproachable,3 = could go either way,5 = very honest,4 = somewhat sincere,5 = very ethical,5 = very likeable,4 = somewhat approachable,reported researcher (K),reporting researcher (S),reported researcher (K),reporting researcher (S),reporting researcher (S),reporting researcher (S),reporting researcher (S),reporting researcher (S),reporting researcher (S),2 = somewhat dishonest,1 = very insincere,1 = very unethical,2 = somewhat unlikeable,2 = somewhat unapproachable,1 = very confident the findings are false,5 = very honest,5 = very sincere,5 = very ethical,5 = very likeable,5 = very approachable,reporting researcher (F),reporting researcher (F),reported researcher (H),reporting researcher (F),reporting researcher (F),reporting researcher (F),reporting researcher (F),reporting researcher (F),reporting researcher (F),1 = very dishonest,1 = very insincere,1 = very unethical,1 = very unlikeable,2 = somewhat unapproachable,1 = very confident the findings are false,5 = very honest,5 = very sincere,5 = very ethical,5 = very likeable,5 = very approachable,reporting researcher (Y),reporting researcher (Y),neither reported (X) nor reporting researcher (Y),reporting researcher (Y),reporting researcher (Y),reporting researcher (Y),reporting researcher (Y),reporting researcher (Y),reporting researcher (Y),Somewhat disagree,Male,,Some college credit or technical school degree,28,Ghana,3,complete
2/2/2026 2:24,2/2/2026 2:42,100,1098,TRUE,2/2/2026 2:42,R_2qU6H0fjN5JLxWj,anonymous,EN,1,"Yes, I consent",1 = very dishonest,4 = somewhat sincere,4 = somewhat ethical,5 = very likeable,3 = neither approachable nor unapproachable,5 = very confident the findings are true,3 = neither honest nor dishonest,4 = somewhat sincere,4 = somewhat ethical,5 = very likeable,5 = very approachable,reporting researcher (S),reporting researcher (S),reported researcher (K),reporting researcher (S),reporting researcher (S),reporting researcher (S),reporting researcher (S),reporting researcher (S),reporting researcher (S),5 = very honest,5 = very sincere,4 = somewhat ethical,5 = very likeable,5 = very approachable,5 = very confident the findings are true,5 = very honest,5 = very sincere,4 = somewhat ethical,5 = very likeable,4 = somewhat approachable,reporting researcher (F),reporting researcher (F),reported researcher (H),reporting researcher (F),reporting researcher (F),reporting researcher (F),neither reported (H) nor reporting researcher (F),reporting researcher (F),reporting researcher (F),1 = very dishonest,2 = somewhat insincere,3 = neither ethical nor unethical,4 = somewhat likeable,5 = very approachable,2 = somewhat confident the findings are false,2 = somewhat dishonest,4 = somewhat sincere,5 = very ethical,4 = somewhat likeable,5 = very approachable,reporting researcher (Y),neither reported (X) nor reporting researcher (Y),reporting researcher (Y),reporting researcher (Y),reporting researcher (Y),neither reported (X) nor reporting researcher (Y),neither reported (X) nor reporting researcher (Y),reporting researcher (Y),reporting researcher (Y),Somewhat disagree,Male,,Bachelor’s Degree,27,Ghana,English,complete
2/2/2026 2:34,2/2/2026 2:46,100,749,TRUE,2/2/2026 2:46,R_2soe1EzHRonB5HO,anonymous,EN,1,"Yes, I consent",1 = very dishonest,2 = somewhat insincere,2 = somewhat unethical,1 = very unlikeable,1 = very unapproachable,2 = somewhat confident the findings are false,5 = very honest,4 = somewhat sincere,5 = very ethical,5 = very likeable,5 = very approachable,reporting researcher (S),reporting researcher (S),reporting researcher (S),reporting researcher (S),reporting researcher (S),reporting researcher (S),reporting researcher (S),reporting researcher (S),reporting researcher (S),2 = somewhat dishonest,2 = somewhat insincere,2 = somewhat unethical,2 = somewhat unlikeable,2 = somewhat unapproachable,3 = could go either way,5 = very honest,5 = very sincere,5 = very ethical,5 = very likeable,5 = very approachable,reporting researcher (F),reporting researcher (F),reporting researcher (F),reporting researcher (F),reporting researcher (F),reporting researcher (F),reporting researcher (F),reporting researcher (F),reporting researcher (F),1 = very dishonest,1 = very insincere,1 = very unethical,2 = somewhat unlikeable,2 = somewhat unapproachable,2 = somewhat confident the findings are false,5 = very honest,4 = somewhat sincere,5 = very ethical,5 = very likeable,5 = very approachable,reporting researcher (Y),reporting researcher (Y),reporting researcher (Y),reporting researcher (Y),reporting researcher (Y),reporting researcher (Y),reporting researcher (Y),reporting researcher (Y),reporting researcher (Y),Somewhat disagree,Female,,Bachelor’s Degree,31,Ghana ,English and Twi,complete
2/2/2026 2:47,2/2/2026 3:02,100,895,TRUE,2/2/2026 3:02,R_8R48gOjqNcHoYOR,anonymous,EN,0.5,"Yes, I consent",3 = neither honest nor dishonest,2 = somewhat insincere,1 = very unethical,2 = somewhat unlikeable,2 = somewhat unapproachable,1 = very confident the findings are false,5 = very honest,5 = very sincere,5 = very ethical,5 = very likeable,5 = very approachable,reporting researcher (S),reporting researcher (S),reporting researcher (S),reporting researcher (S),reporting researcher (S),reporting researcher (S),reporting researcher (S),reporting researcher (S),reporting researcher (S),1 = very dishonest,1 = very insincere,1 = very unethical,1 = very unlikeable,3 = neither approachable nor unapproachable,1 = very confident the findings are false,5 = very honest,5 = very sincere,5 = very ethical,5 = very likeable,5 = very approachable,reporting researcher (F),reporting researcher (F),reporting researcher (F),reporting researcher (F),reporting researcher (F),reporting researcher (F),reporting researcher (F),reporting researcher (F),reporting researcher (F),1 = very dishonest,1 = very insincere,1 = very unethical,1 = very unlikeable,3 = neither approachable nor unapproachable,1 = very confident the findings are false,5 = very honest,5 = very sincere,5 = very ethical,5 = very likeable,5 = very approachable,reporting researcher (Y),reporting researcher (Y),reporting researcher (Y),reporting researcher (Y),reporting researcher (Y),reporting researcher (Y),reporting researcher (Y),reporting researcher (Y),reporting researcher (Y),Somewhat disagree,Male,,Bachelor’s Degree,39,Ghana ,"English, Twi",complete
2/2/2026 3:08,2/2/2026 3:19,100,686,TRUE,2/2/2026 3:19,R_2dREy1aEhGXsiPv,anonymous,EN,1,"Yes, I consent",2 = somewhat dishonest,2 = somewhat insincere,2 = somewhat unethical,2 = somewhat unlikeable,2 = somewhat unapproachable,3 = could go either way,4 = somewhat honest,4 = somewhat sincere,4 = somewhat ethical,4 = somewhat likeable,4 = somewhat approachable,neither reported (K) nor reporting researcher (S),neither reported (K) nor reporting researcher (S),neither reported (K) nor reporting researcher (S),neither reported (K) nor reporting researcher (S),neither reported (K) nor reporting researcher (S),neither reported (K) nor reporting researcher (S),neither reported (K) nor reporting researcher (S),neither reported (K) nor reporting researcher (S),neither reported (K) nor reporting researcher (S),1 = very dishonest,1 = very insincere,1 = very unethical,1 = very unlikeable,1 = very unapproachable,2 = somewhat confident the findings are false,4 = somewhat honest,4 = somewhat sincere,4 = somewhat ethical,4 = somewhat likeable,4 = somewhat approachable,neither reported (H) nor reporting researcher (F),reporting researcher (F),reporting researcher (F),reporting researcher (F),reporting researcher (F),reporting researcher (F),reporting researcher (F),reporting researcher (F),reporting researcher (F),2 = somewhat dishonest,2 = somewhat insincere,2 = somewhat unethical,2 = somewhat unlikeable,2 = somewhat unapproachable,2 = somewhat confident the findings are false,1 = very dishonest,1 = very insincere,1 = very unethical,1 = very unlikeable,1 = very unapproachable,reporting researcher (Y),reporting researcher (Y),neither reported (X) nor reporting researcher (Y),reporting researcher (Y),reporting researcher (Y),reporting researcher (Y),reporting researcher (Y),reporting researcher (Y),reporting researcher (Y),Somewhat disagree,Female,,High School Diploma or GED,23,Ghana ,"English,ewe, twi
",complete
2/2/2026 3:14,2/2/2026 3:19,100,343,TRUE,2/2/2026 3:19,R_8H0NAimKByGra1e,anonymous,EN,1,"Yes, I consent",4 = somewhat honest,3 = neither sincere nor insincere,2 = somewhat unethical,2 = somewhat unlikeable,1 = very unapproachable,2 = somewhat confident the findings are false,1 = very dishonest,1 = very insincere,3 = neither ethical nor unethical,3 = neither likeable nor unlikeable,3 = neither approachable nor unapproachable,neither reported (K) nor reporting researcher (S),reported researcher (K),reported researcher (K),neither reported (K) nor reporting researcher (S),reporting researcher (S),reporting researcher (S),neither reported (K) nor reporting researcher (S),neither reported (K) nor reporting researcher (S),reporting researcher (S),5 = very honest,4 = somewhat sincere,5 = very ethical,3 = neither likeable nor unlikeable,3 = neither approachable nor unapproachable,4 = somewhat confident the findings are true,4 = somewhat honest,2 = somewhat insincere,2 = somewhat unethical,3 = neither likeable nor unlikeable,2 = somewhat unapproachable,reporting researcher (F),neither reported (H) nor reporting researcher (F),reporting researcher (F),reporting researcher (F),neither reported (H) nor reporting researcher (F),neither reported (H) nor reporting researcher (F),reporting researcher (F),neither reported (H) nor reporting researcher (F),reporting researcher (F),1 = very dishonest,2 = somewhat insincere,5 = very ethical,4 = somewhat likeable,4 = somewhat approachable,5 = very confident the findings are true,5 = very honest,3 = neither sincere nor insincere,2 = somewhat unethical,2 = somewhat unlikeable,1 = very unapproachable,neither reported (X) nor reporting researcher (Y),reporting researcher (Y),reporting researcher (Y),reporting researcher (Y),reporting researcher (Y),reporting researcher (Y),reporting researcher (Y),reporting researcher (Y),neither reported (X) nor reporting researcher (Y),Somewhat disagree,Female,,Bachelor’s Degree,26,Ghana,English and Fante ,complete
2/2/2026 3:01,2/2/2026 3:20,100,1120,TRUE,2/2/2026 3:20,R_81Af8CdPpP6vZPt,anonymous,EN,1,"Yes, I consent",2 = somewhat dishonest,4 = somewhat sincere,2 = somewhat unethical,1 = very unlikeable,3 = neither approachable nor unapproachable,3 = could go either way,3 = neither honest nor dishonest,4 = somewhat sincere,2 = somewhat unethical,3 = neither likeable nor unlikeable,4 = somewhat approachable,neither reported (K) nor reporting researcher (S),reported researcher (K),neither reported (K) nor reporting researcher (S),reported researcher (K),reported researcher (K),reported researcher (K),reporting researcher (S),reported researcher (K),reporting researcher (S),5 = very honest,5 = very sincere,3 = neither ethical nor unethical,2 = somewhat unlikeable,2 = somewhat unapproachable,2 = somewhat confident the findings are false,2 = somewhat dishonest,4 = somewhat sincere,2 = somewhat unethical,1 = very unlikeable,1 = very unapproachable,neither reported (H) nor reporting researcher (F),reporting researcher (F),reported researcher (H),neither reported (H) nor reporting researcher (F),reported researcher (H),neither reported (H) nor reporting researcher (F),reported researcher (H),reported researcher (H),reporting researcher (F),2 = somewhat dishonest,1 = very insincere,1 = very unethical,3 = neither likeable nor unlikeable,3 = neither approachable nor unapproachable,3 = could go either way,2 = somewhat dishonest,3 = neither sincere nor insincere,1 = very unethical,2 = somewhat unlikeable,2 = somewhat unapproachable,neither reported (X) nor reporting researcher (Y),reporting researcher (Y),neither reported (X) nor reporting researcher (Y),reporting researcher (Y),reported researcher (X),reported researcher (X),neither reported (X) nor reporting researcher (Y),neither reported (X) nor reporting researcher (Y),reported researcher (X),Somewhat disagree,Male,,Associate’s Degree,32,Ghana,ewe,complete
2/2/2026 3:12,2/2/2026 3:21,100,530,TRUE,2/2/2026 3:21,R_8dpgJteFfZ4CPFD,anonymous,EN,1,"Yes, I consent",2 = somewhat dishonest,2 = somewhat insincere,4 = somewhat ethical,4 = somewhat likeable,4 = somewhat approachable,4 = somewhat confident the findings are true,5 = very honest,5 = very sincere,5 = very ethical,5 = very likeable,5 = very approachable,reported researcher (K),reported researcher (K),reported researcher (K),reported researcher (K),reported researcher (K),reported researcher (K),reported researcher (K),reported researcher (K),reported researcher (K),1 = very dishonest,1 = very insincere,1 = very unethical,1 = very unlikeable,1 = very unapproachable,1 = very confident the findings are false,4 = somewhat honest,5 = very sincere,5 = very ethical,4 = somewhat likeable,4 = somewhat approachable,reported researcher (H),reported researcher (H),reported researcher (H),reported researcher (H),reported researcher (H),reported researcher (H),reported researcher (H),reported researcher (H),reported researcher (H),1 = very dishonest,1 = very insincere,1 = very unethical,1 = very unlikeable,1 = very unapproachable,1 = very confident the findings are false,5 = very honest,5 = very sincere,5 = very ethical,5 = very likeable,5 = very approachable,reported researcher (X),reported researcher (X),reported researcher (X),reported researcher (X),reported researcher (X),reported researcher (X),reported researcher (X),reported researcher (X),reported researcher (X),Somewhat disagree,Male,,Bachelor’s Degree,33,Ghana,Dagaare ,complete
2/2/2026 3:17,2/2/2026 3:22,100,303,TRUE,2/2/2026 3:22,R_86atWotPYwE5C7O,anonymous,EN,1,"Yes, I consent",3 = neither honest nor dishonest,4 = somewhat sincere,3 = neither ethical nor unethical,3 = neither likeable nor unlikeable,2 = somewhat unapproachable,1 = very confident the findings are false,4 = somewhat honest,5 = very sincere,1 = very unethical,1 = very unlikeable,2 = somewhat unapproachable,reporting researcher (S),reported researcher (K),reported researcher (K),reported researcher (K),neither reported (K) nor reporting researcher (S),reporting researcher (S),reporting researcher (S),neither reported (K) nor reporting researcher (S),neither reported (K) nor reporting researcher (S),1 = very dishonest,1 = very insincere,1 = very unethical,5 = very likeable,1 = very unapproachable,3 = could go either way,1 = very dishonest,1 = very insincere,2 = somewhat unethical,4 = somewhat likeable,2 = somewhat unapproachable,neither reported (H) nor reporting researcher (F),reporting researcher (F),reporting researcher (F),reporting researcher (F),neither reported (H) nor reporting researcher (F),neither reported (H) nor reporting researcher (F),neither reported (H) nor reporting researcher (F),reporting researcher (F),reported researcher (H),3 = neither honest nor dishonest,5 = very sincere,4 = somewhat ethical,5 = very likeable,3 = neither approachable nor unapproachable,2 = somewhat confident the findings are false,1 = very dishonest,3 = neither sincere nor insincere,4 = somewhat ethical,3 = neither likeable nor unlikeable,2 = somewhat unapproachable,reported researcher (X),neither reported (X) nor reporting researcher (Y),neither reported (X) nor reporting researcher (Y),neither reported (X) nor reporting researcher (Y),neither reported (X) nor reporting researcher (Y),reporting researcher (Y),reported researcher (X),reporting researcher (Y),neither reported (X) nor reporting researcher (Y),Somewhat disagree,Male,,Some High School,21,Ghana,English ,complete
2/2/2026 3:02,2/2/2026 3:23,100,1275,TRUE,2/2/2026 3:23,R_2iIiDcsnftw8trP,anonymous,EN,1,"Yes, I consent",4 = somewhat honest,4 = somewhat sincere,4 = somewhat ethical,4 = somewhat likeable,5 = very approachable,5 = very confident the findings are true,5 = very honest,2 = somewhat insincere,5 = very ethical,5 = very likeable,5 = very approachable,reported researcher (K),reported researcher (K),reporting researcher (S),reporting researcher (S),reporting researcher (S),reporting researcher (S),reported researcher (K),reported researcher (K),reporting researcher (S),5 = very honest,5 = very sincere,5 = very ethical,5 = very likeable,5 = very approachable,2 = somewhat confident the findings are false,5 = very honest,2 = somewhat insincere,4 = somewhat ethical,4 = somewhat likeable,4 = somewhat approachable,reported researcher (H),reporting researcher (F),reported researcher (H),reported researcher (H),reported researcher (H),reported researcher (H),reporting researcher (F),reported researcher (H),reporting researcher (F),1 = very dishonest,1 = very insincere,2 = somewhat unethical,2 = somewhat unlikeable,1 = very unapproachable,2 = somewhat confident the findings are false,4 = somewhat honest,4 = somewhat sincere,4 = somewhat ethical,5 = very likeable,5 = very approachable,reported researcher (X),reported researcher (X),reported researcher (X),reported researcher (X),reporting researcher (Y),reporting researcher (Y),reported researcher (X),reporting researcher (Y),reported researcher (X),Somewhat disagree,Female,,Some High School,24,Ghana ,English ,complete
2/2/2026 3:06,2/2/2026 3:23,100,1063,TRUE,2/2/2026 3:23,R_8dPOJH4jL6MpF6O,anonymous,EN,1,"Yes, I consent",4 = somewhat honest,4 = somewhat sincere,4 = somewhat ethical,4 = somewhat likeable,4 = somewhat approachable,4 = somewhat confident the findings are true,5 = very honest,5 = very sincere,5 = very ethical,5 = very likeable,5 = very approachable,reported researcher (K),reporting researcher (S),reporting researcher (S),reporting researcher (S),reporting researcher (S),reporting researcher (S),reporting researcher (S),reporting researcher (S),reporting researcher (S),4 = somewhat honest,4 = somewhat sincere,4 = somewhat ethical,4 = somewhat likeable,4 = somewhat approachable,4 = somewhat confident the findings are true,5 = very honest,5 = very sincere,5 = very ethical,5 = very likeable,5 = very approachable,reported researcher (H),reporting researcher (F),reporting researcher (F),reporting researcher (F),reporting researcher (F),reporting researcher (F),reporting researcher (F),reporting researcher (F),reporting researcher (F),4 = somewhat honest,4 = somewhat sincere,4 = somewhat ethical,4 = somewhat likeable,4 = somewhat approachable,4 = somewhat confident the findings are true,5 = very honest,5 = very sincere,5 = very ethical,5 = very likeable,5 = very approachable,reported researcher (X),reporting researcher (Y),reporting researcher (Y),reporting researcher (Y),reporting researcher (Y),reporting researcher (Y),reporting researcher (Y),reporting researcher (Y),reporting researcher (Y),Somewhat disagree,Male,,Some High School,23,Ghana ,English and Dagbani ,complete
2/2/2026 3:21,2/2/2026 3:30,100,544,TRUE,2/2/2026 3:30,R_2czui17kosHVkV8,anonymous,EN,1,"Yes, I consent",5 = very honest,5 = very sincere,5 = very ethical,5 = very likeable,5 = very approachable,5 = very confident the findings are true,5 = very honest,5 = very sincere,5 = very ethical,5 = very likeable,5 = very approachable,reported researcher (K),reporting researcher (S),reported researcher (K),reporting researcher (S),reporting researcher (S),reporting researcher (S),reported researcher (K),reporting researcher (S),reporting researcher (S),3 = neither honest nor dishonest,3 = neither sincere nor insincere,3 = neither ethical nor unethical,3 = neither likeable nor unlikeable,3 = neither approachable nor unapproachable,3 = could go either way,5 = very honest,5 = very sincere,5 = very ethical,5 = very likeable,5 = very approachable,reporting researcher (F),reporting researcher (F),reported researcher (H),reporting researcher (F),reporting researcher (F),reporting researcher (F),reporting researcher (F),reporting researcher (F),reporting researcher (F),1 = very dishonest,1 = very insincere,1 = very unethical,1 = very unlikeable,1 = very unapproachable,1 = very confident the findings are false,5 = very honest,5 = very sincere,5 = very ethical,5 = very likeable,5 = very approachable,reporting researcher (Y),reporting researcher (Y),reporting researcher (Y),reporting researcher (Y),reporting researcher (Y),reporting researcher (Y),reporting researcher (Y),reporting researcher (Y),reporting researcher (Y),Somewhat disagree,Male,,Associate’s Degree,37,Ghana,"English, Twi, Fante",complete
2/2/2026 3:19,2/2/2026 3:30,100,681,TRUE,2/2/2026 3:30,R_25XifxNdKiFHyGc,anonymous,EN,1,"Yes, I consent",4 = somewhat honest,4 = somewhat sincere,4 = somewhat ethical,4 = somewhat likeable,4 = somewhat approachable,4 = somewhat confident the findings are true,4 = somewhat honest,4 = somewhat sincere,4 = somewhat ethical,4 = somewhat likeable,4 = somewhat approachable,reporting researcher (S),reporting researcher (S),reporting researcher (S),reporting researcher (S),reporting researcher (S),reporting researcher (S),reporting researcher (S),reporting researcher (S),reporting researcher (S),4 = somewhat honest,4 = somewhat sincere,4 = somewhat ethical,4 = somewhat likeable,4 = somewhat approachable,4 = somewhat confident the findings are true,5 = very honest,4 = somewhat sincere,4 = somewhat ethical,4 = somewhat likeable,4 = somewhat approachable,reported researcher (H),reporting researcher (F),reported researcher (H),reporting researcher (F),reporting researcher (F),reporting researcher (F),reporting researcher (F),reporting researcher (F),reporting researcher (F),4 = somewhat honest,4 = somewhat sincere,3 = neither ethical nor unethical,4 = somewhat likeable,4 = somewhat approachable,4 = somewhat confident the findings are true,5 = very honest,4 = somewhat sincere,4 = somewhat ethical,4 = somewhat likeable,4 = somewhat approachable,reported researcher (X),reporting researcher (Y),reported researcher (X),reporting researcher (Y),reporting researcher (Y),reporting researcher (Y),reporting researcher (Y),reporting researcher (Y),reporting researcher (Y),Somewhat disagree,Male,,Bachelor’s Degree,38,Ghana ,English ,complete
2/2/2026 3:19,2/2/2026 3:31,100,757,TRUE,2/2/2026 3:31,R_2irCNOiFglDbZCI,anonymous,EN,1,"Yes, I consent",4 = somewhat honest,4 = somewhat sincere,4 = somewhat ethical,4 = somewhat likeable,4 = somewhat approachable,3 = could go either way,5 = very honest,5 = very sincere,2 = somewhat unethical,4 = somewhat likeable,4 = somewhat approachable,reporting researcher (S),reporting researcher (S),reporting researcher (S),reporting researcher (S),reporting researcher (S),reporting researcher (S),reporting researcher (S),reporting researcher (S),reporting researcher (S),1 = very dishonest,4 = somewhat sincere,1 = very unethical,1 = very unlikeable,4 = somewhat approachable,1 = very confident the findings are false,5 = very honest,5 = very sincere,4 = somewhat ethical,4 = somewhat likeable,4 = somewhat approachable,neither reported (H) nor reporting researcher (F),reporting researcher (F),neither reported (H) nor reporting researcher (F),reporting researcher (F),reporting researcher (F),reporting researcher (F),reporting researcher (F),reporting researcher (F),reporting researcher (F),1 = very dishonest,1 = very insincere,1 = very unethical,4 = somewhat likeable,4 = somewhat approachable,1 = very confident the findings are false,5 = very honest,5 = very sincere,5 = very ethical,5 = very likeable,5 = very approachable,reporting researcher (Y),reporting researcher (Y),reporting researcher (Y),reporting researcher (Y),reporting researcher (Y),reporting researcher (Y),reporting researcher (Y),reporting researcher (Y),reporting researcher (Y),Somewhat disagree,Female,,Bachelor’s Degree,24,Ghana ,English ,complete
2/2/2026 3:16,2/2/2026 3:39,100,1391,TRUE,2/2/2026 3:39,R_8feonTvUgC3SQK4,anonymous,EN,1,"Yes, I consent",4 = somewhat honest,4 = somewhat sincere,4 = somewhat ethical,4 = somewhat likeable,4 = somewhat approachable,4 = somewhat confident the findings are true,4 = somewhat honest,5 = very sincere,4 = somewhat ethical,4 = somewhat likeable,4 = somewhat approachable,reporting researcher (S),reporting researcher (S),neither reported (K) nor reporting researcher (S),reporting researcher (S),reporting researcher (S),reporting researcher (S),reporting researcher (S),reporting researcher (S),reporting researcher (S),1 = very dishonest,1 = very insincere,1 = very unethical,1 = very unlikeable,1 = very unapproachable,1 = very confident the findings are false,5 = very honest,5 = very sincere,5 = very ethical,5 = very likeable,5 = very approachable,reporting researcher (F),reporting researcher (F),reporting researcher (F),reporting researcher (F),reporting researcher (F),reporting researcher (F),reporting researcher (F),reporting researcher (F),reporting researcher (F),1 = very dishonest,1 = very insincere,1 = very unethical,1 = very unlikeable,2 = somewhat unapproachable,1 = very confident the findings are false,5 = very honest,5 = very sincere,4 = somewhat ethical,4 = somewhat likeable,4 = somewhat approachable,reporting researcher (Y),reporting researcher (Y),reported researcher (X),reporting researcher (Y),reporting researcher (Y),reporting researcher (Y),reporting researcher (Y),reporting researcher (Y),reporting researcher (Y),Somewhat disagree,Male,,Bachelor’s Degree,37,Ghana,English,complete
2/2/2026 3:18,2/2/2026 3:53,100,2127,TRUE,2/2/2026 3:53,R_2cefuX8FOOUfSox,anonymous,EN,1,"Yes, I consent",2 = somewhat dishonest,2 = somewhat insincere,1 = very unethical,1 = very unlikeable,2 = somewhat unapproachable,1 = very confident the findings are false,5 = very honest,5 = very sincere,5 = very ethical,5 = very likeable,5 = very approachable,reporting researcher (S),reporting researcher (S),reporting researcher (S),reporting researcher (S),reporting researcher (S),reporting researcher (S),reporting researcher (S),reporting researcher (S),reporting researcher (S),1 = very dishonest,1 = very insincere,1 = very unethical,1 = very unlikeable,1 = very unapproachable,1 = very confident the findings are false,5 = very honest,5 = very sincere,5 = very ethical,5 = very likeable,5 = very approachable,reporting researcher (F),reporting researcher (F),reporting researcher (F),reporting researcher (F),reporting researcher (F),reporting researcher (F),reporting researcher (F),reporting researcher (F),reporting researcher (F),1 = very dishonest,1 = very insincere,1 = very unethical,1 = very unlikeable,1 = very unapproachable,1 = very confident the findings are false,5 = very honest,5 = very sincere,5 = very ethical,5 = very likeable,5 = very approachable,reporting researcher (Y),reporting researcher (Y),reporting researcher (Y),reporting researcher (Y),neither reported (X) nor reporting researcher (Y),reporting researcher (Y),reporting researcher (Y),reporting researcher (Y),reporting researcher (Y),Somewhat disagree,Female,,Bachelor’s Degree,28,Ghana ,Twi and English ,complete
2/2/2026 3:43,2/2/2026 3:56,100,752,TRUE,2/2/2026 3:56,R_205GThuSND8gsw1,anonymous,EN,1,"Yes, I consent",1 = very dishonest,1 = very insincere,1 = very unethical,4 = somewhat likeable,2 = somewhat unapproachable,2 = somewhat confident the findings are false,5 = very honest,5 = very sincere,5 = very ethical,5 = very likeable,5 = very approachable,reporting researcher (S),reporting researcher (S),reporting researcher (S),reporting researcher (S),reporting researcher (S),reporting researcher (S),reported researcher (K),reporting researcher (S),reporting researcher (S),1 = very dishonest,1 = very insincere,1 = very unethical,1 = very unlikeable,1 = very unapproachable,1 = very confident the findings are false,5 = very honest,5 = very sincere,5 = very ethical,5 = very likeable,5 = very approachable,reporting researcher (F),reporting researcher (F),reporting researcher (F),reporting researcher (F),reporting researcher (F),reporting researcher (F),reported researcher (H),reporting researcher (F),reporting researcher (F),2 = somewhat dishonest,1 = very insincere,2 = somewhat unethical,2 = somewhat unlikeable,1 = very unapproachable,2 = somewhat confident the findings are false,4 = somewhat honest,1 = very insincere,4 = somewhat ethical,2 = somewhat unlikeable,4 = somewhat approachable,neither reported (X) nor reporting researcher (Y),neither reported (X) nor reporting researcher (Y),neither reported (X) nor reporting researcher (Y),neither reported (X) nor reporting researcher (Y),neither reported (X) nor reporting researcher (Y),neither reported (X) nor reporting researcher (Y),neither reported (X) nor reporting researcher (Y),reporting researcher (Y),reporting researcher (Y),Somewhat disagree,Male,,Bachelor’s Degree,25,Ghana,"English, Akan",complete
2/2/2026 3:50,2/2/2026 4:01,100,678,TRUE,2/2/2026 4:01,R_25SZqfn8MZixlh7,anonymous,EN,1,"Yes, I consent",3 = neither honest nor dishonest,3 = neither sincere nor insincere,4 = somewhat ethical,3 = neither likeable nor unlikeable,4 = somewhat approachable,3 = could go either way,5 = very honest,5 = very sincere,4 = somewhat ethical,3 = neither likeable nor unlikeable,4 = somewhat approachable,reported researcher (K),reporting researcher (S),reported researcher (K),neither reported (K) nor reporting researcher (S),neither reported (K) nor reporting researcher (S),reporting researcher (S),reported researcher (K),reported researcher (K),reporting researcher (S),2 = somewhat dishonest,2 = somewhat insincere,2 = somewhat unethical,3 = neither likeable nor unlikeable,2 = somewhat unapproachable,3 = could go either way,4 = somewhat honest,5 = very sincere,4 = somewhat ethical,3 = neither likeable nor unlikeable,4 = somewhat approachable,reported researcher (H),reporting researcher (F),reported researcher (H),neither reported (H) nor reporting researcher (F),reporting researcher (F),reporting researcher (F),reported researcher (H),reporting researcher (F),reported researcher (H),1 = very dishonest,2 = somewhat insincere,1 = very unethical,2 = somewhat unlikeable,2 = somewhat unapproachable,2 = somewhat confident the findings are false,5 = very honest,5 = very sincere,5 = very ethical,4 = somewhat likeable,4 = somewhat approachable,neither reported (X) nor reporting researcher (Y),reporting researcher (Y),reported researcher (X),neither reported (X) nor reporting researcher (Y),neither reported (X) nor reporting researcher (Y),reporting researcher (Y),reporting researcher (Y),reporting researcher (Y),reported researcher (X),Somewhat disagree,Female,,Master’s Degree,25,Ghana,English,complete
2/2/2026 3:32,2/2/2026 4:14,100,2513,TRUE,2/2/2026 4:14,R_2Iq8Vt3XR8g72RH,anonymous,EN,1,"Yes, I consent",3 = neither honest nor dishonest,2 = somewhat insincere,3 = neither ethical nor unethical,3 = neither likeable nor unlikeable,3 = neither approachable nor unapproachable,4 = somewhat confident the findings are true,3 = neither honest nor dishonest,3 = neither sincere nor insincere,3 = neither ethical nor unethical,2 = somewhat unlikeable,3 = neither approachable nor unapproachable,reporting researcher (S),neither reported (K) nor reporting researcher (S),reporting researcher (S),reporting researcher (S),reporting researcher (S),reporting researcher (S),neither reported (K) nor reporting researcher (S),reporting researcher (S),reporting researcher (S),3 = neither honest nor dishonest,3 = neither sincere nor insincere,3 = neither ethical nor unethical,4 = somewhat likeable,4 = somewhat approachable,3 = could go either way,4 = somewhat honest,4 = somewhat sincere,3 = neither ethical nor unethical,3 = neither likeable nor unlikeable,3 = neither approachable nor unapproachable,neither reported (H) nor reporting researcher (F),neither reported (H) nor reporting researcher (F),reported researcher (H),neither reported (H) nor reporting researcher (F),reporting researcher (F),neither reported (H) nor reporting researcher (F),reporting researcher (F),reporting researcher (F),reporting researcher (F),2 = somewhat dishonest,2 = somewhat insincere,2 = somewhat unethical,2 = somewhat unlikeable,3 = neither approachable nor unapproachable,3 = could go either way,3 = neither honest nor dishonest,3 = neither sincere nor insincere,2 = somewhat unethical,3 = neither likeable nor unlikeable,3 = neither approachable nor unapproachable,neither reported (X) nor reporting researcher (Y),neither reported (X) nor reporting researcher (Y),reporting researcher (Y),neither reported (X) nor reporting researcher (Y),neither reported (X) nor reporting researcher (Y),reporting researcher (Y),reporting researcher (Y),neither reported (X) nor reporting researcher (Y),reporting researcher (Y),Somewhat disagree,Female,,Some High School,28,Ghana,English ,complete
2/2/2026 3:34,2/2/2026 4:14,100,2413,TRUE,2/2/2026 4:14,R_8hX4LyUXMA8R6jt,anonymous,EN,1,"Yes, I consent",2 = somewhat dishonest,2 = somewhat insincere,2 = somewhat unethical,2 = somewhat unlikeable,4 = somewhat approachable,4 = somewhat confident the findings are true,4 = somewhat honest,5 = very sincere,4 = somewhat ethical,4 = somewhat likeable,4 = somewhat approachable,reporting researcher (S),reporting researcher (S),reporting researcher (S),reporting researcher (S),reporting researcher (S),reporting researcher (S),reporting researcher (S),reporting researcher (S),reporting researcher (S),2 = somewhat dishonest,2 = somewhat insincere,2 = somewhat unethical,1 = very unlikeable,2 = somewhat unapproachable,3 = could go either way,5 = very honest,5 = very sincere,5 = very ethical,5 = very likeable,5 = very approachable,reporting researcher (F),reporting researcher (F),reporting researcher (F),reporting researcher (F),reporting researcher (F),reporting researcher (F),reporting researcher (F),reporting researcher (F),reporting researcher (F),1 = very dishonest,1 = very insincere,1 = very unethical,1 = very unlikeable,1 = very unapproachable,1 = very confident the findings are false,5 = very honest,5 = very sincere,5 = very ethical,5 = very likeable,5 = very approachable,reporting researcher (Y),reporting researcher (Y),reporting researcher (Y),reporting researcher (Y),reporting researcher (Y),reporting researcher (Y),reporting researcher (Y),reporting researcher (Y),reporting researcher (Y),Somewhat disagree,Male,,Bachelor’s Degree,30,Ghana,English ,complete
2/2/2026 4:16,2/2/2026 4:24,100,461,TRUE,2/2/2026 4:24,R_21zmLre0DK47Zkd,anonymous,EN,1,"Yes, I consent",2 = somewhat dishonest,2 = somewhat insincere,2 = somewhat unethical,2 = somewhat unlikeable,3 = neither approachable nor unapproachable,3 = could go either way,5 = very honest,5 = very sincere,5 = very ethical,5 = very likeable,5 = very approachable,reporting researcher (S),reporting researcher (S),reporting researcher (S),reporting researcher (S),reporting researcher (S),reporting researcher (S),reporting researcher (S),reporting researcher (S),reporting researcher (S),1 = very dishonest,1 = very insincere,1 = very unethical,1 = very unlikeable,2 = somewhat unapproachable,1 = very confident the findings are false,5 = very honest,5 = very sincere,5 = very ethical,5 = very likeable,5 = very approachable,reporting researcher (F),reporting researcher (F),reporting researcher (F),reporting researcher (F),reporting researcher (F),reporting researcher (F),reporting researcher (F),reporting researcher (F),reporting researcher (F),1 = very dishonest,1 = very insincere,1 = very unethical,1 = very unlikeable,1 = very unapproachable,1 = very confident the findings are false,5 = very honest,5 = very sincere,5 = very ethical,5 = very likeable,5 = very approachable,reporting researcher (Y),reporting researcher (Y),reporting researcher (Y),reporting researcher (Y),reporting researcher (Y),reporting researcher (Y),reporting researcher (Y),reporting researcher (Y),reporting researcher (Y),Somewhat disagree,Male,,Bachelor’s Degree,30,Ghana ,English ,complete
2/2/2026 4:16,2/2/2026 4:32,100,943,TRUE,2/2/2026 4:32,R_2uO50jf3Nc153S4,anonymous,EN,1,"Yes, I consent",2 = somewhat dishonest,2 = somewhat insincere,1 = very unethical,3 = neither likeable nor unlikeable,3 = neither approachable nor unapproachable,3 = could go either way,5 = very honest,4 = somewhat sincere,5 = very ethical,3 = neither likeable nor unlikeable,3 = neither approachable nor unapproachable,reporting researcher (S),reporting researcher (S),reported researcher (K),reporting researcher (S),neither reported (K) nor reporting researcher (S),reporting researcher (S),reporting researcher (S),reporting researcher (S),neither reported (K) nor reporting researcher (S),2 = somewhat dishonest,2 = somewhat insincere,2 = somewhat unethical,3 = neither likeable nor unlikeable,3 = neither approachable nor unapproachable,2 = somewhat confident the findings are false,4 = somewhat honest,4 = somewhat sincere,4 = somewhat ethical,3 = neither likeable nor unlikeable,2 = somewhat unapproachable,neither reported (H) nor reporting researcher (F),reporting researcher (F),reported researcher (H),reporting researcher (F),neither reported (H) nor reporting researcher (F),reporting researcher (F),reporting researcher (F),reporting researcher (F),neither reported (H) nor reporting researcher (F),1 = very dishonest,1 = very insincere,1 = very unethical,3 = neither likeable nor unlikeable,2 = somewhat unapproachable,4 = somewhat confident the findings are true,5 = very honest,4 = somewhat sincere,5 = very ethical,3 = neither likeable nor unlikeable,3 = neither approachable nor unapproachable,reporting researcher (Y),reporting researcher (Y),reported researcher (X),reporting researcher (Y),reporting researcher (Y),reporting researcher (Y),reporting researcher (Y),reporting researcher (Y),neither reported (X) nor reporting researcher (Y),Somewhat disagree,Male,,Bachelor’s Degree,31,Ghana,"English 
Adangme",complete
2/2/2026 4:55,2/2/2026 5:00,100,344,TRUE,2/2/2026 5:00,R_2JLfhovcMA2kYgG,anonymous,EN,1,"Yes, I consent",2 = somewhat dishonest,2 = somewhat insincere,2 = somewhat unethical,2 = somewhat unlikeable,2 = somewhat unapproachable,1 = very confident the findings are false,5 = very honest,5 = very sincere,5 = very ethical,5 = very likeable,5 = very approachable,reporting researcher (S),reporting researcher (S),reporting researcher (S),reporting researcher (S),reporting researcher (S),reporting researcher (S),reported researcher (K),reporting researcher (S),reporting researcher (S),1 = very dishonest,1 = very insincere,1 = very unethical,1 = very unlikeable,1 = very unapproachable,1 = very confident the findings are false,5 = very honest,5 = very sincere,5 = very ethical,5 = very likeable,5 = very approachable,reporting researcher (F),reporting researcher (F),reporting researcher (F),reporting researcher (F),reporting researcher (F),reporting researcher (F),reported researcher (H),reporting researcher (F),reporting researcher (F),1 = very dishonest,1 = very insincere,1 = very unethical,1 = very unlikeable,1 = very unapproachable,1 = very confident the findings are false,5 = very honest,5 = very sincere,5 = very ethical,5 = very likeable,5 = very approachable,reporting researcher (Y),reporting researcher (Y),reporting researcher (Y),reporting researcher (Y),reporting researcher (Y),reporting researcher (Y),reported researcher (X),reporting researcher (Y),reporting researcher (Y),Somewhat disagree,Female,,Bachelor’s Degree,34,Ghana,English ,complete
2/2/2026 5:05,2/2/2026 5:10,100,303,TRUE,2/2/2026 5:10,R_81yLRAwF2vHh0u5,anonymous,EN,0.8999999761581421,"Yes, I consent",2 = somewhat dishonest,3 = neither sincere nor insincere,3 = neither ethical nor unethical,3 = neither likeable nor unlikeable,3 = neither approachable nor unapproachable,3 = could go either way,2 = somewhat dishonest,3 = neither sincere nor insincere,3 = neither ethical nor unethical,3 = neither likeable nor unlikeable,2 = somewhat unapproachable,neither reported (K) nor reporting researcher (S),neither reported (K) nor reporting researcher (S),reporting researcher (S),neither reported (K) nor reporting researcher (S),reported researcher (K),neither reported (K) nor reporting researcher (S),neither reported (K) nor reporting researcher (S),reporting researcher (S),neither reported (K) nor reporting researcher (S),3 = neither honest nor dishonest,2 = somewhat insincere,3 = neither ethical nor unethical,3 = neither likeable nor unlikeable,3 = neither approachable nor unapproachable,2 = somewhat confident the findings are false,3 = neither honest nor dishonest,4 = somewhat sincere,2 = somewhat unethical,2 = somewhat unlikeable,3 = neither approachable nor unapproachable,neither reported (H) nor reporting researcher (F),neither reported (H) nor reporting researcher (F),reporting researcher (F),reported researcher (H),neither reported (H) nor reporting researcher (F),reported researcher (H),neither reported (H) nor reporting researcher (F),neither reported (H) nor reporting researcher (F),reported researcher (H),3 = neither honest nor dishonest,3 = neither sincere nor insincere,3 = neither ethical nor unethical,3 = neither likeable nor unlikeable,2 = somewhat unapproachable,2 = somewhat confident the findings are false,3 = neither honest nor dishonest,3 = neither sincere nor insincere,3 = neither ethical nor unethical,3 = neither likeable nor unlikeable,2 = somewhat unapproachable,neither reported (X) nor reporting researcher (Y),neither reported (X) nor reporting researcher (Y),reporting researcher (Y),neither reported (X) nor reporting researcher (Y),neither reported (X) nor reporting researcher (Y),neither reported (X) nor reporting researcher (Y),neither reported (X) nor reporting researcher (Y),reporting researcher (Y),reporting researcher (Y),Neither agree nor disagree,Female,,Bachelor’s Degree,20,Ghana,English,complete
2/2/2026 5:07,2/2/2026 5:12,100,318,TRUE,2/2/2026 5:12,R_2EsOwbCb0tx3EyR,anonymous,EN,1,"Yes, I consent",1 = very dishonest,1 = very insincere,1 = very unethical,1 = very unlikeable,1 = very unapproachable,3 = could go either way,1 = very dishonest,1 = very insincere,1 = very unethical,1 = very unlikeable,1 = very unapproachable,reported researcher (K),reported researcher (K),reported researcher (K),reported researcher (K),reported researcher (K),reported researcher (K),reported researcher (K),reported researcher (K),reported researcher (K),1 = very dishonest,1 = very insincere,1 = very unethical,1 = very unlikeable,1 = very unapproachable,1 = very confident the findings are false,1 = very dishonest,1 = very insincere,1 = very unethical,1 = very unlikeable,1 = very unapproachable,reported researcher (H),reported researcher (H),reported researcher (H),reported researcher (H),reported researcher (H),reported researcher (H),reported researcher (H),reported researcher (H),reported researcher (H),1 = very dishonest,1 = very insincere,1 = very unethical,1 = very unlikeable,1 = very unapproachable,1 = very confident the findings are false,1 = very dishonest,1 = very insincere,1 = very unethical,1 = very unlikeable,1 = very unapproachable,reported researcher (X),reported researcher (X),reported researcher (X),reported researcher (X),reported researcher (X),reported researcher (X),reported researcher (X),reported researcher (X),reported researcher (X),strongly disagree,Male,,High School Diploma or GED,28,Ghana ,English ,complete
2/2/2026 5:28,2/2/2026 5:32,100,229,TRUE,2/2/2026 5:32,R_4wF5Y4hwNyCcIwu,anonymous,EN,1,"Yes, I consent",2 = somewhat dishonest,2 = somewhat insincere,2 = somewhat unethical,2 = somewhat unlikeable,2 = somewhat unapproachable,4 = somewhat confident the findings are true,4 = somewhat honest,4 = somewhat sincere,4 = somewhat ethical,4 = somewhat likeable,4 = somewhat approachable,reported researcher (K),reported researcher (K),reporting researcher (S),reporting researcher (S),reported researcher (K),reporting researcher (S),reported researcher (K),reporting researcher (S),reported researcher (K),4 = somewhat honest,4 = somewhat sincere,4 = somewhat ethical,4 = somewhat likeable,4 = somewhat approachable,4 = somewhat confident the findings are true,3 = neither honest nor dishonest,5 = very sincere,3 = neither ethical nor unethical,5 = very likeable,2 = somewhat unapproachable,reported researcher (H),reported researcher (H),reported researcher (H),reported researcher (H),reported researcher (H),reported researcher (H),reported researcher (H),reported researcher (H),reported researcher (H),2 = somewhat dishonest,2 = somewhat insincere,2 = somewhat unethical,2 = somewhat unlikeable,4 = somewhat approachable,4 = somewhat confident the findings are true,2 = somewhat dishonest,3 = neither sincere nor insincere,2 = somewhat unethical,4 = somewhat likeable,4 = somewhat approachable,reported researcher (X),reporting researcher (Y),reported researcher (X),reported researcher (X),reporting researcher (Y),reporting researcher (Y),reporting researcher (Y),reported researcher (X),reporting researcher (Y),Strongly agree,Female,,Master’s Degree,22,India ,Marathi hindi ,complete
1/28/2026 18:17,1/28/2026 18:23,15,361,FALSE,2/4/2026 18:17,R_9r1WZXelb29oYTh,anonymous,EN,1,"Yes, I consent",,,,,,,,,,,,,,,,,,,,,4 = somewhat honest,4 = somewhat sincere,4 = somewhat ethical,3 = neither likeable nor unlikeable,4 = somewhat approachable,3 = could go either way,,,,,,,,,,,,,,,,,,,,,,,,,,,,,,,,,,,Somewhat disagree,,,,,,,complete
1/28/2026 18:25,1/28/2026 18:26,7,78,FALSE,2/4/2026 18:25,R_9TOcQzoGB6cbAfh,anonymous,EN,1,"Yes, I consent",,,,,,,,,,,,,,,,,,,,,,,,,,,,,,,,,,,,,,,,,,,,,,,,,,,,,,,,,,,,,,,,,,,,complete
1/28/2026 19:17,1/28/2026 19:17,6,51,FALSE,2/4/2026 19:17,R_41Z9HOrJBlVfE1t,anonymous,EN,0.699999988,"Yes, I consent",,,,,,,,,,,,,,,,,,,,,,,,,,,,,,,,,,,,,,,,,,,,,,,,,,,,,,,,,,,,,,,,,,,,complete
1/28/2026 19:34,1/28/2026 19:36,1,74,FALSE,2/4/2026 19:35,R_9Qlumgy75hH92ZY,anonymous,EN,,"Yes, I consent",,,,,,,,,,,,,,,,,,,,,,,,,,,,,,,,,,,,,,,,,,,,,,,,,,,,,,,,,,,,,,,,,,,,error
1/28/2026 20:26,1/28/2026 20:30,93,233,FALSE,2/4/2026 20:26,R_97Q0JdR9UAEeiUG,anonymous,EN,1,"Yes, I consent",4 = somewhat honest,5 = very sincere,4 = somewhat ethical,4 = somewhat likeable,5 = very approachable,5 = very confident the findings are true,5 = very honest,4 = somewhat sincere,4 = somewhat ethical,5 = very likeable,3 = neither approachable nor unapproachable,neither reported (K) nor reporting researcher (S),reporting researcher (S),reporting researcher (S),reporting researcher (S),neither reported (K) nor reporting researcher (S),reporting researcher (S),neither reported (K) nor reporting researcher (S),reporting researcher (S),neither reported (K) nor reporting researcher (S),3 = neither honest nor dishonest,4 = somewhat sincere,5 = very ethical,4 = somewhat likeable,3 = neither approachable nor unapproachable,3 = could go either way,4 = somewhat honest,3 = neither sincere nor insincere,5 = very ethical,5 = very likeable,5 = very approachable,neither reported (H) nor reporting researcher (F),reporting researcher (F),neither reported (H) nor reporting researcher (F),reporting researcher (F),neither reported (H) nor reporting researcher (F),neither reported (H) nor reporting researcher (F),reporting researcher (F),reporting researcher (F),neither reported (H) nor reporting researcher (F),3 = neither honest nor dishonest,3 = neither sincere nor insincere,2 = somewhat unethical,5 = very likeable,5 = very approachable,5 = very confident the findings are true,3 = neither honest nor dishonest,4 = somewhat sincere,5 = very ethical,4 = somewhat likeable,4 = somewhat approachable,neither reported (X) nor reporting researcher (Y),neither reported (X) nor reporting researcher (Y),reporting researcher (Y),neither reported (X) nor reporting researcher (Y),reporting researcher (Y),neither reported (X) nor reporting researcher (Y),reporting researcher (Y),neither reported (X) nor reporting researcher (Y),reporting researcher (Y),Strongly agree,Non-binary / gender nonconforming,,,,,,complete
1/28/2026 20:28,1/28/2026 20:32,1,246,FALSE,2/4/2026 20:28,R_43bZj6jw1Ah1RVD,anonymous,EN,1,"Yes, I consent",,,,,,,,,,,,,,,,,,,,,,,,,,,,,,,,,,,,,,,,,,,,,,,,,,,,,,,,,,,,,,,,,,,,complete
1/28/2026 20:37,1/28/2026 20:37,6,20,FALSE,2/4/2026 20:37,R_9PQ2OT9VDvH5D4l,anonymous,EN,1,"Yes, I consent",,,,,,,,,,,,,,,,,,,,,,,,,,,,,,,,,,,,,,,,,,,,,,,,,,,,,,,,,,,,,,,,,,,,complete
1/28/2026 20:56,1/28/2026 20:57,7,51,FALSE,2/4/2026 20:56,R_4QAR764wMdyAOO0,anonymous,EN,1,"Yes, I consent",,,,,,,,,,,,,,,,,,,,,,,,,,,,,,,,,,,,,,,,,,,,,,,,,,,,,,,,,,,,,,,,,,,,complete
1/28/2026 21:17,1/28/2026 21:17,1,33,FALSE,2/4/2026 21:17,R_9mi01NGmOhYmJih,anonymous,EN,0.800000012,"Yes, I consent",,,,,,,,,,,,,,,,,,,,,,,,,,,,,,,,,,,,,,,,,,,,,,,,,,,,,,,,,,,,,,,,,,,,complete
1/28/2026 21:23,1/28/2026 21:27,62,238,FALSE,2/4/2026 21:23,R_4c1T2bIrvQ5gSuA,anonymous,EN,1,"Yes, I consent",5 = very honest,4 = somewhat sincere,5 = very ethical,5 = very likeable,4 = somewhat approachable,5 = very confident the findings are true,5 = very honest,4 = somewhat sincere,5 = very ethical,4 = somewhat likeable,5 = very approachable,reporting researcher (S),reporting researcher (S),reported researcher (K),reporting researcher (S),reporting researcher (S),reported researcher (K),reporting researcher (S),reporting researcher (S),reported researcher (K),,,,,,,,,,,,,,,,,,,,,5 = very honest,5 = very sincere,4 = somewhat ethical,5 = very likeable,5 = very approachable,5 = very confident the findings are true,5 = very honest,4 = somewhat sincere,4 = somewhat ethical,5 = very likeable,5 = very approachable,reporting researcher (Y),reporting researcher (Y),reported researcher (X),reporting researcher (Y),reporting researcher (Y),reporting researcher (Y),reporting researcher (Y),reported researcher (X),reported researcher (X),Strongly agree,,,,,,,complete
1/28/2026 21:27,1/28/2026 21:28,14,59,FALSE,2/4/2026 21:27,R_9uC0hfyuQUFlHIV,anonymous,EN,1,"Yes, I consent",5 = very honest,4 = somewhat sincere,3 = neither ethical nor unethical,5 = very likeable,5 = very approachable,5 = very confident the findings are true,,,,,,,,,,,,,,,,,,,,,,,,,,,,,,,,,,,,,,,,,,,,,,,,,,,,,,,,,,,,,,complete
1/28/2026 21:40,1/28/2026 21:48,64,483,FALSE,2/4/2026 21:40,R_4q0vGeokkpH5zUd,anonymous,EN,1,"Yes, I consent",3 = neither honest nor dishonest,3 = neither sincere nor insincere,3 = neither ethical nor unethical,3 = neither likeable nor unlikeable,3 = neither approachable nor unapproachable,3 = could go either way,5 = very honest,5 = very sincere,5 = very ethical,5 = very likeable,5 = very approachable,reporting researcher (S),reporting researcher (S),reporting researcher (S),reporting researcher (S),reporting researcher (S),reporting researcher (S),reported researcher (K),reporting researcher (S),reporting researcher (S),,,,,,,,,,,,,,,,,,,,,1 = very dishonest,1 = very insincere,1 = very unethical,1 = very unlikeable,1 = very unapproachable,1 = very confident the findings are false,5 = very honest,5 = very sincere,5 = very ethical,5 = very likeable,5 = very approachable,reporting researcher (Y),reporting researcher (Y),reporting researcher (Y),reporting researcher (Y),reporting researcher (Y),reporting researcher (Y),reporting researcher (Y),reporting researcher (Y),reporting researcher (Y),Somewhat disagree,,,,,,,complete
1/28/2026 22:02,1/28/2026 22:03,7,62,FALSE,2/4/2026 22:02,R_9hsV2WyXyCB2YJX,anonymous,EN,0.8999999761581421,"Yes, I consent",,,,,,,,,,,,,,,,,,,,,,,,,,,,,,,,,,,,,,,,,,,,,,,,,,,,,,,,,,,,,,,,,,,,complete
1/28/2026 22:07,1/28/2026 22:11,34,227,FALSE,2/4/2026 22:07,R_4TV4Bkm5ERyHzqh,anonymous,EN,1,"Yes, I consent",,,,,,,,,,,,,,,,,,,,,,,,,,,,,,,,,,,,,,,,,5 = very honest,5 = very sincere,4 = somewhat ethical,5 = very likeable,5 = very approachable,5 = very confident the findings are true,4 = somewhat honest,5 = very sincere,5 = very ethical,4 = somewhat likeable,4 = somewhat approachable,reported researcher (X),reported researcher (X),neither reported (X) nor reporting researcher (Y),reported researcher (X),reported researcher (X),neither reported (X) nor reporting researcher (Y),reported researcher (X),reported researcher (X),neither reported (X) nor reporting researcher (Y),,,,,,,,complete
1/28/2026 22:19,1/28/2026 22:20,6,88,FALSE,2/4/2026 22:19,R_9HNdeWcmYU7PVSO,anonymous,EN,1,"Yes, I consent",,,,,,,,,,,,,,,,,,,,,,,,,,,,,,,,,,,,,,,,,,,,,,,,,,,,,,,,,,,,,,,,,,,,complete
1/28/2026 22:20,1/28/2026 22:21,14,71,FALSE,2/4/2026 22:20,R_92JkvnHSrkIWtma,anonymous,EN,1,"Yes, I consent",5 = very honest,4 = somewhat sincere,4 = somewhat ethical,4 = somewhat likeable,5 = very approachable,4 = somewhat confident the findings are true,,,,,,,,,,,,,,,,,,,,,,,,,,,,,,,,,,,,,,,,,,,,,,,,,,,,,,,,,,,,,,complete
1/28/2026 22:21,1/28/2026 22:27,7,370,FALSE,2/4/2026 22:21,R_4ahgE7U53nSL0OJ,anonymous,EN,1,"Yes, I consent",,,,,,,,,,,,,,,,,,,,,,,,,,,,,,,,,,,,,,,,,,,,,,,,,,,,,,,,,,,,,Somewhat disagree,,,,,,,complete
1/28/2026 22:24,1/28/2026 22:25,1,18,FALSE,2/4/2026 22:24,R_4Rc0wnmsMXvfroZ,anonymous,EN,0.5,"Yes, I consent",,,,,,,,,,,,,,,,,,,,,,,,,,,,,,,,,,,,,,,,,,,,,,,,,,,,,,,,,,,,,,,,,,,,complete
1/28/2026 22:27,1/28/2026 22:30,6,182,FALSE,2/4/2026 22:27,R_9q1ZMLB8ztenK2q,anonymous,EN,1,"Yes, I consent",,,,,,,,,,,,,,,,,,,,,,,,,,,,,,,,,,,,,,,,,,,,,,,,,,,,,,,,,,,,,,,,,,,,complete
1/28/2026 22:35,1/28/2026 22:37,6,97,FALSE,2/4/2026 22:36,R_4g1Ib3SrmPqDgGa,anonymous,EN,1,"Yes, I consent",,,,,,,,,,,,,,,,,,,,,,,,,,,,,,,,,,,,,,,,,,,,,,,,,,,,,,,,,,,,,,,,,,,,complete
1/28/2026 22:41,1/28/2026 22:49,64,432,FALSE,2/4/2026 22:41,R_4xyNVkDO61Vmvfw,anonymous,EN,1,"Yes, I consent",2 = somewhat dishonest,2 = somewhat insincere,2 = somewhat unethical,2 = somewhat unlikeable,2 = somewhat unapproachable,2 = somewhat confident the findings are false,5 = very honest,5 = very sincere,5 = very ethical,5 = very likeable,5 = very approachable,reporting researcher (S),reporting researcher (S),reporting researcher (S),reporting researcher (S),reporting researcher (S),reporting researcher (S),reporting researcher (S),reporting researcher (S),reporting researcher (S),,,,,,,,,,,,,,,,,,,,,1 = very dishonest,1 = very insincere,1 = very unethical,1 = very unlikeable,1 = very unapproachable,1 = very confident the findings are false,5 = very honest,5 = very sincere,5 = very ethical,5 = very likeable,5 = very approachable,reporting researcher (Y),reporting researcher (Y),reported researcher (X),reporting researcher (Y),reporting researcher (Y),reporting researcher (Y),reporting researcher (Y),reporting researcher (Y),reporting researcher (Y),Somewhat disagree,,,,,,,complete
1/28/2026 22:43,1/28/2026 22:46,6,187,FALSE,2/4/2026 22:43,R_41q0BpRC0mYHkeR,anonymous,EN,1,"Yes, I consent",,,,,,,,,,,,,,,,,,,,,,,,,,,,,,,,,,,,,,,,,,,,,,,,,,,,,,,,,,,,,,,,,,,,complete
1/28/2026 23:18,1/28/2026 23:18,1,16,FALSE,2/4/2026 23:18,R_9E6Wo6yVg6IoLNT,anonymous,EN,1,"Yes, I consent",,,,,,,,,,,,,,,,,,,,,,,,,,,,,,,,,,,,,,,,,,,,,,,,,,,,,,,,,,,,,,,,,,,,complete
1/28/2026 23:18,1/28/2026 23:20,8,80,FALSE,2/4/2026 23:18,R_4SCSyDn41EuGMT7,anonymous,EN,1,"Yes, I consent",,,,,,,,,,,,,,,,,,,,,,,,,,,,,,,,,,,,,,,,,,,,,,,,,,,,,,,,,,,,,Somewhat disagree,,,,,,,complete
1/29/2026 1:21,1/29/2026 1:29,7,521,FALSE,2/5/2026 1:21,R_831PPtY62Dbouhm,anonymous,EN,1,"Yes, I consent",,,,,,,,,,,,,,,,,,,,,,,,,,,,,,,,,,,,,,,,,,,,,,,,,,,,,,,,,,,,,,,,,,,,complete
1/29/2026 1:28,1/29/2026 1:36,5,529,FALSE,2/5/2026 1:28,R_26Y1JmGqlL7FFGV,anonymous,EN,1,"Yes, I consent",,,,,,,,,,,,,,,,,,,,,,,,,,,,,,,,,,,,,,,,,,,,,,,,,,,,,,,,,,,,,,,,,,,,complete
1/29/2026 2:36,1/29/2026 2:39,4,134,FALSE,2/5/2026 2:36,R_8N4kN4m8JIUZKPA,anonymous,EN,0.8999999761581421,"Yes, I consent",,,,,,,,,,,,,,,,,,,,,,,,,,,,,,,,,,,,,,,,,,,,,,,,,,,,,,,,,,,,,,,,,,,,complete
1/29/2026 2:44,1/29/2026 2:45,6,48,FALSE,2/5/2026 2:44,R_2gXgwsw9oL93tx7,anonymous,EN,1,"Yes, I consent",,,,,,,,,,,,,,,,,,,,,,,,,,,,,,,,,,,,,,,,,,,,,,,,,,,,,,,,,,,,,,,,,,,,complete
1/29/2026 2:53,1/29/2026 2:56,7,174,FALSE,2/5/2026 2:53,R_2Vg6V4UIAomE5Hy,anonymous,EN,0.8999999761581421,"Yes, I consent",,,,,,,,,,,,,,,,,,,,,,,,,,,,,,,,,,,,,,,,,,,,,,,,,,,,,,,,,,,,,,,,,,,,complete
1/29/2026 3:22,1/29/2026 3:25,21,166,FALSE,2/5/2026 3:22,R_2Rk2ryCvAIX8QcR,anonymous,EN,0.8999999761581421,"Yes, I consent",4 = somewhat honest,4 = somewhat sincere,4 = somewhat ethical,2 = somewhat unlikeable,4 = somewhat approachable,4 = somewhat confident the findings are true,5 = very honest,4 = somewhat sincere,4 = somewhat ethical,4 = somewhat likeable,4 = somewhat approachable,,,,,,,,,,,,,,,,,,,,,,,,,,,,,,,,,,,,,,,,,,,,,,,,,,,,,,,,,complete
1/29/2026 3:26,1/29/2026 3:28,8,124,FALSE,2/5/2026 3:26,R_8sbq42deKnWCHKO,anonymous,EN,0.800000012,"Yes, I consent",,,,,,,,,,,,,,,,,,,,,,,,,,,,,,,,,,,,,,,,,,,,,,,,,,,,,,,,,,,,,Somewhat disagree,,,,,,,complete
1/29/2026 3:26,1/29/2026 3:47,51,1274,FALSE,2/5/2026 3:26,R_2PS5Zb8O6kUndql,anonymous,EN,0.8999999761581421,"Yes, I consent",,,,,,,,,,,,,,,,,,,,,1 = very dishonest,1 = very insincere,1 = very unethical,2 = somewhat unlikeable,1 = very unapproachable,2 = somewhat confident the findings are false,5 = very honest,5 = very sincere,5 = very ethical,5 = very likeable,5 = very approachable,,,,,,,,,,1 = very dishonest,1 = very insincere,1 = very unethical,1 = very unlikeable,3 = neither approachable nor unapproachable,1 = very confident the findings are false,4 = somewhat honest,4 = somewhat sincere,5 = very ethical,4 = somewhat likeable,4 = somewhat approachable,reporting researcher (Y),reporting researcher (Y),neither reported (X) nor reporting researcher (Y),reporting researcher (Y),reporting researcher (Y),reporting researcher (Y),reporting researcher (Y),reporting researcher (Y),reporting researcher (Y),Somewhat disagree,,,,,,,complete
1/29/2026 3:30,1/29/2026 4:20,6,3010,FALSE,2/5/2026 3:30,R_82fZd0KHP72MCoC,anonymous,EN,,"Yes, I consent",,,,,,,,,,,,,,,,,,,,,,,,,,,,,,,,,,,,,,,,,,,,,,,,,,,,,,,,,,,,,,,,,,,,error
1/29/2026 3:41,1/29/2026 3:45,34,256,FALSE,2/5/2026 3:41,R_8tA6l08ZpKFbxKO,anonymous,EN,0.4000000059604645,"Yes, I consent",2 = somewhat dishonest,3 = neither sincere nor insincere,2 = somewhat unethical,2 = somewhat unlikeable,3 = neither approachable nor unapproachable,3 = could go either way,2 = somewhat dishonest,2 = somewhat insincere,4 = somewhat ethical,3 = neither likeable nor unlikeable,3 = neither approachable nor unapproachable,neither reported (K) nor reporting researcher (S),neither reported (K) nor reporting researcher (S),neither reported (K) nor reporting researcher (S),reporting researcher (S),reporting researcher (S),reported researcher (K),reported researcher (K),reporting researcher (S),reported researcher (K),,,,,,,,,,,,,,,,,,,,,,,,,,,,,,,,,,,,,,,,,,,,,,,,complete
1/29/2026 4:20,1/29/2026 4:32,71,740,FALSE,2/5/2026 4:20,R_8NlspWdCdnxWFyh,anonymous,EN,1,"Yes, I consent",4 = somewhat honest,4 = somewhat sincere,3 = neither ethical nor unethical,4 = somewhat likeable,4 = somewhat approachable,3 = could go either way,,,,,,,,,,,,,,,2 = somewhat dishonest,2 = somewhat insincere,2 = somewhat unethical,2 = somewhat unlikeable,4 = somewhat approachable,2 = somewhat confident the findings are false,5 = very honest,4 = somewhat sincere,4 = somewhat ethical,4 = somewhat likeable,5 = very approachable,reporting researcher (F),reporting researcher (F),reported researcher (H),neither reported (H) nor reporting researcher (F),reporting researcher (F),reported researcher (H),reporting researcher (F),reported researcher (H),neither reported (H) nor reporting researcher (F),1 = very dishonest,2 = somewhat insincere,4 = somewhat ethical,3 = neither likeable nor unlikeable,3 = neither approachable nor unapproachable,1 = very confident the findings are false,4 = somewhat honest,4 = somewhat sincere,4 = somewhat ethical,4 = somewhat likeable,5 = very approachable,reporting researcher (Y),reporting researcher (Y),reported researcher (X),reporting researcher (Y),reporting researcher (Y),reporting researcher (Y),reported researcher (X),reporting researcher (Y),reporting researcher (Y),,,,,,,,complete
1/29/2026 4:23,1/29/2026 4:35,64,713,FALSE,2/5/2026 4:23,R_8rSWZYE6fegb6qf,anonymous,EN,1,"Yes, I consent",3 = neither honest nor dishonest,3 = neither sincere nor insincere,2 = somewhat unethical,3 = neither likeable nor unlikeable,3 = neither approachable nor unapproachable,2 = somewhat confident the findings are false,5 = very honest,5 = very sincere,5 = very ethical,4 = somewhat likeable,4 = somewhat approachable,neither reported (K) nor reporting researcher (S),reporting researcher (S),reported researcher (K),reporting researcher (S),reporting researcher (S),reporting researcher (S),reported researcher (K),reporting researcher (S),reporting researcher (S),,,,,,,,,,,,,,,,,,,,,1 = very dishonest,1 = very insincere,1 = very unethical,2 = somewhat unlikeable,2 = somewhat unapproachable,2 = somewhat confident the findings are false,4 = somewhat honest,4 = somewhat sincere,5 = very ethical,4 = somewhat likeable,4 = somewhat approachable,reporting researcher (Y),reporting researcher (Y),reported researcher (X),reporting researcher (Y),reporting researcher (Y),reporting researcher (Y),reported researcher (X),reporting researcher (Y),reporting researcher (Y),Somewhat disagree,,,,,,,complete
1/29/2026 4:49,1/29/2026 4:56,14,438,FALSE,2/5/2026 4:49,R_87tgkn8WByBScfv,anonymous,EN,1,"Yes, I consent",2 = somewhat dishonest,2 = somewhat insincere,2 = somewhat unethical,2 = somewhat unlikeable,2 = somewhat unapproachable,2 = somewhat confident the findings are false,,,,,,,,,,,,,,,,,,,,,,,,,,,,,,,,,,,,,,,,,,,,,,,,,,,,,,,,,,,,,,complete
1/29/2026 4:55,1/29/2026 5:08,93,783,FALSE,2/5/2026 4:55,R_2msLadAir7yecIT,anonymous,EN,1,"Yes, I consent",2 = somewhat dishonest,2 = somewhat insincere,2 = somewhat unethical,3 = neither likeable nor unlikeable,3 = neither approachable nor unapproachable,3 = could go either way,4 = somewhat honest,4 = somewhat sincere,5 = very ethical,3 = neither likeable nor unlikeable,3 = neither approachable nor unapproachable,neither reported (K) nor reporting researcher (S),reporting researcher (S),reported researcher (K),reporting researcher (S),reporting researcher (S),reporting researcher (S),reported researcher (K),reporting researcher (S),reporting researcher (S),1 = very dishonest,1 = very insincere,1 = very unethical,1 = very unlikeable,1 = very unapproachable,1 = very confident the findings are false,5 = very honest,5 = very sincere,5 = very ethical,4 = somewhat likeable,3 = neither approachable nor unapproachable,reported researcher (H),reporting researcher (F),reported researcher (H),reporting researcher (F),reporting researcher (F),reporting researcher (F),reported researcher (H),reporting researcher (F),reporting researcher (F),1 = very dishonest,1 = very insincere,1 = very unethical,2 = somewhat unlikeable,2 = somewhat unapproachable,2 = somewhat confident the findings are false,5 = very honest,5 = very sincere,5 = very ethical,4 = somewhat likeable,4 = somewhat approachable,reported researcher (X),reporting researcher (Y),reported researcher (X),reporting researcher (Y),reporting researcher (Y),reporting researcher (Y),reported researcher (X),reporting researcher (Y),reporting researcher (Y),Somewhat disagree,Female,,,,,,complete
1/29/2026 5:13,1/29/2026 5:13,1,8,FALSE,2/5/2026 5:13,R_2Y36KE6LAA3pPMl,anonymous,EN,1,"Yes, I consent",,,,,,,,,,,,,,,,,,,,,,,,,,,,,,,,,,,,,,,,,,,,,,,,,,,,,,,,,,,,,,,,,,,,complete
1/29/2026 5:15,1/29/2026 5:15,5,29,FALSE,2/5/2026 5:15,R_8dBjMCypl2GCPxT,anonymous,EN,0.8999999761581421,"Yes, I consent",,,,,,,,,,,,,,,,,,,,,,,,,,,,,,,,,,,,,,,,,,,,,,,,,,,,,,,,,,,,,,,,,,,,complete
1/29/2026 5:33,1/29/2026 5:49,99,973,FALSE,2/5/2026 5:33,R_8Ka8oDuin6KFxwl,anonymous,EN,1,"Yes, I consent",1 = very dishonest,1 = very insincere,1 = very unethical,1 = very unlikeable,1 = very unapproachable,1 = very confident the findings are false,5 = very honest,5 = very sincere,5 = very ethical,5 = very likeable,5 = very approachable,reporting researcher (S),reporting researcher (S),reported researcher (K),reporting researcher (S),reporting researcher (S),reporting researcher (S),reporting researcher (S),reporting researcher (S),reporting researcher (S),1 = very dishonest,1 = very insincere,1 = very unethical,1 = very unlikeable,1 = very unapproachable,1 = very confident the findings are false,5 = very honest,5 = very sincere,5 = very ethical,5 = very likeable,5 = very approachable,reporting researcher (F),reporting researcher (F),reported researcher (H),reporting researcher (F),reporting researcher (F),reporting researcher (F),reporting researcher (F),reporting researcher (F),reporting researcher (F),2 = somewhat dishonest,2 = somewhat insincere,2 = somewhat unethical,2 = somewhat unlikeable,2 = somewhat unapproachable,1 = very confident the findings are false,5 = very honest,5 = very sincere,5 = very ethical,5 = very likeable,5 = very approachable,reporting researcher (Y),reporting researcher (Y),reported researcher (X),reporting researcher (Y),reporting researcher (Y),reporting researcher (Y),reporting researcher (Y),reporting researcher (Y),reporting researcher (Y),Somewhat disagree,Male,,Bachelor’s Degree,33,Ghana ,English ,complete
1/29/2026 5:46,1/29/2026 5:52,35,348,FALSE,2/5/2026 5:46,R_80zeUMdy2G2RvXj,anonymous,EN,1,"Yes, I consent",,,,,,,,,,,,,,,,,,,,,,,,,,,,,,,,,,,,,,,,,2 = somewhat dishonest,2 = somewhat insincere,2 = somewhat unethical,2 = somewhat unlikeable,2 = somewhat unapproachable,2 = somewhat confident the findings are false,5 = very honest,5 = very sincere,4 = somewhat ethical,4 = somewhat likeable,2 = somewhat unapproachable,reported researcher (X),reporting researcher (Y),neither reported (X) nor reporting researcher (Y),reporting researcher (Y),reporting researcher (Y),reporting researcher (Y),reporting researcher (Y),reporting researcher (Y),reporting researcher (Y),,,,,,,,complete
1/29/2026 5:47,1/29/2026 5:52,93,321,FALSE,2/5/2026 5:47,R_2HYRCGM39yNujDM,anonymous,EN,1,"Yes, I consent",4 = somewhat honest,4 = somewhat sincere,4 = somewhat ethical,4 = somewhat likeable,4 = somewhat approachable,4 = somewhat confident the findings are true,4 = somewhat honest,4 = somewhat sincere,4 = somewhat ethical,4 = somewhat likeable,4 = somewhat approachable,neither reported (K) nor reporting researcher (S),reported researcher (K),reported researcher (K),reporting researcher (S),reporting researcher (S),reported researcher (K),reporting researcher (S),neither reported (K) nor reporting researcher (S),neither reported (K) nor reporting researcher (S),4 = somewhat honest,4 = somewhat sincere,4 = somewhat ethical,4 = somewhat likeable,4 = somewhat approachable,4 = somewhat confident the findings are true,4 = somewhat honest,4 = somewhat sincere,4 = somewhat ethical,4 = somewhat likeable,4 = somewhat approachable,neither reported (H) nor reporting researcher (F),reported researcher (H),reported researcher (H),reporting researcher (F),neither reported (H) nor reporting researcher (F),reporting researcher (F),reporting researcher (F),reported researcher (H),neither reported (H) nor reporting researcher (F),4 = somewhat honest,4 = somewhat sincere,4 = somewhat ethical,4 = somewhat likeable,4 = somewhat approachable,4 = somewhat confident the findings are true,4 = somewhat honest,4 = somewhat sincere,4 = somewhat ethical,4 = somewhat likeable,4 = somewhat approachable,reported researcher (X),neither reported (X) nor reporting researcher (Y),reporting researcher (Y),reported researcher (X),reported researcher (X),reporting researcher (Y),reporting researcher (Y),neither reported (X) nor reporting researcher (Y),neither reported (X) nor reporting researcher (Y),Somewhat disagree,Female,,,,,,complete
1/29/2026 5:47,1/29/2026 5:48,7,63,FALSE,2/5/2026 5:47,R_25h8rzcjmdMQIFP,anonymous,EN,0.8999999761581421,"Yes, I consent",,,,,,,,,,,,,,,,,,,,,,,,,,,,,,,,,,,,,,,,,,,,,,,,,,,,,,,,,,,,,,,,,,,,complete
1/29/2026 5:51,1/29/2026 6:35,4,2624,FALSE,2/5/2026 5:51,R_2KuTG1wujmGfVPH,anonymous,EN,1,"Yes, I consent",,,,,,,,,,,,,,,,,,,,,,,,,,,,,,,,,,,,,,,,,,,,,,,,,,,,,,,,,,,,,,,,,,,,complete
1/29/2026 5:53,1/29/2026 5:54,6,76,FALSE,2/5/2026 5:53,R_2hEL113q7sTZFtJ,anonymous,EN,1,"Yes, I consent",,,,,,,,,,,,,,,,,,,,,,,,,,,,,,,,,,,,,,,,,,,,,,,,,,,,,,,,,,,,,,,,,,,,complete
1/29/2026 5:59,1/29/2026 6:01,6,90,FALSE,2/5/2026 5:59,R_2Qmgt4zXafuVxuP,anonymous,EN,0.8999999761581421,"Yes, I consent",,,,,,,,,,,,,,,,,,,,,,,,,,,,,,,,,,,,,,,,,,,,,,,,,,,,,,,,,,,,,,,,,,,,complete
1/29/2026 6:04,1/29/2026 6:06,1,100,FALSE,2/5/2026 6:04,R_2s7hmg0ivEitSmo,anonymous,EN,0.800000012,"Yes, I consent",,,,,,,,,,,,,,,,,,,,,,,,,,,,,,,,,,,,,,,,,,,,,,,,,,,,,,,,,,,,,,,,,,,,complete
1/29/2026 6:24,1/29/2026 6:25,6,49,FALSE,2/5/2026 6:24,R_2xDi1t1bTPN7Tm9,anonymous,EN,1,"Yes, I consent",,,,,,,,,,,,,,,,,,,,,,,,,,,,,,,,,,,,,,,,,,,,,,,,,,,,,,,,,,,,,,,,,,,,complete
1/29/2026 6:27,1/29/2026 6:33,35,368,FALSE,2/5/2026 6:27,R_8TRdKGX43B0yWDs,anonymous,EN,0.4000000059604645,"Yes, I consent",,,,,,,,,,,,,,,,,,,,,1 = very dishonest,5 = very sincere,1 = very unethical,1 = very unlikeable,2 = somewhat unapproachable,1 = very confident the findings are false,5 = very honest,5 = very sincere,5 = very ethical,5 = very likeable,5 = very approachable,reporting researcher (F),reporting researcher (F),reported researcher (H),reporting researcher (F),reporting researcher (F),reporting researcher (F),reported researcher (H),reporting researcher (F),reported researcher (H),,,,,,,,,,,,,,,,,,,,,,,,,,,,complete
1/29/2026 6:35,1/29/2026 6:36,6,92,FALSE,2/5/2026 6:35,R_2IgiFoMpE4fEwaQ,anonymous,EN,1,"Yes, I consent",,,,,,,,,,,,,,,,,,,,,,,,,,,,,,,,,,,,,,,,,,,,,,,,,,,,,,,,,,,,,,,,,,,,complete
1/29/2026 7:14,1/29/2026 7:15,1,29,FALSE,2/5/2026 7:14,R_8r1fyZ15XzcSINj,anonymous,EN,1,"Yes, I consent",,,,,,,,,,,,,,,,,,,,,,,,,,,,,,,,,,,,,,,,,,,,,,,,,,,,,,,,,,,,,,,,,,,,complete
1/29/2026 7:16,1/29/2026 7:18,8,70,FALSE,2/5/2026 7:16,R_2y1tC5vNsutRKlP,anonymous,EN,1,"Yes, I consent",,,,,,,,,,,,,,,,,,,,,,,,,,,,,,,,,,,,,,,,,,,,,,,,,,,,,,,,,,,,,Neither agree nor disagree,,,,,,,complete
1/29/2026 7:26,1/29/2026 7:30,79,230,FALSE,2/5/2026 7:26,R_8TFs1EwbO1gmKMD,anonymous,EN,1,"Yes, I consent",4 = somewhat honest,3 = neither sincere nor insincere,2 = somewhat unethical,5 = very likeable,5 = very approachable,5 = very confident the findings are true,4 = somewhat honest,1 = very insincere,4 = somewhat ethical,1 = very unlikeable,2 = somewhat unapproachable,,,,,,,,,,5 = very honest,5 = very sincere,3 = neither ethical nor unethical,5 = very likeable,5 = very approachable,5 = very confident the findings are true,3 = neither honest nor dishonest,5 = very sincere,4 = somewhat ethical,4 = somewhat likeable,5 = very approachable,reporting researcher (F),neither reported (H) nor reporting researcher (F),reporting researcher (F),neither reported (H) nor reporting researcher (F),neither reported (H) nor reporting researcher (F),reporting researcher (F),neither reported (H) nor reporting researcher (F),neither reported (H) nor reporting researcher (F),neither reported (H) nor reporting researcher (F),5 = very honest,1 = very insincere,5 = very ethical,5 = very likeable,5 = very approachable,4 = somewhat confident the findings are true,5 = very honest,5 = very sincere,5 = very ethical,5 = very likeable,5 = very approachable,reported researcher (X),reported researcher (X),reporting researcher (Y),neither reported (X) nor reporting researcher (Y),reported researcher (X),reporting researcher (Y),neither reported (X) nor reporting researcher (Y),reporting researcher (Y),reported researcher (X),Strongly agree,,,,,,,complete
1/29/2026 7:28,1/29/2026 8:23,6,3298,FALSE,2/5/2026 7:28,R_8PYzrEM6miFKJ0U,anonymous,EN,1,"Yes, I consent",,,,,,,,,,,,,,,,,,,,,,,,,,,,,,,,,,,,,,,,,,,,,,,,,,,,,,,,,,,,,,,,,,,,complete
1/29/2026 7:48,1/29/2026 7:59,36,673,FALSE,2/5/2026 7:48,R_8uPp1IZjkfedMSC,anonymous,EN,1,"Yes, I consent",,,,,,,,,,,,,,,,,,,,,,,,,,,,,,,,,,,,,,,,,3 = neither honest nor dishonest,2 = somewhat insincere,2 = somewhat unethical,4 = somewhat likeable,3 = neither approachable nor unapproachable,2 = somewhat confident the findings are false,2 = somewhat dishonest,2 = somewhat insincere,3 = neither ethical nor unethical,3 = neither likeable nor unlikeable,3 = neither approachable nor unapproachable,reported researcher (X),neither reported (X) nor reporting researcher (Y),reporting researcher (Y),reported researcher (X),reported researcher (X),reported researcher (X),neither reported (X) nor reporting researcher (Y),reporting researcher (Y),reporting researcher (Y),Somewhat disagree,,,,,,,complete
1/29/2026 8:20,1/29/2026 8:21,6,65,FALSE,2/5/2026 8:20,R_8N1VQv8Fx0o0o6E,anonymous,EN,1,"Yes, I consent",,,,,,,,,,,,,,,,,,,,,,,,,,,,,,,,,,,,,,,,,,,,,,,,,,,,,,,,,,,,,,,,,,,,complete
1/29/2026 8:20,1/29/2026 8:38,93,1069,FALSE,2/5/2026 8:20,R_8Nd2yiXEh3ytNE5,anonymous,EN,1,"Yes, I consent",3 = neither honest nor dishonest,4 = somewhat sincere,3 = neither ethical nor unethical,4 = somewhat likeable,3 = neither approachable nor unapproachable,3 = could go either way,4 = somewhat honest,4 = somewhat sincere,4 = somewhat ethical,4 = somewhat likeable,3 = neither approachable nor unapproachable,neither reported (K) nor reporting researcher (S),neither reported (K) nor reporting researcher (S),neither reported (K) nor reporting researcher (S),neither reported (K) nor reporting researcher (S),neither reported (K) nor reporting researcher (S),reporting researcher (S),reported researcher (K),reporting researcher (S),reporting researcher (S),2 = somewhat dishonest,2 = somewhat insincere,1 = very unethical,1 = very unlikeable,2 = somewhat unapproachable,3 = could go either way,2 = somewhat dishonest,2 = somewhat insincere,1 = very unethical,2 = somewhat unlikeable,2 = somewhat unapproachable,neither reported (H) nor reporting researcher (F),neither reported (H) nor reporting researcher (F),reported researcher (H),neither reported (H) nor reporting researcher (F),neither reported (H) nor reporting researcher (F),reporting researcher (F),reported researcher (H),reported researcher (H),reported researcher (H),1 = very dishonest,1 = very insincere,1 = very unethical,1 = very unlikeable,1 = very unapproachable,3 = could go either way,1 = very dishonest,1 = very insincere,1 = very unethical,1 = very unlikeable,1 = very unapproachable,reported researcher (X),reporting researcher (Y),neither reported (X) nor reporting researcher (Y),neither reported (X) nor reporting researcher (Y),neither reported (X) nor reporting researcher (Y),reporting researcher (Y),reported researcher (X),neither reported (X) nor reporting researcher (Y),reporting researcher (Y),Somewhat disagree,Female,,,,,,complete
1/29/2026 8:44,1/29/2026 8:53,6,526,FALSE,2/5/2026 8:44,R_2MESKQRH9GNQYDz,anonymous,EN,1,"Yes, I consent",,,,,,,,,,,,,,,,,,,,,,,,,,,,,,,,,,,,,,,,,,,,,,,,,,,,,,,,,,,,,,,,,,,,complete
1/29/2026 9:31,1/29/2026 11:26,51,6927,FALSE,2/5/2026 9:31,R_8OZrwVCo4H76TSG,anonymous,EN,1,"Yes, I consent",,,,,,,,,,,,,,,,,,,,,2 = somewhat dishonest,2 = somewhat insincere,2 = somewhat unethical,2 = somewhat unlikeable,4 = somewhat approachable,2 = somewhat confident the findings are false,2 = somewhat dishonest,3 = neither sincere nor insincere,4 = somewhat ethical,4 = somewhat likeable,2 = somewhat unapproachable,,,,,,,,,,2 = somewhat dishonest,2 = somewhat insincere,2 = somewhat unethical,2 = somewhat unlikeable,3 = neither approachable nor unapproachable,2 = somewhat confident the findings are false,4 = somewhat honest,3 = neither sincere nor insincere,2 = somewhat unethical,2 = somewhat unlikeable,4 = somewhat approachable,neither reported (X) nor reporting researcher (Y),neither reported (X) nor reporting researcher (Y),reported researcher (X),neither reported (X) nor reporting researcher (Y),neither reported (X) nor reporting researcher (Y),reported researcher (X),reporting researcher (Y),reporting researcher (Y),reporting researcher (Y),Somewhat disagree,,,,,,,complete
1/29/2026 9:36,1/29/2026 9:38,7,88,FALSE,2/5/2026 9:36,R_2jwi6U50VdF1Yq1,anonymous,EN,1,"Yes, I consent",,,,,,,,,,,,,,,,,,,,,,,,,,,,,,,,,,,,,,,,,,,,,,,,,,,,,,,,,,,,,Somewhat disagree,,,,,,,complete
1/29/2026 10:32,1/29/2026 10:32,5,28,FALSE,2/5/2026 10:32,R_8BeQKBk5iPi9rAQ,anonymous,EN,1,"Yes, I consent",,,,,,,,,,,,,,,,,,,,,,,,,,,,,,,,,,,,,,,,,,,,,,,,,,,,,,,,,,,,,,,,,,,,complete
1/29/2026 10:51,1/29/2026 11:14,79,1414,FALSE,2/5/2026 10:51,R_2DJ31jt9gUnjFr8,anonymous,EN,1,"Yes, I consent",2 = somewhat dishonest,2 = somewhat insincere,2 = somewhat unethical,2 = somewhat unlikeable,2 = somewhat unapproachable,2 = somewhat confident the findings are false,2 = somewhat dishonest,2 = somewhat insincere,2 = somewhat unethical,2 = somewhat unlikeable,2 = somewhat unapproachable,neither reported (K) nor reporting researcher (S),neither reported (K) nor reporting researcher (S),neither reported (K) nor reporting researcher (S),neither reported (K) nor reporting researcher (S),neither reported (K) nor reporting researcher (S),neither reported (K) nor reporting researcher (S),neither reported (K) nor reporting researcher (S),neither reported (K) nor reporting researcher (S),neither reported (K) nor reporting researcher (S),1 = very dishonest,1 = very insincere,1 = very unethical,1 = very unlikeable,1 = very unapproachable,1 = very confident the findings are false,5 = very honest,5 = very sincere,5 = very ethical,5 = very likeable,5 = very approachable,neither reported (H) nor reporting researcher (F),neither reported (H) nor reporting researcher (F),neither reported (H) nor reporting researcher (F),neither reported (H) nor reporting researcher (F),neither reported (H) nor reporting researcher (F),neither reported (H) nor reporting researcher (F),neither reported (H) nor reporting researcher (F),neither reported (H) nor reporting researcher (F),neither reported (H) nor reporting researcher (F),2 = somewhat dishonest,2 = somewhat insincere,2 = somewhat unethical,2 = somewhat unlikeable,2 = somewhat unapproachable,2 = somewhat confident the findings are false,4 = somewhat honest,4 = somewhat sincere,3 = neither ethical nor unethical,3 = neither likeable nor unlikeable,4 = somewhat approachable,,,,,,,,,,Somewhat disagree,,,,,,,complete
1/29/2026 11:10,1/29/2026 11:11,7,80,FALSE,2/5/2026 11:10,R_8Pde2I8kgr9V1ft,anonymous,EN,1,"Yes, I consent",,,,,,,,,,,,,,,,,,,,,,,,,,,,,,,,,,,,,,,,,,,,,,,,,,,,,,,,,,,,,,,,,,,,complete
2/2/2026 1:18,2/2/2026 1:20,8,135,FALSE,2/9/2026 1:18,R_8WZPICpxoAUZ1Dt,anonymous,EN,1,"Yes, I consent",,,,,,,,,,,,,,,,,,,,,,,,,,,,,,,,,,,,,,,,,,,,,,,,,,,,,,,,,,,,,Somewhat disagree,,,,,,,complete
2/2/2026 1:45,2/2/2026 1:46,7,84,FALSE,2/9/2026 1:45,R_24tnRzwZkgbgASZ,anonymous,EN,1,"Yes, I consent",,,,,,,,,,,,,,,,,,,,,,,,,,,,,,,,,,,,,,,,,,,,,,,,,,,,,,,,,,,,,,,,,,,,complete
2/2/2026 1:47,2/2/2026 2:01,99,805,FALSE,2/9/2026 1:47,R_2imrULd5BYMpse0,anonymous,EN,0.8999999761581421,"Yes, I consent",4 = somewhat honest,4 = somewhat sincere,4 = somewhat ethical,4 = somewhat likeable,4 = somewhat approachable,3 = could go either way,5 = very honest,5 = very sincere,5 = very ethical,5 = very likeable,5 = very approachable,reporting researcher (S),reporting researcher (S),neither reported (K) nor reporting researcher (S),reporting researcher (S),reporting researcher (S),reporting researcher (S),reporting researcher (S),reporting researcher (S),reporting researcher (S),5 = very honest,4 = somewhat sincere,5 = very ethical,5 = very likeable,5 = very approachable,5 = very confident the findings are true,5 = very honest,5 = very sincere,5 = very ethical,5 = very likeable,5 = very approachable,reporting researcher (F),neither reported (H) nor reporting researcher (F),neither reported (H) nor reporting researcher (F),neither reported (H) nor reporting researcher (F),neither reported (H) nor reporting researcher (F),reported researcher (H),reported researcher (H),reporting researcher (F),reporting researcher (F),1 = very dishonest,1 = very insincere,1 = very unethical,1 = very unlikeable,2 = somewhat unapproachable,2 = somewhat confident the findings are false,5 = very honest,5 = very sincere,5 = very ethical,5 = very likeable,5 = very approachable,reporting researcher (Y),reporting researcher (Y),neither reported (X) nor reporting researcher (Y),reporting researcher (Y),reporting researcher (Y),reporting researcher (Y),reporting researcher (Y),reporting researcher (Y),reporting researcher (Y),Somewhat disagree,Male,,Bachelor’s Degree,36,Ghana,English,complete
2/2/2026 2:26,2/2/2026 2:31,5,316,FALSE,2/9/2026 2:26,R_2gjRNDBya4DzcuS,anonymous,EN,0.5,"Yes, I consent",,,,,,,,,,,,,,,,,,,,,,,,,,,,,,,,,,,,,,,,,,,,,,,,,,,,,,,,,,,,,,,,,,,,complete
2/2/2026 2:29,2/2/2026 2:36,49,414,FALSE,2/9/2026 2:29,R_2yvZtbXmCfp2e53,anonymous,EN,1,"Yes, I consent",,,,,,,,,,,,,,,,,,,,,1 = very dishonest,1 = very insincere,1 = very unethical,2 = somewhat unlikeable,1 = very unapproachable,1 = very confident the findings are false,5 = very honest,5 = very sincere,5 = very ethical,5 = very likeable,5 = very approachable,reporting researcher (F),reporting researcher (F),reported researcher (H),reporting researcher (F),reporting researcher (F),reporting researcher (F),reporting researcher (F),reporting researcher (F),reporting researcher (F),1 = very dishonest,1 = very insincere,1 = very unethical,1 = very unlikeable,1 = very unapproachable,1 = very confident the findings are false,5 = very honest,5 = very sincere,5 = very ethical,5 = very likeable,5 = very approachable,,,,,,,,,,,,,,,,,complete
2/2/2026 2:47,2/2/2026 2:50,14,168,FALSE,2/9/2026 2:47,R_8p9mRNOkZKxzefY,anonymous,EN,1,"Yes, I consent",,,,,,,,,,,,,,,,,,,,,,,,,,,,,,,,,,,,,,,,,1 = very dishonest,1 = very insincere,1 = very unethical,1 = very unlikeable,1 = very unapproachable,1 = very confident the findings are false,,,,,,,,,,,,,,,,,,,,,,complete
2/2/2026 2:51,2/2/2026 2:53,14,101,FALSE,2/9/2026 2:51,R_2mEGC4JicgxSIXI,anonymous,EN,1,"Yes, I consent",2 = somewhat dishonest,2 = somewhat insincere,2 = somewhat unethical,2 = somewhat unlikeable,2 = somewhat unapproachable,2 = somewhat confident the findings are false,,,,,,,,,,,,,,,,,,,,,,,,,,,,,,,,,,,,,,,,,,,,,,,,,,,,,,,,,,,,,,complete
2/2/2026 2:59,2/2/2026 3:01,7,142,FALSE,2/9/2026 2:59,R_2eIV2QdRikQyKYP,anonymous,EN,1,"Yes, I consent",,,,,,,,,,,,,,,,,,,,,,,,,,,,,,,,,,,,,,,,,,,,,,,,,,,,,,,,,,,,,,,,,,,,complete
2/2/2026 3:17,2/2/2026 3:18,7,44,FALSE,2/9/2026 3:17,R_8osJIJtAr6IXlyp,anonymous,EN,1,"Yes, I consent",,,,,,,,,,,,,,,,,,,,,,,,,,,,,,,,,,,,,,,,,,,,,,,,,,,,,,,,,,,,,,,,,,,,complete
2/2/2026 3:19,2/2/2026 3:20,6,57,FALSE,2/9/2026 3:19,R_2txlycngUzS7IqJ,anonymous,EN,1,"Yes, I consent",,,,,,,,,,,,,,,,,,,,,,,,,,,,,,,,,,,,,,,,,,,,,,,,,,,,,,,,,,,,,Somewhat disagree,,,,,,,complete
2/2/2026 3:25,2/2/2026 3:26,5,28,FALSE,2/9/2026 3:26,R_2GZeSVjgZhKrlgW,anonymous,EN,1,"Yes, I consent",,,,,,,,,,,,,,,,,,,,,,,,,,,,,,,,,,,,,,,,,,,,,,,,,,,,,,,,,,,,,,,,,,,,complete
2/2/2026 3:30,2/2/2026 3:42,14,759,FALSE,2/9/2026 3:30,R_2JFpv69z6O1EVzk,anonymous,EN,1,"Yes, I consent",5 = very honest,5 = very sincere,3 = neither ethical nor unethical,4 = somewhat likeable,3 = neither approachable nor unapproachable,5 = very confident the findings are true,,,,,,,,,,,,,,,,,,,,,,,,,,,,,,,,,,,,,,,,,,,,,,,,,,,,,,,,,,,,,,complete
2/2/2026 4:10,2/2/2026 4:16,6,343,FALSE,2/9/2026 4:10,R_8IS1RXYndIrunjB,anonymous,EN,1,"Yes, I consent",,,,,,,,,,,,,,,,,,,,,,,,,,,,,,,,,,,,,,,,,,,,,,,,,,,,,,,,,,,,,,,,,,,,complete
2/2/2026 4:52,2/2/2026 4:55,6,182,FALSE,2/9/2026 4:52,R_20C2EEIypDYWe8p,anonymous,EN,1,"Yes, I consent",,,,,,,,,,,,,,,,,,,,,,,,,,,,,,,,,,,,,,,,,,,,,,,,,,,,,,,,,,,,,Somewhat disagree,,,,,,,complete
2/2/2026 5:09,2/2/2026 5:13,21,241,FALSE,2/9/2026 5:09,R_8I0reFGbinku2i5,anonymous,EN,1,"Yes, I consent",1 = very dishonest,2 = somewhat insincere,1 = very unethical,1 = very unlikeable,2 = somewhat unapproachable,3 = could go either way,5 = very honest,5 = very sincere,4 = somewhat ethical,5 = very likeable,4 = somewhat approachable,,,,,,,,,,,,,,,,,,,,,,,,,,,,,,,,,,,,,,,,,,,,,,,,,,,,,,,,,complete
3/3/2026 13:15,3/3/2026 13:25,100,566,TRUE,3/3/2026 13:25,R_2QLVaDGYK7XERhF,anonymous,EN,1,"Yes, I consent",1 = very dishonest,2 = somewhat insincere,2 = somewhat unethical,1 = very unlikeable,1 = very unapproachable,2 = somewhat confident the findings are false,1 = very dishonest,1 = very insincere,1 = very unethical,2 = somewhat unlikeable,1 = very unapproachable,reported researcher (K),reported researcher (K),reported researcher (K),reported researcher (K),reported researcher (K),reported researcher (K),reported researcher (K),reported researcher (K),neither reported (K) nor reporting researcher (S),1 = very dishonest,1 = very insincere,3 = neither ethical nor unethical,1 = very unlikeable,1 = very unapproachable,1 = very confident the findings are false,1 = very dishonest,3 = neither sincere nor insincere,2 = somewhat unethical,1 = very unlikeable,1 = very unapproachable,reported researcher (H),neither reported (H) nor reporting researcher (F),neither reported (H) nor reporting researcher (F),neither reported (H) nor reporting researcher (F),reported researcher (H),reported researcher (H),reported researcher (H),reported researcher (H),neither reported (H) nor reporting researcher (F),1 = very dishonest,2 = somewhat insincere,2 = somewhat unethical,1 = very unlikeable,1 = very unapproachable,1 = very confident the findings are false,1 = very dishonest,1 = very insincere,2 = somewhat unethical,1 = very unlikeable,1 = very unapproachable,reported researcher (X),neither reported (X) nor reporting researcher (Y),reported researcher (X),reported researcher (X),reported researcher (X),reported researcher (X),reported researcher (X),reported researcher (X),reported researcher (X),strongly disagree,Male,,Some High School,20,Ghana ,English ,complete
3/3/2026 13:50,3/3/2026 14:02,100,735,TRUE,3/3/2026 14:02,R_2RlOu0WtijBPWCq,anonymous,EN,0.800000012,"Yes, I consent",1 = very dishonest,1 = very insincere,1 = very unethical,2 = somewhat unlikeable,2 = somewhat unapproachable,1 = very confident the findings are false,5 = very honest,4 = somewhat sincere,5 = very ethical,4 = somewhat likeable,5 = very approachable,reporting researcher (S),neither reported (K) nor reporting researcher (S),neither reported (K) nor reporting researcher (S),reporting researcher (S),reporting researcher (S),reporting researcher (S),reporting researcher (S),reporting researcher (S),reporting researcher (S),1 = very dishonest,1 = very insincere,1 = very unethical,2 = somewhat unlikeable,2 = somewhat unapproachable,1 = very confident the findings are false,4 = somewhat honest,5 = very sincere,5 = very ethical,4 = somewhat likeable,4 = somewhat approachable,reporting researcher (F),reporting researcher (F),reporting researcher (F),reporting researcher (F),reporting researcher (F),reporting researcher (F),reporting researcher (F),reporting researcher (F),reporting researcher (F),1 = very dishonest,1 = very insincere,1 = very unethical,1 = very unlikeable,2 = somewhat unapproachable,1 = very confident the findings are false,5 = very honest,4 = somewhat sincere,5 = very ethical,5 = very likeable,4 = somewhat approachable,neither reported (X) nor reporting researcher (Y),neither reported (X) nor reporting researcher (Y),neither reported (X) nor reporting researcher (Y),reporting researcher (Y),reporting researcher (Y),reporting researcher (Y),reporting researcher (Y),reporting researcher (Y),reporting researcher (Y),Somewhat disagree,Male,,Bachelor’s Degree,33,Ghana ,"English , Twi ",complete
3/3/2026 13:58,3/3/2026 14:19,100,1233,TRUE,3/3/2026 14:19,R_2QEZ0po8N5eJ0Pv,anonymous,EN,0.800000012,"Yes, I consent",4 = somewhat honest,5 = very sincere,3 = neither ethical nor unethical,4 = somewhat likeable,3 = neither approachable nor unapproachable,3 = could go either way,2 = somewhat dishonest,2 = somewhat insincere,1 = very unethical,1 = very unlikeable,5 = very approachable,reported researcher (K),reporting researcher (S),reporting researcher (S),reporting researcher (S),reported researcher (K),reported researcher (K),reported researcher (K),reporting researcher (S),reporting researcher (S),2 = somewhat dishonest,2 = somewhat insincere,2 = somewhat unethical,2 = somewhat unlikeable,2 = somewhat unapproachable,1 = very confident the findings are false,5 = very honest,5 = very sincere,5 = very ethical,5 = very likeable,5 = very approachable,reporting researcher (F),reporting researcher (F),reporting researcher (F),reporting researcher (F),reporting researcher (F),reporting researcher (F),reporting researcher (F),reporting researcher (F),reporting researcher (F),1 = very dishonest,1 = very insincere,1 = very unethical,1 = very unlikeable,2 = somewhat unapproachable,1 = very confident the findings are false,4 = somewhat honest,4 = somewhat sincere,5 = very ethical,4 = somewhat likeable,5 = very approachable,reporting researcher (Y),reporting researcher (Y),reported researcher (X),reporting researcher (Y),reporting researcher (Y),reporting researcher (Y),neither reported (X) nor reporting researcher (Y),reporting researcher (Y),reporting researcher (Y),Somewhat disagree,Male,,Bachelor’s Degree,28,Nigeria ,English ,complete
3/3/2026 13:45,3/3/2026 14:22,100,2204,TRUE,3/3/2026 14:22,R_2SHriL9laXlK6A4,anonymous,EN,,"Yes, I consent",1 = very dishonest,1 = very insincere,1 = very unethical,1 = very unlikeable,1 = very unapproachable,1 = very confident the findings are false,5 = very honest,5 = very sincere,5 = very ethical,5 = very likeable,5 = very approachable,reporting researcher (S),reporting researcher (S),reporting researcher (S),reporting researcher (S),reporting researcher (S),reporting researcher (S),reporting researcher (S),reporting researcher (S),reporting researcher (S),1 = very dishonest,1 = very insincere,1 = very unethical,1 = very unlikeable,1 = very unapproachable,1 = very confident the findings are false,5 = very honest,5 = very sincere,5 = very ethical,5 = very likeable,5 = very approachable,reporting researcher (F),reporting researcher (F),reporting researcher (F),reporting researcher (F),reporting researcher (F),reporting researcher (F),reporting researcher (F),reporting researcher (F),reporting researcher (F),1 = very dishonest,1 = very insincere,1 = very unethical,1 = very unlikeable,1 = very unapproachable,1 = very confident the findings are false,5 = very honest,5 = very sincere,5 = very ethical,5 = very likeable,5 = very approachable,reporting researcher (Y),reporting researcher (Y),reporting researcher (Y),reporting researcher (Y),reporting researcher (Y),reporting researcher (Y),reporting researcher (Y),reporting researcher (Y),reporting researcher (Y),Somewhat disagree,Female,,Some High School,43,Ghana,English ,error
3/3/2026 14:36,3/3/2026 14:43,100,437,TRUE,3/3/2026 14:43,R_2dXJr3eyi08hXvb,anonymous,EN,1,"Yes, I consent",2 = somewhat dishonest,2 = somewhat insincere,2 = somewhat unethical,2 = somewhat unlikeable,2 = somewhat unapproachable,2 = somewhat confident the findings are false,5 = very honest,5 = very sincere,5 = very ethical,5 = very likeable,5 = very approachable,reporting researcher (S),reporting researcher (S),reporting researcher (S),reporting researcher (S),reporting researcher (S),reporting researcher (S),reporting researcher (S),reporting researcher (S),reporting researcher (S),2 = somewhat dishonest,2 = somewhat insincere,2 = somewhat unethical,2 = somewhat unlikeable,2 = somewhat unapproachable,2 = somewhat confident the findings are false,5 = very honest,5 = very sincere,5 = very ethical,5 = very likeable,5 = very approachable,reporting researcher (F),reporting researcher (F),reporting researcher (F),reporting researcher (F),reporting researcher (F),reporting researcher (F),reporting researcher (F),reporting researcher (F),reporting researcher (F),1 = very dishonest,1 = very insincere,1 = very unethical,1 = very unlikeable,1 = very unapproachable,1 = very confident the findings are false,5 = very honest,5 = very sincere,5 = very ethical,5 = very likeable,5 = very approachable,reporting researcher (Y),reporting researcher (Y),reporting researcher (Y),reporting researcher (Y),reporting researcher (Y),reporting researcher (Y),reporting researcher (Y),reporting researcher (Y),reporting researcher (Y),Somewhat disagree,Male,,Some High School,21,Ghana,English,complete
3/3/2026 16:35,3/3/2026 16:41,100,331,TRUE,3/3/2026 16:41,R_2S3vYDAjT6qKBAT,anonymous,EN,0.5,"Yes, I consent",1 = very dishonest,2 = somewhat insincere,3 = neither ethical nor unethical,5 = very likeable,5 = very approachable,4 = somewhat confident the findings are true,5 = very honest,5 = very sincere,4 = somewhat ethical,3 = neither likeable nor unlikeable,5 = very approachable,reporting researcher (S),neither reported (K) nor reporting researcher (S),neither reported (K) nor reporting researcher (S),reporting researcher (S),reported researcher (K),reporting researcher (S),neither reported (K) nor reporting researcher (S),reporting researcher (S),neither reported (K) nor reporting researcher (S),2 = somewhat dishonest,2 = somewhat insincere,4 = somewhat ethical,3 = neither likeable nor unlikeable,2 = somewhat unapproachable,5 = very confident the findings are true,2 = somewhat dishonest,2 = somewhat insincere,2 = somewhat unethical,5 = very likeable,5 = very approachable,neither reported (H) nor reporting researcher (F),reported researcher (H),reported researcher (H),reporting researcher (F),reporting researcher (F),reporting researcher (F),neither reported (H) nor reporting researcher (F),reported researcher (H),reported researcher (H),3 = neither honest nor dishonest,4 = somewhat sincere,5 = very ethical,5 = very likeable,3 = neither approachable nor unapproachable,2 = somewhat confident the findings are false,2 = somewhat dishonest,2 = somewhat insincere,4 = somewhat ethical,4 = somewhat likeable,5 = very approachable,reporting researcher (Y),reporting researcher (Y),reported researcher (X),neither reported (X) nor reporting researcher (Y),neither reported (X) nor reporting researcher (Y),reported researcher (X),reporting researcher (Y),reporting researcher (Y),neither reported (X) nor reporting researcher (Y),Somewhat agree,Female,,Some High School,39,Ghana,"Akuapem Twi
",complete
3/3/2026 16:43,3/3/2026 16:47,100,262,TRUE,3/3/2026 16:47,R_2ODIS3JHU6KlOwD,anonymous,EN,0.800000012,"Yes, I consent",2 = somewhat dishonest,2 = somewhat insincere,2 = somewhat unethical,2 = somewhat unlikeable,2 = somewhat unapproachable,3 = could go either way,2 = somewhat dishonest,2 = somewhat insincere,2 = somewhat unethical,4 = somewhat likeable,4 = somewhat approachable,reported researcher (K),reported researcher (K),reported researcher (K),reporting researcher (S),reporting researcher (S),reported researcher (K),reported researcher (K),reported researcher (K),reported researcher (K),4 = somewhat honest,4 = somewhat sincere,4 = somewhat ethical,4 = somewhat likeable,4 = somewhat approachable,1 = very confident the findings are false,4 = somewhat honest,4 = somewhat sincere,4 = somewhat ethical,4 = somewhat likeable,4 = somewhat approachable,reporting researcher (F),reporting researcher (F),reported researcher (H),reported researcher (H),reported researcher (H),neither reported (H) nor reporting researcher (F),neither reported (H) nor reporting researcher (F),reporting researcher (F),reported researcher (H),2 = somewhat dishonest,2 = somewhat insincere,2 = somewhat unethical,4 = somewhat likeable,4 = somewhat approachable,3 = could go either way,2 = somewhat dishonest,4 = somewhat sincere,4 = somewhat ethical,2 = somewhat unlikeable,4 = somewhat approachable,neither reported (X) nor reporting researcher (Y),reporting researcher (Y),reported researcher (X),reported researcher (X),reporting researcher (Y),reported researcher (X),neither reported (X) nor reporting researcher (Y),reporting researcher (Y),reported researcher (X),Somewhat disagree,Male,,Some High School,18,Ghana ,English ,complete
3/3/2026 18:15,3/3/2026 18:23,100,471,TRUE,3/3/2026 18:23,R_4oJEfuzpDwBefKh,anonymous,EN,0.5,"Yes, I consent",4 = somewhat honest,5 = very sincere,5 = very ethical,4 = somewhat likeable,5 = very approachable,4 = somewhat confident the findings are true,4 = somewhat honest,4 = somewhat sincere,5 = very ethical,5 = very likeable,4 = somewhat approachable,reported researcher (K),reported researcher (K),reported researcher (K),reported researcher (K),reported researcher (K),reported researcher (K),reported researcher (K),reported researcher (K),reported researcher (K),5 = very honest,5 = very sincere,5 = very ethical,4 = somewhat likeable,4 = somewhat approachable,5 = very confident the findings are true,4 = somewhat honest,4 = somewhat sincere,5 = very ethical,4 = somewhat likeable,5 = very approachable,reported researcher (H),reported researcher (H),reported researcher (H),reported researcher (H),reported researcher (H),reported researcher (H),reported researcher (H),reported researcher (H),reported researcher (H),4 = somewhat honest,4 = somewhat sincere,5 = very ethical,5 = very likeable,4 = somewhat approachable,4 = somewhat confident the findings are true,4 = somewhat honest,4 = somewhat sincere,4 = somewhat ethical,5 = very likeable,4 = somewhat approachable,reported researcher (X),reported researcher (X),reported researcher (X),reported researcher (X),reported researcher (X),reported researcher (X),reporting researcher (Y),reported researcher (X),reported researcher (X),Somewhat disagree,Male,,High School Diploma or GED,26,India,"Hindi , english ",complete
3/3/2026 18:16,3/3/2026 18:31,100,889,TRUE,3/3/2026 18:31,R_4HRnvo6AqAapSRb,anonymous,EN,0,"Yes, I consent",5 = very honest,4 = somewhat sincere,5 = very ethical,1 = very unlikeable,2 = somewhat unapproachable,1 = very confident the findings are false,5 = very honest,5 = very sincere,5 = very ethical,5 = very likeable,5 = very approachable,reporting researcher (S),reporting researcher (S),reporting researcher (S),reporting researcher (S),reporting researcher (S),reporting researcher (S),reporting researcher (S),reporting researcher (S),reporting researcher (S),1 = very dishonest,1 = very insincere,1 = very unethical,2 = somewhat unlikeable,2 = somewhat unapproachable,1 = very confident the findings are false,5 = very honest,5 = very sincere,5 = very ethical,5 = very likeable,4 = somewhat approachable,reporting researcher (F),reporting researcher (F),reporting researcher (F),reporting researcher (F),reporting researcher (F),reporting researcher (F),reporting researcher (F),reporting researcher (F),reporting researcher (F),1 = very dishonest,1 = very insincere,1 = very unethical,1 = very unlikeable,1 = very unapproachable,1 = very confident the findings are false,5 = very honest,5 = very sincere,5 = very ethical,5 = very likeable,4 = somewhat approachable,reporting researcher (Y),reporting researcher (Y),reporting researcher (Y),reporting researcher (Y),reporting researcher (Y),reporting researcher (Y),reporting researcher (Y),reporting researcher (Y),reporting researcher (Y),Somewhat disagree,Male,,Bachelor’s Degree,32,India,"English,hindi",complete
3/3/2026 18:15,3/3/2026 18:33,100,1077,TRUE,3/3/2026 18:33,R_9FPOX6L7kYBVIoz,anonymous,EN,0.6000000238418579,"Yes, I consent",3 = neither honest nor dishonest,3 = neither sincere nor insincere,3 = neither ethical nor unethical,3 = neither likeable nor unlikeable,3 = neither approachable nor unapproachable,3 = could go either way,4 = somewhat honest,4 = somewhat sincere,5 = very ethical,4 = somewhat likeable,4 = somewhat approachable,reporting researcher (S),reporting researcher (S),reported researcher (K),reporting researcher (S),reporting researcher (S),reporting researcher (S),reported researcher (K),reporting researcher (S),reporting researcher (S),2 = somewhat dishonest,2 = somewhat insincere,2 = somewhat unethical,2 = somewhat unlikeable,2 = somewhat unapproachable,2 = somewhat confident the findings are false,5 = very honest,5 = very sincere,5 = very ethical,4 = somewhat likeable,4 = somewhat approachable,reporting researcher (F),reporting researcher (F),reported researcher (H),reporting researcher (F),reporting researcher (F),reporting researcher (F),reporting researcher (F),reporting researcher (F),reporting researcher (F),1 = very dishonest,2 = somewhat insincere,1 = very unethical,1 = very unlikeable,2 = somewhat unapproachable,1 = very confident the findings are false,5 = very honest,5 = very sincere,5 = very ethical,4 = somewhat likeable,4 = somewhat approachable,reporting researcher (Y),reporting researcher (Y),reporting researcher (Y),reporting researcher (Y),reporting researcher (Y),reporting researcher (Y),reporting researcher (Y),reporting researcher (Y),reporting researcher (Y),Somewhat disagree,Male,,Bachelor’s Degree,24,India,"Hindi, English, Urdu",complete
3/3/2026 18:31,3/3/2026 18:35,100,232,TRUE,3/3/2026 18:35,R_9LArIaCYvz4UqgI,anonymous,EN,0.800000012,"Yes, I consent",2 = somewhat dishonest,2 = somewhat insincere,3 = neither ethical nor unethical,3 = neither likeable nor unlikeable,3 = neither approachable nor unapproachable,3 = could go either way,5 = very honest,5 = very sincere,5 = very ethical,5 = very likeable,5 = very approachable,reporting researcher (S),reporting researcher (S),reporting researcher (S),reporting researcher (S),reporting researcher (S),reporting researcher (S),reporting researcher (S),reporting researcher (S),reporting researcher (S),1 = very dishonest,1 = very insincere,1 = very unethical,1 = very unlikeable,1 = very unapproachable,1 = very confident the findings are false,5 = very honest,5 = very sincere,5 = very ethical,5 = very likeable,5 = very approachable,reported researcher (H),reported researcher (H),reported researcher (H),reported researcher (H),reported researcher (H),reported researcher (H),reported researcher (H),reported researcher (H),reported researcher (H),2 = somewhat dishonest,2 = somewhat insincere,2 = somewhat unethical,1 = very unlikeable,1 = very unapproachable,1 = very confident the findings are false,4 = somewhat honest,4 = somewhat sincere,5 = very ethical,5 = very likeable,5 = very approachable,reporting researcher (Y),reporting researcher (Y),reporting researcher (Y),reporting researcher (Y),reporting researcher (Y),reporting researcher (Y),reporting researcher (Y),reporting researcher (Y),reporting researcher (Y),Somewhat disagree,Male,,Master’s Degree,26,India,English,complete
3/3/2026 18:34,3/3/2026 18:49,100,854,TRUE,3/3/2026 18:49,R_9D7qOtMHUuke1wZ,anonymous,EN,1,"Yes, I consent",1 = very dishonest,1 = very insincere,1 = very unethical,1 = very unlikeable,1 = very unapproachable,1 = very confident the findings are false,5 = very honest,5 = very sincere,5 = very ethical,5 = very likeable,5 = very approachable,reporting researcher (S),reporting researcher (S),reporting researcher (S),reporting researcher (S),reporting researcher (S),reporting researcher (S),reporting researcher (S),reporting researcher (S),reporting researcher (S),1 = very dishonest,1 = very insincere,1 = very unethical,1 = very unlikeable,1 = very unapproachable,1 = very confident the findings are false,5 = very honest,5 = very sincere,5 = very ethical,5 = very likeable,5 = very approachable,reporting researcher (F),reporting researcher (F),reporting researcher (F),reporting researcher (F),reporting researcher (F),reporting researcher (F),reporting researcher (F),reporting researcher (F),reporting researcher (F),1 = very dishonest,1 = very insincere,1 = very unethical,1 = very unlikeable,1 = very unapproachable,1 = very confident the findings are false,5 = very honest,5 = very sincere,5 = very ethical,5 = very likeable,5 = very approachable,reporting researcher (Y),reporting researcher (Y),reporting researcher (Y),reporting researcher (Y),reporting researcher (Y),reporting researcher (Y),reporting researcher (Y),reporting researcher (Y),reporting researcher (Y),Somewhat disagree,Male,,Bachelor’s Degree,28,India,"English, Hindi",complete
3/3/2026 18:21,3/3/2026 18:54,100,1982,TRUE,3/3/2026 18:54,R_93sfRXYabnyA8Y9,anonymous,EN,0.5,"Yes, I consent",2 = somewhat dishonest,2 = somewhat insincere,2 = somewhat unethical,2 = somewhat unlikeable,3 = neither approachable nor unapproachable,4 = somewhat confident the findings are true,5 = very honest,5 = very sincere,5 = very ethical,5 = very likeable,5 = very approachable,reporting researcher (S),reporting researcher (S),neither reported (K) nor reporting researcher (S),reporting researcher (S),reporting researcher (S),reporting researcher (S),reported researcher (K),reporting researcher (S),reporting researcher (S),1 = very dishonest,1 = very insincere,1 = very unethical,1 = very unlikeable,1 = very unapproachable,1 = very confident the findings are false,5 = very honest,5 = very sincere,5 = very ethical,4 = somewhat likeable,4 = somewhat approachable,reporting researcher (F),reporting researcher (F),neither reported (H) nor reporting researcher (F),reporting researcher (F),reporting researcher (F),reporting researcher (F),reported researcher (H),reporting researcher (F),reporting researcher (F),1 = very dishonest,1 = very insincere,1 = very unethical,1 = very unlikeable,1 = very unapproachable,1 = very confident the findings are false,5 = very honest,5 = very sincere,5 = very ethical,5 = very likeable,5 = very approachable,reporting researcher (Y),reporting researcher (Y),reporting researcher (Y),reporting researcher (Y),reporting researcher (Y),reporting researcher (Y),reporting researcher (Y),reporting researcher (Y),reporting researcher (Y),Somewhat disagree,Male,,Bachelor’s Degree,25,India,"English, Hindi ",complete
3/3/2026 18:39,3/3/2026 18:54,100,887,TRUE,3/3/2026 18:54,R_4KejkAXHeyFP8nD,anonymous,EN,0.800000012,"Yes, I consent",2 = somewhat dishonest,2 = somewhat insincere,2 = somewhat unethical,3 = neither likeable nor unlikeable,3 = neither approachable nor unapproachable,4 = somewhat confident the findings are true,2 = somewhat dishonest,4 = somewhat sincere,4 = somewhat ethical,3 = neither likeable nor unlikeable,3 = neither approachable nor unapproachable,reporting researcher (S),reporting researcher (S),reported researcher (K),reporting researcher (S),reporting researcher (S),reporting researcher (S),reported researcher (K),reporting researcher (S),reporting researcher (S),1 = very dishonest,1 = very insincere,1 = very unethical,4 = somewhat likeable,3 = neither approachable nor unapproachable,2 = somewhat confident the findings are false,1 = very dishonest,2 = somewhat insincere,4 = somewhat ethical,2 = somewhat unlikeable,3 = neither approachable nor unapproachable,neither reported (H) nor reporting researcher (F),reported researcher (H),reporting researcher (F),reported researcher (H),neither reported (H) nor reporting researcher (F),reported researcher (H),reporting researcher (F),reported researcher (H),reported researcher (H),5 = very honest,5 = very sincere,5 = very ethical,5 = very likeable,5 = very approachable,5 = very confident the findings are true,5 = very honest,5 = very sincere,5 = very ethical,5 = very likeable,5 = very approachable,reporting researcher (Y),reporting researcher (Y),neither reported (X) nor reporting researcher (Y),reporting researcher (Y),reporting researcher (Y),reporting researcher (Y),reporting researcher (Y),reporting researcher (Y),reporting researcher (Y),Somewhat disagree,Male,,Bachelor’s Degree,26,India ,English ,complete
3/3/2026 19:13,3/3/2026 19:19,100,328,TRUE,3/3/2026 19:19,R_4ocBxFogyINJHhZ,anonymous,EN,0.30000001192092896,"Yes, I consent",5 = very honest,5 = very sincere,5 = very ethical,5 = very likeable,5 = very approachable,5 = very confident the findings are true,5 = very honest,5 = very sincere,5 = very ethical,5 = very likeable,5 = very approachable,reporting researcher (S),reporting researcher (S),reporting researcher (S),reporting researcher (S),reporting researcher (S),reporting researcher (S),reporting researcher (S),reporting researcher (S),reporting researcher (S),5 = very honest,5 = very sincere,5 = very ethical,5 = very likeable,5 = very approachable,5 = very confident the findings are true,5 = very honest,5 = very sincere,5 = very ethical,5 = very likeable,5 = very approachable,reporting researcher (F),reporting researcher (F),reporting researcher (F),reporting researcher (F),reporting researcher (F),reporting researcher (F),reporting researcher (F),reporting researcher (F),reporting researcher (F),5 = very honest,5 = very sincere,5 = very ethical,5 = very likeable,5 = very approachable,5 = very confident the findings are true,5 = very honest,5 = very sincere,5 = very ethical,5 = very likeable,5 = very approachable,reporting researcher (Y),reporting researcher (Y),reporting researcher (Y),reporting researcher (Y),reporting researcher (Y),reporting researcher (Y),reporting researcher (Y),reporting researcher (Y),reporting researcher (Y),Somewhat disagree,Female,,Associate’s Degree,23,India,Hindi english ,complete
3/3/2026 19:14,3/3/2026 19:22,100,447,TRUE,3/3/2026 19:22,R_4smHbdki4EKjg9P,anonymous,EN,0.30000001192092896,"Yes, I consent",5 = very honest,5 = very sincere,5 = very ethical,5 = very likeable,5 = very approachable,5 = very confident the findings are true,5 = very honest,5 = very sincere,5 = very ethical,5 = very likeable,5 = very approachable,reporting researcher (S),reporting researcher (S),reporting researcher (S),reporting researcher (S),reporting researcher (S),reporting researcher (S),reporting researcher (S),reporting researcher (S),reporting researcher (S),5 = very honest,5 = very sincere,5 = very ethical,5 = very likeable,5 = very approachable,5 = very confident the findings are true,5 = very honest,5 = very sincere,5 = very ethical,5 = very likeable,5 = very approachable,reporting researcher (F),reporting researcher (F),reporting researcher (F),reporting researcher (F),reporting researcher (F),reporting researcher (F),reporting researcher (F),reporting researcher (F),reporting researcher (F),5 = very honest,5 = very sincere,5 = very ethical,5 = very likeable,5 = very approachable,5 = very confident the findings are true,5 = very honest,5 = very sincere,5 = very ethical,5 = very likeable,5 = very approachable,reporting researcher (Y),reporting researcher (Y),reporting researcher (Y),reporting researcher (Y),reporting researcher (Y),reporting researcher (Y),reporting researcher (Y),reporting researcher (Y),reporting researcher (Y),Somewhat disagree,Male,,Associate’s Degree,19,India,English Hindi telugu ,complete
3/3/2026 19:33,3/3/2026 19:49,100,990,TRUE,3/3/2026 19:49,R_9aKbX45yeB6ml6C,anonymous,EN,0.5,"Yes, I consent",2 = somewhat dishonest,2 = somewhat insincere,2 = somewhat unethical,2 = somewhat unlikeable,2 = somewhat unapproachable,4 = somewhat confident the findings are true,2 = somewhat dishonest,2 = somewhat insincere,2 = somewhat unethical,2 = somewhat unlikeable,3 = neither approachable nor unapproachable,reporting researcher (S),reporting researcher (S),reported researcher (K),reporting researcher (S),reporting researcher (S),reporting researcher (S),reported researcher (K),reporting researcher (S),reporting researcher (S),2 = somewhat dishonest,2 = somewhat insincere,2 = somewhat unethical,2 = somewhat unlikeable,2 = somewhat unapproachable,1 = very confident the findings are false,5 = very honest,5 = very sincere,5 = very ethical,5 = very likeable,5 = very approachable,reporting researcher (F),reporting researcher (F),neither reported (H) nor reporting researcher (F),reporting researcher (F),reporting researcher (F),reporting researcher (F),reporting researcher (F),reporting researcher (F),reporting researcher (F),1 = very dishonest,1 = very insincere,1 = very unethical,1 = very unlikeable,3 = neither approachable nor unapproachable,1 = very confident the findings are false,5 = very honest,5 = very sincere,5 = very ethical,4 = somewhat likeable,4 = somewhat approachable,reporting researcher (Y),reporting researcher (Y),reporting researcher (Y),reporting researcher (Y),reporting researcher (Y),reporting researcher (Y),reporting researcher (Y),reporting researcher (Y),reporting researcher (Y),Strongly agree,Male,,Bachelor’s Degree,24,India,English ,complete
3/3/2026 20:35,3/3/2026 20:42,100,426,TRUE,3/3/2026 20:42,R_9kMpA0l6pyOFCvo,anonymous,EN,0.800000012,"Yes, I consent",5 = very honest,4 = somewhat sincere,5 = very ethical,4 = somewhat likeable,5 = very approachable,4 = somewhat confident the findings are true,4 = somewhat honest,3 = neither sincere nor insincere,4 = somewhat ethical,4 = somewhat likeable,4 = somewhat approachable,reported researcher (K),reported researcher (K),neither reported (K) nor reporting researcher (S),reporting researcher (S),reported researcher (K),neither reported (K) nor reporting researcher (S),reporting researcher (S),reporting researcher (S),reporting researcher (S),5 = very honest,4 = somewhat sincere,4 = somewhat ethical,5 = very likeable,4 = somewhat approachable,4 = somewhat confident the findings are true,4 = somewhat honest,5 = very sincere,5 = very ethical,4 = somewhat likeable,4 = somewhat approachable,reported researcher (H),reported researcher (H),reporting researcher (F),reporting researcher (F),neither reported (H) nor reporting researcher (F),reported researcher (H),reporting researcher (F),reported researcher (H),reporting researcher (F),2 = somewhat dishonest,4 = somewhat sincere,4 = somewhat ethical,4 = somewhat likeable,3 = neither approachable nor unapproachable,4 = somewhat confident the findings are true,4 = somewhat honest,3 = neither sincere nor insincere,1 = very unethical,2 = somewhat unlikeable,2 = somewhat unapproachable,reported researcher (X),reported researcher (X),reported researcher (X),neither reported (X) nor reporting researcher (Y),reported researcher (X),reported researcher (X),reported researcher (X),reported researcher (X),neither reported (X) nor reporting researcher (Y),Somewhat disagree,Male,,"Doctoral Degree (e.g. Ph.D., M.D., J.D., or equivalent)",22,India,Tamil,complete
3/3/2026 20:41,3/3/2026 20:48,100,411,TRUE,3/3/2026 20:48,R_4n8FNHew20lmZry,anonymous,EN,1,"Yes, I consent",3 = neither honest nor dishonest,4 = somewhat sincere,4 = somewhat ethical,4 = somewhat likeable,4 = somewhat approachable,4 = somewhat confident the findings are true,2 = somewhat dishonest,3 = neither sincere nor insincere,3 = neither ethical nor unethical,3 = neither likeable nor unlikeable,3 = neither approachable nor unapproachable,reported researcher (K),reported researcher (K),reported researcher (K),neither reported (K) nor reporting researcher (S),neither reported (K) nor reporting researcher (S),neither reported (K) nor reporting researcher (S),neither reported (K) nor reporting researcher (S),reported researcher (K),reported researcher (K),4 = somewhat honest,5 = very sincere,3 = neither ethical nor unethical,5 = very likeable,3 = neither approachable nor unapproachable,5 = very confident the findings are true,2 = somewhat dishonest,2 = somewhat insincere,3 = neither ethical nor unethical,2 = somewhat unlikeable,3 = neither approachable nor unapproachable,reported researcher (H),neither reported (H) nor reporting researcher (F),reported researcher (H),reported researcher (H),reported researcher (H),reported researcher (H),neither reported (H) nor reporting researcher (F),reported researcher (H),reported researcher (H),1 = very dishonest,1 = very insincere,1 = very unethical,1 = very unlikeable,1 = very unapproachable,1 = very confident the findings are false,4 = somewhat honest,4 = somewhat sincere,4 = somewhat ethical,4 = somewhat likeable,5 = very approachable,reporting researcher (Y),reporting researcher (Y),reporting researcher (Y),reporting researcher (Y),reporting researcher (Y),reporting researcher (Y),reporting researcher (Y),reporting researcher (Y),reporting researcher (Y),Somewhat disagree,Male,,Bachelor’s Degree,30,India,Hindi,complete
3/3/2026 20:44,3/3/2026 20:55,100,667,TRUE,3/3/2026 20:55,R_4QLpJdLu0S4FqAV,anonymous,EN,0.4000000059604645,"Yes, I consent",4 = somewhat honest,4 = somewhat sincere,4 = somewhat ethical,4 = somewhat likeable,4 = somewhat approachable,4 = somewhat confident the findings are true,5 = very honest,5 = very sincere,5 = very ethical,5 = very likeable,5 = very approachable,reported researcher (K),reporting researcher (S),reporting researcher (S),reporting researcher (S),reporting researcher (S),reporting researcher (S),reporting researcher (S),reporting researcher (S),reporting researcher (S),1 = very dishonest,1 = very insincere,1 = very unethical,1 = very unlikeable,2 = somewhat unapproachable,1 = very confident the findings are false,5 = very honest,4 = somewhat sincere,5 = very ethical,5 = very likeable,4 = somewhat approachable,reported researcher (H),reporting researcher (F),reporting researcher (F),reporting researcher (F),reporting researcher (F),reporting researcher (F),reporting researcher (F),neither reported (H) nor reporting researcher (F),reporting researcher (F),1 = very dishonest,1 = very insincere,1 = very unethical,1 = very unlikeable,1 = very unapproachable,1 = very confident the findings are false,4 = somewhat honest,4 = somewhat sincere,4 = somewhat ethical,5 = very likeable,4 = somewhat approachable,reporting researcher (Y),reporting researcher (Y),reporting researcher (Y),reporting researcher (Y),reporting researcher (Y),reporting researcher (Y),reporting researcher (Y),reporting researcher (Y),reporting researcher (Y),Somewhat disagree,Male,,Some college credit or technical school degree,23,India ,Hindi and English ,complete
3/3/2026 13:43,3/3/2026 13:45,1,78,FALSE,3/10/2026 14:44,R_2dKe0qd4uIwlkni,anonymous,EN,,"Yes, I consent",,,,,,,,,,,,,,,,,,,,,,,,,,,,,,,,,,,,,,,,,,,,,,,,,,,,,,,,,,,,,,,,,,,,error
3/3/2026 13:50,3/3/2026 14:02,64,725,FALSE,3/10/2026 14:50,R_2NChJrUs2tHXx8E,anonymous,EN,,"Yes, I consent",,,,,,,,,,,,,,,,,,,,,5 = very honest,5 = very sincere,5 = very ethical,5 = very likeable,5 = very approachable,5 = very confident the findings are true,4 = somewhat honest,4 = somewhat sincere,4 = somewhat ethical,5 = very likeable,5 = very approachable,reporting researcher (F),reporting researcher (F),reporting researcher (F),reporting researcher (F),reporting researcher (F),reporting researcher (F),reporting researcher (F),reporting researcher (F),reporting researcher (F),1 = very dishonest,1 = very insincere,1 = very unethical,1 = very unlikeable,1 = very unapproachable,1 = very confident the findings are false,5 = very honest,5 = very sincere,5 = very ethical,5 = very likeable,5 = very approachable,reporting researcher (Y),reporting researcher (Y),reporting researcher (Y),reporting researcher (Y),reporting researcher (Y),reporting researcher (Y),reporting researcher (Y),reporting researcher (Y),reporting researcher (Y),,,,,,,,error
3/3/2026 14:21,3/3/2026 14:35,64,833,FALSE,3/10/2026 15:21,R_2A6zwg186mH05JD,anonymous,EN,1,"Yes, I consent",,,,,,,,,,,,,,,,,,,,,5 = very honest,5 = very sincere,5 = very ethical,5 = very likeable,5 = very approachable,5 = very confident the findings are true,1 = very dishonest,1 = very insincere,1 = very unethical,1 = very unlikeable,1 = very unapproachable,reported researcher (H),reported researcher (H),reported researcher (H),reported researcher (H),reported researcher (H),reported researcher (H),reported researcher (H),reported researcher (H),reported researcher (H),1 = very dishonest,1 = very insincere,1 = very unethical,2 = somewhat unlikeable,1 = very unapproachable,1 = very confident the findings are false,5 = very honest,5 = very sincere,5 = very ethical,5 = very likeable,5 = very approachable,reporting researcher (Y),reporting researcher (Y),reporting researcher (Y),reporting researcher (Y),reporting researcher (Y),reporting researcher (Y),reporting researcher (Y),reporting researcher (Y),reporting researcher (Y),,,,,,,,complete
3/3/2026 16:40,3/3/2026 16:43,42,196,FALSE,3/10/2026 17:40,R_2lnsfzQJLOfnLTn,anonymous,EN,0.5,"Yes, I consent",,,,,,,,,,,,,,,,,,,,,4 = somewhat honest,4 = somewhat sincere,4 = somewhat ethical,4 = somewhat likeable,4 = somewhat approachable,3 = could go either way,,,,,,,,,,,,,,,4 = somewhat honest,2 = somewhat insincere,2 = somewhat unethical,2 = somewhat unlikeable,2 = somewhat unapproachable,2 = somewhat confident the findings are false,2 = somewhat dishonest,2 = somewhat insincere,2 = somewhat unethical,2 = somewhat unlikeable,2 = somewhat unapproachable,reported researcher (X),reported researcher (X),reported researcher (X),reported researcher (X),reported researcher (X),reported researcher (X),reported researcher (X),reported researcher (X),reported researcher (X),,,,,,,,complete
3/3/2026 18:17,3/3/2026 18:31,79,853,FALSE,3/10/2026 19:17,R_4j7Ofq5Kqfjeb5L,anonymous,EN,0.5,"Yes, I consent",2 = somewhat dishonest,2 = somewhat insincere,2 = somewhat unethical,2 = somewhat unlikeable,2 = somewhat unapproachable,2 = somewhat confident the findings are false,4 = somewhat honest,4 = somewhat sincere,4 = somewhat ethical,4 = somewhat likeable,4 = somewhat approachable,,,,,,,,,,2 = somewhat dishonest,3 = neither sincere nor insincere,4 = somewhat ethical,4 = somewhat likeable,4 = somewhat approachable,4 = somewhat confident the findings are true,4 = somewhat honest,4 = somewhat sincere,4 = somewhat ethical,4 = somewhat likeable,4 = somewhat approachable,reported researcher (H),reported researcher (H),reported researcher (H),reported researcher (H),reported researcher (H),reported researcher (H),reported researcher (H),reported researcher (H),reported researcher (H),1 = very dishonest,1 = very insincere,1 = very unethical,1 = very unlikeable,1 = very unapproachable,1 = very confident the findings are false,5 = very honest,5 = very sincere,5 = very ethical,5 = very likeable,5 = very approachable,reporting researcher (Y),reporting researcher (Y),neither reported (X) nor reporting researcher (Y),reporting researcher (Y),reporting researcher (Y),reporting researcher (Y),reporting researcher (Y),reporting researcher (Y),reported researcher (X),Somewhat agree,,,,,,,complete
3/3/2026 19:44,3/3/2026 22:02,72,8324,FALSE,3/10/2026 20:44,R_4qR8lzuQq0awsqK,anonymous,EN,1,"Yes, I consent",3 = neither honest nor dishonest,2 = somewhat insincere,2 = somewhat unethical,2 = somewhat unlikeable,2 = somewhat unapproachable,2 = somewhat confident the findings are false,,,,,,,,,,,,,,,3 = neither honest nor dishonest,4 = somewhat sincere,2 = somewhat unethical,2 = somewhat unlikeable,4 = somewhat approachable,2 = somewhat confident the findings are false,4 = somewhat honest,2 = somewhat insincere,2 = somewhat unethical,2 = somewhat unlikeable,4 = somewhat approachable,reported researcher (H),reported researcher (H),reported researcher (H),reported researcher (H),reported researcher (H),reported researcher (H),reporting researcher (F),reported researcher (H),reported researcher (H),2 = somewhat dishonest,2 = somewhat insincere,2 = somewhat unethical,2 = somewhat unlikeable,2 = somewhat unapproachable,2 = somewhat confident the findings are false,4 = somewhat honest,4 = somewhat sincere,4 = somewhat ethical,2 = somewhat unlikeable,3 = neither approachable nor unapproachable,neither reported (X) nor reporting researcher (Y),reporting researcher (Y),reported researcher (X),reported researcher (X),reported researcher (X),reported researcher (X),reporting researcher (Y),reporting researcher (Y),reporting researcher (Y),Somewhat agree,,,,,,,complete
