StartDate,EndDate,Status,Progress,Duration (in seconds),Finished,RecordedDate,ResponseId,DistributionChannel,UserLanguage,Q_RecaptchaScore,Consent form ,khon,Ksin,Keth,Klike,Kapp,Kcon,Shon,Ssin,Seth,Slike,Sapp,minsmart,minbetter,mincreative,minrather,minshould,minregard,mintyp,minkeep,minget,Hhon,Hsin,Heth,Hlike,Happ,Hcon,Fhon,Fsin,Feth,Flike,Fapp,modsmart,modbett,modcreat,modrath,modshou,modreg,modtyp,modkeep,modget,Xhon,Xsin,XETH,XLIKE,XAPP,XCON,yhon,Ysin,Yeth,Ylike,Yapp,Majsmart,majbet,majcreat,majrath,majshould,majreg,majtyp,majkeep,majget,attention1,ethnicity,race,race other,gender identity,gender other,education,political,sex orientation,SO other,age,religion,religion other,Q_RecaptchaStatus,Q_RecaptchaError,id,Q_StraightliningCount,Q_StraightliningPercentage,Q_StraightliningQuestions,Q_UnansweredPercentage,Q_UnansweredQuestions
1/27/2026 22:52,1/27/2026 23:05,IP Address,100,813,TRUE,1/27/2026 23:05,R_1kWnphloUO7A7Tj,anonymous,EN,1,"Yes, I consent",3 = neither honest nor dishonest,2 = somewhat insincere,1 = very unethical,3 = neither likeable nor unlikeable,2 = somewhat unapproachable,3 = could go either way,5 = very honest,5 = very sincere,5 = very ethical,5 = very likeable,5 = very approachable,neither reported (K) nor reporting researcher (S),reporting researcher (S),reporting researcher (S),reporting researcher (S),reporting researcher (S),reporting researcher (S),neither reported (K) nor reporting researcher (S),reporting researcher (S),reporting researcher (S),1 = very dishonest,1 = very insincere,1 = very unethical,1 = very unlikeable,1 = very unapproachable,1 = very confident the findings are false,5 = very honest,5 = very sincere,5 = very ethical,5 = very likeable,5 = very approachable,reporting researcher (F),reporting researcher (F),neither reported (H) nor reporting researcher (F),reporting researcher (F),reporting researcher (F),reporting researcher (F),neither reported (H) nor reporting researcher (F),reporting researcher (F),reporting researcher (F),1 = very dishonest,1 = very insincere,1 = very unethical,1 = very unlikeable,1 = very unapproachable,2 = somewhat confident the findings are false,5 = very honest,5 = very sincere,5 = very ethical,4 = somewhat likeable,4 = somewhat approachable,neither reported (X) nor reporting researcher (Y),reporting researcher (Y),neither reported (X) nor reporting researcher (Y),reporting researcher (Y),reporting researcher (Y),reporting researcher (Y),neither reported (X) nor reporting researcher (Y),reporting researcher (Y),reporting researcher (Y),Somewhat disagree,No,White,,Woman,,High School Diploma or GED,Conservative,Heterosexual/straight,,18,Protestantism (Christian),,complete,,81284,0,0,,0,
1/27/2026 22:54,1/27/2026 23:07,IP Address,100,768,TRUE,1/27/2026 23:07,R_5lX85aTYV0koeHL,anonymous,EN,1,"Yes, I consent",5 = very honest,5 = very sincere,5 = very ethical,3 = neither likeable nor unlikeable,4 = somewhat approachable,3 = could go either way,5 = very honest,5 = very sincere,5 = very ethical,4 = somewhat likeable,3 = neither approachable nor unapproachable,neither reported (K) nor reporting researcher (S),neither reported (K) nor reporting researcher (S),neither reported (K) nor reporting researcher (S),reporting researcher (S),reporting researcher (S),neither reported (K) nor reporting researcher (S),reported researcher (K),neither reported (K) nor reporting researcher (S),neither reported (K) nor reporting researcher (S),1 = very dishonest,1 = very insincere,1 = very unethical,1 = very unlikeable,3 = neither approachable nor unapproachable,1 = very confident the findings are false,5 = very honest,5 = very sincere,5 = very ethical,5 = very likeable,4 = somewhat approachable,reporting researcher (F),reporting researcher (F),neither reported (H) nor reporting researcher (F),reporting researcher (F),reporting researcher (F),reporting researcher (F),reporting researcher (F),reporting researcher (F),reporting researcher (F),1 = very dishonest,1 = very insincere,1 = very unethical,1 = very unlikeable,3 = neither approachable nor unapproachable,1 = very confident the findings are false,5 = very honest,5 = very sincere,5 = very ethical,5 = very likeable,4 = somewhat approachable,reporting researcher (Y),reporting researcher (Y),neither reported (X) nor reporting researcher (Y),reporting researcher (Y),reporting researcher (Y),reporting researcher (Y),reporting researcher (Y),reporting researcher (Y),reporting researcher (Y),Somewhat disagree,No,White,,Woman,,High School Diploma or GED,Strongly Liberal,Prefer not to say,,18,Not Affiliated,,complete,,81783,0,0,,0,
1/27/2026 22:50,1/27/2026 23:08,IP Address,100,1080,TRUE,1/27/2026 23:08,R_1fs9EL5QZj1yBtB,anonymous,EN,1,"Yes, I consent",2 = somewhat dishonest,2 = somewhat insincere,3 = neither ethical nor unethical,3 = neither likeable nor unlikeable,3 = neither approachable nor unapproachable,3 = could go either way,4 = somewhat honest,2 = somewhat insincere,2 = somewhat unethical,2 = somewhat unlikeable,2 = somewhat unapproachable,reported researcher (K),reported researcher (K),reported researcher (K),neither reported (K) nor reporting researcher (S),reported researcher (K),reported researcher (K),reported researcher (K),reported researcher (K),reported researcher (K),2 = somewhat dishonest,2 = somewhat insincere,1 = very unethical,1 = very unlikeable,2 = somewhat unapproachable,2 = somewhat confident the findings are false,5 = very honest,4 = somewhat sincere,5 = very ethical,4 = somewhat likeable,4 = somewhat approachable,reporting researcher (F),reporting researcher (F),neither reported (H) nor reporting researcher (F),neither reported (H) nor reporting researcher (F),reporting researcher (F),reporting researcher (F),neither reported (H) nor reporting researcher (F),reporting researcher (F),reporting researcher (F),1 = very dishonest,1 = very insincere,1 = very unethical,1 = very unlikeable,2 = somewhat unapproachable,1 = very confident the findings are false,5 = very honest,4 = somewhat sincere,4 = somewhat ethical,4 = somewhat likeable,4 = somewhat approachable,neither reported (X) nor reporting researcher (Y),reporting researcher (Y),neither reported (X) nor reporting researcher (Y),reporting researcher (Y),reporting researcher (Y),neither reported (X) nor reporting researcher (Y),neither reported (X) nor reporting researcher (Y),reporting researcher (Y),reporting researcher (Y),Somewhat disagree,No,White,,Woman,,Some college credit or technical school degree,Centrist,Heterosexual/straight,,19,Catholicism,,complete,,80934,0,0,,0,
1/27/2026 22:48,1/27/2026 23:08,IP Address,100,1215,TRUE,1/27/2026 23:08,R_1KxRlZEv9hfHRfX,anonymous,EN,1,"Yes, I consent",4 = somewhat honest,4 = somewhat sincere,2 = somewhat unethical,3 = neither likeable nor unlikeable,5 = very approachable,4 = somewhat confident the findings are true,4 = somewhat honest,4 = somewhat sincere,3 = neither ethical nor unethical,3 = neither likeable nor unlikeable,4 = somewhat approachable,reporting researcher (S),reported researcher (K),reported researcher (K),reporting researcher (S),reporting researcher (S),reporting researcher (S),reporting researcher (S),reporting researcher (S),reported researcher (K),2 = somewhat dishonest,3 = neither sincere nor insincere,2 = somewhat unethical,2 = somewhat unlikeable,3 = neither approachable nor unapproachable,3 = could go either way,4 = somewhat honest,4 = somewhat sincere,3 = neither ethical nor unethical,4 = somewhat likeable,2 = somewhat unapproachable,reported researcher (H),reporting researcher (F),reporting researcher (F),reporting researcher (F),neither reported (H) nor reporting researcher (F),reported researcher (H),reporting researcher (F),reporting researcher (F),reporting researcher (F),2 = somewhat dishonest,2 = somewhat insincere,2 = somewhat unethical,2 = somewhat unlikeable,3 = neither approachable nor unapproachable,2 = somewhat confident the findings are false,4 = somewhat honest,4 = somewhat sincere,3 = neither ethical nor unethical,2 = somewhat unlikeable,4 = somewhat approachable,neither reported (X) nor reporting researcher (Y),reporting researcher (Y),reported researcher (X),neither reported (X) nor reporting researcher (Y),neither reported (X) nor reporting researcher (Y),neither reported (X) nor reporting researcher (Y),reporting researcher (Y),reporting researcher (Y),reporting researcher (Y),Somewhat disagree,No,White,,Man,,Some college credit or technical school degree,Lean Conservative,Heterosexual/straight,,18,Catholicism,,complete,,81437,0,0,,0,
1/28/2026 6:46,1/28/2026 6:53,IP Address,100,452,TRUE,1/28/2026 6:53,R_796yrsqRk9MV76s,anonymous,EN,1,"Yes, I consent",3 = neither honest nor dishonest,2 = somewhat insincere,4 = somewhat ethical,3 = neither likeable nor unlikeable,3 = neither approachable nor unapproachable,4 = somewhat confident the findings are true,3 = neither honest nor dishonest,1 = very insincere,2 = somewhat unethical,1 = very unlikeable,2 = somewhat unapproachable,reported researcher (K),reported researcher (K),reporting researcher (S),reported researcher (K),neither reported (K) nor reporting researcher (S),reported researcher (K),reporting researcher (S),reported researcher (K),reported researcher (K),3 = neither honest nor dishonest,3 = neither sincere nor insincere,2 = somewhat unethical,2 = somewhat unlikeable,3 = neither approachable nor unapproachable,4 = somewhat confident the findings are true,2 = somewhat dishonest,3 = neither sincere nor insincere,4 = somewhat ethical,2 = somewhat unlikeable,4 = somewhat approachable,neither reported (H) nor reporting researcher (F),reported researcher (H),reporting researcher (F),reported researcher (H),neither reported (H) nor reporting researcher (F),neither reported (H) nor reporting researcher (F),reported researcher (H),reporting researcher (F),reporting researcher (F),1 = very dishonest,3 = neither sincere nor insincere,1 = very unethical,3 = neither likeable nor unlikeable,3 = neither approachable nor unapproachable,2 = somewhat confident the findings are false,5 = very honest,3 = neither sincere nor insincere,3 = neither ethical nor unethical,2 = somewhat unlikeable,4 = somewhat approachable,reporting researcher (Y),reporting researcher (Y),reporting researcher (Y),reporting researcher (Y),reporting researcher (Y),neither reported (X) nor reporting researcher (Y),reporting researcher (Y),reporting researcher (Y),reporting researcher (Y),Somewhat disagree,No,Other,mixed,Woman,,High School Diploma or GED,Centrist,Heterosexual/straight,,18,Catholicism,,complete,,81079,0,0,,0,
1/28/2026 6:48,1/28/2026 7:04,IP Address,100,922,TRUE,1/28/2026 7:04,R_6F4YVdn7R6UEWPJ,anonymous,EN,1,"Yes, I consent",2 = somewhat dishonest,4 = somewhat sincere,4 = somewhat ethical,3 = neither likeable nor unlikeable,4 = somewhat approachable,3 = could go either way,4 = somewhat honest,5 = very sincere,4 = somewhat ethical,4 = somewhat likeable,5 = very approachable,reported researcher (K),reporting researcher (S),reported researcher (K),reported researcher (K),reported researcher (K),reporting researcher (S),reported researcher (K),reported researcher (K),reporting researcher (S),4 = somewhat honest,4 = somewhat sincere,4 = somewhat ethical,4 = somewhat likeable,4 = somewhat approachable,4 = somewhat confident the findings are true,5 = very honest,5 = very sincere,5 = very ethical,5 = very likeable,5 = very approachable,reporting researcher (F),reporting researcher (F),reported researcher (H),reporting researcher (F),reporting researcher (F),reporting researcher (F),reporting researcher (F),reported researcher (H),reporting researcher (F),5 = very honest,5 = very sincere,5 = very ethical,5 = very likeable,4 = somewhat approachable,4 = somewhat confident the findings are true,2 = somewhat dishonest,4 = somewhat sincere,4 = somewhat ethical,4 = somewhat likeable,4 = somewhat approachable,reported researcher (X),reported researcher (X),reporting researcher (Y),reported researcher (X),reported researcher (X),reported researcher (X),reporting researcher (Y),reported researcher (X),reporting researcher (Y),Somewhat disagree,No,Black or African-American,,Woman,,High School Diploma or GED,Conservative,Heterosexual/straight,,19,Protestantism (Christian),,complete,,81441,0,0,,0,
1/28/2026 7:21,1/28/2026 7:30,IP Address,100,508,TRUE,1/28/2026 7:30,R_6JdQhOKMuynm9Yk,anonymous,EN,1,"Yes, I consent",3 = neither honest nor dishonest,4 = somewhat sincere,2 = somewhat unethical,3 = neither likeable nor unlikeable,4 = somewhat approachable,3 = could go either way,5 = very honest,4 = somewhat sincere,4 = somewhat ethical,3 = neither likeable nor unlikeable,2 = somewhat unapproachable,neither reported (K) nor reporting researcher (S),reporting researcher (S),reported researcher (K),neither reported (K) nor reporting researcher (S),reporting researcher (S),reporting researcher (S),reporting researcher (S),reporting researcher (S),reported researcher (K),1 = very dishonest,2 = somewhat insincere,2 = somewhat unethical,2 = somewhat unlikeable,2 = somewhat unapproachable,1 = very confident the findings are false,4 = somewhat honest,3 = neither sincere nor insincere,4 = somewhat ethical,3 = neither likeable nor unlikeable,4 = somewhat approachable,reporting researcher (F),reporting researcher (F),reported researcher (H),reporting researcher (F),reporting researcher (F),neither reported (H) nor reporting researcher (F),reporting researcher (F),reporting researcher (F),reporting researcher (F),1 = very dishonest,1 = very insincere,1 = very unethical,1 = very unlikeable,2 = somewhat unapproachable,1 = very confident the findings are false,5 = very honest,5 = very sincere,5 = very ethical,4 = somewhat likeable,4 = somewhat approachable,reporting researcher (Y),reporting researcher (Y),neither reported (X) nor reporting researcher (Y),reporting researcher (Y),reporting researcher (Y),reporting researcher (Y),reporting researcher (Y),reporting researcher (Y),reporting researcher (Y),Somewhat disagree,No,White,,Woman,,Some college credit or technical school degree,Lean Conservative,Heterosexual/straight,,20,Catholicism,,complete,,81453,0,0,,0,
1/28/2026 7:50,1/28/2026 8:00,IP Address,100,620,TRUE,1/28/2026 8:01,R_6dNsFjJVUWAImhy,anonymous,EN,1,"Yes, I consent",2 = somewhat dishonest,2 = somewhat insincere,2 = somewhat unethical,3 = neither likeable nor unlikeable,4 = somewhat approachable,3 = could go either way,5 = very honest,5 = very sincere,5 = very ethical,5 = very likeable,5 = very approachable,neither reported (K) nor reporting researcher (S),reporting researcher (S),reporting researcher (S),reporting researcher (S),reporting researcher (S),reported researcher (K),reported researcher (K),reporting researcher (S),reported researcher (K),1 = very dishonest,1 = very insincere,1 = very unethical,2 = somewhat unlikeable,2 = somewhat unapproachable,2 = somewhat confident the findings are false,3 = neither honest nor dishonest,2 = somewhat insincere,4 = somewhat ethical,4 = somewhat likeable,4 = somewhat approachable,reporting researcher (F),reporting researcher (F),reporting researcher (F),reporting researcher (F),reporting researcher (F),reporting researcher (F),reported researcher (H),reporting researcher (F),reporting researcher (F),1 = very dishonest,2 = somewhat insincere,1 = very unethical,2 = somewhat unlikeable,2 = somewhat unapproachable,2 = somewhat confident the findings are false,5 = very honest,2 = somewhat insincere,5 = very ethical,2 = somewhat unlikeable,2 = somewhat unapproachable,reporting researcher (Y),reporting researcher (Y),reporting researcher (Y),reporting researcher (Y),reporting researcher (Y),reporting researcher (Y),reported researcher (X),reporting researcher (Y),reported researcher (X),Somewhat disagree,Yes,"Native American, American Indian, or Alaska Native",,Woman,,High School Diploma or GED,Lean Liberal,Heterosexual/straight,,18,Protestantism (Christian),,complete,,81762,0,0,,0,
1/28/2026 7:59,1/28/2026 8:06,IP Address,100,422,TRUE,1/28/2026 8:06,R_1IQWOhulzZUpnLC,anonymous,EN,1,"Yes, I consent",5 = very honest,5 = very sincere,5 = very ethical,5 = very likeable,5 = very approachable,4 = somewhat confident the findings are true,5 = very honest,5 = very sincere,3 = neither ethical nor unethical,3 = neither likeable nor unlikeable,3 = neither approachable nor unapproachable,reporting researcher (S),reporting researcher (S),neither reported (K) nor reporting researcher (S),reporting researcher (S),reporting researcher (S),reporting researcher (S),reported researcher (K),reporting researcher (S),reporting researcher (S),2 = somewhat dishonest,2 = somewhat insincere,2 = somewhat unethical,2 = somewhat unlikeable,2 = somewhat unapproachable,2 = somewhat confident the findings are false,5 = very honest,5 = very sincere,5 = very ethical,5 = very likeable,3 = neither approachable nor unapproachable,neither reported (H) nor reporting researcher (F),neither reported (H) nor reporting researcher (F),neither reported (H) nor reporting researcher (F),reporting researcher (F),reporting researcher (F),reporting researcher (F),neither reported (H) nor reporting researcher (F),reporting researcher (F),reporting researcher (F),1 = very dishonest,1 = very insincere,1 = very unethical,3 = neither likeable nor unlikeable,3 = neither approachable nor unapproachable,1 = very confident the findings are false,5 = very honest,5 = very sincere,5 = very ethical,5 = very likeable,5 = very approachable,reporting researcher (Y),reporting researcher (Y),reporting researcher (Y),reporting researcher (Y),reporting researcher (Y),reporting researcher (Y),neither reported (X) nor reporting researcher (Y),reporting researcher (Y),reporting researcher (Y),Somewhat disagree,No,White,,Woman,,Associate’s Degree,Conservative,Heterosexual/straight,,20,Protestantism (Christian),,complete,,81579,0,0,,0,
1/28/2026 7:58,1/28/2026 8:10,IP Address,100,698,TRUE,1/28/2026 8:10,R_5iOSNbQExtQFHNX,anonymous,EN,1,"Yes, I consent",3 = neither honest nor dishonest,4 = somewhat sincere,4 = somewhat ethical,2 = somewhat unlikeable,4 = somewhat approachable,3 = could go either way,5 = very honest,2 = somewhat insincere,2 = somewhat unethical,1 = very unlikeable,1 = very unapproachable,reported researcher (K),reported researcher (K),reported researcher (K),reported researcher (K),reported researcher (K),reported researcher (K),reported researcher (K),reported researcher (K),reported researcher (K),1 = very dishonest,1 = very insincere,1 = very unethical,1 = very unlikeable,3 = neither approachable nor unapproachable,1 = very confident the findings are false,5 = very honest,5 = very sincere,2 = somewhat unethical,2 = somewhat unlikeable,2 = somewhat unapproachable,neither reported (H) nor reporting researcher (F),neither reported (H) nor reporting researcher (F),reported researcher (H),neither reported (H) nor reporting researcher (F),neither reported (H) nor reporting researcher (F),neither reported (H) nor reporting researcher (F),neither reported (H) nor reporting researcher (F),reporting researcher (F),reporting researcher (F),1 = very dishonest,1 = very insincere,1 = very unethical,1 = very unlikeable,3 = neither approachable nor unapproachable,1 = very confident the findings are false,5 = very honest,5 = very sincere,2 = somewhat unethical,3 = neither likeable nor unlikeable,3 = neither approachable nor unapproachable,neither reported (X) nor reporting researcher (Y),neither reported (X) nor reporting researcher (Y),reported researcher (X),neither reported (X) nor reporting researcher (Y),neither reported (X) nor reporting researcher (Y),reporting researcher (Y),reporting researcher (Y),reporting researcher (Y),reporting researcher (Y),Somewhat disagree,No,White,,Woman,,Some college credit or technical school degree,Lean Conservative,Heterosexual/straight,,19,Protestantism (Christian),,complete,,81094,0,0,,0,
1/28/2026 8:07,1/28/2026 8:11,IP Address,100,205,TRUE,1/28/2026 8:11,R_64P1KmgW3hwo3HM,anonymous,EN,1,"Yes, I consent",3 = neither honest nor dishonest,3 = neither sincere nor insincere,3 = neither ethical nor unethical,3 = neither likeable nor unlikeable,3 = neither approachable nor unapproachable,2 = somewhat confident the findings are false,3 = neither honest nor dishonest,3 = neither sincere nor insincere,3 = neither ethical nor unethical,3 = neither likeable nor unlikeable,3 = neither approachable nor unapproachable,neither reported (K) nor reporting researcher (S),reporting researcher (S),reporting researcher (S),reporting researcher (S),reporting researcher (S),reporting researcher (S),reporting researcher (S),reporting researcher (S),reporting researcher (S),3 = neither honest nor dishonest,3 = neither sincere nor insincere,3 = neither ethical nor unethical,3 = neither likeable nor unlikeable,3 = neither approachable nor unapproachable,4 = somewhat confident the findings are true,5 = very honest,3 = neither sincere nor insincere,5 = very ethical,5 = very likeable,5 = very approachable,neither reported (H) nor reporting researcher (F),reporting researcher (F),neither reported (H) nor reporting researcher (F),reporting researcher (F),reporting researcher (F),reporting researcher (F),reporting researcher (F),reporting researcher (F),reporting researcher (F),3 = neither honest nor dishonest,3 = neither sincere nor insincere,3 = neither ethical nor unethical,3 = neither likeable nor unlikeable,3 = neither approachable nor unapproachable,2 = somewhat confident the findings are false,4 = somewhat honest,4 = somewhat sincere,4 = somewhat ethical,3 = neither likeable nor unlikeable,4 = somewhat approachable,reporting researcher (Y),reporting researcher (Y),reporting researcher (Y),neither reported (X) nor reporting researcher (Y),neither reported (X) nor reporting researcher (Y),reporting researcher (Y),reporting researcher (Y),reporting researcher (Y),neither reported (X) nor reporting researcher (Y),Somewhat disagree,No,"Native American, American Indian, or Alaska Native",,Woman,,Some college credit or technical school degree,Centrist,Heterosexual/straight,,18,Catholicism,,complete,,81085,0,0,,0,
1/28/2026 8:07,1/28/2026 8:16,IP Address,100,577,TRUE,1/28/2026 8:16,R_3ScMS6Pj5BfW1x2,anonymous,EN,1,"Yes, I consent",2 = somewhat dishonest,2 = somewhat insincere,1 = very unethical,2 = somewhat unlikeable,2 = somewhat unapproachable,2 = somewhat confident the findings are false,5 = very honest,5 = very sincere,5 = very ethical,5 = very likeable,5 = very approachable,reporting researcher (S),reporting researcher (S),neither reported (K) nor reporting researcher (S),neither reported (K) nor reporting researcher (S),neither reported (K) nor reporting researcher (S),reporting researcher (S),neither reported (K) nor reporting researcher (S),reporting researcher (S),reporting researcher (S),2 = somewhat dishonest,2 = somewhat insincere,1 = very unethical,1 = very unlikeable,2 = somewhat unapproachable,1 = very confident the findings are false,5 = very honest,5 = very sincere,5 = very ethical,5 = very likeable,5 = very approachable,reporting researcher (F),reporting researcher (F),neither reported (H) nor reporting researcher (F),neither reported (H) nor reporting researcher (F),neither reported (H) nor reporting researcher (F),reporting researcher (F),neither reported (H) nor reporting researcher (F),reporting researcher (F),reporting researcher (F),3 = neither honest nor dishonest,3 = neither sincere nor insincere,3 = neither ethical nor unethical,3 = neither likeable nor unlikeable,3 = neither approachable nor unapproachable,3 = could go either way,5 = very honest,5 = very sincere,1 = very unethical,5 = very likeable,5 = very approachable,reporting researcher (Y),reporting researcher (Y),neither reported (X) nor reporting researcher (Y),reporting researcher (Y),neither reported (X) nor reporting researcher (Y),reporting researcher (Y),neither reported (X) nor reporting researcher (Y),reporting researcher (Y),reporting researcher (Y),Somewhat disagree,Yes,Black or African-American,,Woman,,Some college credit or technical school degree,Strongly Liberal,Heterosexual/straight,,19,Protestantism (Christian),,complete,,81611,0,0,,0,
1/28/2026 8:08,1/28/2026 8:16,IP Address,100,474,TRUE,1/28/2026 8:16,R_6axVPPQALJHyyS1,anonymous,EN,1,"Yes, I consent",2 = somewhat dishonest,4 = somewhat sincere,2 = somewhat unethical,4 = somewhat likeable,4 = somewhat approachable,4 = somewhat confident the findings are true,5 = very honest,5 = very sincere,5 = very ethical,4 = somewhat likeable,2 = somewhat unapproachable,neither reported (K) nor reporting researcher (S),reporting researcher (S),reported researcher (K),reporting researcher (S),reporting researcher (S),reporting researcher (S),reporting researcher (S),reporting researcher (S),reporting researcher (S),2 = somewhat dishonest,1 = very insincere,1 = very unethical,1 = very unlikeable,3 = neither approachable nor unapproachable,2 = somewhat confident the findings are false,5 = very honest,5 = very sincere,5 = very ethical,4 = somewhat likeable,4 = somewhat approachable,reporting researcher (F),reporting researcher (F),reported researcher (H),reporting researcher (F),reporting researcher (F),reporting researcher (F),reporting researcher (F),reporting researcher (F),reporting researcher (F),1 = very dishonest,1 = very insincere,1 = very unethical,1 = very unlikeable,2 = somewhat unapproachable,1 = very confident the findings are false,5 = very honest,5 = very sincere,5 = very ethical,4 = somewhat likeable,4 = somewhat approachable,reporting researcher (Y),reporting researcher (Y),reported researcher (X),reporting researcher (Y),reporting researcher (Y),reporting researcher (Y),reporting researcher (Y),reporting researcher (Y),reporting researcher (Y),Somewhat disagree,No,White,,Woman,,Some college credit or technical school degree,Conservative,Heterosexual/straight,,20,Protestantism (Christian),,complete,,80965,0,0,,0,
1/28/2026 8:09,1/28/2026 8:17,IP Address,100,468,TRUE,1/28/2026 8:17,R_5oL1VR36SG5lonf,anonymous,EN,1,"Yes, I consent",2 = somewhat dishonest,3 = neither sincere nor insincere,2 = somewhat unethical,4 = somewhat likeable,4 = somewhat approachable,3 = could go either way,2 = somewhat dishonest,2 = somewhat insincere,4 = somewhat ethical,4 = somewhat likeable,3 = neither approachable nor unapproachable,neither reported (K) nor reporting researcher (S),neither reported (K) nor reporting researcher (S),reporting researcher (S),reported researcher (K),reporting researcher (S),reporting researcher (S),reported researcher (K),reported researcher (K),reported researcher (K),2 = somewhat dishonest,4 = somewhat sincere,3 = neither ethical nor unethical,4 = somewhat likeable,4 = somewhat approachable,4 = somewhat confident the findings are true,5 = very honest,5 = very sincere,5 = very ethical,5 = very likeable,5 = very approachable,reporting researcher (F),reporting researcher (F),neither reported (H) nor reporting researcher (F),reporting researcher (F),reporting researcher (F),reporting researcher (F),reported researcher (H),neither reported (H) nor reporting researcher (F),reporting researcher (F),1 = very dishonest,2 = somewhat insincere,1 = very unethical,2 = somewhat unlikeable,3 = neither approachable nor unapproachable,1 = very confident the findings are false,5 = very honest,5 = very sincere,5 = very ethical,5 = very likeable,5 = very approachable,reporting researcher (Y),reporting researcher (Y),neither reported (X) nor reporting researcher (Y),reporting researcher (Y),reporting researcher (Y),reporting researcher (Y),neither reported (X) nor reporting researcher (Y),neither reported (X) nor reporting researcher (Y),reporting researcher (Y),Somewhat disagree,No,White,,Woman,,Some college credit or technical school degree,Lean Liberal,Heterosexual/straight,,19,Protestantism (Christian),,complete,,81780,0,0,,0,
1/28/2026 8:12,1/28/2026 8:22,IP Address,100,606,TRUE,1/28/2026 8:22,R_5EWCL8XbXuiLHGY,anonymous,EN,1,"Yes, I consent",2 = somewhat dishonest,2 = somewhat insincere,1 = very unethical,3 = neither likeable nor unlikeable,4 = somewhat approachable,2 = somewhat confident the findings are false,5 = very honest,5 = very sincere,5 = very ethical,2 = somewhat unlikeable,4 = somewhat approachable,reporting researcher (S),reporting researcher (S),reported researcher (K),reporting researcher (S),reporting researcher (S),reporting researcher (S),reported researcher (K),reporting researcher (S),reported researcher (K),2 = somewhat dishonest,2 = somewhat insincere,1 = very unethical,3 = neither likeable nor unlikeable,2 = somewhat unapproachable,1 = very confident the findings are false,5 = very honest,5 = very sincere,5 = very ethical,2 = somewhat unlikeable,5 = very approachable,reporting researcher (F),reporting researcher (F),reported researcher (H),reporting researcher (F),reporting researcher (F),reporting researcher (F),reported researcher (H),reporting researcher (F),reported researcher (H),5 = very honest,5 = very sincere,5 = very ethical,5 = very likeable,5 = very approachable,5 = very confident the findings are true,5 = very honest,5 = very sincere,5 = very ethical,3 = neither likeable nor unlikeable,5 = very approachable,reporting researcher (Y),reporting researcher (Y),reported researcher (X),reporting researcher (Y),reporting researcher (Y),reporting researcher (Y),reported researcher (X),reporting researcher (Y),reported researcher (X),Somewhat disagree,No,White,,Woman,,High School Diploma or GED,Conservative,Heterosexual/straight,,19,Protestantism (Christian),,complete,,81071,0,0,,0,
1/28/2026 8:17,1/28/2026 8:22,IP Address,100,285,TRUE,1/28/2026 8:22,R_5kdoZOKEyfoH2kg,anonymous,EN,1,"Yes, I consent",3 = neither honest nor dishonest,3 = neither sincere nor insincere,3 = neither ethical nor unethical,3 = neither likeable nor unlikeable,3 = neither approachable nor unapproachable,3 = could go either way,2 = somewhat dishonest,2 = somewhat insincere,2 = somewhat unethical,2 = somewhat unlikeable,2 = somewhat unapproachable,reporting researcher (S),reporting researcher (S),reporting researcher (S),reporting researcher (S),reporting researcher (S),reporting researcher (S),reporting researcher (S),reporting researcher (S),reporting researcher (S),3 = neither honest nor dishonest,3 = neither sincere nor insincere,3 = neither ethical nor unethical,3 = neither likeable nor unlikeable,3 = neither approachable nor unapproachable,3 = could go either way,3 = neither honest nor dishonest,3 = neither sincere nor insincere,3 = neither ethical nor unethical,3 = neither likeable nor unlikeable,3 = neither approachable nor unapproachable,neither reported (H) nor reporting researcher (F),neither reported (H) nor reporting researcher (F),neither reported (H) nor reporting researcher (F),neither reported (H) nor reporting researcher (F),neither reported (H) nor reporting researcher (F),neither reported (H) nor reporting researcher (F),neither reported (H) nor reporting researcher (F),neither reported (H) nor reporting researcher (F),neither reported (H) nor reporting researcher (F),3 = neither honest nor dishonest,3 = neither sincere nor insincere,3 = neither ethical nor unethical,3 = neither likeable nor unlikeable,3 = neither approachable nor unapproachable,3 = could go either way,3 = neither honest nor dishonest,3 = neither sincere nor insincere,3 = neither ethical nor unethical,3 = neither likeable nor unlikeable,3 = neither approachable nor unapproachable,neither reported (X) nor reporting researcher (Y),neither reported (X) nor reporting researcher (Y),neither reported (X) nor reporting researcher (Y),neither reported (X) nor reporting researcher (Y),neither reported (X) nor reporting researcher (Y),neither reported (X) nor reporting researcher (Y),neither reported (X) nor reporting researcher (Y),neither reported (X) nor reporting researcher (Y),neither reported (X) nor reporting researcher (Y),Somewhat disagree,No,White,,Woman,,Some college credit or technical school degree,Centrist,Heterosexual/straight,,19,Catholicism,,complete,,80964,0,0,,0,
1/28/2026 8:24,1/28/2026 8:27,IP Address,100,186,TRUE,1/28/2026 8:27,R_1PXoeqmYTXvrPsf,anonymous,EN,1,"Yes, I consent",4 = somewhat honest,3 = neither sincere nor insincere,3 = neither ethical nor unethical,4 = somewhat likeable,4 = somewhat approachable,3 = could go either way,4 = somewhat honest,2 = somewhat insincere,4 = somewhat ethical,3 = neither likeable nor unlikeable,4 = somewhat approachable,reporting researcher (S),reported researcher (K),reporting researcher (S),reporting researcher (S),reported researcher (K),neither reported (K) nor reporting researcher (S),reporting researcher (S),reported researcher (K),reporting researcher (S),4 = somewhat honest,4 = somewhat sincere,3 = neither ethical nor unethical,5 = very likeable,4 = somewhat approachable,3 = could go either way,4 = somewhat honest,3 = neither sincere nor insincere,4 = somewhat ethical,2 = somewhat unlikeable,3 = neither approachable nor unapproachable,reporting researcher (F),reported researcher (H),reporting researcher (F),reported researcher (H),neither reported (H) nor reporting researcher (F),reported researcher (H),reporting researcher (F),reporting researcher (F),reported researcher (H),2 = somewhat dishonest,2 = somewhat insincere,4 = somewhat ethical,3 = neither likeable nor unlikeable,4 = somewhat approachable,1 = very confident the findings are false,2 = somewhat dishonest,2 = somewhat insincere,3 = neither ethical nor unethical,4 = somewhat likeable,3 = neither approachable nor unapproachable,reporting researcher (Y),neither reported (X) nor reporting researcher (Y),reported researcher (X),reporting researcher (Y),neither reported (X) nor reporting researcher (Y),reported researcher (X),reporting researcher (Y),reported researcher (X),reporting researcher (Y),Somewhat disagree,No,White,,Woman,,Some college credit or technical school degree,Conservative,Heterosexual/straight,,18,Not Affiliated,,complete,,81192,0,0,,0,
1/28/2026 8:22,1/28/2026 8:29,IP Address,100,470,TRUE,1/28/2026 8:29,R_6toAAQIUUmwPMtz,anonymous,EN,1,"Yes, I consent",4 = somewhat honest,4 = somewhat sincere,4 = somewhat ethical,3 = neither likeable nor unlikeable,2 = somewhat unapproachable,3 = could go either way,5 = very honest,5 = very sincere,4 = somewhat ethical,2 = somewhat unlikeable,2 = somewhat unapproachable,reported researcher (K),reporting researcher (S),reported researcher (K),reported researcher (K),reporting researcher (S),reported researcher (K),reported researcher (K),reported researcher (K),reported researcher (K),1 = very dishonest,1 = very insincere,1 = very unethical,1 = very unlikeable,3 = neither approachable nor unapproachable,1 = very confident the findings are false,5 = very honest,5 = very sincere,5 = very ethical,5 = very likeable,5 = very approachable,reporting researcher (F),reported researcher (H),reported researcher (H),reporting researcher (F),reporting researcher (F),reported researcher (H),reported researcher (H),reporting researcher (F),reporting researcher (F),1 = very dishonest,1 = very insincere,1 = very unethical,1 = very unlikeable,1 = very unapproachable,1 = very confident the findings are false,4 = somewhat honest,3 = neither sincere nor insincere,4 = somewhat ethical,3 = neither likeable nor unlikeable,3 = neither approachable nor unapproachable,neither reported (X) nor reporting researcher (Y),reporting researcher (Y),reported researcher (X),reporting researcher (Y),reporting researcher (Y),reporting researcher (Y),reported researcher (X),reporting researcher (Y),reporting researcher (Y),Somewhat disagree,No,White,,Woman,,High School Diploma or GED,Conservative,Heterosexual/straight,,19,Protestantism (Christian),,complete,,80967,0,0,,0,
1/28/2026 8:19,1/28/2026 8:31,IP Address,100,755,TRUE,1/28/2026 8:31,R_1fDmNHsqCARHluv,anonymous,EN,1,"Yes, I consent",2 = somewhat dishonest,3 = neither sincere nor insincere,3 = neither ethical nor unethical,3 = neither likeable nor unlikeable,4 = somewhat approachable,4 = somewhat confident the findings are true,5 = very honest,3 = neither sincere nor insincere,4 = somewhat ethical,2 = somewhat unlikeable,3 = neither approachable nor unapproachable,neither reported (K) nor reporting researcher (S),neither reported (K) nor reporting researcher (S),reporting researcher (S),neither reported (K) nor reporting researcher (S),neither reported (K) nor reporting researcher (S),reporting researcher (S),reporting researcher (S),reporting researcher (S),neither reported (K) nor reporting researcher (S),1 = very dishonest,2 = somewhat insincere,1 = very unethical,1 = very unlikeable,2 = somewhat unapproachable,1 = very confident the findings are false,4 = somewhat honest,5 = very sincere,5 = very ethical,5 = very likeable,4 = somewhat approachable,reporting researcher (F),reporting researcher (F),reported researcher (H),reporting researcher (F),reporting researcher (F),reporting researcher (F),reporting researcher (F),reporting researcher (F),reporting researcher (F),4 = somewhat honest,2 = somewhat insincere,2 = somewhat unethical,2 = somewhat unlikeable,4 = somewhat approachable,4 = somewhat confident the findings are true,5 = very honest,4 = somewhat sincere,2 = somewhat unethical,4 = somewhat likeable,5 = very approachable,reporting researcher (Y),reporting researcher (Y),reported researcher (X),reporting researcher (Y),neither reported (X) nor reporting researcher (Y),neither reported (X) nor reporting researcher (Y),reporting researcher (Y),reporting researcher (Y),reporting researcher (Y),Somewhat disagree,No,White,,Woman,,Some college credit or technical school degree,Lean Conservative,Heterosexual/straight,,18,Protestantism (Christian),,complete,,81270,0,0,,0,
1/28/2026 8:30,1/28/2026 8:33,IP Address,100,200,TRUE,1/28/2026 8:33,R_3DyMSrecdMgSgfv,anonymous,EN,1,"Yes, I consent",5 = very honest,5 = very sincere,5 = very ethical,5 = very likeable,5 = very approachable,5 = very confident the findings are true,5 = very honest,4 = somewhat sincere,4 = somewhat ethical,2 = somewhat unlikeable,2 = somewhat unapproachable,reported researcher (K),reported researcher (K),reported researcher (K),reported researcher (K),reported researcher (K),reported researcher (K),reported researcher (K),reported researcher (K),reported researcher (K),1 = very dishonest,1 = very insincere,1 = very unethical,1 = very unlikeable,4 = somewhat approachable,1 = very confident the findings are false,4 = somewhat honest,4 = somewhat sincere,4 = somewhat ethical,3 = neither likeable nor unlikeable,4 = somewhat approachable,reported researcher (H),reporting researcher (F),reported researcher (H),reporting researcher (F),reporting researcher (F),reported researcher (H),reported researcher (H),reporting researcher (F),reporting researcher (F),1 = very dishonest,1 = very insincere,1 = very unethical,1 = very unlikeable,1 = very unapproachable,1 = very confident the findings are false,5 = very honest,4 = somewhat sincere,4 = somewhat ethical,2 = somewhat unlikeable,3 = neither approachable nor unapproachable,reported researcher (X),reporting researcher (Y),reported researcher (X),reporting researcher (Y),reporting researcher (Y),reported researcher (X),reporting researcher (Y),reporting researcher (Y),reporting researcher (Y),Somewhat disagree,No,White,,Woman,,High School Diploma or GED,Conservative,Heterosexual/straight,,19,Protestantism (Christian),,complete,,80967,0,0,,0,
1/28/2026 8:42,1/28/2026 8:53,IP Address,100,637,TRUE,1/28/2026 8:53,R_7aXe2iychdmPS9E,anonymous,EN,1,"Yes, I consent",4 = somewhat honest,4 = somewhat sincere,3 = neither ethical nor unethical,3 = neither likeable nor unlikeable,3 = neither approachable nor unapproachable,3 = could go either way,4 = somewhat honest,4 = somewhat sincere,2 = somewhat unethical,3 = neither likeable nor unlikeable,4 = somewhat approachable,reporting researcher (S),neither reported (K) nor reporting researcher (S),reported researcher (K),reporting researcher (S),neither reported (K) nor reporting researcher (S),reporting researcher (S),reported researcher (K),neither reported (K) nor reporting researcher (S),reporting researcher (S),2 = somewhat dishonest,2 = somewhat insincere,2 = somewhat unethical,2 = somewhat unlikeable,3 = neither approachable nor unapproachable,1 = very confident the findings are false,5 = very honest,4 = somewhat sincere,5 = very ethical,4 = somewhat likeable,3 = neither approachable nor unapproachable,reporting researcher (F),reporting researcher (F),reporting researcher (F),reporting researcher (F),reporting researcher (F),reporting researcher (F),reported researcher (H),reporting researcher (F),reporting researcher (F),3 = neither honest nor dishonest,3 = neither sincere nor insincere,3 = neither ethical nor unethical,3 = neither likeable nor unlikeable,3 = neither approachable nor unapproachable,3 = could go either way,5 = very honest,4 = somewhat sincere,3 = neither ethical nor unethical,4 = somewhat likeable,4 = somewhat approachable,reporting researcher (Y),reporting researcher (Y),reporting researcher (Y),reporting researcher (Y),reporting researcher (Y),reporting researcher (Y),reported researcher (X),reporting researcher (Y),reporting researcher (Y),Somewhat disagree,No,White,,Woman,,Some college credit or technical school degree,Lean Conservative,Heterosexual/straight,,19,Catholicism,,complete,,81509,0,0,,0,
1/28/2026 8:53,1/28/2026 9:00,IP Address,100,424,TRUE,1/28/2026 9:00,R_6r7FdJmNAKnvtW8,anonymous,EN,1,"Yes, I consent",2 = somewhat dishonest,3 = neither sincere nor insincere,2 = somewhat unethical,3 = neither likeable nor unlikeable,3 = neither approachable nor unapproachable,4 = somewhat confident the findings are true,5 = very honest,5 = very sincere,5 = very ethical,3 = neither likeable nor unlikeable,3 = neither approachable nor unapproachable,neither reported (K) nor reporting researcher (S),reporting researcher (S),neither reported (K) nor reporting researcher (S),reporting researcher (S),reporting researcher (S),reporting researcher (S),neither reported (K) nor reporting researcher (S),reporting researcher (S),reporting researcher (S),2 = somewhat dishonest,2 = somewhat insincere,2 = somewhat unethical,3 = neither likeable nor unlikeable,3 = neither approachable nor unapproachable,1 = very confident the findings are false,5 = very honest,5 = very sincere,5 = very ethical,3 = neither likeable nor unlikeable,3 = neither approachable nor unapproachable,neither reported (H) nor reporting researcher (F),reporting researcher (F),neither reported (H) nor reporting researcher (F),reporting researcher (F),reporting researcher (F),reporting researcher (F),neither reported (H) nor reporting researcher (F),reporting researcher (F),reporting researcher (F),1 = very dishonest,1 = very insincere,1 = very unethical,3 = neither likeable nor unlikeable,3 = neither approachable nor unapproachable,1 = very confident the findings are false,5 = very honest,5 = very sincere,5 = very ethical,4 = somewhat likeable,3 = neither approachable nor unapproachable,neither reported (X) nor reporting researcher (Y),reporting researcher (Y),neither reported (X) nor reporting researcher (Y),reporting researcher (Y),reporting researcher (Y),reporting researcher (Y),neither reported (X) nor reporting researcher (Y),reporting researcher (Y),reporting researcher (Y),Somewhat disagree,No,White,,Man,,High School Diploma or GED,Lean Conservative,Heterosexual/straight,,18,Protestantism (Christian),,complete,,81670,0,0,,0,
1/28/2026 9:12,1/28/2026 9:17,IP Address,100,278,TRUE,1/28/2026 9:17,R_68YZN0QVg6pPoX3,anonymous,EN,1,"Yes, I consent",4 = somewhat honest,4 = somewhat sincere,4 = somewhat ethical,4 = somewhat likeable,4 = somewhat approachable,3 = could go either way,5 = very honest,5 = very sincere,5 = very ethical,4 = somewhat likeable,4 = somewhat approachable,reporting researcher (S),reporting researcher (S),neither reported (K) nor reporting researcher (S),reporting researcher (S),reporting researcher (S),reporting researcher (S),reporting researcher (S),reporting researcher (S),reporting researcher (S),3 = neither honest nor dishonest,3 = neither sincere nor insincere,4 = somewhat ethical,3 = neither likeable nor unlikeable,3 = neither approachable nor unapproachable,4 = somewhat confident the findings are true,5 = very honest,4 = somewhat sincere,3 = neither ethical nor unethical,4 = somewhat likeable,3 = neither approachable nor unapproachable,neither reported (H) nor reporting researcher (F),reported researcher (H),neither reported (H) nor reporting researcher (F),neither reported (H) nor reporting researcher (F),neither reported (H) nor reporting researcher (F),neither reported (H) nor reporting researcher (F),neither reported (H) nor reporting researcher (F),neither reported (H) nor reporting researcher (F),neither reported (H) nor reporting researcher (F),1 = very dishonest,1 = very insincere,1 = very unethical,1 = very unlikeable,1 = very unapproachable,1 = very confident the findings are false,5 = very honest,4 = somewhat sincere,4 = somewhat ethical,4 = somewhat likeable,4 = somewhat approachable,neither reported (X) nor reporting researcher (Y),neither reported (X) nor reporting researcher (Y),neither reported (X) nor reporting researcher (Y),reporting researcher (Y),reporting researcher (Y),reporting researcher (Y),reporting researcher (Y),reporting researcher (Y),reporting researcher (Y),Somewhat disagree,No,White,,Man,,High School Diploma or GED,Lean Conservative,Heterosexual/straight,,20,Protestantism (Christian),,complete,,81622,0,0,,0,
1/28/2026 9:13,1/28/2026 9:17,IP Address,100,233,TRUE,1/28/2026 9:17,R_3mr06qCjUQe737H,anonymous,EN,1,"Yes, I consent",3 = neither honest nor dishonest,3 = neither sincere nor insincere,3 = neither ethical nor unethical,3 = neither likeable nor unlikeable,3 = neither approachable nor unapproachable,3 = could go either way,3 = neither honest nor dishonest,3 = neither sincere nor insincere,3 = neither ethical nor unethical,3 = neither likeable nor unlikeable,3 = neither approachable nor unapproachable,neither reported (K) nor reporting researcher (S),neither reported (K) nor reporting researcher (S),neither reported (K) nor reporting researcher (S),neither reported (K) nor reporting researcher (S),neither reported (K) nor reporting researcher (S),neither reported (K) nor reporting researcher (S),neither reported (K) nor reporting researcher (S),neither reported (K) nor reporting researcher (S),neither reported (K) nor reporting researcher (S),3 = neither honest nor dishonest,3 = neither sincere nor insincere,3 = neither ethical nor unethical,3 = neither likeable nor unlikeable,3 = neither approachable nor unapproachable,3 = could go either way,3 = neither honest nor dishonest,3 = neither sincere nor insincere,3 = neither ethical nor unethical,3 = neither likeable nor unlikeable,3 = neither approachable nor unapproachable,neither reported (H) nor reporting researcher (F),neither reported (H) nor reporting researcher (F),neither reported (H) nor reporting researcher (F),neither reported (H) nor reporting researcher (F),neither reported (H) nor reporting researcher (F),neither reported (H) nor reporting researcher (F),neither reported (H) nor reporting researcher (F),neither reported (H) nor reporting researcher (F),neither reported (H) nor reporting researcher (F),3 = neither honest nor dishonest,3 = neither sincere nor insincere,3 = neither ethical nor unethical,3 = neither likeable nor unlikeable,3 = neither approachable nor unapproachable,3 = could go either way,3 = neither honest nor dishonest,3 = neither sincere nor insincere,3 = neither ethical nor unethical,3 = neither likeable nor unlikeable,3 = neither approachable nor unapproachable,neither reported (X) nor reporting researcher (Y),neither reported (X) nor reporting researcher (Y),neither reported (X) nor reporting researcher (Y),neither reported (X) nor reporting researcher (Y),neither reported (X) nor reporting researcher (Y),neither reported (X) nor reporting researcher (Y),neither reported (X) nor reporting researcher (Y),neither reported (X) nor reporting researcher (Y),neither reported (X) nor reporting researcher (Y),Somewhat disagree,No,White,,Woman,,High School Diploma or GED,Centrist,Heterosexual/straight,,18,Protestantism (Christian),,complete,,80973,0,0,,0,
1/28/2026 10:14,1/28/2026 10:21,IP Address,100,409,TRUE,1/28/2026 10:21,R_6QglybXIDQOwEY6,anonymous,EN,1,"Yes, I consent",4 = somewhat honest,4 = somewhat sincere,4 = somewhat ethical,3 = neither likeable nor unlikeable,3 = neither approachable nor unapproachable,4 = somewhat confident the findings are true,4 = somewhat honest,4 = somewhat sincere,3 = neither ethical nor unethical,3 = neither likeable nor unlikeable,2 = somewhat unapproachable,neither reported (K) nor reporting researcher (S),neither reported (K) nor reporting researcher (S),neither reported (K) nor reporting researcher (S),reported researcher (K),reporting researcher (S),reporting researcher (S),reported researcher (K),reporting researcher (S),neither reported (K) nor reporting researcher (S),3 = neither honest nor dishonest,3 = neither sincere nor insincere,3 = neither ethical nor unethical,3 = neither likeable nor unlikeable,3 = neither approachable nor unapproachable,3 = could go either way,3 = neither honest nor dishonest,3 = neither sincere nor insincere,3 = neither ethical nor unethical,3 = neither likeable nor unlikeable,3 = neither approachable nor unapproachable,neither reported (H) nor reporting researcher (F),neither reported (H) nor reporting researcher (F),neither reported (H) nor reporting researcher (F),neither reported (H) nor reporting researcher (F),neither reported (H) nor reporting researcher (F),neither reported (H) nor reporting researcher (F),neither reported (H) nor reporting researcher (F),neither reported (H) nor reporting researcher (F),neither reported (H) nor reporting researcher (F),3 = neither honest nor dishonest,3 = neither sincere nor insincere,3 = neither ethical nor unethical,3 = neither likeable nor unlikeable,3 = neither approachable nor unapproachable,3 = could go either way,3 = neither honest nor dishonest,3 = neither sincere nor insincere,3 = neither ethical nor unethical,3 = neither likeable nor unlikeable,3 = neither approachable nor unapproachable,neither reported (X) nor reporting researcher (Y),neither reported (X) nor reporting researcher (Y),neither reported (X) nor reporting researcher (Y),neither reported (X) nor reporting researcher (Y),neither reported (X) nor reporting researcher (Y),neither reported (X) nor reporting researcher (Y),neither reported (X) nor reporting researcher (Y),neither reported (X) nor reporting researcher (Y),neither reported (X) nor reporting researcher (Y),Somewhat disagree,No,White,,Woman,,Some college credit or technical school degree,Lean Liberal,Heterosexual/straight,,20,Protestantism (Christian),,complete,,81752,0,0,,0,
1/28/2026 10:27,1/28/2026 10:37,IP Address,100,624,TRUE,1/28/2026 10:37,R_77Uqc59F2nN3Zh9,anonymous,EN,1,"Yes, I consent",4 = somewhat honest,2 = somewhat insincere,2 = somewhat unethical,3 = neither likeable nor unlikeable,2 = somewhat unapproachable,2 = somewhat confident the findings are false,5 = very honest,4 = somewhat sincere,4 = somewhat ethical,5 = very likeable,5 = very approachable,reported researcher (K),reporting researcher (S),reporting researcher (S),reporting researcher (S),reporting researcher (S),reporting researcher (S),reported researcher (K),reporting researcher (S),reporting researcher (S),1 = very dishonest,1 = very insincere,1 = very unethical,2 = somewhat unlikeable,3 = neither approachable nor unapproachable,1 = very confident the findings are false,5 = very honest,4 = somewhat sincere,5 = very ethical,4 = somewhat likeable,4 = somewhat approachable,reporting researcher (F),reporting researcher (F),reporting researcher (F),reporting researcher (F),reporting researcher (F),reporting researcher (F),neither reported (H) nor reporting researcher (F),reporting researcher (F),reporting researcher (F),1 = very dishonest,1 = very insincere,1 = very unethical,1 = very unlikeable,2 = somewhat unapproachable,1 = very confident the findings are false,5 = very honest,5 = very sincere,5 = very ethical,4 = somewhat likeable,5 = very approachable,reporting researcher (Y),reporting researcher (Y),reporting researcher (Y),reporting researcher (Y),reporting researcher (Y),reporting researcher (Y),reporting researcher (Y),reporting researcher (Y),reporting researcher (Y),Somewhat disagree,No,White,,Woman,,High School Diploma or GED,Lean Conservative,Heterosexual/straight,,18,Protestantism (Christian),,complete,,81507,0,0,,0,
1/28/2026 10:47,1/28/2026 10:57,IP Address,100,634,TRUE,1/28/2026 10:57,R_1HhLn9Q28iAxDcz,anonymous,EN,1,"Yes, I consent",2 = somewhat dishonest,2 = somewhat insincere,1 = very unethical,3 = neither likeable nor unlikeable,2 = somewhat unapproachable,2 = somewhat confident the findings are false,5 = very honest,5 = very sincere,5 = very ethical,5 = very likeable,5 = very approachable,reporting researcher (S),reporting researcher (S),neither reported (K) nor reporting researcher (S),reporting researcher (S),reporting researcher (S),reporting researcher (S),reporting researcher (S),reporting researcher (S),reporting researcher (S),1 = very dishonest,1 = very insincere,1 = very unethical,1 = very unlikeable,1 = very unapproachable,1 = very confident the findings are false,5 = very honest,5 = very sincere,5 = very ethical,5 = very likeable,5 = very approachable,reporting researcher (F),reporting researcher (F),neither reported (H) nor reporting researcher (F),reporting researcher (F),reporting researcher (F),reporting researcher (F),reporting researcher (F),reporting researcher (F),reporting researcher (F),1 = very dishonest,1 = very insincere,1 = very unethical,1 = very unlikeable,1 = very unapproachable,1 = very confident the findings are false,5 = very honest,5 = very sincere,5 = very ethical,5 = very likeable,5 = very approachable,reporting researcher (Y),reporting researcher (Y),neither reported (X) nor reporting researcher (Y),reporting researcher (Y),reporting researcher (Y),reporting researcher (Y),reporting researcher (Y),reporting researcher (Y),reporting researcher (Y),Somewhat disagree,No,White,,Woman,,Some college credit or technical school degree,Lean Conservative,Heterosexual/straight,,18,Protestantism (Christian),,complete,,81434,0,0,,0,
1/28/2026 11:06,1/28/2026 11:09,IP Address,100,168,TRUE,1/28/2026 11:09,R_7Pu8HINP4Z7VCdL,anonymous,EN,1,"Yes, I consent",3 = neither honest nor dishonest,2 = somewhat insincere,3 = neither ethical nor unethical,3 = neither likeable nor unlikeable,2 = somewhat unapproachable,3 = could go either way,3 = neither honest nor dishonest,3 = neither sincere nor insincere,4 = somewhat ethical,3 = neither likeable nor unlikeable,3 = neither approachable nor unapproachable,neither reported (K) nor reporting researcher (S),neither reported (K) nor reporting researcher (S),neither reported (K) nor reporting researcher (S),neither reported (K) nor reporting researcher (S),neither reported (K) nor reporting researcher (S),neither reported (K) nor reporting researcher (S),neither reported (K) nor reporting researcher (S),neither reported (K) nor reporting researcher (S),neither reported (K) nor reporting researcher (S),3 = neither honest nor dishonest,3 = neither sincere nor insincere,3 = neither ethical nor unethical,3 = neither likeable nor unlikeable,2 = somewhat unapproachable,3 = could go either way,3 = neither honest nor dishonest,3 = neither sincere nor insincere,3 = neither ethical nor unethical,3 = neither likeable nor unlikeable,2 = somewhat unapproachable,neither reported (H) nor reporting researcher (F),reported researcher (H),neither reported (H) nor reporting researcher (F),neither reported (H) nor reporting researcher (F),neither reported (H) nor reporting researcher (F),neither reported (H) nor reporting researcher (F),neither reported (H) nor reporting researcher (F),reporting researcher (F),neither reported (H) nor reporting researcher (F),3 = neither honest nor dishonest,3 = neither sincere nor insincere,3 = neither ethical nor unethical,3 = neither likeable nor unlikeable,3 = neither approachable nor unapproachable,2 = somewhat confident the findings are false,3 = neither honest nor dishonest,3 = neither sincere nor insincere,3 = neither ethical nor unethical,2 = somewhat unlikeable,3 = neither approachable nor unapproachable,neither reported (X) nor reporting researcher (Y),neither reported (X) nor reporting researcher (Y),neither reported (X) nor reporting researcher (Y),neither reported (X) nor reporting researcher (Y),neither reported (X) nor reporting researcher (Y),neither reported (X) nor reporting researcher (Y),neither reported (X) nor reporting researcher (Y),neither reported (X) nor reporting researcher (Y),neither reported (X) nor reporting researcher (Y),Somewhat disagree,No,White,,Woman,,Some college credit or technical school degree,Lean Liberal,Heterosexual/straight,,18,Protestantism (Christian),,complete,,81745,0,0,,0,
1/28/2026 11:06,1/28/2026 11:10,IP Address,100,260,TRUE,1/28/2026 11:10,R_6fdxnXqwD2Nyl05,anonymous,EN,1,"Yes, I consent",2 = somewhat dishonest,2 = somewhat insincere,2 = somewhat unethical,2 = somewhat unlikeable,3 = neither approachable nor unapproachable,3 = could go either way,5 = very honest,5 = very sincere,5 = very ethical,5 = very likeable,5 = very approachable,neither reported (K) nor reporting researcher (S),reporting researcher (S),reporting researcher (S),reporting researcher (S),reporting researcher (S),reporting researcher (S),reporting researcher (S),reporting researcher (S),reporting researcher (S),1 = very dishonest,1 = very insincere,1 = very unethical,2 = somewhat unlikeable,2 = somewhat unapproachable,1 = very confident the findings are false,5 = very honest,5 = very sincere,5 = very ethical,5 = very likeable,5 = very approachable,neither reported (H) nor reporting researcher (F),reporting researcher (F),reporting researcher (F),reporting researcher (F),reporting researcher (F),reporting researcher (F),reporting researcher (F),reporting researcher (F),reporting researcher (F),1 = very dishonest,1 = very insincere,1 = very unethical,1 = very unlikeable,1 = very unapproachable,1 = very confident the findings are false,5 = very honest,5 = very sincere,5 = very ethical,5 = very likeable,5 = very approachable,neither reported (X) nor reporting researcher (Y),reporting researcher (Y),reporting researcher (Y),reporting researcher (Y),reporting researcher (Y),reporting researcher (Y),reporting researcher (Y),reporting researcher (Y),reporting researcher (Y),Somewhat disagree,No,White,,Woman,,Some college credit or technical school degree,Strongly Conservative,Heterosexual/straight,,18,Protestantism (Christian),,complete,,81063,0,0,,0,
1/28/2026 11:08,1/28/2026 11:11,IP Address,100,220,TRUE,1/28/2026 11:11,R_6fDiYHcoYCW9Fw6,anonymous,EN,1,"Yes, I consent",3 = neither honest nor dishonest,3 = neither sincere nor insincere,3 = neither ethical nor unethical,3 = neither likeable nor unlikeable,3 = neither approachable nor unapproachable,3 = could go either way,4 = somewhat honest,4 = somewhat sincere,4 = somewhat ethical,4 = somewhat likeable,4 = somewhat approachable,reporting researcher (S),reporting researcher (S),reporting researcher (S),reporting researcher (S),reporting researcher (S),reporting researcher (S),reporting researcher (S),reporting researcher (S),reporting researcher (S),3 = neither honest nor dishonest,3 = neither sincere nor insincere,3 = neither ethical nor unethical,3 = neither likeable nor unlikeable,3 = neither approachable nor unapproachable,3 = could go either way,4 = somewhat honest,4 = somewhat sincere,4 = somewhat ethical,4 = somewhat likeable,4 = somewhat approachable,reporting researcher (F),reporting researcher (F),reporting researcher (F),reporting researcher (F),reporting researcher (F),reporting researcher (F),reporting researcher (F),reporting researcher (F),reporting researcher (F),2 = somewhat dishonest,2 = somewhat insincere,2 = somewhat unethical,2 = somewhat unlikeable,2 = somewhat unapproachable,2 = somewhat confident the findings are false,5 = very honest,5 = very sincere,5 = very ethical,5 = very likeable,5 = very approachable,reporting researcher (Y),reporting researcher (Y),reporting researcher (Y),reporting researcher (Y),reporting researcher (Y),reporting researcher (Y),reporting researcher (Y),reporting researcher (Y),reporting researcher (Y),Somewhat disagree,No,White,,Woman,,High School Diploma or GED,Conservative,Heterosexual/straight,,18,Catholicism,,complete,,81279,0,0,,0,
1/28/2026 11:22,1/28/2026 11:25,IP Address,100,194,TRUE,1/28/2026 11:25,R_5DCJuevJK3vYCYG,anonymous,EN,1,"Yes, I consent",3 = neither honest nor dishonest,3 = neither sincere nor insincere,3 = neither ethical nor unethical,3 = neither likeable nor unlikeable,3 = neither approachable nor unapproachable,4 = somewhat confident the findings are true,3 = neither honest nor dishonest,3 = neither sincere nor insincere,3 = neither ethical nor unethical,3 = neither likeable nor unlikeable,3 = neither approachable nor unapproachable,neither reported (K) nor reporting researcher (S),neither reported (K) nor reporting researcher (S),neither reported (K) nor reporting researcher (S),neither reported (K) nor reporting researcher (S),neither reported (K) nor reporting researcher (S),neither reported (K) nor reporting researcher (S),neither reported (K) nor reporting researcher (S),neither reported (K) nor reporting researcher (S),neither reported (K) nor reporting researcher (S),3 = neither honest nor dishonest,3 = neither sincere nor insincere,3 = neither ethical nor unethical,3 = neither likeable nor unlikeable,2 = somewhat unapproachable,1 = very confident the findings are false,3 = neither honest nor dishonest,2 = somewhat insincere,3 = neither ethical nor unethical,5 = very likeable,3 = neither approachable nor unapproachable,neither reported (H) nor reporting researcher (F),neither reported (H) nor reporting researcher (F),reported researcher (H),reporting researcher (F),reported researcher (H),reported researcher (H),reported researcher (H),reported researcher (H),neither reported (H) nor reporting researcher (F),3 = neither honest nor dishonest,3 = neither sincere nor insincere,3 = neither ethical nor unethical,3 = neither likeable nor unlikeable,3 = neither approachable nor unapproachable,4 = somewhat confident the findings are true,3 = neither honest nor dishonest,3 = neither sincere nor insincere,3 = neither ethical nor unethical,3 = neither likeable nor unlikeable,3 = neither approachable nor unapproachable,neither reported (X) nor reporting researcher (Y),neither reported (X) nor reporting researcher (Y),neither reported (X) nor reporting researcher (Y),neither reported (X) nor reporting researcher (Y),neither reported (X) nor reporting researcher (Y),neither reported (X) nor reporting researcher (Y),neither reported (X) nor reporting researcher (Y),neither reported (X) nor reporting researcher (Y),neither reported (X) nor reporting researcher (Y),Somewhat disagree,No,White,,Woman,,High School Diploma or GED,Centrist,Heterosexual/straight,,18,Protestantism (Christian),,complete,,81477,0,0,,0,
1/28/2026 11:17,1/28/2026 11:25,IP Address,100,516,TRUE,1/28/2026 11:25,R_3fmdkjVsJJb9HXB,anonymous,EN,1,"Yes, I consent",2 = somewhat dishonest,2 = somewhat insincere,1 = very unethical,2 = somewhat unlikeable,2 = somewhat unapproachable,3 = could go either way,5 = very honest,5 = very sincere,5 = very ethical,2 = somewhat unlikeable,2 = somewhat unapproachable,reporting researcher (S),reporting researcher (S),neither reported (K) nor reporting researcher (S),reporting researcher (S),neither reported (K) nor reporting researcher (S),reporting researcher (S),reported researcher (K),reporting researcher (S),reported researcher (K),1 = very dishonest,1 = very insincere,1 = very unethical,1 = very unlikeable,2 = somewhat unapproachable,1 = very confident the findings are false,5 = very honest,5 = very sincere,5 = very ethical,4 = somewhat likeable,4 = somewhat approachable,reporting researcher (F),reporting researcher (F),reported researcher (H),reporting researcher (F),neither reported (H) nor reporting researcher (F),reporting researcher (F),reported researcher (H),reporting researcher (F),reported researcher (H),1 = very dishonest,1 = very insincere,1 = very unethical,1 = very unlikeable,1 = very unapproachable,1 = very confident the findings are false,5 = very honest,5 = very sincere,4 = somewhat ethical,3 = neither likeable nor unlikeable,2 = somewhat unapproachable,reporting researcher (Y),reporting researcher (Y),reported researcher (X),reporting researcher (Y),neither reported (X) nor reporting researcher (Y),reporting researcher (Y),reporting researcher (Y),reporting researcher (Y),reported researcher (X),Somewhat disagree,No,White,,Woman,,Some college credit or technical school degree,Lean Liberal,Bisexual,,18,Protestantism (Christian),,complete,,80955,0,0,,0,
1/28/2026 11:20,1/28/2026 11:27,IP Address,100,398,TRUE,1/28/2026 11:27,R_5YFaCNx6Qhi24Zj,anonymous,EN,1,"Yes, I consent",4 = somewhat honest,2 = somewhat insincere,2 = somewhat unethical,4 = somewhat likeable,3 = neither approachable nor unapproachable,3 = could go either way,5 = very honest,2 = somewhat insincere,5 = very ethical,4 = somewhat likeable,3 = neither approachable nor unapproachable,reporting researcher (S),reporting researcher (S),reported researcher (K),neither reported (K) nor reporting researcher (S),reporting researcher (S),reporting researcher (S),reported researcher (K),reporting researcher (S),reporting researcher (S),1 = very dishonest,1 = very insincere,1 = very unethical,2 = somewhat unlikeable,2 = somewhat unapproachable,1 = very confident the findings are false,4 = somewhat honest,4 = somewhat sincere,5 = very ethical,4 = somewhat likeable,3 = neither approachable nor unapproachable,neither reported (H) nor reporting researcher (F),reporting researcher (F),reporting researcher (F),reporting researcher (F),reporting researcher (F),reporting researcher (F),reported researcher (H),reporting researcher (F),reporting researcher (F),1 = very dishonest,1 = very insincere,1 = very unethical,1 = very unlikeable,1 = very unapproachable,1 = very confident the findings are false,5 = very honest,3 = neither sincere nor insincere,5 = very ethical,4 = somewhat likeable,4 = somewhat approachable,reporting researcher (Y),reporting researcher (Y),reporting researcher (Y),reporting researcher (Y),reporting researcher (Y),reporting researcher (Y),reporting researcher (Y),reporting researcher (Y),reporting researcher (Y),Somewhat disagree,No,White,,Man,,Some college credit or technical school degree,Lean Conservative,Heterosexual/straight,,19,Judaism,,complete,,81055,0,0,,0,
1/28/2026 11:27,1/28/2026 11:29,IP Address,100,133,TRUE,1/28/2026 11:29,R_3ClbNZIDWDB1kBq,anonymous,EN,1,"Yes, I consent",2 = somewhat dishonest,2 = somewhat insincere,2 = somewhat unethical,2 = somewhat unlikeable,2 = somewhat unapproachable,2 = somewhat confident the findings are false,4 = somewhat honest,4 = somewhat sincere,4 = somewhat ethical,4 = somewhat likeable,4 = somewhat approachable,reporting researcher (S),reporting researcher (S),reporting researcher (S),reporting researcher (S),reporting researcher (S),reporting researcher (S),reporting researcher (S),reporting researcher (S),reporting researcher (S),2 = somewhat dishonest,2 = somewhat insincere,1 = very unethical,1 = very unlikeable,1 = very unapproachable,1 = very confident the findings are false,4 = somewhat honest,4 = somewhat sincere,5 = very ethical,4 = somewhat likeable,4 = somewhat approachable,reporting researcher (F),reporting researcher (F),reporting researcher (F),reporting researcher (F),reporting researcher (F),reporting researcher (F),reporting researcher (F),reporting researcher (F),reporting researcher (F),1 = very dishonest,1 = very insincere,1 = very unethical,1 = very unlikeable,1 = very unapproachable,1 = very confident the findings are false,5 = very honest,5 = very sincere,5 = very ethical,3 = neither likeable nor unlikeable,3 = neither approachable nor unapproachable,reporting researcher (Y),reporting researcher (Y),reporting researcher (Y),reporting researcher (Y),reporting researcher (Y),reporting researcher (Y),reporting researcher (Y),reporting researcher (Y),reporting researcher (Y),Somewhat disagree,No,White,,Man,,Some college credit or technical school degree,Lean Conservative,Heterosexual/straight,,19,Judaism,,complete,,81055,0,0,,0,
1/28/2026 11:25,1/28/2026 11:31,IP Address,100,328,TRUE,1/28/2026 11:31,R_6QWjATRXoTp88UM,anonymous,EN,1,"Yes, I consent",2 = somewhat dishonest,2 = somewhat insincere,2 = somewhat unethical,2 = somewhat unlikeable,2 = somewhat unapproachable,2 = somewhat confident the findings are false,4 = somewhat honest,5 = very sincere,5 = very ethical,3 = neither likeable nor unlikeable,4 = somewhat approachable,reporting researcher (S),reporting researcher (S),reporting researcher (S),reporting researcher (S),reporting researcher (S),reporting researcher (S),reported researcher (K),reporting researcher (S),reporting researcher (S),1 = very dishonest,1 = very insincere,2 = somewhat unethical,2 = somewhat unlikeable,2 = somewhat unapproachable,2 = somewhat confident the findings are false,5 = very honest,5 = very sincere,5 = very ethical,4 = somewhat likeable,5 = very approachable,reporting researcher (F),reporting researcher (F),reporting researcher (F),reporting researcher (F),reporting researcher (F),reporting researcher (F),reported researcher (H),reporting researcher (F),reporting researcher (F),3 = neither honest nor dishonest,2 = somewhat insincere,2 = somewhat unethical,2 = somewhat unlikeable,2 = somewhat unapproachable,2 = somewhat confident the findings are false,5 = very honest,5 = very sincere,5 = very ethical,4 = somewhat likeable,4 = somewhat approachable,reporting researcher (Y),reporting researcher (Y),reporting researcher (Y),reporting researcher (Y),reporting researcher (Y),reporting researcher (Y),reported researcher (X),reporting researcher (Y),reporting researcher (Y),Somewhat disagree,No,White,,Woman,,High School Diploma or GED,Conservative,Heterosexual/straight,,19,Protestantism (Christian),,complete,,81071,0,0,,0,
1/28/2026 11:34,1/28/2026 11:39,IP Address,100,347,TRUE,1/28/2026 11:39,R_15vrp3tUNaaSh9L,anonymous,EN,1,"Yes, I consent",2 = somewhat dishonest,2 = somewhat insincere,1 = very unethical,2 = somewhat unlikeable,3 = neither approachable nor unapproachable,2 = somewhat confident the findings are false,5 = very honest,5 = very sincere,5 = very ethical,2 = somewhat unlikeable,2 = somewhat unapproachable,reporting researcher (S),reporting researcher (S),neither reported (K) nor reporting researcher (S),reporting researcher (S),reporting researcher (S),reporting researcher (S),reported researcher (K),reporting researcher (S),reported researcher (K),1 = very dishonest,1 = very insincere,1 = very unethical,1 = very unlikeable,3 = neither approachable nor unapproachable,1 = very confident the findings are false,5 = very honest,5 = very sincere,5 = very ethical,4 = somewhat likeable,2 = somewhat unapproachable,reporting researcher (F),reporting researcher (F),reported researcher (H),reporting researcher (F),reporting researcher (F),reporting researcher (F),reported researcher (H),reporting researcher (F),reported researcher (H),1 = very dishonest,1 = very insincere,1 = very unethical,1 = very unlikeable,1 = very unapproachable,1 = very confident the findings are false,5 = very honest,5 = very sincere,5 = very ethical,4 = somewhat likeable,2 = somewhat unapproachable,reporting researcher (Y),reporting researcher (Y),reported researcher (X),reporting researcher (Y),reporting researcher (Y),reporting researcher (Y),reported researcher (X),reporting researcher (Y),reported researcher (X),Somewhat disagree,No,White,,Woman,,Some college credit or technical school degree,Lean Liberal,Bisexual,,18,Protestantism (Christian),,complete,,80955,0,0,,0,
1/28/2026 11:27,1/28/2026 11:54,IP Address,100,1587,TRUE,1/28/2026 11:54,R_5Nbk2fgnsaAWtXz,anonymous,EN,1,"Yes, I consent",3 = neither honest nor dishonest,4 = somewhat sincere,3 = neither ethical nor unethical,3 = neither likeable nor unlikeable,3 = neither approachable nor unapproachable,4 = somewhat confident the findings are true,4 = somewhat honest,4 = somewhat sincere,4 = somewhat ethical,3 = neither likeable nor unlikeable,3 = neither approachable nor unapproachable,neither reported (K) nor reporting researcher (S),reporting researcher (S),neither reported (K) nor reporting researcher (S),reporting researcher (S),reporting researcher (S),reporting researcher (S),reported researcher (K),reporting researcher (S),reporting researcher (S),1 = very dishonest,2 = somewhat insincere,2 = somewhat unethical,3 = neither likeable nor unlikeable,3 = neither approachable nor unapproachable,2 = somewhat confident the findings are false,4 = somewhat honest,3 = neither sincere nor insincere,4 = somewhat ethical,3 = neither likeable nor unlikeable,4 = somewhat approachable,neither reported (H) nor reporting researcher (F),reporting researcher (F),neither reported (H) nor reporting researcher (F),neither reported (H) nor reporting researcher (F),reporting researcher (F),reporting researcher (F),neither reported (H) nor reporting researcher (F),reporting researcher (F),reporting researcher (F),3 = neither honest nor dishonest,3 = neither sincere nor insincere,3 = neither ethical nor unethical,4 = somewhat likeable,4 = somewhat approachable,3 = could go either way,4 = somewhat honest,4 = somewhat sincere,4 = somewhat ethical,4 = somewhat likeable,3 = neither approachable nor unapproachable,reporting researcher (Y),reporting researcher (Y),neither reported (X) nor reporting researcher (Y),neither reported (X) nor reporting researcher (Y),reporting researcher (Y),reporting researcher (Y),neither reported (X) nor reporting researcher (Y),reporting researcher (Y),reporting researcher (Y),Somewhat disagree,Yes,White,,Woman,,High School Diploma or GED,Lean Conservative,Heterosexual/straight,,19,Protestantism (Christian),,complete,,81065,0,0,,0,
1/28/2026 13:13,1/28/2026 13:21,IP Address,100,449,TRUE,1/28/2026 13:21,R_6uX3hnykWWeguG0,anonymous,EN,1,"Yes, I consent",4 = somewhat honest,5 = very sincere,4 = somewhat ethical,3 = neither likeable nor unlikeable,5 = very approachable,4 = somewhat confident the findings are true,5 = very honest,5 = very sincere,5 = very ethical,3 = neither likeable nor unlikeable,4 = somewhat approachable,reporting researcher (S),reporting researcher (S),neither reported (K) nor reporting researcher (S),neither reported (K) nor reporting researcher (S),neither reported (K) nor reporting researcher (S),reporting researcher (S),neither reported (K) nor reporting researcher (S),neither reported (K) nor reporting researcher (S),neither reported (K) nor reporting researcher (S),1 = very dishonest,2 = somewhat insincere,1 = very unethical,2 = somewhat unlikeable,3 = neither approachable nor unapproachable,1 = very confident the findings are false,5 = very honest,5 = very sincere,4 = somewhat ethical,4 = somewhat likeable,5 = very approachable,neither reported (H) nor reporting researcher (F),reporting researcher (F),neither reported (H) nor reporting researcher (F),reporting researcher (F),reporting researcher (F),reporting researcher (F),reported researcher (H),reporting researcher (F),reporting researcher (F),1 = very dishonest,1 = very insincere,1 = very unethical,3 = neither likeable nor unlikeable,3 = neither approachable nor unapproachable,1 = very confident the findings are false,5 = very honest,5 = very sincere,4 = somewhat ethical,3 = neither likeable nor unlikeable,3 = neither approachable nor unapproachable,neither reported (X) nor reporting researcher (Y),reporting researcher (Y),neither reported (X) nor reporting researcher (Y),reporting researcher (Y),reporting researcher (Y),reporting researcher (Y),reported researcher (X),reporting researcher (Y),reporting researcher (Y),Somewhat disagree,No,White,,Woman,,Some college credit or technical school degree,Conservative,Heterosexual/straight,,18,Protestantism (Christian),,complete,,81049,0,0,,0,
1/28/2026 11:49,1/28/2026 13:40,IP Address,100,6675,TRUE,1/28/2026 13:40,R_1rGR4wrkBmXtZti,anonymous,EN,1,"Yes, I consent",2 = somewhat dishonest,3 = neither sincere nor insincere,2 = somewhat unethical,3 = neither likeable nor unlikeable,3 = neither approachable nor unapproachable,3 = could go either way,5 = very honest,4 = somewhat sincere,4 = somewhat ethical,2 = somewhat unlikeable,5 = very approachable,neither reported (K) nor reporting researcher (S),reporting researcher (S),neither reported (K) nor reporting researcher (S),reporting researcher (S),reporting researcher (S),reporting researcher (S),reporting researcher (S),reporting researcher (S),reporting researcher (S),2 = somewhat dishonest,3 = neither sincere nor insincere,3 = neither ethical nor unethical,3 = neither likeable nor unlikeable,3 = neither approachable nor unapproachable,3 = could go either way,4 = somewhat honest,4 = somewhat sincere,4 = somewhat ethical,4 = somewhat likeable,4 = somewhat approachable,neither reported (H) nor reporting researcher (F),reporting researcher (F),reported researcher (H),reporting researcher (F),reporting researcher (F),reporting researcher (F),neither reported (H) nor reporting researcher (F),neither reported (H) nor reporting researcher (F),reporting researcher (F),1 = very dishonest,1 = very insincere,1 = very unethical,2 = somewhat unlikeable,3 = neither approachable nor unapproachable,1 = very confident the findings are false,5 = very honest,5 = very sincere,5 = very ethical,4 = somewhat likeable,4 = somewhat approachable,reporting researcher (Y),reporting researcher (Y),neither reported (X) nor reporting researcher (Y),reporting researcher (Y),reporting researcher (Y),reporting researcher (Y),reporting researcher (Y),reporting researcher (Y),reporting researcher (Y),Somewhat disagree,No,White,,Woman,,Some college credit or technical school degree,Lean Conservative,Heterosexual/straight,,20,Protestantism (Christian),,complete,,81116,0,0,,0,
1/28/2026 13:48,1/28/2026 13:54,IP Address,100,334,TRUE,1/28/2026 13:54,R_5dMgZ82SJ4xcXuo,anonymous,EN,1,"Yes, I consent",2 = somewhat dishonest,2 = somewhat insincere,2 = somewhat unethical,2 = somewhat unlikeable,2 = somewhat unapproachable,3 = could go either way,4 = somewhat honest,3 = neither sincere nor insincere,4 = somewhat ethical,4 = somewhat likeable,4 = somewhat approachable,neither reported (K) nor reporting researcher (S),neither reported (K) nor reporting researcher (S),neither reported (K) nor reporting researcher (S),neither reported (K) nor reporting researcher (S),reporting researcher (S),neither reported (K) nor reporting researcher (S),neither reported (K) nor reporting researcher (S),reporting researcher (S),reporting researcher (S),2 = somewhat dishonest,2 = somewhat insincere,2 = somewhat unethical,2 = somewhat unlikeable,2 = somewhat unapproachable,2 = somewhat confident the findings are false,5 = very honest,4 = somewhat sincere,4 = somewhat ethical,4 = somewhat likeable,4 = somewhat approachable,neither reported (H) nor reporting researcher (F),neither reported (H) nor reporting researcher (F),neither reported (H) nor reporting researcher (F),neither reported (H) nor reporting researcher (F),reporting researcher (F),neither reported (H) nor reporting researcher (F),neither reported (H) nor reporting researcher (F),reporting researcher (F),reporting researcher (F),5 = very honest,2 = somewhat insincere,1 = very unethical,2 = somewhat unlikeable,2 = somewhat unapproachable,1 = very confident the findings are false,5 = very honest,4 = somewhat sincere,4 = somewhat ethical,4 = somewhat likeable,4 = somewhat approachable,neither reported (X) nor reporting researcher (Y),neither reported (X) nor reporting researcher (Y),neither reported (X) nor reporting researcher (Y),neither reported (X) nor reporting researcher (Y),reporting researcher (Y),reporting researcher (Y),neither reported (X) nor reporting researcher (Y),reporting researcher (Y),reporting researcher (Y),Somewhat disagree,No,White,,Woman,,Some college credit or technical school degree,Conservative,Heterosexual/straight,,19,Protestantism (Christian),,complete,,81150,0,0,,0,
1/28/2026 15:01,1/28/2026 15:19,IP Address,100,1038,TRUE,1/28/2026 15:19,R_38FAGeDZbcHUPtc,anonymous,EN,1,"Yes, I consent",3 = neither honest nor dishonest,3 = neither sincere nor insincere,3 = neither ethical nor unethical,3 = neither likeable nor unlikeable,3 = neither approachable nor unapproachable,3 = could go either way,4 = somewhat honest,4 = somewhat sincere,4 = somewhat ethical,3 = neither likeable nor unlikeable,4 = somewhat approachable,reporting researcher (S),reporting researcher (S),reporting researcher (S),neither reported (K) nor reporting researcher (S),neither reported (K) nor reporting researcher (S),reporting researcher (S),reporting researcher (S),reporting researcher (S),neither reported (K) nor reporting researcher (S),1 = very dishonest,3 = neither sincere nor insincere,2 = somewhat unethical,3 = neither likeable nor unlikeable,3 = neither approachable nor unapproachable,2 = somewhat confident the findings are false,4 = somewhat honest,4 = somewhat sincere,4 = somewhat ethical,4 = somewhat likeable,3 = neither approachable nor unapproachable,reporting researcher (F),reporting researcher (F),reporting researcher (F),neither reported (H) nor reporting researcher (F),neither reported (H) nor reporting researcher (F),reporting researcher (F),reporting researcher (F),reporting researcher (F),neither reported (H) nor reporting researcher (F),1 = very dishonest,2 = somewhat insincere,2 = somewhat unethical,2 = somewhat unlikeable,3 = neither approachable nor unapproachable,2 = somewhat confident the findings are false,4 = somewhat honest,4 = somewhat sincere,4 = somewhat ethical,4 = somewhat likeable,4 = somewhat approachable,reporting researcher (Y),reporting researcher (Y),reporting researcher (Y),reporting researcher (Y),reporting researcher (Y),reporting researcher (Y),reporting researcher (Y),reporting researcher (Y),reporting researcher (Y),Somewhat disagree,No,White,,Woman,,Some college credit or technical school degree,Strongly Conservative,Heterosexual/straight,,18,Protestantism (Christian),,complete,,81332,0,0,,0,
1/28/2026 15:15,1/28/2026 15:22,IP Address,100,442,TRUE,1/28/2026 15:22,R_14pzToHmPwkrNSa,anonymous,EN,1,"Yes, I consent",2 = somewhat dishonest,4 = somewhat sincere,2 = somewhat unethical,2 = somewhat unlikeable,2 = somewhat unapproachable,4 = somewhat confident the findings are true,5 = very honest,5 = very sincere,5 = very ethical,5 = very likeable,5 = very approachable,reporting researcher (S),reporting researcher (S),reported researcher (K),reporting researcher (S),reporting researcher (S),reporting researcher (S),reported researcher (K),reporting researcher (S),reporting researcher (S),1 = very dishonest,4 = somewhat sincere,2 = somewhat unethical,2 = somewhat unlikeable,2 = somewhat unapproachable,2 = somewhat confident the findings are false,5 = very honest,4 = somewhat sincere,4 = somewhat ethical,4 = somewhat likeable,4 = somewhat approachable,reporting researcher (F),reporting researcher (F),reported researcher (H),reporting researcher (F),reporting researcher (F),reporting researcher (F),reported researcher (H),reporting researcher (F),reporting researcher (F),1 = very dishonest,1 = very insincere,1 = very unethical,1 = very unlikeable,1 = very unapproachable,1 = very confident the findings are false,5 = very honest,5 = very sincere,5 = very ethical,5 = very likeable,5 = very approachable,reporting researcher (Y),reporting researcher (Y),reported researcher (X),reporting researcher (Y),reporting researcher (Y),reporting researcher (Y),reported researcher (X),reporting researcher (Y),reporting researcher (Y),Somewhat disagree,No,White,,Man,,Some college credit or technical school degree,Conservative,Heterosexual/straight,,19,Protestantism (Christian),,complete,,81396,0,0,,0,
1/28/2026 15:34,1/28/2026 15:41,IP Address,100,394,TRUE,1/28/2026 15:41,R_79trhn14Qwv5Elj,anonymous,EN,1,"Yes, I consent",2 = somewhat dishonest,4 = somewhat sincere,2 = somewhat unethical,4 = somewhat likeable,4 = somewhat approachable,3 = could go either way,5 = very honest,5 = very sincere,5 = very ethical,4 = somewhat likeable,2 = somewhat unapproachable,reporting researcher (S),reporting researcher (S),neither reported (K) nor reporting researcher (S),reporting researcher (S),reporting researcher (S),reporting researcher (S),reported researcher (K),reporting researcher (S),reporting researcher (S),1 = very dishonest,1 = very insincere,1 = very unethical,3 = neither likeable nor unlikeable,3 = neither approachable nor unapproachable,1 = very confident the findings are false,5 = very honest,5 = very sincere,5 = very ethical,3 = neither likeable nor unlikeable,3 = neither approachable nor unapproachable,reporting researcher (F),reporting researcher (F),reported researcher (H),reporting researcher (F),reporting researcher (F),reporting researcher (F),neither reported (H) nor reporting researcher (F),reporting researcher (F),reporting researcher (F),1 = very dishonest,1 = very insincere,1 = very unethical,2 = somewhat unlikeable,3 = neither approachable nor unapproachable,1 = very confident the findings are false,5 = very honest,5 = very sincere,5 = very ethical,3 = neither likeable nor unlikeable,4 = somewhat approachable,reporting researcher (Y),reporting researcher (Y),reported researcher (X),reporting researcher (Y),reporting researcher (Y),reporting researcher (Y),neither reported (X) nor reporting researcher (Y),reporting researcher (Y),reporting researcher (Y),Somewhat disagree,No,White,,Woman,,Some college credit or technical school degree,Lean Conservative,Heterosexual/straight,,20,Protestantism (Christian),,complete,,81608,0,0,,0,
1/28/2026 17:20,1/28/2026 17:28,IP Address,100,487,TRUE,1/28/2026 17:28,R_1NkvNtM1Wmjz8AZ,anonymous,EN,1,"Yes, I consent",4 = somewhat honest,2 = somewhat insincere,4 = somewhat ethical,3 = neither likeable nor unlikeable,3 = neither approachable nor unapproachable,3 = could go either way,4 = somewhat honest,4 = somewhat sincere,4 = somewhat ethical,3 = neither likeable nor unlikeable,3 = neither approachable nor unapproachable,reporting researcher (S),reporting researcher (S),neither reported (K) nor reporting researcher (S),reporting researcher (S),reporting researcher (S),reporting researcher (S),neither reported (K) nor reporting researcher (S),reporting researcher (S),reporting researcher (S),1 = very dishonest,1 = very insincere,2 = somewhat unethical,2 = somewhat unlikeable,3 = neither approachable nor unapproachable,2 = somewhat confident the findings are false,5 = very honest,4 = somewhat sincere,4 = somewhat ethical,3 = neither likeable nor unlikeable,4 = somewhat approachable,reporting researcher (F),reporting researcher (F),neither reported (H) nor reporting researcher (F),reporting researcher (F),reporting researcher (F),reporting researcher (F),reporting researcher (F),reporting researcher (F),reporting researcher (F),1 = very dishonest,1 = very insincere,1 = very unethical,3 = neither likeable nor unlikeable,3 = neither approachable nor unapproachable,1 = very confident the findings are false,5 = very honest,5 = very sincere,5 = very ethical,3 = neither likeable nor unlikeable,3 = neither approachable nor unapproachable,reporting researcher (Y),reporting researcher (Y),reporting researcher (Y),reporting researcher (Y),reporting researcher (Y),reporting researcher (Y),neither reported (X) nor reporting researcher (Y),reporting researcher (Y),reporting researcher (Y),Somewhat disagree,No,White,,Woman,,Some college credit or technical school degree,Centrist,Heterosexual/straight,,18,Catholicism,,complete,,81057,0,0,,0,
1/28/2026 17:30,1/28/2026 17:33,IP Address,100,202,TRUE,1/28/2026 17:33,R_7QsDFH2tOd70doK,anonymous,EN,1,"Yes, I consent",5 = very honest,4 = somewhat sincere,1 = very unethical,5 = very likeable,3 = neither approachable nor unapproachable,2 = somewhat confident the findings are false,4 = somewhat honest,3 = neither sincere nor insincere,1 = very unethical,2 = somewhat unlikeable,2 = somewhat unapproachable,reporting researcher (S),neither reported (K) nor reporting researcher (S),reported researcher (K),reported researcher (K),neither reported (K) nor reporting researcher (S),neither reported (K) nor reporting researcher (S),neither reported (K) nor reporting researcher (S),reported researcher (K),neither reported (K) nor reporting researcher (S),2 = somewhat dishonest,4 = somewhat sincere,3 = neither ethical nor unethical,1 = very unlikeable,1 = very unapproachable,4 = somewhat confident the findings are true,4 = somewhat honest,1 = very insincere,2 = somewhat unethical,2 = somewhat unlikeable,2 = somewhat unapproachable,reporting researcher (F),neither reported (H) nor reporting researcher (F),reported researcher (H),neither reported (H) nor reporting researcher (F),reporting researcher (F),reporting researcher (F),reporting researcher (F),neither reported (H) nor reporting researcher (F),neither reported (H) nor reporting researcher (F),2 = somewhat dishonest,4 = somewhat sincere,4 = somewhat ethical,1 = very unlikeable,1 = very unapproachable,1 = very confident the findings are false,1 = very dishonest,1 = very insincere,3 = neither ethical nor unethical,1 = very unlikeable,3 = neither approachable nor unapproachable,neither reported (X) nor reporting researcher (Y),neither reported (X) nor reporting researcher (Y),reporting researcher (Y),reporting researcher (Y),neither reported (X) nor reporting researcher (Y),neither reported (X) nor reporting researcher (Y),neither reported (X) nor reporting researcher (Y),reported researcher (X),reported researcher (X),Somewhat disagree,No,White,,Prefer not to say,,Some High School,Conservative,Heterosexual/straight,,19,Protestantism (Christian),,complete,,81072,0,0,,0,
1/28/2026 17:29,1/28/2026 17:36,IP Address,100,413,TRUE,1/28/2026 17:36,R_5r6BxXPsxX0IapP,anonymous,EN,1,"Yes, I consent",5 = very honest,4 = somewhat sincere,4 = somewhat ethical,5 = very likeable,5 = very approachable,4 = somewhat confident the findings are true,5 = very honest,5 = very sincere,5 = very ethical,5 = very likeable,5 = very approachable,reporting researcher (S),reporting researcher (S),reporting researcher (S),reporting researcher (S),reporting researcher (S),reporting researcher (S),reported researcher (K),reporting researcher (S),reporting researcher (S),1 = very dishonest,1 = very insincere,1 = very unethical,2 = somewhat unlikeable,3 = neither approachable nor unapproachable,2 = somewhat confident the findings are false,5 = very honest,5 = very sincere,4 = somewhat ethical,5 = very likeable,5 = very approachable,reporting researcher (F),reporting researcher (F),neither reported (H) nor reporting researcher (F),reporting researcher (F),reporting researcher (F),reporting researcher (F),neither reported (H) nor reporting researcher (F),reporting researcher (F),reporting researcher (F),1 = very dishonest,1 = very insincere,1 = very unethical,1 = very unlikeable,3 = neither approachable nor unapproachable,1 = very confident the findings are false,4 = somewhat honest,5 = very sincere,4 = somewhat ethical,5 = very likeable,5 = very approachable,reporting researcher (Y),reporting researcher (Y),neither reported (X) nor reporting researcher (Y),reporting researcher (Y),neither reported (X) nor reporting researcher (Y),reporting researcher (Y),reported researcher (X),reporting researcher (Y),neither reported (X) nor reporting researcher (Y),Somewhat disagree,Yes,,,Man,,High School Diploma or GED,Conservative,Heterosexual/straight,,18,Not Affiliated,,complete,,81502,0,0,,0.014285714285714285,QID1219732970
1/28/2026 18:53,1/28/2026 19:01,IP Address,100,491,TRUE,1/28/2026 19:01,R_1n97gE5sqY1gHgf,anonymous,EN,1,"Yes, I consent",2 = somewhat dishonest,4 = somewhat sincere,3 = neither ethical nor unethical,3 = neither likeable nor unlikeable,4 = somewhat approachable,3 = could go either way,5 = very honest,5 = very sincere,5 = very ethical,3 = neither likeable nor unlikeable,3 = neither approachable nor unapproachable,neither reported (K) nor reporting researcher (S),reporting researcher (S),reporting researcher (S),reporting researcher (S),reporting researcher (S),reporting researcher (S),neither reported (K) nor reporting researcher (S),reporting researcher (S),reporting researcher (S),1 = very dishonest,1 = very insincere,1 = very unethical,2 = somewhat unlikeable,3 = neither approachable nor unapproachable,1 = very confident the findings are false,5 = very honest,5 = very sincere,5 = very ethical,5 = very likeable,4 = somewhat approachable,reporting researcher (F),reporting researcher (F),neither reported (H) nor reporting researcher (F),reporting researcher (F),reporting researcher (F),reporting researcher (F),reporting researcher (F),reporting researcher (F),reporting researcher (F),1 = very dishonest,1 = very insincere,1 = very unethical,1 = very unlikeable,1 = very unapproachable,1 = very confident the findings are false,5 = very honest,5 = very sincere,5 = very ethical,5 = very likeable,5 = very approachable,reporting researcher (Y),reporting researcher (Y),reporting researcher (Y),reporting researcher (Y),reporting researcher (Y),reporting researcher (Y),reporting researcher (Y),reporting researcher (Y),reporting researcher (Y),Somewhat disagree,No,White,,Woman,,High School Diploma or GED,Centrist,Heterosexual/straight,,18,Protestantism (Christian),,complete,,81360,0,0,,0,
1/28/2026 19:25,1/28/2026 19:38,IP Address,100,780,TRUE,1/28/2026 19:38,R_1N24JIrgvziTLUM,anonymous,EN,1,"Yes, I consent",5 = very honest,5 = very sincere,5 = very ethical,5 = very likeable,5 = very approachable,5 = very confident the findings are true,5 = very honest,5 = very sincere,4 = somewhat ethical,5 = very likeable,5 = very approachable,neither reported (K) nor reporting researcher (S),neither reported (K) nor reporting researcher (S),reporting researcher (S),reporting researcher (S),reporting researcher (S),reporting researcher (S),reported researcher (K),reporting researcher (S),reporting researcher (S),2 = somewhat dishonest,2 = somewhat insincere,2 = somewhat unethical,3 = neither likeable nor unlikeable,3 = neither approachable nor unapproachable,2 = somewhat confident the findings are false,5 = very honest,5 = very sincere,5 = very ethical,5 = very likeable,5 = very approachable,reporting researcher (F),reporting researcher (F),reporting researcher (F),reporting researcher (F),reporting researcher (F),reporting researcher (F),reported researcher (H),reporting researcher (F),reporting researcher (F),1 = very dishonest,1 = very insincere,1 = very unethical,1 = very unlikeable,1 = very unapproachable,1 = very confident the findings are false,5 = very honest,5 = very sincere,5 = very ethical,5 = very likeable,5 = very approachable,reporting researcher (Y),reporting researcher (Y),reporting researcher (Y),reporting researcher (Y),reporting researcher (Y),reporting researcher (Y),reported researcher (X),reporting researcher (Y),reporting researcher (Y),Somewhat disagree,No,White,,Woman,,High School Diploma or GED,Conservative,Heterosexual/straight,,18,Other,Christian / Non-denominational ,complete,,81664,0,0,,0,
1/28/2026 19:39,1/28/2026 19:47,IP Address,100,474,TRUE,1/28/2026 19:47,R_5IPRuXmrAFLddjq,anonymous,EN,1,"Yes, I consent",2 = somewhat dishonest,2 = somewhat insincere,2 = somewhat unethical,3 = neither likeable nor unlikeable,3 = neither approachable nor unapproachable,3 = could go either way,4 = somewhat honest,4 = somewhat sincere,3 = neither ethical nor unethical,3 = neither likeable nor unlikeable,4 = somewhat approachable,reporting researcher (S),reporting researcher (S),reporting researcher (S),reporting researcher (S),reporting researcher (S),reporting researcher (S),reported researcher (K),reporting researcher (S),reported researcher (K),1 = very dishonest,2 = somewhat insincere,2 = somewhat unethical,2 = somewhat unlikeable,3 = neither approachable nor unapproachable,1 = very confident the findings are false,4 = somewhat honest,3 = neither sincere nor insincere,4 = somewhat ethical,3 = neither likeable nor unlikeable,3 = neither approachable nor unapproachable,neither reported (H) nor reporting researcher (F),reporting researcher (F),reported researcher (H),reporting researcher (F),reporting researcher (F),reporting researcher (F),reported researcher (H),reporting researcher (F),reported researcher (H),1 = very dishonest,2 = somewhat insincere,1 = very unethical,1 = very unlikeable,1 = very unapproachable,1 = very confident the findings are false,5 = very honest,5 = very sincere,5 = very ethical,4 = somewhat likeable,4 = somewhat approachable,reporting researcher (Y),reporting researcher (Y),reported researcher (X),reporting researcher (Y),reporting researcher (Y),reporting researcher (Y),reported researcher (X),reporting researcher (Y),reported researcher (X),Somewhat disagree,No,White,,Woman,,Some college credit or technical school degree,Conservative,Heterosexual/straight,,19,Protestantism (Christian),,complete,,81212,0,0,,0,
1/28/2026 20:02,1/28/2026 20:12,IP Address,100,623,TRUE,1/28/2026 20:12,R_6oN2gTebyLESx4B,anonymous,EN,1,"Yes, I consent",2 = somewhat dishonest,3 = neither sincere nor insincere,2 = somewhat unethical,3 = neither likeable nor unlikeable,3 = neither approachable nor unapproachable,4 = somewhat confident the findings are true,3 = neither honest nor dishonest,3 = neither sincere nor insincere,3 = neither ethical nor unethical,2 = somewhat unlikeable,3 = neither approachable nor unapproachable,neither reported (K) nor reporting researcher (S),neither reported (K) nor reporting researcher (S),reported researcher (K),neither reported (K) nor reporting researcher (S),neither reported (K) nor reporting researcher (S),neither reported (K) nor reporting researcher (S),reported researcher (K),neither reported (K) nor reporting researcher (S),neither reported (K) nor reporting researcher (S),1 = very dishonest,1 = very insincere,1 = very unethical,1 = very unlikeable,3 = neither approachable nor unapproachable,1 = very confident the findings are false,4 = somewhat honest,4 = somewhat sincere,4 = somewhat ethical,4 = somewhat likeable,3 = neither approachable nor unapproachable,reporting researcher (F),reporting researcher (F),reported researcher (H),reporting researcher (F),reporting researcher (F),reporting researcher (F),reporting researcher (F),reporting researcher (F),reporting researcher (F),1 = very dishonest,1 = very insincere,1 = very unethical,2 = somewhat unlikeable,3 = neither approachable nor unapproachable,2 = somewhat confident the findings are false,4 = somewhat honest,3 = neither sincere nor insincere,4 = somewhat ethical,4 = somewhat likeable,3 = neither approachable nor unapproachable,neither reported (X) nor reporting researcher (Y),reporting researcher (Y),reported researcher (X),reporting researcher (Y),reporting researcher (Y),reporting researcher (Y),reporting researcher (Y),reporting researcher (Y),reporting researcher (Y),Somewhat disagree,Yes,White,,Man,,Some college credit or technical school degree,Liberal,Heterosexual/straight,,20,Not Affiliated,,complete,,81508,0,0,,0,
1/28/2026 12:15,1/28/2026 20:15,IP Address,100,28822,TRUE,1/28/2026 20:15,R_1j0XRHe7b8ek77M,anonymous,EN,1,"Yes, I consent",2 = somewhat dishonest,3 = neither sincere nor insincere,2 = somewhat unethical,3 = neither likeable nor unlikeable,3 = neither approachable nor unapproachable,2 = somewhat confident the findings are false,4 = somewhat honest,3 = neither sincere nor insincere,4 = somewhat ethical,3 = neither likeable nor unlikeable,3 = neither approachable nor unapproachable,neither reported (K) nor reporting researcher (S),reporting researcher (S),reporting researcher (S),neither reported (K) nor reporting researcher (S),neither reported (K) nor reporting researcher (S),reporting researcher (S),reported researcher (K),reporting researcher (S),reporting researcher (S),2 = somewhat dishonest,3 = neither sincere nor insincere,2 = somewhat unethical,3 = neither likeable nor unlikeable,3 = neither approachable nor unapproachable,2 = somewhat confident the findings are false,4 = somewhat honest,3 = neither sincere nor insincere,3 = neither ethical nor unethical,3 = neither likeable nor unlikeable,3 = neither approachable nor unapproachable,neither reported (H) nor reporting researcher (F),reporting researcher (F),reported researcher (H),neither reported (H) nor reporting researcher (F),reporting researcher (F),reporting researcher (F),reported researcher (H),reporting researcher (F),reporting researcher (F),3 = neither honest nor dishonest,4 = somewhat sincere,2 = somewhat unethical,2 = somewhat unlikeable,4 = somewhat approachable,3 = could go either way,4 = somewhat honest,4 = somewhat sincere,3 = neither ethical nor unethical,3 = neither likeable nor unlikeable,3 = neither approachable nor unapproachable,neither reported (X) nor reporting researcher (Y),reporting researcher (Y),reported researcher (X),neither reported (X) nor reporting researcher (Y),reporting researcher (Y),neither reported (X) nor reporting researcher (Y),reported researcher (X),reporting researcher (Y),reporting researcher (Y),Somewhat disagree,No,White,,Woman,,Some college credit or technical school degree,Centrist,Heterosexual/straight,,19,Protestantism (Christian),,complete,,80970,0,0,,0,
1/28/2026 20:38,1/28/2026 21:15,IP Address,100,2234,TRUE,1/28/2026 21:15,R_12rIGCWoRCiAHri,anonymous,EN,1,"Yes, I consent",3 = neither honest nor dishonest,2 = somewhat insincere,3 = neither ethical nor unethical,1 = very unlikeable,3 = neither approachable nor unapproachable,4 = somewhat confident the findings are true,2 = somewhat dishonest,1 = very insincere,3 = neither ethical nor unethical,2 = somewhat unlikeable,3 = neither approachable nor unapproachable,reported researcher (K),reported researcher (K),reported researcher (K),neither reported (K) nor reporting researcher (S),neither reported (K) nor reporting researcher (S),reported researcher (K),neither reported (K) nor reporting researcher (S),neither reported (K) nor reporting researcher (S),neither reported (K) nor reporting researcher (S),3 = neither honest nor dishonest,3 = neither sincere nor insincere,3 = neither ethical nor unethical,4 = somewhat likeable,3 = neither approachable nor unapproachable,4 = somewhat confident the findings are true,4 = somewhat honest,4 = somewhat sincere,3 = neither ethical nor unethical,3 = neither likeable nor unlikeable,2 = somewhat unapproachable,reported researcher (H),neither reported (H) nor reporting researcher (F),reported researcher (H),neither reported (H) nor reporting researcher (F),neither reported (H) nor reporting researcher (F),neither reported (H) nor reporting researcher (F),reporting researcher (F),reporting researcher (F),reporting researcher (F),1 = very dishonest,1 = very insincere,1 = very unethical,1 = very unlikeable,1 = very unapproachable,3 = could go either way,4 = somewhat honest,5 = very sincere,3 = neither ethical nor unethical,4 = somewhat likeable,3 = neither approachable nor unapproachable,neither reported (X) nor reporting researcher (Y),reporting researcher (Y),neither reported (X) nor reporting researcher (Y),neither reported (X) nor reporting researcher (Y),neither reported (X) nor reporting researcher (Y),reporting researcher (Y),reported researcher (X),reporting researcher (Y),reporting researcher (Y),Somewhat disagree,No,White,,Woman,,High School Diploma or GED,Centrist,Heterosexual/straight,,20,Other,,complete,,80977,0,0,,0.014084507042253521,QID81
1/28/2026 23:00,1/28/2026 23:10,IP Address,100,603,TRUE,1/28/2026 23:10,R_1EtA9dvIP5ynERJ,anonymous,EN,1,"Yes, I consent",4 = somewhat honest,3 = neither sincere nor insincere,4 = somewhat ethical,3 = neither likeable nor unlikeable,4 = somewhat approachable,3 = could go either way,4 = somewhat honest,4 = somewhat sincere,3 = neither ethical nor unethical,3 = neither likeable nor unlikeable,3 = neither approachable nor unapproachable,neither reported (K) nor reporting researcher (S),reporting researcher (S),neither reported (K) nor reporting researcher (S),neither reported (K) nor reporting researcher (S),reporting researcher (S),reporting researcher (S),reported researcher (K),reporting researcher (S),reporting researcher (S),2 = somewhat dishonest,2 = somewhat insincere,2 = somewhat unethical,3 = neither likeable nor unlikeable,2 = somewhat unapproachable,2 = somewhat confident the findings are false,4 = somewhat honest,4 = somewhat sincere,3 = neither ethical nor unethical,3 = neither likeable nor unlikeable,4 = somewhat approachable,reporting researcher (F),reporting researcher (F),neither reported (H) nor reporting researcher (F),reporting researcher (F),reporting researcher (F),neither reported (H) nor reporting researcher (F),reported researcher (H),reporting researcher (F),reporting researcher (F),1 = very dishonest,2 = somewhat insincere,2 = somewhat unethical,1 = very unlikeable,3 = neither approachable nor unapproachable,1 = very confident the findings are false,4 = somewhat honest,3 = neither sincere nor insincere,4 = somewhat ethical,3 = neither likeable nor unlikeable,4 = somewhat approachable,neither reported (X) nor reporting researcher (Y),reporting researcher (Y),neither reported (X) nor reporting researcher (Y),reporting researcher (Y),reporting researcher (Y),reporting researcher (Y),reporting researcher (Y),reporting researcher (Y),reporting researcher (Y),Somewhat disagree,No,White,,Woman,,High School Diploma or GED,Lean Liberal,Heterosexual/straight,,19,Not Affiliated,,complete,,81718,0,0,,0,
1/28/2026 22:36,1/28/2026 23:38,IP Address,100,3701,TRUE,1/28/2026 23:38,R_31lO9RSF0sref0l,anonymous,EN,1,"Yes, I consent",4 = somewhat honest,4 = somewhat sincere,4 = somewhat ethical,4 = somewhat likeable,4 = somewhat approachable,3 = could go either way,5 = very honest,5 = very sincere,5 = very ethical,3 = neither likeable nor unlikeable,2 = somewhat unapproachable,neither reported (K) nor reporting researcher (S),reporting researcher (S),reporting researcher (S),reporting researcher (S),reporting researcher (S),reporting researcher (S),reported researcher (K),reporting researcher (S),reported researcher (K),1 = very dishonest,2 = somewhat insincere,1 = very unethical,2 = somewhat unlikeable,2 = somewhat unapproachable,2 = somewhat confident the findings are false,5 = very honest,5 = very sincere,5 = very ethical,5 = very likeable,4 = somewhat approachable,neither reported (H) nor reporting researcher (F),reporting researcher (F),reported researcher (H),reporting researcher (F),reporting researcher (F),reporting researcher (F),reported researcher (H),reporting researcher (F),reported researcher (H),1 = very dishonest,1 = very insincere,1 = very unethical,1 = very unlikeable,1 = very unapproachable,1 = very confident the findings are false,5 = very honest,5 = very sincere,5 = very ethical,5 = very likeable,5 = very approachable,reporting researcher (Y),reporting researcher (Y),reporting researcher (Y),reporting researcher (Y),reporting researcher (Y),reporting researcher (Y),reporting researcher (Y),reporting researcher (Y),reporting researcher (Y),Somewhat disagree,No,White,,Woman,,Some college credit or technical school degree,Liberal,Heterosexual/straight,,18,Protestantism (Christian),,complete,,81667,0,0,,0,
1/29/2026 7:08,1/29/2026 7:14,IP Address,100,345,TRUE,1/29/2026 7:14,R_7R8O1j7nJlkGRxf,anonymous,EN,1,"Yes, I consent",1 = very dishonest,1 = very insincere,1 = very unethical,1 = very unlikeable,3 = neither approachable nor unapproachable,1 = very confident the findings are false,5 = very honest,5 = very sincere,5 = very ethical,3 = neither likeable nor unlikeable,3 = neither approachable nor unapproachable,reporting researcher (S),reporting researcher (S),neither reported (K) nor reporting researcher (S),reporting researcher (S),reporting researcher (S),reporting researcher (S),reporting researcher (S),reporting researcher (S),reporting researcher (S),1 = very dishonest,1 = very insincere,1 = very unethical,1 = very unlikeable,3 = neither approachable nor unapproachable,1 = very confident the findings are false,5 = very honest,5 = very sincere,5 = very ethical,5 = very likeable,3 = neither approachable nor unapproachable,reporting researcher (F),reporting researcher (F),neither reported (H) nor reporting researcher (F),reporting researcher (F),reporting researcher (F),reporting researcher (F),reporting researcher (F),reporting researcher (F),reporting researcher (F),1 = very dishonest,1 = very insincere,1 = very unethical,1 = very unlikeable,3 = neither approachable nor unapproachable,1 = very confident the findings are false,5 = very honest,5 = very sincere,5 = very ethical,5 = very likeable,3 = neither approachable nor unapproachable,reporting researcher (Y),reporting researcher (Y),neither reported (X) nor reporting researcher (Y),reporting researcher (Y),reporting researcher (Y),reporting researcher (Y),reporting researcher (Y),reporting researcher (Y),reporting researcher (Y),Somewhat disagree,Yes,White,,Woman,,High School Diploma or GED,Strongly Conservative,Heterosexual/straight,,20,Protestantism (Christian),,complete,,81713,0,0,,0,
1/29/2026 8:30,1/29/2026 8:40,IP Address,100,594,TRUE,1/29/2026 8:40,R_3GtkbeDeq3bPU65,anonymous,EN,1,"Yes, I consent",4 = somewhat honest,5 = very sincere,5 = very ethical,4 = somewhat likeable,4 = somewhat approachable,3 = could go either way,2 = somewhat dishonest,3 = neither sincere nor insincere,3 = neither ethical nor unethical,3 = neither likeable nor unlikeable,3 = neither approachable nor unapproachable,neither reported (K) nor reporting researcher (S),neither reported (K) nor reporting researcher (S),neither reported (K) nor reporting researcher (S),reported researcher (K),neither reported (K) nor reporting researcher (S),neither reported (K) nor reporting researcher (S),neither reported (K) nor reporting researcher (S),neither reported (K) nor reporting researcher (S),neither reported (K) nor reporting researcher (S),1 = very dishonest,1 = very insincere,1 = very unethical,2 = somewhat unlikeable,1 = very unapproachable,1 = very confident the findings are false,5 = very honest,5 = very sincere,5 = very ethical,5 = very likeable,5 = very approachable,neither reported (H) nor reporting researcher (F),neither reported (H) nor reporting researcher (F),reported researcher (H),reporting researcher (F),reporting researcher (F),reporting researcher (F),neither reported (H) nor reporting researcher (F),reporting researcher (F),reporting researcher (F),1 = very dishonest,1 = very insincere,1 = very unethical,2 = somewhat unlikeable,1 = very unapproachable,1 = very confident the findings are false,5 = very honest,4 = somewhat sincere,4 = somewhat ethical,5 = very likeable,5 = very approachable,reporting researcher (Y),reporting researcher (Y),neither reported (X) nor reporting researcher (Y),reporting researcher (Y),reporting researcher (Y),reporting researcher (Y),reporting researcher (Y),reporting researcher (Y),reporting researcher (Y),Somewhat disagree,No,White,,Woman,,High School Diploma or GED,Lean Conservative,Heterosexual/straight,,19,Protestantism (Christian),,complete,,81179,0,0,,0,
1/29/2026 8:34,1/29/2026 8:42,IP Address,100,452,TRUE,1/29/2026 8:42,R_5jSQ8eAg1YzkHvg,anonymous,EN,1,"Yes, I consent",3 = neither honest nor dishonest,3 = neither sincere nor insincere,3 = neither ethical nor unethical,3 = neither likeable nor unlikeable,3 = neither approachable nor unapproachable,3 = could go either way,3 = neither honest nor dishonest,2 = somewhat insincere,3 = neither ethical nor unethical,3 = neither likeable nor unlikeable,3 = neither approachable nor unapproachable,reported researcher (K),reported researcher (K),neither reported (K) nor reporting researcher (S),reported researcher (K),reported researcher (K),reported researcher (K),reported researcher (K),reported researcher (K),reported researcher (K),1 = very dishonest,2 = somewhat insincere,1 = very unethical,2 = somewhat unlikeable,2 = somewhat unapproachable,2 = somewhat confident the findings are false,2 = somewhat dishonest,2 = somewhat insincere,2 = somewhat unethical,2 = somewhat unlikeable,2 = somewhat unapproachable,neither reported (H) nor reporting researcher (F),neither reported (H) nor reporting researcher (F),neither reported (H) nor reporting researcher (F),neither reported (H) nor reporting researcher (F),neither reported (H) nor reporting researcher (F),neither reported (H) nor reporting researcher (F),neither reported (H) nor reporting researcher (F),neither reported (H) nor reporting researcher (F),neither reported (H) nor reporting researcher (F),1 = very dishonest,1 = very insincere,1 = very unethical,1 = very unlikeable,1 = very unapproachable,2 = somewhat confident the findings are false,2 = somewhat dishonest,1 = very insincere,2 = somewhat unethical,2 = somewhat unlikeable,2 = somewhat unapproachable,neither reported (X) nor reporting researcher (Y),neither reported (X) nor reporting researcher (Y),neither reported (X) nor reporting researcher (Y),neither reported (X) nor reporting researcher (Y),neither reported (X) nor reporting researcher (Y),neither reported (X) nor reporting researcher (Y),neither reported (X) nor reporting researcher (Y),neither reported (X) nor reporting researcher (Y),neither reported (X) nor reporting researcher (Y),Somewhat disagree,No,White,,Woman,,High School Diploma or GED,Strongly Conservative,Heterosexual/straight,,19,Catholicism,,complete,,81178,0,0,,0,
1/29/2026 9:12,1/29/2026 9:24,IP Address,100,754,TRUE,1/29/2026 9:24,R_5KHeJqFaZ7o1yUX,anonymous,EN,1,"Yes, I consent",3 = neither honest nor dishonest,3 = neither sincere nor insincere,3 = neither ethical nor unethical,3 = neither likeable nor unlikeable,3 = neither approachable nor unapproachable,3 = could go either way,4 = somewhat honest,4 = somewhat sincere,4 = somewhat ethical,4 = somewhat likeable,4 = somewhat approachable,neither reported (K) nor reporting researcher (S),reporting researcher (S),reporting researcher (S),neither reported (K) nor reporting researcher (S),reporting researcher (S),neither reported (K) nor reporting researcher (S),reported researcher (K),reported researcher (K),reporting researcher (S),2 = somewhat dishonest,3 = neither sincere nor insincere,4 = somewhat ethical,4 = somewhat likeable,4 = somewhat approachable,3 = could go either way,5 = very honest,4 = somewhat sincere,4 = somewhat ethical,3 = neither likeable nor unlikeable,4 = somewhat approachable,reported researcher (H),reported researcher (H),reported researcher (H),neither reported (H) nor reporting researcher (F),reporting researcher (F),reported researcher (H),reported researcher (H),reported researcher (H),reported researcher (H),1 = very dishonest,2 = somewhat insincere,2 = somewhat unethical,1 = very unlikeable,1 = very unapproachable,2 = somewhat confident the findings are false,5 = very honest,4 = somewhat sincere,5 = very ethical,4 = somewhat likeable,5 = very approachable,neither reported (X) nor reporting researcher (Y),reporting researcher (Y),reported researcher (X),neither reported (X) nor reporting researcher (Y),reporting researcher (Y),reporting researcher (Y),reported researcher (X),reporting researcher (Y),reporting researcher (Y),Somewhat disagree,No,White,,Woman,,High School Diploma or GED,Conservative,Heterosexual/straight,,18,Catholicism,,complete,,80986,0,0,,0,
1/29/2026 9:27,1/29/2026 9:38,IP Address,100,659,TRUE,1/29/2026 9:38,R_1eq8AIOLkrFAATZ,anonymous,EN,1,"Yes, I consent",3 = neither honest nor dishonest,4 = somewhat sincere,3 = neither ethical nor unethical,3 = neither likeable nor unlikeable,4 = somewhat approachable,4 = somewhat confident the findings are true,3 = neither honest nor dishonest,2 = somewhat insincere,3 = neither ethical nor unethical,2 = somewhat unlikeable,2 = somewhat unapproachable,reported researcher (K),reported researcher (K),reported researcher (K),reported researcher (K),neither reported (K) nor reporting researcher (S),reported researcher (K),reported researcher (K),neither reported (K) nor reporting researcher (S),reported researcher (K),2 = somewhat dishonest,2 = somewhat insincere,2 = somewhat unethical,3 = neither likeable nor unlikeable,3 = neither approachable nor unapproachable,3 = could go either way,5 = very honest,4 = somewhat sincere,5 = very ethical,4 = somewhat likeable,3 = neither approachable nor unapproachable,neither reported (H) nor reporting researcher (F),neither reported (H) nor reporting researcher (F),reported researcher (H),reporting researcher (F),reporting researcher (F),neither reported (H) nor reporting researcher (F),reported researcher (H),reporting researcher (F),neither reported (H) nor reporting researcher (F),1 = very dishonest,2 = somewhat insincere,1 = very unethical,2 = somewhat unlikeable,3 = neither approachable nor unapproachable,2 = somewhat confident the findings are false,4 = somewhat honest,5 = very sincere,5 = very ethical,3 = neither likeable nor unlikeable,3 = neither approachable nor unapproachable,neither reported (X) nor reporting researcher (Y),reporting researcher (Y),reported researcher (X),reporting researcher (Y),reporting researcher (Y),reported researcher (X),reported researcher (X),reporting researcher (Y),neither reported (X) nor reporting researcher (Y),Somewhat disagree,No,White,,Man,,Some High School,Lean Conservative,Heterosexual/straight,,19,Not Affiliated,,complete,,81039,0,0,,0,
1/29/2026 9:17,1/29/2026 9:49,IP Address,100,1971,TRUE,1/29/2026 9:49,R_7P3sCYjKEtiudAl,anonymous,EN,1,"Yes, I consent",3 = neither honest nor dishonest,2 = somewhat insincere,1 = very unethical,4 = somewhat likeable,3 = neither approachable nor unapproachable,1 = very confident the findings are false,5 = very honest,4 = somewhat sincere,2 = somewhat unethical,1 = very unlikeable,3 = neither approachable nor unapproachable,neither reported (K) nor reporting researcher (S),reporting researcher (S),reporting researcher (S),neither reported (K) nor reporting researcher (S),neither reported (K) nor reporting researcher (S),reported researcher (K),neither reported (K) nor reporting researcher (S),reporting researcher (S),reporting researcher (S),4 = somewhat honest,2 = somewhat insincere,3 = neither ethical nor unethical,1 = very unlikeable,3 = neither approachable nor unapproachable,3 = could go either way,3 = neither honest nor dishonest,1 = very insincere,4 = somewhat ethical,2 = somewhat unlikeable,3 = neither approachable nor unapproachable,neither reported (H) nor reporting researcher (F),reported researcher (H),reported researcher (H),neither reported (H) nor reporting researcher (F),reported researcher (H),reported researcher (H),neither reported (H) nor reporting researcher (F),neither reported (H) nor reporting researcher (F),reporting researcher (F),2 = somewhat dishonest,5 = very sincere,1 = very unethical,1 = very unlikeable,3 = neither approachable nor unapproachable,2 = somewhat confident the findings are false,4 = somewhat honest,2 = somewhat insincere,2 = somewhat unethical,4 = somewhat likeable,3 = neither approachable nor unapproachable,neither reported (X) nor reporting researcher (Y),reporting researcher (Y),reported researcher (X),neither reported (X) nor reporting researcher (Y),neither reported (X) nor reporting researcher (Y),neither reported (X) nor reporting researcher (Y),neither reported (X) nor reporting researcher (Y),neither reported (X) nor reporting researcher (Y),neither reported (X) nor reporting researcher (Y),Somewhat disagree,No,White,,Woman,,Some college credit or technical school degree,Conservative,Heterosexual/straight,,18,Protestantism (Christian),,complete,,81562,0,0,,0,
1/29/2026 10:47,1/29/2026 11:01,IP Address,100,865,TRUE,1/29/2026 11:01,R_7LjmjBILLrCeVcA,anonymous,EN,1,"Yes, I consent",2 = somewhat dishonest,4 = somewhat sincere,2 = somewhat unethical,3 = neither likeable nor unlikeable,5 = very approachable,3 = could go either way,4 = somewhat honest,4 = somewhat sincere,4 = somewhat ethical,2 = somewhat unlikeable,2 = somewhat unapproachable,neither reported (K) nor reporting researcher (S),neither reported (K) nor reporting researcher (S),neither reported (K) nor reporting researcher (S),reporting researcher (S),reporting researcher (S),reporting researcher (S),reporting researcher (S),reporting researcher (S),reporting researcher (S),1 = very dishonest,3 = neither sincere nor insincere,1 = very unethical,3 = neither likeable nor unlikeable,3 = neither approachable nor unapproachable,1 = very confident the findings are false,5 = very honest,3 = neither sincere nor insincere,5 = very ethical,4 = somewhat likeable,3 = neither approachable nor unapproachable,reporting researcher (F),reporting researcher (F),reporting researcher (F),reporting researcher (F),reporting researcher (F),reporting researcher (F),neither reported (H) nor reporting researcher (F),reporting researcher (F),reporting researcher (F),5 = very honest,3 = neither sincere nor insincere,1 = very unethical,2 = somewhat unlikeable,2 = somewhat unapproachable,2 = somewhat confident the findings are false,5 = very honest,4 = somewhat sincere,5 = very ethical,4 = somewhat likeable,4 = somewhat approachable,reporting researcher (Y),reporting researcher (Y),neither reported (X) nor reporting researcher (Y),neither reported (X) nor reporting researcher (Y),reporting researcher (Y),reporting researcher (Y),neither reported (X) nor reporting researcher (Y),reporting researcher (Y),reporting researcher (Y),Somewhat disagree,No,White,,Woman,,High School Diploma or GED,Conservative,Heterosexual/straight,,18,Protestantism (Christian),,complete,,81140,0,0,,0,
1/29/2026 11:26,1/29/2026 11:32,IP Address,100,381,TRUE,1/29/2026 11:32,R_1lLndlYiY5Mb3BO,anonymous,EN,1,"Yes, I consent",4 = somewhat honest,3 = neither sincere nor insincere,3 = neither ethical nor unethical,4 = somewhat likeable,3 = neither approachable nor unapproachable,2 = somewhat confident the findings are false,5 = very honest,4 = somewhat sincere,3 = neither ethical nor unethical,4 = somewhat likeable,4 = somewhat approachable,neither reported (K) nor reporting researcher (S),reporting researcher (S),reporting researcher (S),reporting researcher (S),reporting researcher (S),reporting researcher (S),reported researcher (K),reporting researcher (S),neither reported (K) nor reporting researcher (S),2 = somewhat dishonest,3 = neither sincere nor insincere,3 = neither ethical nor unethical,3 = neither likeable nor unlikeable,3 = neither approachable nor unapproachable,3 = could go either way,2 = somewhat dishonest,3 = neither sincere nor insincere,3 = neither ethical nor unethical,3 = neither likeable nor unlikeable,3 = neither approachable nor unapproachable,neither reported (H) nor reporting researcher (F),reporting researcher (F),neither reported (H) nor reporting researcher (F),reporting researcher (F),reporting researcher (F),neither reported (H) nor reporting researcher (F),reported researcher (H),neither reported (H) nor reporting researcher (F),reporting researcher (F),1 = very dishonest,1 = very insincere,1 = very unethical,1 = very unlikeable,3 = neither approachable nor unapproachable,1 = very confident the findings are false,5 = very honest,4 = somewhat sincere,4 = somewhat ethical,4 = somewhat likeable,3 = neither approachable nor unapproachable,reporting researcher (Y),reporting researcher (Y),reported researcher (X),reporting researcher (Y),reporting researcher (Y),reporting researcher (Y),reporting researcher (Y),reporting researcher (Y),reporting researcher (Y),Somewhat disagree,No,White,,Woman,,Bachelor’s Degree,Lean Conservative,Heterosexual/straight,,21,Catholicism,,complete,,81016,0,0,,0,
1/29/2026 11:32,1/29/2026 11:40,IP Address,100,496,TRUE,1/29/2026 11:40,R_58uXR4QtBvUu8RH,anonymous,EN,1,"Yes, I consent",2 = somewhat dishonest,3 = neither sincere nor insincere,2 = somewhat unethical,3 = neither likeable nor unlikeable,2 = somewhat unapproachable,3 = could go either way,4 = somewhat honest,4 = somewhat sincere,4 = somewhat ethical,4 = somewhat likeable,4 = somewhat approachable,neither reported (K) nor reporting researcher (S),reporting researcher (S),neither reported (K) nor reporting researcher (S),reporting researcher (S),reporting researcher (S),reporting researcher (S),neither reported (K) nor reporting researcher (S),reporting researcher (S),reporting researcher (S),2 = somewhat dishonest,3 = neither sincere nor insincere,2 = somewhat unethical,2 = somewhat unlikeable,2 = somewhat unapproachable,2 = somewhat confident the findings are false,4 = somewhat honest,3 = neither sincere nor insincere,4 = somewhat ethical,4 = somewhat likeable,4 = somewhat approachable,neither reported (H) nor reporting researcher (F),reporting researcher (F),neither reported (H) nor reporting researcher (F),reporting researcher (F),reporting researcher (F),reporting researcher (F),reporting researcher (F),reporting researcher (F),reporting researcher (F),1 = very dishonest,2 = somewhat insincere,1 = very unethical,2 = somewhat unlikeable,1 = very unapproachable,1 = very confident the findings are false,5 = very honest,4 = somewhat sincere,4 = somewhat ethical,4 = somewhat likeable,4 = somewhat approachable,reporting researcher (Y),reporting researcher (Y),neither reported (X) nor reporting researcher (Y),reporting researcher (Y),reporting researcher (Y),reporting researcher (Y),neither reported (X) nor reporting researcher (Y),reporting researcher (Y),reporting researcher (Y),Somewhat disagree,No,White,,Woman,,Some college credit or technical school degree,Centrist,Heterosexual/straight,,19,Catholicism,,complete,,81093,0,0,,0,
1/29/2026 12:03,1/29/2026 12:10,IP Address,100,424,TRUE,1/29/2026 12:10,R_1HpfUYOEba7DMSQ,anonymous,EN,0.800000012,"Yes, I consent",2 = somewhat dishonest,3 = neither sincere nor insincere,3 = neither ethical nor unethical,3 = neither likeable nor unlikeable,4 = somewhat approachable,3 = could go either way,5 = very honest,3 = neither sincere nor insincere,4 = somewhat ethical,4 = somewhat likeable,4 = somewhat approachable,reporting researcher (S),reporting researcher (S),reported researcher (K),reporting researcher (S),reporting researcher (S),reporting researcher (S),reported researcher (K),reporting researcher (S),reporting researcher (S),1 = very dishonest,3 = neither sincere nor insincere,1 = very unethical,1 = very unlikeable,4 = somewhat approachable,1 = very confident the findings are false,5 = very honest,3 = neither sincere nor insincere,5 = very ethical,4 = somewhat likeable,4 = somewhat approachable,reporting researcher (F),reporting researcher (F),reported researcher (H),reporting researcher (F),reporting researcher (F),reporting researcher (F),reporting researcher (F),reporting researcher (F),reporting researcher (F),1 = very dishonest,3 = neither sincere nor insincere,1 = very unethical,1 = very unlikeable,4 = somewhat approachable,1 = very confident the findings are false,5 = very honest,3 = neither sincere nor insincere,5 = very ethical,5 = very likeable,4 = somewhat approachable,reporting researcher (Y),reporting researcher (Y),reported researcher (X),reporting researcher (Y),reporting researcher (Y),reporting researcher (Y),reporting researcher (Y),reporting researcher (Y),reporting researcher (Y),Somewhat disagree,No,White,,Woman,,Some college credit or technical school degree,,Heterosexual/straight,,18,,,complete,,81027,0,0,,0.028571429,"QID1219732974,QID79"
1/29/2026 12:17,1/29/2026 12:23,IP Address,100,338,TRUE,1/29/2026 12:23,R_7z78hyn7nT1ctjC,anonymous,EN,1,"Yes, I consent",3 = neither honest nor dishonest,3 = neither sincere nor insincere,3 = neither ethical nor unethical,3 = neither likeable nor unlikeable,3 = neither approachable nor unapproachable,3 = could go either way,4 = somewhat honest,4 = somewhat sincere,3 = neither ethical nor unethical,3 = neither likeable nor unlikeable,3 = neither approachable nor unapproachable,neither reported (K) nor reporting researcher (S),reporting researcher (S),reporting researcher (S),neither reported (K) nor reporting researcher (S),reporting researcher (S),reporting researcher (S),reporting researcher (S),reporting researcher (S),reporting researcher (S),2 = somewhat dishonest,1 = very insincere,2 = somewhat unethical,2 = somewhat unlikeable,3 = neither approachable nor unapproachable,2 = somewhat confident the findings are false,5 = very honest,4 = somewhat sincere,3 = neither ethical nor unethical,4 = somewhat likeable,4 = somewhat approachable,reporting researcher (F),reporting researcher (F),reporting researcher (F),reporting researcher (F),reporting researcher (F),reporting researcher (F),reporting researcher (F),reporting researcher (F),reporting researcher (F),1 = very dishonest,1 = very insincere,1 = very unethical,2 = somewhat unlikeable,3 = neither approachable nor unapproachable,2 = somewhat confident the findings are false,5 = very honest,4 = somewhat sincere,3 = neither ethical nor unethical,3 = neither likeable nor unlikeable,4 = somewhat approachable,reporting researcher (Y),reporting researcher (Y),neither reported (X) nor reporting researcher (Y),reporting researcher (Y),reporting researcher (Y),reporting researcher (Y),reporting researcher (Y),reporting researcher (Y),reporting researcher (Y),Somewhat disagree,No,White,,Woman,,Some college credit or technical school degree,Lean Liberal,Heterosexual/straight,,19,Protestantism (Christian),,complete,,81595,0,0,,0,
1/29/2026 12:15,1/29/2026 12:29,IP Address,100,816,TRUE,1/29/2026 12:29,R_3CQd0yQWag3D1Va,anonymous,EN,1,"Yes, I consent",2 = somewhat dishonest,2 = somewhat insincere,2 = somewhat unethical,2 = somewhat unlikeable,3 = neither approachable nor unapproachable,2 = somewhat confident the findings are false,5 = very honest,4 = somewhat sincere,4 = somewhat ethical,5 = very likeable,5 = very approachable,neither reported (K) nor reporting researcher (S),reporting researcher (S),neither reported (K) nor reporting researcher (S),reporting researcher (S),reporting researcher (S),reporting researcher (S),reported researcher (K),reporting researcher (S),reporting researcher (S),2 = somewhat dishonest,2 = somewhat insincere,2 = somewhat unethical,2 = somewhat unlikeable,2 = somewhat unapproachable,1 = very confident the findings are false,5 = very honest,4 = somewhat sincere,5 = very ethical,4 = somewhat likeable,5 = very approachable,reported researcher (H),reporting researcher (F),reported researcher (H),reporting researcher (F),reporting researcher (F),reporting researcher (F),reported researcher (H),reporting researcher (F),reporting researcher (F),1 = very dishonest,2 = somewhat insincere,1 = very unethical,2 = somewhat unlikeable,4 = somewhat approachable,2 = somewhat confident the findings are false,5 = very honest,4 = somewhat sincere,5 = very ethical,4 = somewhat likeable,4 = somewhat approachable,neither reported (X) nor reporting researcher (Y),reporting researcher (Y),neither reported (X) nor reporting researcher (Y),reporting researcher (Y),reporting researcher (Y),reporting researcher (Y),neither reported (X) nor reporting researcher (Y),reporting researcher (Y),reporting researcher (Y),Somewhat disagree,No,White,,Woman,,Some college credit or technical school degree,Lean Conservative,Heterosexual/straight,,19,Protestantism (Christian),,complete,,81227,0,0,,0,
1/29/2026 13:06,1/29/2026 13:12,IP Address,100,363,TRUE,1/29/2026 13:12,R_6jKfad9XsgTuJR4,anonymous,EN,1,"Yes, I consent",4 = somewhat honest,4 = somewhat sincere,2 = somewhat unethical,3 = neither likeable nor unlikeable,4 = somewhat approachable,3 = could go either way,5 = very honest,4 = somewhat sincere,4 = somewhat ethical,2 = somewhat unlikeable,2 = somewhat unapproachable,reporting researcher (S),reporting researcher (S),reported researcher (K),neither reported (K) nor reporting researcher (S),reporting researcher (S),reporting researcher (S),reporting researcher (S),reporting researcher (S),reported researcher (K),2 = somewhat dishonest,4 = somewhat sincere,2 = somewhat unethical,3 = neither likeable nor unlikeable,3 = neither approachable nor unapproachable,2 = somewhat confident the findings are false,5 = very honest,5 = very sincere,4 = somewhat ethical,3 = neither likeable nor unlikeable,2 = somewhat unapproachable,reporting researcher (F),reporting researcher (F),neither reported (H) nor reporting researcher (F),reporting researcher (F),reporting researcher (F),reporting researcher (F),reporting researcher (F),reporting researcher (F),reported researcher (H),1 = very dishonest,2 = somewhat insincere,1 = very unethical,3 = neither likeable nor unlikeable,2 = somewhat unapproachable,1 = very confident the findings are false,5 = very honest,5 = very sincere,5 = very ethical,4 = somewhat likeable,4 = somewhat approachable,reporting researcher (Y),reporting researcher (Y),reporting researcher (Y),reporting researcher (Y),reporting researcher (Y),reporting researcher (Y),reporting researcher (Y),reporting researcher (Y),reporting researcher (Y),Somewhat disagree,No,White,,Man,,Some college credit or technical school degree,Centrist,Heterosexual/straight,,18,Protestantism (Christian),,complete,,81100,0,0,,0,
1/29/2026 13:21,1/29/2026 13:26,IP Address,100,323,TRUE,1/29/2026 13:26,R_6kuYQAe2RFyjCq5,anonymous,EN,1,"Yes, I consent",4 = somewhat honest,4 = somewhat sincere,5 = very ethical,5 = very likeable,4 = somewhat approachable,5 = very confident the findings are true,3 = neither honest nor dishonest,4 = somewhat sincere,2 = somewhat unethical,1 = very unlikeable,1 = very unapproachable,reported researcher (K),reported researcher (K),reported researcher (K),reported researcher (K),reported researcher (K),reported researcher (K),reported researcher (K),reported researcher (K),reported researcher (K),2 = somewhat dishonest,1 = very insincere,1 = very unethical,1 = very unlikeable,2 = somewhat unapproachable,1 = very confident the findings are false,5 = very honest,5 = very sincere,5 = very ethical,5 = very likeable,5 = very approachable,reporting researcher (F),reporting researcher (F),reporting researcher (F),reporting researcher (F),reporting researcher (F),reporting researcher (F),reporting researcher (F),reporting researcher (F),reporting researcher (F),2 = somewhat dishonest,1 = very insincere,2 = somewhat unethical,1 = very unlikeable,3 = neither approachable nor unapproachable,1 = very confident the findings are false,4 = somewhat honest,5 = very sincere,4 = somewhat ethical,4 = somewhat likeable,3 = neither approachable nor unapproachable,neither reported (X) nor reporting researcher (Y),reporting researcher (Y),reported researcher (X),reporting researcher (Y),neither reported (X) nor reporting researcher (Y),reporting researcher (Y),reporting researcher (Y),reporting researcher (Y),reporting researcher (Y),Somewhat disagree,No,Asian or Asian-American,,Woman,,Some college credit or technical school degree,Lean Liberal,Heterosexual/straight,,18,Not Affiliated,,complete,,81447,0,0,,0,
1/29/2026 13:34,1/29/2026 13:45,IP Address,100,665,TRUE,1/29/2026 13:45,R_5MqUpAs7D5Yy09j,anonymous,EN,1,"Yes, I consent",3 = neither honest nor dishonest,3 = neither sincere nor insincere,2 = somewhat unethical,3 = neither likeable nor unlikeable,3 = neither approachable nor unapproachable,3 = could go either way,3 = neither honest nor dishonest,2 = somewhat insincere,4 = somewhat ethical,3 = neither likeable nor unlikeable,3 = neither approachable nor unapproachable,neither reported (K) nor reporting researcher (S),reported researcher (K),reported researcher (K),reported researcher (K),neither reported (K) nor reporting researcher (S),reported researcher (K),reported researcher (K),neither reported (K) nor reporting researcher (S),reported researcher (K),1 = very dishonest,2 = somewhat insincere,1 = very unethical,2 = somewhat unlikeable,3 = neither approachable nor unapproachable,2 = somewhat confident the findings are false,4 = somewhat honest,4 = somewhat sincere,4 = somewhat ethical,4 = somewhat likeable,3 = neither approachable nor unapproachable,reported researcher (H),reporting researcher (F),reported researcher (H),reporting researcher (F),reporting researcher (F),reporting researcher (F),reported researcher (H),reporting researcher (F),reported researcher (H),1 = very dishonest,1 = very insincere,1 = very unethical,2 = somewhat unlikeable,3 = neither approachable nor unapproachable,1 = very confident the findings are false,4 = somewhat honest,4 = somewhat sincere,4 = somewhat ethical,4 = somewhat likeable,3 = neither approachable nor unapproachable,neither reported (X) nor reporting researcher (Y),reporting researcher (Y),reported researcher (X),reporting researcher (Y),reporting researcher (Y),reporting researcher (Y),reported researcher (X),neither reported (X) nor reporting researcher (Y),reported researcher (X),Somewhat disagree,No,White,,Woman,,Some college credit or technical school degree,Conservative,Heterosexual/straight,,19,Protestantism (Christian),,complete,,81130,0,0,,0,
1/29/2026 13:51,1/29/2026 13:55,IP Address,100,278,TRUE,1/29/2026 13:55,R_5iVXBXzYFWWMhRq,anonymous,EN,1,"Yes, I consent",3 = neither honest nor dishonest,3 = neither sincere nor insincere,2 = somewhat unethical,2 = somewhat unlikeable,3 = neither approachable nor unapproachable,3 = could go either way,3 = neither honest nor dishonest,3 = neither sincere nor insincere,3 = neither ethical nor unethical,3 = neither likeable nor unlikeable,3 = neither approachable nor unapproachable,neither reported (K) nor reporting researcher (S),neither reported (K) nor reporting researcher (S),reporting researcher (S),reported researcher (K),reporting researcher (S),reporting researcher (S),reported researcher (K),reporting researcher (S),reporting researcher (S),1 = very dishonest,1 = very insincere,1 = very unethical,1 = very unlikeable,1 = very unapproachable,1 = very confident the findings are false,4 = somewhat honest,4 = somewhat sincere,4 = somewhat ethical,4 = somewhat likeable,4 = somewhat approachable,neither reported (H) nor reporting researcher (F),neither reported (H) nor reporting researcher (F),neither reported (H) nor reporting researcher (F),neither reported (H) nor reporting researcher (F),neither reported (H) nor reporting researcher (F),neither reported (H) nor reporting researcher (F),neither reported (H) nor reporting researcher (F),neither reported (H) nor reporting researcher (F),neither reported (H) nor reporting researcher (F),3 = neither honest nor dishonest,2 = somewhat insincere,2 = somewhat unethical,3 = neither likeable nor unlikeable,4 = somewhat approachable,3 = could go either way,2 = somewhat dishonest,3 = neither sincere nor insincere,3 = neither ethical nor unethical,5 = very likeable,5 = very approachable,reported researcher (X),reporting researcher (Y),neither reported (X) nor reporting researcher (Y),reported researcher (X),reporting researcher (Y),neither reported (X) nor reporting researcher (Y),reported researcher (X),reporting researcher (Y),neither reported (X) nor reporting researcher (Y),Somewhat disagree,No,White,,Woman,,Some college credit or technical school degree,Lean Conservative,Heterosexual/straight,,22,Protestantism (Christian),,complete,,81753,0,0,,0,
1/29/2026 13:39,1/29/2026 13:59,IP Address,100,1219,TRUE,1/29/2026 13:59,R_63b1xnCG0cUSwIp,anonymous,EN,1,"Yes, I consent",1 = very dishonest,2 = somewhat insincere,2 = somewhat unethical,2 = somewhat unlikeable,2 = somewhat unapproachable,2 = somewhat confident the findings are false,5 = very honest,5 = very sincere,5 = very ethical,5 = very likeable,5 = very approachable,reporting researcher (S),reporting researcher (S),reporting researcher (S),reporting researcher (S),reporting researcher (S),reporting researcher (S),reporting researcher (S),reporting researcher (S),reporting researcher (S),1 = very dishonest,1 = very insincere,1 = very unethical,1 = very unlikeable,1 = very unapproachable,3 = could go either way,5 = very honest,5 = very sincere,5 = very ethical,5 = very likeable,5 = very approachable,reporting researcher (F),reporting researcher (F),reporting researcher (F),reporting researcher (F),reporting researcher (F),reporting researcher (F),reporting researcher (F),reporting researcher (F),reporting researcher (F),1 = very dishonest,1 = very insincere,1 = very unethical,1 = very unlikeable,1 = very unapproachable,2 = somewhat confident the findings are false,5 = very honest,5 = very sincere,5 = very ethical,5 = very likeable,5 = very approachable,reporting researcher (Y),neither reported (X) nor reporting researcher (Y),reporting researcher (Y),neither reported (X) nor reporting researcher (Y),reporting researcher (Y),reporting researcher (Y),reported researcher (X),neither reported (X) nor reporting researcher (Y),reporting researcher (Y),Somewhat agree,No,Black or African-American,,Woman,,Some college credit or technical school degree,Lean Conservative,Heterosexual/straight,,19,Protestantism (Christian),,complete,,81534,0,0,,0,
1/29/2026 15:23,1/29/2026 15:31,IP Address,100,455,TRUE,1/29/2026 15:31,R_7N8iBOKob3iL106,anonymous,EN,1,"Yes, I consent",2 = somewhat dishonest,2 = somewhat insincere,3 = neither ethical nor unethical,3 = neither likeable nor unlikeable,2 = somewhat unapproachable,3 = could go either way,5 = very honest,5 = very sincere,5 = very ethical,4 = somewhat likeable,4 = somewhat approachable,neither reported (K) nor reporting researcher (S),reporting researcher (S),neither reported (K) nor reporting researcher (S),neither reported (K) nor reporting researcher (S),neither reported (K) nor reporting researcher (S),neither reported (K) nor reporting researcher (S),reported researcher (K),reporting researcher (S),reporting researcher (S),2 = somewhat dishonest,1 = very insincere,1 = very unethical,2 = somewhat unlikeable,2 = somewhat unapproachable,2 = somewhat confident the findings are false,5 = very honest,5 = very sincere,5 = very ethical,4 = somewhat likeable,4 = somewhat approachable,reporting researcher (F),reporting researcher (F),neither reported (H) nor reporting researcher (F),reporting researcher (F),reporting researcher (F),reporting researcher (F),reporting researcher (F),reporting researcher (F),reporting researcher (F),1 = very dishonest,1 = very insincere,1 = very unethical,1 = very unlikeable,1 = very unapproachable,1 = very confident the findings are false,5 = very honest,5 = very sincere,4 = somewhat ethical,4 = somewhat likeable,4 = somewhat approachable,neither reported (X) nor reporting researcher (Y),reporting researcher (Y),neither reported (X) nor reporting researcher (Y),reporting researcher (Y),reporting researcher (Y),reporting researcher (Y),neither reported (X) nor reporting researcher (Y),reporting researcher (Y),reporting researcher (Y),Somewhat disagree,No,White,,Woman,,High School Diploma or GED,Conservative,Heterosexual/straight,,19,Protestantism (Christian),,complete,,80980,0,0,,0,
1/29/2026 16:23,1/29/2026 16:55,IP Address,100,1930,TRUE,1/29/2026 16:55,R_6I3q0cj8M43NacB,anonymous,EN,1,"Yes, I consent",2 = somewhat dishonest,3 = neither sincere nor insincere,2 = somewhat unethical,3 = neither likeable nor unlikeable,3 = neither approachable nor unapproachable,4 = somewhat confident the findings are true,5 = very honest,5 = very sincere,5 = very ethical,4 = somewhat likeable,4 = somewhat approachable,reporting researcher (S),reporting researcher (S),reported researcher (K),reporting researcher (S),reporting researcher (S),reporting researcher (S),reporting researcher (S),reporting researcher (S),reporting researcher (S),1 = very dishonest,2 = somewhat insincere,1 = very unethical,2 = somewhat unlikeable,3 = neither approachable nor unapproachable,2 = somewhat confident the findings are false,5 = very honest,5 = very sincere,5 = very ethical,4 = somewhat likeable,4 = somewhat approachable,reporting researcher (F),reporting researcher (F),reported researcher (H),reporting researcher (F),reporting researcher (F),reporting researcher (F),reporting researcher (F),reporting researcher (F),reporting researcher (F),1 = very dishonest,1 = very insincere,1 = very unethical,2 = somewhat unlikeable,3 = neither approachable nor unapproachable,1 = very confident the findings are false,5 = very honest,5 = very sincere,5 = very ethical,4 = somewhat likeable,4 = somewhat approachable,reporting researcher (Y),reporting researcher (Y),reported researcher (X),reporting researcher (Y),reporting researcher (Y),reporting researcher (Y),reporting researcher (Y),reporting researcher (Y),reporting researcher (Y),Somewhat disagree,No,White,,Woman,,Some college credit or technical school degree,,Heterosexual/straight,,18,Catholicism,,complete,,81202,0,0,,0.014285714285714285,QID1219732974
1/29/2026 16:54,1/29/2026 17:04,IP Address,100,649,TRUE,1/29/2026 17:04,R_5GQFh5P1HvHSZrZ,anonymous,EN,1,"Yes, I consent",4 = somewhat honest,3 = neither sincere nor insincere,3 = neither ethical nor unethical,4 = somewhat likeable,5 = very approachable,5 = very confident the findings are true,5 = very honest,4 = somewhat sincere,4 = somewhat ethical,1 = very unlikeable,4 = somewhat approachable,reporting researcher (S),reporting researcher (S),neither reported (K) nor reporting researcher (S),neither reported (K) nor reporting researcher (S),reporting researcher (S),reporting researcher (S),reported researcher (K),reporting researcher (S),neither reported (K) nor reporting researcher (S),2 = somewhat dishonest,1 = very insincere,3 = neither ethical nor unethical,4 = somewhat likeable,4 = somewhat approachable,4 = somewhat confident the findings are true,4 = somewhat honest,5 = very sincere,5 = very ethical,3 = neither likeable nor unlikeable,2 = somewhat unapproachable,reporting researcher (F),neither reported (H) nor reporting researcher (F),reported researcher (H),neither reported (H) nor reporting researcher (F),reporting researcher (F),reporting researcher (F),reported researcher (H),neither reported (H) nor reporting researcher (F),neither reported (H) nor reporting researcher (F),1 = very dishonest,2 = somewhat insincere,2 = somewhat unethical,3 = neither likeable nor unlikeable,4 = somewhat approachable,2 = somewhat confident the findings are false,5 = very honest,4 = somewhat sincere,2 = somewhat unethical,2 = somewhat unlikeable,4 = somewhat approachable,reporting researcher (Y),neither reported (X) nor reporting researcher (Y),reporting researcher (Y),neither reported (X) nor reporting researcher (Y),neither reported (X) nor reporting researcher (Y),reporting researcher (Y),reported researcher (X),reporting researcher (Y),reporting researcher (Y),Somewhat disagree,No,White,,Woman,,High School Diploma or GED,Conservative,Heterosexual/straight,,19,Catholicism,,complete,,81599,0,0,,0,
1/29/2026 19:00,1/29/2026 19:06,IP Address,100,365,TRUE,1/29/2026 19:06,R_7M57nkOXAvVFhFp,anonymous,EN,1,"Yes, I consent",1 = very dishonest,2 = somewhat insincere,1 = very unethical,2 = somewhat unlikeable,2 = somewhat unapproachable,2 = somewhat confident the findings are false,4 = somewhat honest,4 = somewhat sincere,4 = somewhat ethical,4 = somewhat likeable,4 = somewhat approachable,neither reported (K) nor reporting researcher (S),reporting researcher (S),neither reported (K) nor reporting researcher (S),reporting researcher (S),reporting researcher (S),reporting researcher (S),reported researcher (K),reported researcher (K),reported researcher (K),1 = very dishonest,1 = very insincere,1 = very unethical,1 = very unlikeable,1 = very unapproachable,2 = somewhat confident the findings are false,5 = very honest,5 = very sincere,5 = very ethical,5 = very likeable,5 = very approachable,neither reported (H) nor reporting researcher (F),neither reported (H) nor reporting researcher (F),reporting researcher (F),reporting researcher (F),reporting researcher (F),neither reported (H) nor reporting researcher (F),reported researcher (H),reported researcher (H),reporting researcher (F),2 = somewhat dishonest,3 = neither sincere nor insincere,5 = very ethical,5 = very likeable,2 = somewhat unapproachable,3 = could go either way,3 = neither honest nor dishonest,3 = neither sincere nor insincere,3 = neither ethical nor unethical,3 = neither likeable nor unlikeable,3 = neither approachable nor unapproachable,neither reported (X) nor reporting researcher (Y),neither reported (X) nor reporting researcher (Y),neither reported (X) nor reporting researcher (Y),reporting researcher (Y),neither reported (X) nor reporting researcher (Y),reporting researcher (Y),neither reported (X) nor reporting researcher (Y),reporting researcher (Y),reporting researcher (Y),Somewhat disagree,No,White,,Woman,,Some college credit or technical school degree,Conservative,Heterosexual/straight,,18,Protestantism (Christian),,complete,,81258,0,0,,0,
1/29/2026 20:36,1/29/2026 20:43,IP Address,100,435,TRUE,1/29/2026 20:43,R_1m7vYw4xfjqSQv9,anonymous,EN,1,"Yes, I consent",2 = somewhat dishonest,4 = somewhat sincere,3 = neither ethical nor unethical,2 = somewhat unlikeable,3 = neither approachable nor unapproachable,2 = somewhat confident the findings are false,4 = somewhat honest,5 = very sincere,4 = somewhat ethical,4 = somewhat likeable,3 = neither approachable nor unapproachable,reporting researcher (S),reporting researcher (S),neither reported (K) nor reporting researcher (S),reporting researcher (S),reporting researcher (S),reported researcher (K),reported researcher (K),reporting researcher (S),reported researcher (K),1 = very dishonest,1 = very insincere,1 = very unethical,1 = very unlikeable,2 = somewhat unapproachable,1 = very confident the findings are false,5 = very honest,5 = very sincere,5 = very ethical,4 = somewhat likeable,4 = somewhat approachable,reporting researcher (F),reporting researcher (F),reporting researcher (F),reporting researcher (F),reporting researcher (F),reporting researcher (F),reporting researcher (F),reporting researcher (F),reporting researcher (F),1 = very dishonest,1 = very insincere,1 = very unethical,1 = very unlikeable,1 = very unapproachable,1 = very confident the findings are false,5 = very honest,4 = somewhat sincere,5 = very ethical,4 = somewhat likeable,4 = somewhat approachable,reporting researcher (Y),reporting researcher (Y),reporting researcher (Y),reporting researcher (Y),reporting researcher (Y),reporting researcher (Y),reporting researcher (Y),reporting researcher (Y),reporting researcher (Y),Somewhat disagree,No,White,,Woman,,Some college credit or technical school degree,Lean Conservative,Heterosexual/straight,,18,Protestantism (Christian),,complete,,81239,0,0,,0,
1/29/2026 22:26,1/29/2026 22:31,IP Address,100,315,TRUE,1/29/2026 22:31,R_5HOC5SRGJY7wMXa,anonymous,EN,1,"Yes, I consent",3 = neither honest nor dishonest,3 = neither sincere nor insincere,3 = neither ethical nor unethical,3 = neither likeable nor unlikeable,3 = neither approachable nor unapproachable,3 = could go either way,3 = neither honest nor dishonest,3 = neither sincere nor insincere,3 = neither ethical nor unethical,3 = neither likeable nor unlikeable,3 = neither approachable nor unapproachable,neither reported (K) nor reporting researcher (S),neither reported (K) nor reporting researcher (S),reported researcher (K),neither reported (K) nor reporting researcher (S),neither reported (K) nor reporting researcher (S),neither reported (K) nor reporting researcher (S),neither reported (K) nor reporting researcher (S),neither reported (K) nor reporting researcher (S),neither reported (K) nor reporting researcher (S),3 = neither honest nor dishonest,2 = somewhat insincere,2 = somewhat unethical,2 = somewhat unlikeable,2 = somewhat unapproachable,2 = somewhat confident the findings are false,3 = neither honest nor dishonest,3 = neither sincere nor insincere,3 = neither ethical nor unethical,3 = neither likeable nor unlikeable,3 = neither approachable nor unapproachable,neither reported (H) nor reporting researcher (F),neither reported (H) nor reporting researcher (F),neither reported (H) nor reporting researcher (F),neither reported (H) nor reporting researcher (F),neither reported (H) nor reporting researcher (F),neither reported (H) nor reporting researcher (F),neither reported (H) nor reporting researcher (F),neither reported (H) nor reporting researcher (F),neither reported (H) nor reporting researcher (F),3 = neither honest nor dishonest,3 = neither sincere nor insincere,3 = neither ethical nor unethical,3 = neither likeable nor unlikeable,3 = neither approachable nor unapproachable,2 = somewhat confident the findings are false,3 = neither honest nor dishonest,3 = neither sincere nor insincere,3 = neither ethical nor unethical,3 = neither likeable nor unlikeable,3 = neither approachable nor unapproachable,neither reported (X) nor reporting researcher (Y),neither reported (X) nor reporting researcher (Y),reported researcher (X),reporting researcher (Y),neither reported (X) nor reporting researcher (Y),reported researcher (X),reported researcher (X),neither reported (X) nor reporting researcher (Y),reported researcher (X),Somewhat disagree,No,White,,Woman,,Some college credit or technical school degree,Lean Liberal,Heterosexual/straight,,18,Not Affiliated,,complete,,81200,0,0,,0,
1/30/2026 6:59,1/30/2026 7:11,IP Address,100,708,TRUE,1/30/2026 7:11,R_3NWMJpt7nmvUIwI,anonymous,EN,1,"Yes, I consent",3 = neither honest nor dishonest,2 = somewhat insincere,3 = neither ethical nor unethical,3 = neither likeable nor unlikeable,3 = neither approachable nor unapproachable,3 = could go either way,3 = neither honest nor dishonest,3 = neither sincere nor insincere,2 = somewhat unethical,2 = somewhat unlikeable,2 = somewhat unapproachable,reported researcher (K),reported researcher (K),neither reported (K) nor reporting researcher (S),reported researcher (K),reported researcher (K),reported researcher (K),reported researcher (K),neither reported (K) nor reporting researcher (S),neither reported (K) nor reporting researcher (S),1 = very dishonest,2 = somewhat insincere,1 = very unethical,1 = very unlikeable,3 = neither approachable nor unapproachable,1 = very confident the findings are false,4 = somewhat honest,3 = neither sincere nor insincere,3 = neither ethical nor unethical,4 = somewhat likeable,4 = somewhat approachable,reporting researcher (F),reporting researcher (F),neither reported (H) nor reporting researcher (F),neither reported (H) nor reporting researcher (F),neither reported (H) nor reporting researcher (F),reporting researcher (F),reporting researcher (F),reporting researcher (F),reporting researcher (F),4 = somewhat honest,4 = somewhat sincere,3 = neither ethical nor unethical,3 = neither likeable nor unlikeable,4 = somewhat approachable,4 = somewhat confident the findings are true,5 = very honest,4 = somewhat sincere,3 = neither ethical nor unethical,3 = neither likeable nor unlikeable,4 = somewhat approachable,reported researcher (X),reporting researcher (Y),reported researcher (X),neither reported (X) nor reporting researcher (Y),neither reported (X) nor reporting researcher (Y),reported researcher (X),reported researcher (X),reporting researcher (Y),reporting researcher (Y),Somewhat disagree,No,Black or African-American,,Woman,,High School Diploma or GED,,Heterosexual/straight,,18,Protestantism (Christian),,complete,,81572,0,0,,0.014285714285714285,QID1219732974
1/30/2026 8:28,1/30/2026 8:33,IP Address,100,309,TRUE,1/30/2026 8:33,R_7VdESPejn4Jo373,anonymous,EN,1,"Yes, I consent",3 = neither honest nor dishonest,4 = somewhat sincere,3 = neither ethical nor unethical,2 = somewhat unlikeable,3 = neither approachable nor unapproachable,3 = could go either way,5 = very honest,5 = very sincere,5 = very ethical,5 = very likeable,5 = very approachable,neither reported (K) nor reporting researcher (S),reporting researcher (S),neither reported (K) nor reporting researcher (S),neither reported (K) nor reporting researcher (S),reporting researcher (S),reporting researcher (S),reporting researcher (S),reporting researcher (S),reporting researcher (S),1 = very dishonest,1 = very insincere,1 = very unethical,1 = very unlikeable,1 = very unapproachable,3 = could go either way,5 = very honest,5 = very sincere,5 = very ethical,5 = very likeable,5 = very approachable,neither reported (H) nor reporting researcher (F),neither reported (H) nor reporting researcher (F),neither reported (H) nor reporting researcher (F),reporting researcher (F),reporting researcher (F),reporting researcher (F),reporting researcher (F),reporting researcher (F),reporting researcher (F),1 = very dishonest,1 = very insincere,1 = very unethical,1 = very unlikeable,1 = very unapproachable,1 = very confident the findings are false,5 = very honest,5 = very sincere,5 = very ethical,5 = very likeable,5 = very approachable,neither reported (X) nor reporting researcher (Y),neither reported (X) nor reporting researcher (Y),neither reported (X) nor reporting researcher (Y),reporting researcher (Y),reporting researcher (Y),reporting researcher (Y),reporting researcher (Y),reporting researcher (Y),reporting researcher (Y),Somewhat disagree,No,Black or African-American,,Woman,,Some college credit or technical school degree,Centrist,Heterosexual/straight,,18,Catholicism,,complete,,81732,0,0,,0,
1/30/2026 11:03,1/30/2026 11:12,IP Address,100,569,TRUE,1/30/2026 11:12,R_6YH1OGozWZJC7Hb,anonymous,EN,1,"Yes, I consent",4 = somewhat honest,5 = very sincere,3 = neither ethical nor unethical,4 = somewhat likeable,5 = very approachable,3 = could go either way,5 = very honest,5 = very sincere,5 = very ethical,4 = somewhat likeable,5 = very approachable,reported researcher (K),reporting researcher (S),reported researcher (K),reporting researcher (S),reporting researcher (S),reporting researcher (S),reporting researcher (S),reporting researcher (S),reporting researcher (S),2 = somewhat dishonest,2 = somewhat insincere,1 = very unethical,3 = neither likeable nor unlikeable,5 = very approachable,3 = could go either way,5 = very honest,5 = very sincere,5 = very ethical,4 = somewhat likeable,5 = very approachable,neither reported (H) nor reporting researcher (F),reported researcher (H),neither reported (H) nor reporting researcher (F),reporting researcher (F),reporting researcher (F),reporting researcher (F),reported researcher (H),reporting researcher (F),neither reported (H) nor reporting researcher (F),1 = very dishonest,1 = very insincere,1 = very unethical,3 = neither likeable nor unlikeable,4 = somewhat approachable,2 = somewhat confident the findings are false,5 = very honest,4 = somewhat sincere,5 = very ethical,4 = somewhat likeable,5 = very approachable,reporting researcher (Y),reporting researcher (Y),neither reported (X) nor reporting researcher (Y),reporting researcher (Y),reporting researcher (Y),reporting researcher (Y),neither reported (X) nor reporting researcher (Y),reporting researcher (Y),reporting researcher (Y),Somewhat disagree,No,White,,Man,,Some college credit or technical school degree,Centrist,Heterosexual/straight,,18,Protestantism (Christian),,complete,,81169,0,0,,0,
1/30/2026 15:53,1/30/2026 16:01,IP Address,100,490,TRUE,1/30/2026 16:01,R_70f2Y2l7WoMrWgX,anonymous,EN,1,"Yes, I consent",4 = somewhat honest,3 = neither sincere nor insincere,2 = somewhat unethical,3 = neither likeable nor unlikeable,3 = neither approachable nor unapproachable,4 = somewhat confident the findings are true,3 = neither honest nor dishonest,3 = neither sincere nor insincere,4 = somewhat ethical,2 = somewhat unlikeable,3 = neither approachable nor unapproachable,neither reported (K) nor reporting researcher (S),neither reported (K) nor reporting researcher (S),reported researcher (K),neither reported (K) nor reporting researcher (S),reporting researcher (S),neither reported (K) nor reporting researcher (S),reported researcher (K),neither reported (K) nor reporting researcher (S),reported researcher (K),1 = very dishonest,3 = neither sincere nor insincere,1 = very unethical,2 = somewhat unlikeable,3 = neither approachable nor unapproachable,1 = very confident the findings are false,3 = neither honest nor dishonest,3 = neither sincere nor insincere,5 = very ethical,4 = somewhat likeable,3 = neither approachable nor unapproachable,neither reported (H) nor reporting researcher (F),reporting researcher (F),neither reported (H) nor reporting researcher (F),reporting researcher (F),reporting researcher (F),reporting researcher (F),reporting researcher (F),reporting researcher (F),reporting researcher (F),1 = very dishonest,3 = neither sincere nor insincere,1 = very unethical,2 = somewhat unlikeable,3 = neither approachable nor unapproachable,1 = very confident the findings are false,4 = somewhat honest,4 = somewhat sincere,4 = somewhat ethical,3 = neither likeable nor unlikeable,3 = neither approachable nor unapproachable,neither reported (X) nor reporting researcher (Y),reporting researcher (Y),neither reported (X) nor reporting researcher (Y),reporting researcher (Y),reporting researcher (Y),reporting researcher (Y),reporting researcher (Y),reporting researcher (Y),reporting researcher (Y),Somewhat disagree,No,White,,Woman,,Some college credit or technical school degree,Centrist,Heterosexual/straight,,20,Protestantism (Christian),,complete,,81748,0,0,,0,
1/30/2026 17:36,1/30/2026 17:40,IP Address,100,216,TRUE,1/30/2026 17:40,R_5fBioyluAg3FUqM,anonymous,EN,1,"Yes, I consent",3 = neither honest nor dishonest,4 = somewhat sincere,2 = somewhat unethical,4 = somewhat likeable,3 = neither approachable nor unapproachable,4 = somewhat confident the findings are true,3 = neither honest nor dishonest,4 = somewhat sincere,4 = somewhat ethical,2 = somewhat unlikeable,4 = somewhat approachable,reporting researcher (S),reported researcher (K),neither reported (K) nor reporting researcher (S),neither reported (K) nor reporting researcher (S),reporting researcher (S),reported researcher (K),reporting researcher (S),reported researcher (K),neither reported (K) nor reporting researcher (S),3 = neither honest nor dishonest,3 = neither sincere nor insincere,3 = neither ethical nor unethical,3 = neither likeable nor unlikeable,3 = neither approachable nor unapproachable,2 = somewhat confident the findings are false,3 = neither honest nor dishonest,3 = neither sincere nor insincere,3 = neither ethical nor unethical,4 = somewhat likeable,4 = somewhat approachable,neither reported (H) nor reporting researcher (F),neither reported (H) nor reporting researcher (F),reporting researcher (F),reported researcher (H),neither reported (H) nor reporting researcher (F),reporting researcher (F),reported researcher (H),neither reported (H) nor reporting researcher (F),reporting researcher (F),4 = somewhat honest,4 = somewhat sincere,3 = neither ethical nor unethical,4 = somewhat likeable,2 = somewhat unapproachable,4 = somewhat confident the findings are true,3 = neither honest nor dishonest,2 = somewhat insincere,4 = somewhat ethical,3 = neither likeable nor unlikeable,4 = somewhat approachable,neither reported (X) nor reporting researcher (Y),reporting researcher (Y),neither reported (X) nor reporting researcher (Y),reported researcher (X),reporting researcher (Y),neither reported (X) nor reporting researcher (Y),reporting researcher (Y),reported researcher (X),reporting researcher (Y),Somewhat disagree,No,White,,Woman,,Some college credit or technical school degree,Strongly Conservative,Heterosexual/straight,,22,Protestantism (Christian),,complete,,81123,0,0,,0,
1/30/2026 20:31,1/30/2026 20:54,IP Address,100,1352,TRUE,1/30/2026 20:54,R_7eDcJthroFd7bMS,anonymous,EN,1,"Yes, I consent",3 = neither honest nor dishonest,3 = neither sincere nor insincere,3 = neither ethical nor unethical,3 = neither likeable nor unlikeable,3 = neither approachable nor unapproachable,3 = could go either way,5 = very honest,4 = somewhat sincere,5 = very ethical,5 = very likeable,5 = very approachable,neither reported (K) nor reporting researcher (S),neither reported (K) nor reporting researcher (S),neither reported (K) nor reporting researcher (S),neither reported (K) nor reporting researcher (S),neither reported (K) nor reporting researcher (S),reporting researcher (S),reporting researcher (S),reporting researcher (S),reporting researcher (S),1 = very dishonest,1 = very insincere,2 = somewhat unethical,1 = very unlikeable,2 = somewhat unapproachable,2 = somewhat confident the findings are false,5 = very honest,5 = very sincere,5 = very ethical,5 = very likeable,5 = very approachable,reporting researcher (F),reporting researcher (F),neither reported (H) nor reporting researcher (F),reporting researcher (F),reporting researcher (F),reporting researcher (F),reporting researcher (F),reporting researcher (F),reporting researcher (F),1 = very dishonest,1 = very insincere,1 = very unethical,1 = very unlikeable,1 = very unapproachable,1 = very confident the findings are false,5 = very honest,5 = very sincere,5 = very ethical,5 = very likeable,5 = very approachable,reporting researcher (Y),reporting researcher (Y),reporting researcher (Y),reporting researcher (Y),reporting researcher (Y),reporting researcher (Y),reporting researcher (Y),reporting researcher (Y),reporting researcher (Y),Somewhat disagree,No,White,,Woman,,High School Diploma or GED,Centrist,Heterosexual/straight,,19,Protestantism (Christian),,complete,,81660,0,0,,0,
1/31/2026 12:55,1/31/2026 13:08,IP Address,100,781,TRUE,1/31/2026 13:08,R_6Vi5BTmoZhWgPap,anonymous,EN,1,"Yes, I consent",2 = somewhat dishonest,2 = somewhat insincere,3 = neither ethical nor unethical,2 = somewhat unlikeable,4 = somewhat approachable,2 = somewhat confident the findings are false,4 = somewhat honest,4 = somewhat sincere,5 = very ethical,4 = somewhat likeable,4 = somewhat approachable,reporting researcher (S),reporting researcher (S),reported researcher (K),reporting researcher (S),reporting researcher (S),reporting researcher (S),neither reported (K) nor reporting researcher (S),reporting researcher (S),reporting researcher (S),1 = very dishonest,2 = somewhat insincere,1 = very unethical,3 = neither likeable nor unlikeable,2 = somewhat unapproachable,2 = somewhat confident the findings are false,4 = somewhat honest,4 = somewhat sincere,5 = very ethical,4 = somewhat likeable,4 = somewhat approachable,reporting researcher (F),reporting researcher (F),reported researcher (H),reporting researcher (F),neither reported (H) nor reporting researcher (F),reporting researcher (F),neither reported (H) nor reporting researcher (F),reporting researcher (F),reporting researcher (F),1 = very dishonest,1 = very insincere,1 = very unethical,1 = very unlikeable,1 = very unapproachable,1 = very confident the findings are false,5 = very honest,5 = very sincere,5 = very ethical,4 = somewhat likeable,5 = very approachable,reporting researcher (Y),reporting researcher (Y),reported researcher (X),reporting researcher (Y),reporting researcher (Y),reporting researcher (Y),reporting researcher (Y),reporting researcher (Y),reporting researcher (Y),Somewhat disagree,No,White,,Woman,,Some college credit or technical school degree,Strongly Liberal,Heterosexual/straight,,19,Protestantism (Christian),,complete,,81088,0,0,,0,
1/31/2026 13:14,1/31/2026 13:25,IP Address,100,635,TRUE,1/31/2026 13:25,R_5JDQ3apCOQlBx7P,anonymous,EN,1,"Yes, I consent",4 = somewhat honest,4 = somewhat sincere,4 = somewhat ethical,4 = somewhat likeable,4 = somewhat approachable,4 = somewhat confident the findings are true,2 = somewhat dishonest,2 = somewhat insincere,1 = very unethical,1 = very unlikeable,2 = somewhat unapproachable,reporting researcher (S),reported researcher (K),reported researcher (K),reported researcher (K),reported researcher (K),reporting researcher (S),reported researcher (K),reporting researcher (S),reporting researcher (S),1 = very dishonest,1 = very insincere,1 = very unethical,1 = very unlikeable,1 = very unapproachable,2 = somewhat confident the findings are false,4 = somewhat honest,3 = neither sincere nor insincere,4 = somewhat ethical,4 = somewhat likeable,4 = somewhat approachable,reporting researcher (F),reporting researcher (F),reported researcher (H),neither reported (H) nor reporting researcher (F),reporting researcher (F),reporting researcher (F),reporting researcher (F),reporting researcher (F),reporting researcher (F),1 = very dishonest,1 = very insincere,1 = very unethical,1 = very unlikeable,1 = very unapproachable,1 = very confident the findings are false,5 = very honest,5 = very sincere,5 = very ethical,5 = very likeable,5 = very approachable,reporting researcher (Y),reporting researcher (Y),reporting researcher (Y),reporting researcher (Y),reporting researcher (Y),reporting researcher (Y),reporting researcher (Y),reporting researcher (Y),reporting researcher (Y),Somewhat disagree,No,White,,Woman,,Some college credit or technical school degree,Centrist,Heterosexual/straight,,18,Protestantism (Christian),,complete,,81796,0,0,,0,
1/31/2026 14:30,1/31/2026 14:37,IP Address,100,427,TRUE,1/31/2026 14:37,R_3OlcKUOaXoHJmtw,anonymous,EN,1,"Yes, I consent",2 = somewhat dishonest,4 = somewhat sincere,2 = somewhat unethical,3 = neither likeable nor unlikeable,4 = somewhat approachable,2 = somewhat confident the findings are false,5 = very honest,4 = somewhat sincere,5 = very ethical,2 = somewhat unlikeable,2 = somewhat unapproachable,neither reported (K) nor reporting researcher (S),reporting researcher (S),reported researcher (K),neither reported (K) nor reporting researcher (S),reporting researcher (S),neither reported (K) nor reporting researcher (S),reported researcher (K),reporting researcher (S),reported researcher (K),1 = very dishonest,4 = somewhat sincere,2 = somewhat unethical,2 = somewhat unlikeable,3 = neither approachable nor unapproachable,2 = somewhat confident the findings are false,5 = very honest,5 = very sincere,5 = very ethical,3 = neither likeable nor unlikeable,2 = somewhat unapproachable,neither reported (H) nor reporting researcher (F),reporting researcher (F),reported researcher (H),reporting researcher (F),reporting researcher (F),reporting researcher (F),neither reported (H) nor reporting researcher (F),reported researcher (H),reporting researcher (F),1 = very dishonest,1 = very insincere,1 = very unethical,1 = very unlikeable,3 = neither approachable nor unapproachable,1 = very confident the findings are false,5 = very honest,5 = very sincere,5 = very ethical,4 = somewhat likeable,3 = neither approachable nor unapproachable,reporting researcher (Y),reporting researcher (Y),reporting researcher (Y),reporting researcher (Y),reporting researcher (Y),reporting researcher (Y),neither reported (X) nor reporting researcher (Y),reporting researcher (Y),reporting researcher (Y),Somewhat disagree,No,Black or African-American,,Woman,,High School Diploma or GED,Strongly Liberal,Heterosexual/straight,,18,Protestantism (Christian),,complete,,81560,0,0,,0,
1/31/2026 14:57,1/31/2026 15:08,IP Address,100,642,TRUE,1/31/2026 15:08,R_3ehu5N5rA8HIvqf,anonymous,EN,1,"Yes, I consent",4 = somewhat honest,5 = very sincere,3 = neither ethical nor unethical,4 = somewhat likeable,4 = somewhat approachable,4 = somewhat confident the findings are true,5 = very honest,5 = very sincere,3 = neither ethical nor unethical,4 = somewhat likeable,3 = neither approachable nor unapproachable,reported researcher (K),reported researcher (K),reported researcher (K),reported researcher (K),reported researcher (K),reported researcher (K),reported researcher (K),reported researcher (K),reported researcher (K),2 = somewhat dishonest,3 = neither sincere nor insincere,2 = somewhat unethical,3 = neither likeable nor unlikeable,3 = neither approachable nor unapproachable,4 = somewhat confident the findings are true,5 = very honest,5 = very sincere,3 = neither ethical nor unethical,3 = neither likeable nor unlikeable,4 = somewhat approachable,reported researcher (H),reported researcher (H),neither reported (H) nor reporting researcher (F),neither reported (H) nor reporting researcher (F),reporting researcher (F),reported researcher (H),reporting researcher (F),reported researcher (H),reported researcher (H),2 = somewhat dishonest,3 = neither sincere nor insincere,2 = somewhat unethical,2 = somewhat unlikeable,3 = neither approachable nor unapproachable,1 = very confident the findings are false,5 = very honest,5 = very sincere,3 = neither ethical nor unethical,2 = somewhat unlikeable,4 = somewhat approachable,reported researcher (X),neither reported (X) nor reporting researcher (Y),neither reported (X) nor reporting researcher (Y),neither reported (X) nor reporting researcher (Y),neither reported (X) nor reporting researcher (Y),neither reported (X) nor reporting researcher (Y),neither reported (X) nor reporting researcher (Y),reporting researcher (Y),reporting researcher (Y),Somewhat disagree,No,White,,Man,,Some college credit or technical school degree,Strongly Conservative,Prefer not to say,,18,Catholicism,,complete,,81394,0,0,,0,
1/31/2026 16:10,1/31/2026 16:21,IP Address,100,658,TRUE,1/31/2026 16:21,R_5nvI2ULg9RdrLiN,anonymous,EN,1,"Yes, I consent",3 = neither honest nor dishonest,3 = neither sincere nor insincere,3 = neither ethical nor unethical,3 = neither likeable nor unlikeable,2 = somewhat unapproachable,2 = somewhat confident the findings are false,5 = very honest,5 = very sincere,5 = very ethical,5 = very likeable,5 = very approachable,neither reported (K) nor reporting researcher (S),reporting researcher (S),reported researcher (K),reporting researcher (S),reported researcher (K),reported researcher (K),reported researcher (K),reported researcher (K),reported researcher (K),1 = very dishonest,1 = very insincere,1 = very unethical,1 = very unlikeable,2 = somewhat unapproachable,1 = very confident the findings are false,5 = very honest,5 = very sincere,5 = very ethical,5 = very likeable,5 = very approachable,reporting researcher (F),reporting researcher (F),neither reported (H) nor reporting researcher (F),reporting researcher (F),reporting researcher (F),reporting researcher (F),reporting researcher (F),reporting researcher (F),neither reported (H) nor reporting researcher (F),1 = very dishonest,1 = very insincere,1 = very unethical,1 = very unlikeable,1 = very unapproachable,1 = very confident the findings are false,5 = very honest,5 = very sincere,5 = very ethical,5 = very likeable,5 = very approachable,reporting researcher (Y),reporting researcher (Y),reporting researcher (Y),reporting researcher (Y),reporting researcher (Y),reporting researcher (Y),reporting researcher (Y),reporting researcher (Y),reporting researcher (Y),Somewhat disagree,No,White,,Woman,,Some college credit or technical school degree,Centrist,Heterosexual/straight,,19,Catholicism,,complete,,81051,0,0,,0,
1/31/2026 16:42,1/31/2026 16:45,IP Address,100,181,TRUE,1/31/2026 16:45,R_1feiuZWQe2JUOwy,anonymous,EN,1,"Yes, I consent",4 = somewhat honest,2 = somewhat insincere,2 = somewhat unethical,3 = neither likeable nor unlikeable,2 = somewhat unapproachable,2 = somewhat confident the findings are false,3 = neither honest nor dishonest,4 = somewhat sincere,3 = neither ethical nor unethical,3 = neither likeable nor unlikeable,3 = neither approachable nor unapproachable,reported researcher (K),reported researcher (K),reporting researcher (S),reporting researcher (S),reported researcher (K),reported researcher (K),neither reported (K) nor reporting researcher (S),reported researcher (K),neither reported (K) nor reporting researcher (S),4 = somewhat honest,3 = neither sincere nor insincere,2 = somewhat unethical,1 = very unlikeable,2 = somewhat unapproachable,2 = somewhat confident the findings are false,3 = neither honest nor dishonest,2 = somewhat insincere,2 = somewhat unethical,3 = neither likeable nor unlikeable,4 = somewhat approachable,reporting researcher (F),reporting researcher (F),neither reported (H) nor reporting researcher (F),neither reported (H) nor reporting researcher (F),neither reported (H) nor reporting researcher (F),neither reported (H) nor reporting researcher (F),neither reported (H) nor reporting researcher (F),neither reported (H) nor reporting researcher (F),neither reported (H) nor reporting researcher (F),3 = neither honest nor dishonest,1 = very insincere,1 = very unethical,2 = somewhat unlikeable,2 = somewhat unapproachable,3 = could go either way,3 = neither honest nor dishonest,2 = somewhat insincere,1 = very unethical,2 = somewhat unlikeable,3 = neither approachable nor unapproachable,neither reported (X) nor reporting researcher (Y),reporting researcher (Y),reported researcher (X),reporting researcher (Y),reporting researcher (Y),neither reported (X) nor reporting researcher (Y),reported researcher (X),reporting researcher (Y),reporting researcher (Y),Somewhat disagree,No,White,,Woman,,High School Diploma or GED,Conservative,Heterosexual/straight,,18,Protestantism (Christian),,complete,,81229,0,0,,0,
1/31/2026 18:00,1/31/2026 18:10,IP Address,100,605,TRUE,1/31/2026 18:10,R_6e33giffVJIDxXr,anonymous,EN,1,"Yes, I consent",2 = somewhat dishonest,2 = somewhat insincere,3 = neither ethical nor unethical,4 = somewhat likeable,2 = somewhat unapproachable,3 = could go either way,5 = very honest,5 = very sincere,5 = very ethical,4 = somewhat likeable,4 = somewhat approachable,neither reported (K) nor reporting researcher (S),reporting researcher (S),neither reported (K) nor reporting researcher (S),reporting researcher (S),reporting researcher (S),neither reported (K) nor reporting researcher (S),reported researcher (K),reporting researcher (S),reporting researcher (S),2 = somewhat dishonest,2 = somewhat insincere,2 = somewhat unethical,4 = somewhat likeable,3 = neither approachable nor unapproachable,3 = could go either way,5 = very honest,5 = very sincere,5 = very ethical,4 = somewhat likeable,4 = somewhat approachable,neither reported (H) nor reporting researcher (F),neither reported (H) nor reporting researcher (F),reporting researcher (F),reporting researcher (F),reporting researcher (F),neither reported (H) nor reporting researcher (F),neither reported (H) nor reporting researcher (F),reporting researcher (F),reporting researcher (F),1 = very dishonest,1 = very insincere,1 = very unethical,1 = very unlikeable,1 = very unapproachable,1 = very confident the findings are false,5 = very honest,5 = very sincere,5 = very ethical,5 = very likeable,5 = very approachable,reporting researcher (Y),reporting researcher (Y),reported researcher (X),reporting researcher (Y),reporting researcher (Y),reporting researcher (Y),reporting researcher (Y),reporting researcher (Y),reporting researcher (Y),Somewhat disagree,Yes,White,,Woman,,High School Diploma or GED,Lean Liberal,Heterosexual/straight,,18,Catholicism,,complete,,81102,0,0,,0,
1/31/2026 20:20,1/31/2026 20:27,IP Address,100,366,TRUE,1/31/2026 20:27,R_62JTfyweysomwm3,anonymous,EN,1,"Yes, I consent",2 = somewhat dishonest,2 = somewhat insincere,1 = very unethical,2 = somewhat unlikeable,2 = somewhat unapproachable,2 = somewhat confident the findings are false,5 = very honest,5 = very sincere,5 = very ethical,5 = very likeable,5 = very approachable,reporting researcher (S),reporting researcher (S),neither reported (K) nor reporting researcher (S),reporting researcher (S),reporting researcher (S),reporting researcher (S),reporting researcher (S),reporting researcher (S),reporting researcher (S),1 = very dishonest,1 = very insincere,1 = very unethical,1 = very unlikeable,1 = very unapproachable,1 = very confident the findings are false,5 = very honest,5 = very sincere,5 = very ethical,5 = very likeable,5 = very approachable,reporting researcher (F),reporting researcher (F),neither reported (H) nor reporting researcher (F),reporting researcher (F),reporting researcher (F),reporting researcher (F),reporting researcher (F),reporting researcher (F),reporting researcher (F),1 = very dishonest,1 = very insincere,1 = very unethical,1 = very unlikeable,1 = very unapproachable,1 = very confident the findings are false,5 = very honest,5 = very sincere,5 = very ethical,5 = very likeable,5 = very approachable,reporting researcher (Y),reporting researcher (Y),neither reported (X) nor reporting researcher (Y),reporting researcher (Y),reporting researcher (Y),reporting researcher (Y),reporting researcher (Y),reporting researcher (Y),reporting researcher (Y),Somewhat disagree,No,White,,Woman,,Some college credit or technical school degree,Strongly Conservative,Heterosexual/straight,,18,Protestantism (Christian),,complete,,81638,0,0,,0,
1/31/2026 22:33,1/31/2026 22:41,IP Address,100,484,TRUE,1/31/2026 22:41,R_1qULG9XefjIO8Vj,anonymous,EN,1,"Yes, I consent",2 = somewhat dishonest,2 = somewhat insincere,2 = somewhat unethical,2 = somewhat unlikeable,4 = somewhat approachable,2 = somewhat confident the findings are false,5 = very honest,5 = very sincere,5 = very ethical,5 = very likeable,5 = very approachable,reporting researcher (S),reporting researcher (S),reporting researcher (S),reporting researcher (S),reporting researcher (S),reporting researcher (S),reporting researcher (S),reporting researcher (S),reporting researcher (S),2 = somewhat dishonest,2 = somewhat insincere,2 = somewhat unethical,2 = somewhat unlikeable,4 = somewhat approachable,2 = somewhat confident the findings are false,4 = somewhat honest,4 = somewhat sincere,4 = somewhat ethical,4 = somewhat likeable,4 = somewhat approachable,reporting researcher (F),reporting researcher (F),reported researcher (H),reporting researcher (F),reporting researcher (F),reporting researcher (F),reporting researcher (F),reporting researcher (F),reporting researcher (F),1 = very dishonest,1 = very insincere,1 = very unethical,2 = somewhat unlikeable,2 = somewhat unapproachable,1 = very confident the findings are false,5 = very honest,5 = very sincere,5 = very ethical,4 = somewhat likeable,5 = very approachable,reported researcher (X),reported researcher (X),reported researcher (X),reported researcher (X),reported researcher (X),reported researcher (X),reported researcher (X),reported researcher (X),reported researcher (X),Somewhat disagree,No,Black or African-American,,Woman,,High School Diploma or GED,Centrist,Heterosexual/straight,,22,Protestantism (Christian),,complete,,81694,0,0,,0,
1/31/2026 23:13,1/31/2026 23:17,IP Address,100,239,TRUE,1/31/2026 23:17,R_5XoD0hXYPKAEzgB,anonymous,EN,1,"Yes, I consent",3 = neither honest nor dishonest,4 = somewhat sincere,2 = somewhat unethical,2 = somewhat unlikeable,2 = somewhat unapproachable,2 = somewhat confident the findings are false,5 = very honest,5 = very sincere,5 = very ethical,4 = somewhat likeable,1 = very unapproachable,reporting researcher (S),reporting researcher (S),reporting researcher (S),reporting researcher (S),reporting researcher (S),reporting researcher (S),reporting researcher (S),reporting researcher (S),reporting researcher (S),3 = neither honest nor dishonest,1 = very insincere,1 = very unethical,2 = somewhat unlikeable,1 = very unapproachable,3 = could go either way,5 = very honest,5 = very sincere,5 = very ethical,5 = very likeable,5 = very approachable,reporting researcher (F),reporting researcher (F),reporting researcher (F),reporting researcher (F),reporting researcher (F),reporting researcher (F),reporting researcher (F),reporting researcher (F),reporting researcher (F),1 = very dishonest,1 = very insincere,1 = very unethical,1 = very unlikeable,1 = very unapproachable,1 = very confident the findings are false,5 = very honest,5 = very sincere,5 = very ethical,5 = very likeable,5 = very approachable,reporting researcher (Y),reporting researcher (Y),reporting researcher (Y),reporting researcher (Y),reporting researcher (Y),reporting researcher (Y),reporting researcher (Y),reporting researcher (Y),reporting researcher (Y),strongly disagree,No,White,,Man,,High School Diploma or GED,Conservative,Heterosexual/straight,,20,Catholicism,,complete,,81520,0,0,,0,
2/1/2026 14:01,2/1/2026 14:39,IP Address,100,2276,TRUE,2/1/2026 14:39,R_7dK8u2Wn0IEHWVQ,anonymous,EN,1,"Yes, I consent",4 = somewhat honest,4 = somewhat sincere,4 = somewhat ethical,4 = somewhat likeable,4 = somewhat approachable,4 = somewhat confident the findings are true,4 = somewhat honest,4 = somewhat sincere,4 = somewhat ethical,4 = somewhat likeable,4 = somewhat approachable,reporting researcher (S),reporting researcher (S),reported researcher (K),reporting researcher (S),reporting researcher (S),reporting researcher (S),reported researcher (K),reporting researcher (S),reporting researcher (S),4 = somewhat honest,4 = somewhat sincere,4 = somewhat ethical,4 = somewhat likeable,4 = somewhat approachable,4 = somewhat confident the findings are true,4 = somewhat honest,4 = somewhat sincere,4 = somewhat ethical,4 = somewhat likeable,4 = somewhat approachable,reporting researcher (F),reported researcher (H),reporting researcher (F),reported researcher (H),reporting researcher (F),reported researcher (H),reporting researcher (F),reported researcher (H),reporting researcher (F),4 = somewhat honest,4 = somewhat sincere,4 = somewhat ethical,4 = somewhat likeable,4 = somewhat approachable,4 = somewhat confident the findings are true,4 = somewhat honest,4 = somewhat sincere,4 = somewhat ethical,4 = somewhat likeable,4 = somewhat approachable,reporting researcher (Y),reported researcher (X),reporting researcher (Y),reported researcher (X),reporting researcher (Y),reported researcher (X),reporting researcher (Y),reported researcher (X),reporting researcher (Y),Somewhat disagree,No,White,,Woman,,High School Diploma or GED,Strongly Conservative,Heterosexual/straight,,18,Catholicism,,complete,,81658,0,0,,0,
2/1/2026 18:05,2/1/2026 18:10,IP Address,100,337,TRUE,2/1/2026 18:10,R_7hFPezrq9yBaSyE,anonymous,EN,1,"Yes, I consent",4 = somewhat honest,4 = somewhat sincere,4 = somewhat ethical,4 = somewhat likeable,4 = somewhat approachable,4 = somewhat confident the findings are true,5 = very honest,5 = very sincere,5 = very ethical,5 = very likeable,5 = very approachable,neither reported (K) nor reporting researcher (S),reporting researcher (S),reported researcher (K),reporting researcher (S),reporting researcher (S),reporting researcher (S),reported researcher (K),reporting researcher (S),reporting researcher (S),1 = very dishonest,2 = somewhat insincere,2 = somewhat unethical,1 = very unlikeable,3 = neither approachable nor unapproachable,2 = somewhat confident the findings are false,5 = very honest,5 = very sincere,5 = very ethical,5 = very likeable,5 = very approachable,reporting researcher (F),reporting researcher (F),reporting researcher (F),reporting researcher (F),reporting researcher (F),reporting researcher (F),reported researcher (H),reporting researcher (F),reporting researcher (F),1 = very dishonest,1 = very insincere,1 = very unethical,1 = very unlikeable,1 = very unapproachable,1 = very confident the findings are false,4 = somewhat honest,4 = somewhat sincere,4 = somewhat ethical,4 = somewhat likeable,4 = somewhat approachable,reporting researcher (Y),reporting researcher (Y),reported researcher (X),reporting researcher (Y),reporting researcher (Y),reporting researcher (Y),reporting researcher (Y),reporting researcher (Y),reporting researcher (Y),Somewhat disagree,No,White,,Man,,High School Diploma or GED,Centrist,Heterosexual/straight,,19,Protestantism (Christian),,complete,,81183,0,0,,0,
2/2/2026 2:19,2/2/2026 2:36,IP Address,100,1003,TRUE,2/2/2026 2:36,R_6LM4TGpv9vroQc9,anonymous,EN,1,"Yes, I consent",2 = somewhat dishonest,4 = somewhat sincere,2 = somewhat unethical,3 = neither likeable nor unlikeable,3 = neither approachable nor unapproachable,3 = could go either way,5 = very honest,5 = very sincere,5 = very ethical,4 = somewhat likeable,5 = very approachable,reporting researcher (S),reporting researcher (S),reporting researcher (S),reporting researcher (S),reporting researcher (S),neither reported (K) nor reporting researcher (S),neither reported (K) nor reporting researcher (S),reporting researcher (S),reporting researcher (S),1 = very dishonest,1 = very insincere,1 = very unethical,2 = somewhat unlikeable,3 = neither approachable nor unapproachable,3 = could go either way,5 = very honest,5 = very sincere,5 = very ethical,5 = very likeable,5 = very approachable,reporting researcher (F),reporting researcher (F),neither reported (H) nor reporting researcher (F),reporting researcher (F),reporting researcher (F),reporting researcher (F),neither reported (H) nor reporting researcher (F),reporting researcher (F),reporting researcher (F),1 = very dishonest,2 = somewhat insincere,1 = very unethical,3 = neither likeable nor unlikeable,3 = neither approachable nor unapproachable,2 = somewhat confident the findings are false,5 = very honest,5 = very sincere,5 = very ethical,5 = very likeable,4 = somewhat approachable,reporting researcher (Y),neither reported (X) nor reporting researcher (Y),neither reported (X) nor reporting researcher (Y),neither reported (X) nor reporting researcher (Y),neither reported (X) nor reporting researcher (Y),neither reported (X) nor reporting researcher (Y),neither reported (X) nor reporting researcher (Y),reporting researcher (Y),reporting researcher (Y),Somewhat disagree,No,Black or African-American,,Woman,,High School Diploma or GED,Centrist,Heterosexual/straight,,19,Not Affiliated,,complete,,81262,0,0,,0,
2/2/2026 8:04,2/2/2026 8:21,IP Address,100,1001,TRUE,2/2/2026 8:21,R_7N2BAkK13PIZp3Y,anonymous,EN,1,"Yes, I consent",4 = somewhat honest,4 = somewhat sincere,3 = neither ethical nor unethical,4 = somewhat likeable,4 = somewhat approachable,4 = somewhat confident the findings are true,3 = neither honest nor dishonest,4 = somewhat sincere,4 = somewhat ethical,4 = somewhat likeable,4 = somewhat approachable,reporting researcher (S),reporting researcher (S),reported researcher (K),reported researcher (K),reported researcher (K),reported researcher (K),reported researcher (K),reported researcher (K),reported researcher (K),4 = somewhat honest,4 = somewhat sincere,4 = somewhat ethical,4 = somewhat likeable,4 = somewhat approachable,4 = somewhat confident the findings are true,4 = somewhat honest,4 = somewhat sincere,4 = somewhat ethical,4 = somewhat likeable,4 = somewhat approachable,reported researcher (H),reported researcher (H),reported researcher (H),reported researcher (H),reported researcher (H),reported researcher (H),reported researcher (H),reported researcher (H),reported researcher (H),3 = neither honest nor dishonest,2 = somewhat insincere,3 = neither ethical nor unethical,2 = somewhat unlikeable,3 = neither approachable nor unapproachable,3 = could go either way,3 = neither honest nor dishonest,4 = somewhat sincere,4 = somewhat ethical,4 = somewhat likeable,4 = somewhat approachable,reporting researcher (Y),reporting researcher (Y),reported researcher (X),reporting researcher (Y),neither reported (X) nor reporting researcher (Y),reported researcher (X),reporting researcher (Y),reporting researcher (Y),reported researcher (X),Somewhat disagree,No,Black or African-American,,Woman,,Some college credit or technical school degree,Lean Conservative,Heterosexual/straight,,18,Protestantism (Christian),,complete,,81805,0,0,,0,
2/2/2026 8:56,2/2/2026 9:02,IP Address,100,395,TRUE,2/2/2026 9:02,R_1tbY8wP4dEtpfRA,anonymous,EN,1,"Yes, I consent",4 = somewhat honest,3 = neither sincere nor insincere,3 = neither ethical nor unethical,4 = somewhat likeable,4 = somewhat approachable,4 = somewhat confident the findings are true,4 = somewhat honest,4 = somewhat sincere,4 = somewhat ethical,4 = somewhat likeable,4 = somewhat approachable,neither reported (K) nor reporting researcher (S),neither reported (K) nor reporting researcher (S),reported researcher (K),reporting researcher (S),reporting researcher (S),neither reported (K) nor reporting researcher (S),neither reported (K) nor reporting researcher (S),reporting researcher (S),reporting researcher (S),1 = very dishonest,2 = somewhat insincere,2 = somewhat unethical,2 = somewhat unlikeable,3 = neither approachable nor unapproachable,1 = very confident the findings are false,4 = somewhat honest,4 = somewhat sincere,4 = somewhat ethical,5 = very likeable,4 = somewhat approachable,neither reported (H) nor reporting researcher (F),neither reported (H) nor reporting researcher (F),reported researcher (H),reporting researcher (F),reporting researcher (F),reporting researcher (F),neither reported (H) nor reporting researcher (F),reporting researcher (F),reporting researcher (F),1 = very dishonest,1 = very insincere,1 = very unethical,1 = very unlikeable,1 = very unapproachable,1 = very confident the findings are false,5 = very honest,5 = very sincere,5 = very ethical,5 = very likeable,5 = very approachable,neither reported (X) nor reporting researcher (Y),reporting researcher (Y),reported researcher (X),reporting researcher (Y),reporting researcher (Y),reporting researcher (Y),reporting researcher (Y),reporting researcher (Y),reporting researcher (Y),Somewhat agree,No,White,,Woman,,Some college credit or technical school degree,Conservative,Heterosexual/straight,,18,Protestantism (Christian),,complete,,81503,0,0,,0,
2/2/2026 9:05,2/2/2026 9:11,IP Address,100,360,TRUE,2/2/2026 9:11,R_1xsgNF01krlABUt,anonymous,EN,1,"Yes, I consent",2 = somewhat dishonest,5 = very sincere,3 = neither ethical nor unethical,4 = somewhat likeable,4 = somewhat approachable,4 = somewhat confident the findings are true,5 = very honest,5 = very sincere,4 = somewhat ethical,3 = neither likeable nor unlikeable,4 = somewhat approachable,neither reported (K) nor reporting researcher (S),reporting researcher (S),neither reported (K) nor reporting researcher (S),reporting researcher (S),reporting researcher (S),reporting researcher (S),neither reported (K) nor reporting researcher (S),reporting researcher (S),reporting researcher (S),1 = very dishonest,1 = very insincere,1 = very unethical,2 = somewhat unlikeable,2 = somewhat unapproachable,1 = very confident the findings are false,5 = very honest,5 = very sincere,5 = very ethical,3 = neither likeable nor unlikeable,4 = somewhat approachable,neither reported (H) nor reporting researcher (F),reporting researcher (F),neither reported (H) nor reporting researcher (F),reporting researcher (F),reporting researcher (F),reporting researcher (F),neither reported (H) nor reporting researcher (F),reporting researcher (F),reporting researcher (F),1 = very dishonest,1 = very insincere,5 = very ethical,2 = somewhat unlikeable,3 = neither approachable nor unapproachable,2 = somewhat confident the findings are false,4 = somewhat honest,5 = very sincere,5 = very ethical,3 = neither likeable nor unlikeable,4 = somewhat approachable,neither reported (X) nor reporting researcher (Y),reporting researcher (Y),neither reported (X) nor reporting researcher (Y),reporting researcher (Y),reporting researcher (Y),reporting researcher (Y),neither reported (X) nor reporting researcher (Y),reporting researcher (Y),reporting researcher (Y),Somewhat disagree,No,White,,Man,,Some college credit or technical school degree,Conservative,Heterosexual/straight,,20,Catholicism,,complete,,81023,0,0,,0,
2/2/2026 9:16,2/2/2026 9:32,IP Address,100,961,TRUE,2/2/2026 9:32,R_5S21PXp8HvpU9pE,anonymous,EN,1,"Yes, I consent",2 = somewhat dishonest,3 = neither sincere nor insincere,3 = neither ethical nor unethical,3 = neither likeable nor unlikeable,4 = somewhat approachable,4 = somewhat confident the findings are true,5 = very honest,4 = somewhat sincere,4 = somewhat ethical,4 = somewhat likeable,4 = somewhat approachable,neither reported (K) nor reporting researcher (S),reporting researcher (S),reported researcher (K),neither reported (K) nor reporting researcher (S),neither reported (K) nor reporting researcher (S),reporting researcher (S),reported researcher (K),neither reported (K) nor reporting researcher (S),neither reported (K) nor reporting researcher (S),1 = very dishonest,1 = very insincere,2 = somewhat unethical,1 = very unlikeable,2 = somewhat unapproachable,1 = very confident the findings are false,5 = very honest,5 = very sincere,4 = somewhat ethical,4 = somewhat likeable,4 = somewhat approachable,reporting researcher (F),reporting researcher (F),reported researcher (H),reporting researcher (F),reporting researcher (F),reporting researcher (F),neither reported (H) nor reporting researcher (F),reporting researcher (F),reporting researcher (F),1 = very dishonest,3 = neither sincere nor insincere,2 = somewhat unethical,2 = somewhat unlikeable,3 = neither approachable nor unapproachable,2 = somewhat confident the findings are false,5 = very honest,4 = somewhat sincere,4 = somewhat ethical,3 = neither likeable nor unlikeable,2 = somewhat unapproachable,neither reported (X) nor reporting researcher (Y),reporting researcher (Y),reported researcher (X),neither reported (X) nor reporting researcher (Y),neither reported (X) nor reporting researcher (Y),reporting researcher (Y),neither reported (X) nor reporting researcher (Y),reporting researcher (Y),reporting researcher (Y),Somewhat disagree,No,White,,Woman,,Some college credit or technical school degree,Centrist,Heterosexual/straight,,20,Not Affiliated,,complete,,81720,0,0,,0,
2/2/2026 11:06,2/2/2026 11:14,IP Address,100,501,TRUE,2/2/2026 11:14,R_7EiWlT4FncMoa9X,anonymous,EN,1,"Yes, I consent",4 = somewhat honest,4 = somewhat sincere,2 = somewhat unethical,5 = very likeable,5 = very approachable,4 = somewhat confident the findings are true,5 = very honest,2 = somewhat insincere,4 = somewhat ethical,2 = somewhat unlikeable,2 = somewhat unapproachable,reported researcher (K),reporting researcher (S),reported researcher (K),neither reported (K) nor reporting researcher (S),reporting researcher (S),reported researcher (K),reporting researcher (S),reporting researcher (S),reported researcher (K),1 = very dishonest,1 = very insincere,1 = very unethical,1 = very unlikeable,3 = neither approachable nor unapproachable,1 = very confident the findings are false,5 = very honest,4 = somewhat sincere,5 = very ethical,5 = very likeable,4 = somewhat approachable,reporting researcher (F),reporting researcher (F),neither reported (H) nor reporting researcher (F),reporting researcher (F),reporting researcher (F),reporting researcher (F),neither reported (H) nor reporting researcher (F),reporting researcher (F),reporting researcher (F),2 = somewhat dishonest,1 = very insincere,1 = very unethical,1 = very unlikeable,2 = somewhat unapproachable,1 = very confident the findings are false,5 = very honest,1 = very insincere,3 = neither ethical nor unethical,2 = somewhat unlikeable,2 = somewhat unapproachable,reporting researcher (Y),reporting researcher (Y),reported researcher (X),neither reported (X) nor reporting researcher (Y),reporting researcher (Y),reporting researcher (Y),reported researcher (X),reporting researcher (Y),reporting researcher (Y),Somewhat disagree,No,White,,Woman,,High School Diploma or GED,Centrist,Heterosexual/straight,,18,Protestantism (Christian),,complete,,81290,0,0,,0,
2/2/2026 12:35,2/2/2026 12:42,IP Address,100,436,TRUE,2/2/2026 12:42,R_1lho3v1GWOi6D3F,anonymous,EN,1,"Yes, I consent",3 = neither honest nor dishonest,4 = somewhat sincere,4 = somewhat ethical,4 = somewhat likeable,4 = somewhat approachable,3 = could go either way,5 = very honest,5 = very sincere,5 = very ethical,4 = somewhat likeable,5 = very approachable,reporting researcher (S),neither reported (K) nor reporting researcher (S),neither reported (K) nor reporting researcher (S),reporting researcher (S),reporting researcher (S),reported researcher (K),reporting researcher (S),reporting researcher (S),reporting researcher (S),2 = somewhat dishonest,2 = somewhat insincere,1 = very unethical,2 = somewhat unlikeable,2 = somewhat unapproachable,1 = very confident the findings are false,4 = somewhat honest,4 = somewhat sincere,5 = very ethical,4 = somewhat likeable,5 = very approachable,neither reported (H) nor reporting researcher (F),neither reported (H) nor reporting researcher (F),neither reported (H) nor reporting researcher (F),reporting researcher (F),reporting researcher (F),reported researcher (H),reporting researcher (F),reporting researcher (F),reporting researcher (F),1 = very dishonest,2 = somewhat insincere,1 = very unethical,2 = somewhat unlikeable,3 = neither approachable nor unapproachable,1 = very confident the findings are false,4 = somewhat honest,4 = somewhat sincere,5 = very ethical,4 = somewhat likeable,5 = very approachable,neither reported (X) nor reporting researcher (Y),reporting researcher (Y),neither reported (X) nor reporting researcher (Y),reporting researcher (Y),reporting researcher (Y),reported researcher (X),reporting researcher (Y),reporting researcher (Y),reporting researcher (Y),Somewhat disagree,No,White,,Woman,,High School Diploma or GED,Conservative,Heterosexual/straight,,19,Protestantism (Christian),,complete,,81118,0,0,,0,
1/30/2026 14:33,2/2/2026 13:24,IP Address,100,255079,TRUE,2/2/2026 13:24,R_364SIDDVh1ZAtUZ,anonymous,EN,1,"Yes, I consent",4 = somewhat honest,4 = somewhat sincere,2 = somewhat unethical,4 = somewhat likeable,4 = somewhat approachable,4 = somewhat confident the findings are true,4 = somewhat honest,5 = very sincere,2 = somewhat unethical,5 = very likeable,2 = somewhat unapproachable,reported researcher (K),reporting researcher (S),reporting researcher (S),reporting researcher (S),reporting researcher (S),reporting researcher (S),reported researcher (K),reporting researcher (S),reported researcher (K),1 = very dishonest,1 = very insincere,2 = somewhat unethical,2 = somewhat unlikeable,1 = very unapproachable,1 = very confident the findings are false,5 = very honest,5 = very sincere,4 = somewhat ethical,4 = somewhat likeable,5 = very approachable,reported researcher (H),reporting researcher (F),reporting researcher (F),reporting researcher (F),reporting researcher (F),reporting researcher (F),reported researcher (H),reporting researcher (F),reporting researcher (F),1 = very dishonest,1 = very insincere,1 = very unethical,1 = very unlikeable,2 = somewhat unapproachable,2 = somewhat confident the findings are false,4 = somewhat honest,4 = somewhat sincere,5 = very ethical,4 = somewhat likeable,5 = very approachable,reporting researcher (Y),reporting researcher (Y),reported researcher (X),reporting researcher (Y),reporting researcher (Y),reporting researcher (Y),reporting researcher (Y),reporting researcher (Y),reporting researcher (Y),Somewhat disagree,No,White,,Woman,,High School Diploma or GED,Liberal,Heterosexual/straight,,19,Catholicism,,complete,,81702,0,0,,0,
2/2/2026 19:34,2/2/2026 19:42,IP Address,100,461,TRUE,2/2/2026 19:42,R_3s8PHNHxadkbsk1,anonymous,EN,1,"Yes, I consent",3 = neither honest nor dishonest,2 = somewhat insincere,2 = somewhat unethical,2 = somewhat unlikeable,2 = somewhat unapproachable,2 = somewhat confident the findings are false,4 = somewhat honest,4 = somewhat sincere,4 = somewhat ethical,4 = somewhat likeable,4 = somewhat approachable,neither reported (K) nor reporting researcher (S),neither reported (K) nor reporting researcher (S),neither reported (K) nor reporting researcher (S),neither reported (K) nor reporting researcher (S),neither reported (K) nor reporting researcher (S),neither reported (K) nor reporting researcher (S),neither reported (K) nor reporting researcher (S),neither reported (K) nor reporting researcher (S),neither reported (K) nor reporting researcher (S),2 = somewhat dishonest,2 = somewhat insincere,2 = somewhat unethical,2 = somewhat unlikeable,2 = somewhat unapproachable,2 = somewhat confident the findings are false,4 = somewhat honest,4 = somewhat sincere,4 = somewhat ethical,4 = somewhat likeable,4 = somewhat approachable,neither reported (H) nor reporting researcher (F),neither reported (H) nor reporting researcher (F),neither reported (H) nor reporting researcher (F),neither reported (H) nor reporting researcher (F),neither reported (H) nor reporting researcher (F),neither reported (H) nor reporting researcher (F),neither reported (H) nor reporting researcher (F),neither reported (H) nor reporting researcher (F),neither reported (H) nor reporting researcher (F),1 = very dishonest,1 = very insincere,1 = very unethical,2 = somewhat unlikeable,2 = somewhat unapproachable,2 = somewhat confident the findings are false,4 = somewhat honest,3 = neither sincere nor insincere,2 = somewhat unethical,2 = somewhat unlikeable,3 = neither approachable nor unapproachable,neither reported (X) nor reporting researcher (Y),neither reported (X) nor reporting researcher (Y),neither reported (X) nor reporting researcher (Y),neither reported (X) nor reporting researcher (Y),neither reported (X) nor reporting researcher (Y),neither reported (X) nor reporting researcher (Y),neither reported (X) nor reporting researcher (Y),reporting researcher (Y),neither reported (X) nor reporting researcher (Y),Somewhat disagree,No,White,,Woman,,High School Diploma or GED,Lean Conservative,Heterosexual/straight,,19,Protestantism (Christian),,complete,,81383,0,0,,0,
2/2/2026 13:59,2/2/2026 19:47,IP Address,100,20901,TRUE,2/2/2026 19:47,R_5dS9BxaM7iBUQMh,anonymous,EN,1,"Yes, I consent",3 = neither honest nor dishonest,3 = neither sincere nor insincere,3 = neither ethical nor unethical,3 = neither likeable nor unlikeable,3 = neither approachable nor unapproachable,3 = could go either way,3 = neither honest nor dishonest,3 = neither sincere nor insincere,3 = neither ethical nor unethical,3 = neither likeable nor unlikeable,3 = neither approachable nor unapproachable,neither reported (K) nor reporting researcher (S),neither reported (K) nor reporting researcher (S),neither reported (K) nor reporting researcher (S),neither reported (K) nor reporting researcher (S),neither reported (K) nor reporting researcher (S),neither reported (K) nor reporting researcher (S),neither reported (K) nor reporting researcher (S),neither reported (K) nor reporting researcher (S),neither reported (K) nor reporting researcher (S),1 = very dishonest,1 = very insincere,3 = neither ethical nor unethical,2 = somewhat unlikeable,3 = neither approachable nor unapproachable,1 = very confident the findings are false,5 = very honest,5 = very sincere,5 = very ethical,5 = very likeable,5 = very approachable,reporting researcher (F),reporting researcher (F),reporting researcher (F),reporting researcher (F),reporting researcher (F),reporting researcher (F),reporting researcher (F),reporting researcher (F),reporting researcher (F),3 = neither honest nor dishonest,3 = neither sincere nor insincere,3 = neither ethical nor unethical,3 = neither likeable nor unlikeable,3 = neither approachable nor unapproachable,3 = could go either way,3 = neither honest nor dishonest,3 = neither sincere nor insincere,3 = neither ethical nor unethical,3 = neither likeable nor unlikeable,3 = neither approachable nor unapproachable,neither reported (X) nor reporting researcher (Y),neither reported (X) nor reporting researcher (Y),neither reported (X) nor reporting researcher (Y),neither reported (X) nor reporting researcher (Y),neither reported (X) nor reporting researcher (Y),neither reported (X) nor reporting researcher (Y),neither reported (X) nor reporting researcher (Y),neither reported (X) nor reporting researcher (Y),neither reported (X) nor reporting researcher (Y),Somewhat disagree,No,White,,Woman,,Some college credit or technical school degree,Conservative,Heterosexual/straight,,18,Protestantism (Christian),,complete,,81189,0,0,,0,
2/2/2026 20:19,2/2/2026 20:24,IP Address,100,348,TRUE,2/2/2026 20:24,R_3GxC5RnxFBiSdIi,anonymous,EN,1,"Yes, I consent",1 = very dishonest,1 = very insincere,1 = very unethical,1 = very unlikeable,2 = somewhat unapproachable,1 = very confident the findings are false,5 = very honest,5 = very sincere,5 = very ethical,5 = very likeable,4 = somewhat approachable,reported researcher (K),reporting researcher (S),reported researcher (K),reporting researcher (S),reporting researcher (S),reporting researcher (S),reporting researcher (S),reporting researcher (S),reporting researcher (S),2 = somewhat dishonest,2 = somewhat insincere,1 = very unethical,1 = very unlikeable,2 = somewhat unapproachable,3 = could go either way,5 = very honest,5 = very sincere,5 = very ethical,4 = somewhat likeable,4 = somewhat approachable,reporting researcher (F),reporting researcher (F),reported researcher (H),reporting researcher (F),reporting researcher (F),reporting researcher (F),neither reported (H) nor reporting researcher (F),reporting researcher (F),reporting researcher (F),1 = very dishonest,1 = very insincere,1 = very unethical,1 = very unlikeable,2 = somewhat unapproachable,2 = somewhat confident the findings are false,5 = very honest,5 = very sincere,5 = very ethical,5 = very likeable,4 = somewhat approachable,reporting researcher (Y),reporting researcher (Y),reported researcher (X),reporting researcher (Y),reporting researcher (Y),reporting researcher (Y),reported researcher (X),reporting researcher (Y),reporting researcher (Y),Somewhat disagree,No,White,,Woman,,Some college credit or technical school degree,Lean Conservative,Heterosexual/straight,,18,Catholicism,,complete,,81129,0,0,,0,
2/3/2026 11:06,2/3/2026 11:12,IP Address,100,393,TRUE,2/3/2026 11:12,R_1fQpDcQJksGCsE1,anonymous,EN,1,"Yes, I consent",2 = somewhat dishonest,2 = somewhat insincere,2 = somewhat unethical,3 = neither likeable nor unlikeable,3 = neither approachable nor unapproachable,2 = somewhat confident the findings are false,3 = neither honest nor dishonest,3 = neither sincere nor insincere,3 = neither ethical nor unethical,3 = neither likeable nor unlikeable,3 = neither approachable nor unapproachable,neither reported (K) nor reporting researcher (S),neither reported (K) nor reporting researcher (S),reported researcher (K),neither reported (K) nor reporting researcher (S),neither reported (K) nor reporting researcher (S),neither reported (K) nor reporting researcher (S),neither reported (K) nor reporting researcher (S),neither reported (K) nor reporting researcher (S),neither reported (K) nor reporting researcher (S),1 = very dishonest,2 = somewhat insincere,1 = very unethical,2 = somewhat unlikeable,3 = neither approachable nor unapproachable,2 = somewhat confident the findings are false,4 = somewhat honest,3 = neither sincere nor insincere,4 = somewhat ethical,2 = somewhat unlikeable,2 = somewhat unapproachable,neither reported (H) nor reporting researcher (F),reporting researcher (F),reported researcher (H),neither reported (H) nor reporting researcher (F),reporting researcher (F),reporting researcher (F),reported researcher (H),reporting researcher (F),reporting researcher (F),1 = very dishonest,1 = very insincere,1 = very unethical,2 = somewhat unlikeable,3 = neither approachable nor unapproachable,1 = very confident the findings are false,4 = somewhat honest,4 = somewhat sincere,4 = somewhat ethical,2 = somewhat unlikeable,2 = somewhat unapproachable,neither reported (X) nor reporting researcher (Y),neither reported (X) nor reporting researcher (Y),reported researcher (X),neither reported (X) nor reporting researcher (Y),neither reported (X) nor reporting researcher (Y),reporting researcher (Y),reported researcher (X),reporting researcher (Y),reporting researcher (Y),Somewhat disagree,No,White,,Woman,,High School Diploma or GED,Conservative,Heterosexual/straight,,19,Protestantism (Christian),,complete,,81008,0,0,,0,
2/3/2026 11:58,2/3/2026 12:12,IP Address,100,841,TRUE,2/3/2026 12:12,R_5BP3aSQIW3jKKNr,anonymous,EN,1,"Yes, I consent",4 = somewhat honest,4 = somewhat sincere,3 = neither ethical nor unethical,2 = somewhat unlikeable,2 = somewhat unapproachable,3 = could go either way,4 = somewhat honest,4 = somewhat sincere,5 = very ethical,5 = very likeable,5 = very approachable,neither reported (K) nor reporting researcher (S),reporting researcher (S),reported researcher (K),reporting researcher (S),reporting researcher (S),reporting researcher (S),reported researcher (K),reporting researcher (S),reporting researcher (S),2 = somewhat dishonest,1 = very insincere,1 = very unethical,2 = somewhat unlikeable,2 = somewhat unapproachable,2 = somewhat confident the findings are false,5 = very honest,4 = somewhat sincere,5 = very ethical,5 = very likeable,5 = very approachable,reporting researcher (F),reporting researcher (F),neither reported (H) nor reporting researcher (F),reporting researcher (F),reporting researcher (F),reporting researcher (F),reporting researcher (F),reporting researcher (F),reporting researcher (F),1 = very dishonest,1 = very insincere,1 = very unethical,1 = very unlikeable,1 = very unapproachable,1 = very confident the findings are false,5 = very honest,5 = very sincere,5 = very ethical,5 = very likeable,5 = very approachable,reporting researcher (Y),reporting researcher (Y),reporting researcher (Y),reporting researcher (Y),reporting researcher (Y),reporting researcher (Y),reporting researcher (Y),reporting researcher (Y),reporting researcher (Y),Somewhat disagree,No,Black or African-American,,Man,,Some college credit or technical school degree,Lean Liberal,Heterosexual/straight,,18,Protestantism (Christian),,complete,,81627,0,0,,0,
2/2/2026 10:27,2/3/2026 13:00,IP Address,100,95553,TRUE,2/3/2026 13:00,R_6FPOZfXFMhR4yG0,anonymous,EN,1,"Yes, I consent",3 = neither honest nor dishonest,3 = neither sincere nor insincere,2 = somewhat unethical,3 = neither likeable nor unlikeable,4 = somewhat approachable,2 = somewhat confident the findings are false,5 = very honest,5 = very sincere,5 = very ethical,5 = very likeable,5 = very approachable,reporting researcher (S),reporting researcher (S),neither reported (K) nor reporting researcher (S),reporting researcher (S),reporting researcher (S),reporting researcher (S),reporting researcher (S),reporting researcher (S),reporting researcher (S),2 = somewhat dishonest,2 = somewhat insincere,2 = somewhat unethical,2 = somewhat unlikeable,2 = somewhat unapproachable,2 = somewhat confident the findings are false,4 = somewhat honest,4 = somewhat sincere,3 = neither ethical nor unethical,4 = somewhat likeable,4 = somewhat approachable,neither reported (H) nor reporting researcher (F),reporting researcher (F),reported researcher (H),reporting researcher (F),reporting researcher (F),reporting researcher (F),reporting researcher (F),reporting researcher (F),reporting researcher (F),1 = very dishonest,1 = very insincere,1 = very unethical,2 = somewhat unlikeable,3 = neither approachable nor unapproachable,2 = somewhat confident the findings are false,5 = very honest,5 = very sincere,5 = very ethical,5 = very likeable,3 = neither approachable nor unapproachable,reporting researcher (Y),reporting researcher (Y),neither reported (X) nor reporting researcher (Y),reporting researcher (Y),reporting researcher (Y),reporting researcher (Y),reporting researcher (Y),reporting researcher (Y),reporting researcher (Y),Somewhat disagree,No,White,,Woman,,Some college credit or technical school degree,Lean Conservative,Heterosexual/straight,,19,Protestantism (Christian),,complete,,80972,0,0,,0,
2/3/2026 12:59,2/3/2026 13:03,IP Address,100,258,TRUE,2/3/2026 13:03,R_7bVeLR8cahC2dzP,anonymous,EN,1,"Yes, I consent",3 = neither honest nor dishonest,3 = neither sincere nor insincere,1 = very unethical,1 = very unlikeable,1 = very unapproachable,4 = somewhat confident the findings are true,3 = neither honest nor dishonest,3 = neither sincere nor insincere,3 = neither ethical nor unethical,3 = neither likeable nor unlikeable,2 = somewhat unapproachable,neither reported (K) nor reporting researcher (S),neither reported (K) nor reporting researcher (S),neither reported (K) nor reporting researcher (S),neither reported (K) nor reporting researcher (S),neither reported (K) nor reporting researcher (S),neither reported (K) nor reporting researcher (S),neither reported (K) nor reporting researcher (S),neither reported (K) nor reporting researcher (S),neither reported (K) nor reporting researcher (S),3 = neither honest nor dishonest,3 = neither sincere nor insincere,2 = somewhat unethical,2 = somewhat unlikeable,3 = neither approachable nor unapproachable,5 = very confident the findings are true,1 = very dishonest,1 = very insincere,3 = neither ethical nor unethical,3 = neither likeable nor unlikeable,3 = neither approachable nor unapproachable,reporting researcher (F),reporting researcher (F),reporting researcher (F),reporting researcher (F),reporting researcher (F),reporting researcher (F),neither reported (H) nor reporting researcher (F),neither reported (H) nor reporting researcher (F),neither reported (H) nor reporting researcher (F),2 = somewhat dishonest,1 = very insincere,2 = somewhat unethical,1 = very unlikeable,2 = somewhat unapproachable,5 = very confident the findings are true,3 = neither honest nor dishonest,4 = somewhat sincere,2 = somewhat unethical,4 = somewhat likeable,4 = somewhat approachable,neither reported (X) nor reporting researcher (Y),neither reported (X) nor reporting researcher (Y),neither reported (X) nor reporting researcher (Y),neither reported (X) nor reporting researcher (Y),neither reported (X) nor reporting researcher (Y),neither reported (X) nor reporting researcher (Y),neither reported (X) nor reporting researcher (Y),neither reported (X) nor reporting researcher (Y),neither reported (X) nor reporting researcher (Y),Somewhat disagree,No,White,,Woman,,Some college credit or technical school degree,Centrist,Heterosexual/straight,,19,Other,orthodox,complete,,81081,0,0,,0,
2/3/2026 13:28,2/3/2026 13:32,IP Address,100,266,TRUE,2/3/2026 13:32,R_1D2KU0t2zYGvEBx,anonymous,EN,1,"Yes, I consent",3 = neither honest nor dishonest,3 = neither sincere nor insincere,3 = neither ethical nor unethical,3 = neither likeable nor unlikeable,3 = neither approachable nor unapproachable,3 = could go either way,3 = neither honest nor dishonest,3 = neither sincere nor insincere,3 = neither ethical nor unethical,3 = neither likeable nor unlikeable,3 = neither approachable nor unapproachable,neither reported (K) nor reporting researcher (S),neither reported (K) nor reporting researcher (S),neither reported (K) nor reporting researcher (S),neither reported (K) nor reporting researcher (S),neither reported (K) nor reporting researcher (S),neither reported (K) nor reporting researcher (S),neither reported (K) nor reporting researcher (S),neither reported (K) nor reporting researcher (S),neither reported (K) nor reporting researcher (S),3 = neither honest nor dishonest,3 = neither sincere nor insincere,3 = neither ethical nor unethical,3 = neither likeable nor unlikeable,3 = neither approachable nor unapproachable,3 = could go either way,3 = neither honest nor dishonest,3 = neither sincere nor insincere,3 = neither ethical nor unethical,3 = neither likeable nor unlikeable,3 = neither approachable nor unapproachable,neither reported (H) nor reporting researcher (F),neither reported (H) nor reporting researcher (F),neither reported (H) nor reporting researcher (F),neither reported (H) nor reporting researcher (F),neither reported (H) nor reporting researcher (F),neither reported (H) nor reporting researcher (F),neither reported (H) nor reporting researcher (F),neither reported (H) nor reporting researcher (F),neither reported (H) nor reporting researcher (F),3 = neither honest nor dishonest,3 = neither sincere nor insincere,3 = neither ethical nor unethical,3 = neither likeable nor unlikeable,3 = neither approachable nor unapproachable,3 = could go either way,3 = neither honest nor dishonest,3 = neither sincere nor insincere,3 = neither ethical nor unethical,3 = neither likeable nor unlikeable,3 = neither approachable nor unapproachable,neither reported (X) nor reporting researcher (Y),neither reported (X) nor reporting researcher (Y),neither reported (X) nor reporting researcher (Y),neither reported (X) nor reporting researcher (Y),neither reported (X) nor reporting researcher (Y),neither reported (X) nor reporting researcher (Y),neither reported (X) nor reporting researcher (Y),neither reported (X) nor reporting researcher (Y),neither reported (X) nor reporting researcher (Y),Somewhat disagree,No,White,,Man,,Some college credit or technical school degree,Centrist,Heterosexual/straight,,18,Protestantism (Christian),,complete,,81393,0,0,,0,
2/3/2026 14:49,2/3/2026 15:00,IP Address,100,694,TRUE,2/3/2026 15:00,R_1VN3yfE3GvrlvwJ,anonymous,EN,1,"Yes, I consent",3 = neither honest nor dishonest,4 = somewhat sincere,4 = somewhat ethical,4 = somewhat likeable,4 = somewhat approachable,3 = could go either way,2 = somewhat dishonest,2 = somewhat insincere,2 = somewhat unethical,2 = somewhat unlikeable,2 = somewhat unapproachable,neither reported (K) nor reporting researcher (S),reported researcher (K),reporting researcher (S),reported researcher (K),neither reported (K) nor reporting researcher (S),reported researcher (K),reporting researcher (S),reporting researcher (S),reported researcher (K),1 = very dishonest,1 = very insincere,1 = very unethical,1 = very unlikeable,1 = very unapproachable,2 = somewhat confident the findings are false,5 = very honest,5 = very sincere,5 = very ethical,5 = very likeable,5 = very approachable,neither reported (H) nor reporting researcher (F),reporting researcher (F),reported researcher (H),reporting researcher (F),reporting researcher (F),reporting researcher (F),reported researcher (H),reporting researcher (F),reporting researcher (F),1 = very dishonest,2 = somewhat insincere,1 = very unethical,2 = somewhat unlikeable,2 = somewhat unapproachable,2 = somewhat confident the findings are false,5 = very honest,3 = neither sincere nor insincere,4 = somewhat ethical,2 = somewhat unlikeable,4 = somewhat approachable,neither reported (X) nor reporting researcher (Y),reporting researcher (Y),reporting researcher (Y),reporting researcher (Y),reporting researcher (Y),reporting researcher (Y),reported researcher (X),reporting researcher (Y),reporting researcher (Y),Somewhat disagree,No,White,,Woman,,Some college credit or technical school degree,Strongly Conservative,Heterosexual/straight,,18,Catholicism,,complete,,81368,0,0,,0,
2/3/2026 16:26,2/3/2026 16:33,IP Address,100,398,TRUE,2/3/2026 16:33,R_5QSRgOitV4lvnzz,anonymous,EN,1,"Yes, I consent",4 = somewhat honest,3 = neither sincere nor insincere,5 = very ethical,4 = somewhat likeable,5 = very approachable,5 = very confident the findings are true,5 = very honest,4 = somewhat sincere,5 = very ethical,5 = very likeable,5 = very approachable,neither reported (K) nor reporting researcher (S),reporting researcher (S),reported researcher (K),reporting researcher (S),reporting researcher (S),reporting researcher (S),neither reported (K) nor reporting researcher (S),reporting researcher (S),reporting researcher (S),2 = somewhat dishonest,3 = neither sincere nor insincere,2 = somewhat unethical,4 = somewhat likeable,4 = somewhat approachable,3 = could go either way,5 = very honest,5 = very sincere,5 = very ethical,4 = somewhat likeable,5 = very approachable,neither reported (H) nor reporting researcher (F),reporting researcher (F),neither reported (H) nor reporting researcher (F),reporting researcher (F),reporting researcher (F),reporting researcher (F),reported researcher (H),reporting researcher (F),reporting researcher (F),1 = very dishonest,1 = very insincere,3 = neither ethical nor unethical,3 = neither likeable nor unlikeable,4 = somewhat approachable,1 = very confident the findings are false,5 = very honest,4 = somewhat sincere,5 = very ethical,4 = somewhat likeable,4 = somewhat approachable,neither reported (X) nor reporting researcher (Y),reporting researcher (Y),neither reported (X) nor reporting researcher (Y),reporting researcher (Y),reporting researcher (Y),reporting researcher (Y),neither reported (X) nor reporting researcher (Y),reporting researcher (Y),reporting researcher (Y),Somewhat disagree,No,Other,,Woman,,High School Diploma or GED,Liberal,Heterosexual/straight,,18,Not Affiliated,,complete,,81283,0,0,,0.014084507042253521,QID1219732971
2/3/2026 16:59,2/3/2026 17:09,IP Address,100,571,TRUE,2/3/2026 17:09,R_5vzVEZbucbRBiTL,anonymous,EN,1,"Yes, I consent",3 = neither honest nor dishonest,3 = neither sincere nor insincere,3 = neither ethical nor unethical,3 = neither likeable nor unlikeable,4 = somewhat approachable,4 = somewhat confident the findings are true,5 = very honest,5 = very sincere,5 = very ethical,3 = neither likeable nor unlikeable,4 = somewhat approachable,neither reported (K) nor reporting researcher (S),reporting researcher (S),reporting researcher (S),reporting researcher (S),reporting researcher (S),reporting researcher (S),neither reported (K) nor reporting researcher (S),neither reported (K) nor reporting researcher (S),neither reported (K) nor reporting researcher (S),2 = somewhat dishonest,2 = somewhat insincere,1 = very unethical,1 = very unlikeable,2 = somewhat unapproachable,2 = somewhat confident the findings are false,5 = very honest,5 = very sincere,5 = very ethical,5 = very likeable,5 = very approachable,reporting researcher (F),reporting researcher (F),neither reported (H) nor reporting researcher (F),reporting researcher (F),reporting researcher (F),reporting researcher (F),reporting researcher (F),reporting researcher (F),reporting researcher (F),1 = very dishonest,1 = very insincere,1 = very unethical,1 = very unlikeable,1 = very unapproachable,1 = very confident the findings are false,4 = somewhat honest,5 = very sincere,5 = very ethical,5 = very likeable,4 = somewhat approachable,reporting researcher (Y),reporting researcher (Y),neither reported (X) nor reporting researcher (Y),reporting researcher (Y),reporting researcher (Y),reporting researcher (Y),reporting researcher (Y),reporting researcher (Y),reporting researcher (Y),Somewhat disagree,No,White,,Woman,,High School Diploma or GED,Lean Liberal,Heterosexual/straight,,20,Protestantism (Christian),,complete,,81558,0,0,,0,
2/3/2026 18:17,2/3/2026 18:30,IP Address,100,777,TRUE,2/3/2026 18:30,R_3LcW6d7WH99AMbs,anonymous,EN,1,"Yes, I consent",3 = neither honest nor dishonest,4 = somewhat sincere,4 = somewhat ethical,4 = somewhat likeable,3 = neither approachable nor unapproachable,4 = somewhat confident the findings are true,4 = somewhat honest,4 = somewhat sincere,4 = somewhat ethical,4 = somewhat likeable,4 = somewhat approachable,neither reported (K) nor reporting researcher (S),neither reported (K) nor reporting researcher (S),neither reported (K) nor reporting researcher (S),reporting researcher (S),reporting researcher (S),reporting researcher (S),reporting researcher (S),neither reported (K) nor reporting researcher (S),neither reported (K) nor reporting researcher (S),3 = neither honest nor dishonest,4 = somewhat sincere,4 = somewhat ethical,4 = somewhat likeable,4 = somewhat approachable,4 = somewhat confident the findings are true,3 = neither honest nor dishonest,2 = somewhat insincere,2 = somewhat unethical,2 = somewhat unlikeable,2 = somewhat unapproachable,neither reported (H) nor reporting researcher (F),reported researcher (H),reported researcher (H),reported researcher (H),reported researcher (H),reported researcher (H),reported researcher (H),reported researcher (H),reported researcher (H),1 = very dishonest,2 = somewhat insincere,1 = very unethical,2 = somewhat unlikeable,2 = somewhat unapproachable,4 = somewhat confident the findings are true,5 = very honest,4 = somewhat sincere,5 = very ethical,5 = very likeable,5 = very approachable,reporting researcher (Y),reporting researcher (Y),reporting researcher (Y),reporting researcher (Y),reporting researcher (Y),reporting researcher (Y),reporting researcher (Y),reporting researcher (Y),reporting researcher (Y),Somewhat disagree,No,White,,Woman,,High School Diploma or GED,Strongly Conservative,Heterosexual/straight,,19,Protestantism (Christian),,complete,,81666,0,0,,0,
2/3/2026 20:27,2/3/2026 20:30,IP Address,100,209,TRUE,2/3/2026 20:30,R_6PmXcFwtmSPZGHl,anonymous,EN,0.800000012,"Yes, I consent",3 = neither honest nor dishonest,3 = neither sincere nor insincere,3 = neither ethical nor unethical,3 = neither likeable nor unlikeable,3 = neither approachable nor unapproachable,3 = could go either way,3 = neither honest nor dishonest,3 = neither sincere nor insincere,3 = neither ethical nor unethical,3 = neither likeable nor unlikeable,3 = neither approachable nor unapproachable,neither reported (K) nor reporting researcher (S),neither reported (K) nor reporting researcher (S),neither reported (K) nor reporting researcher (S),neither reported (K) nor reporting researcher (S),neither reported (K) nor reporting researcher (S),neither reported (K) nor reporting researcher (S),neither reported (K) nor reporting researcher (S),neither reported (K) nor reporting researcher (S),neither reported (K) nor reporting researcher (S),3 = neither honest nor dishonest,3 = neither sincere nor insincere,3 = neither ethical nor unethical,3 = neither likeable nor unlikeable,3 = neither approachable nor unapproachable,3 = could go either way,3 = neither honest nor dishonest,3 = neither sincere nor insincere,3 = neither ethical nor unethical,3 = neither likeable nor unlikeable,3 = neither approachable nor unapproachable,neither reported (H) nor reporting researcher (F),neither reported (H) nor reporting researcher (F),neither reported (H) nor reporting researcher (F),neither reported (H) nor reporting researcher (F),neither reported (H) nor reporting researcher (F),neither reported (H) nor reporting researcher (F),neither reported (H) nor reporting researcher (F),neither reported (H) nor reporting researcher (F),neither reported (H) nor reporting researcher (F),3 = neither honest nor dishonest,3 = neither sincere nor insincere,3 = neither ethical nor unethical,3 = neither likeable nor unlikeable,3 = neither approachable nor unapproachable,3 = could go either way,3 = neither honest nor dishonest,3 = neither sincere nor insincere,3 = neither ethical nor unethical,3 = neither likeable nor unlikeable,3 = neither approachable nor unapproachable,neither reported (X) nor reporting researcher (Y),neither reported (X) nor reporting researcher (Y),neither reported (X) nor reporting researcher (Y),neither reported (X) nor reporting researcher (Y),neither reported (X) nor reporting researcher (Y),neither reported (X) nor reporting researcher (Y),neither reported (X) nor reporting researcher (Y),neither reported (X) nor reporting researcher (Y),neither reported (X) nor reporting researcher (Y),Somewhat disagree,No,White,,Woman,,High School Diploma or GED,Lean Conservative,Heterosexual/straight,,19,Protestantism (Christian),,complete,,81696,0,0,,0,
2/4/2026 8:05,2/4/2026 8:17,IP Address,100,743,TRUE,2/4/2026 8:17,R_6DM0enEHBC9noMG,anonymous,EN,1,"Yes, I consent",4 = somewhat honest,3 = neither sincere nor insincere,3 = neither ethical nor unethical,4 = somewhat likeable,4 = somewhat approachable,4 = somewhat confident the findings are true,5 = very honest,4 = somewhat sincere,3 = neither ethical nor unethical,4 = somewhat likeable,3 = neither approachable nor unapproachable,reported researcher (K),reported researcher (K),reported researcher (K),neither reported (K) nor reporting researcher (S),reporting researcher (S),reported researcher (K),reported researcher (K),reporting researcher (S),reported researcher (K),2 = somewhat dishonest,2 = somewhat insincere,4 = somewhat ethical,4 = somewhat likeable,4 = somewhat approachable,3 = could go either way,5 = very honest,4 = somewhat sincere,4 = somewhat ethical,4 = somewhat likeable,4 = somewhat approachable,reporting researcher (F),reporting researcher (F),reporting researcher (F),neither reported (H) nor reporting researcher (F),reporting researcher (F),reporting researcher (F),reported researcher (H),reporting researcher (F),reporting researcher (F),1 = very dishonest,2 = somewhat insincere,3 = neither ethical nor unethical,2 = somewhat unlikeable,2 = somewhat unapproachable,1 = very confident the findings are false,5 = very honest,4 = somewhat sincere,3 = neither ethical nor unethical,4 = somewhat likeable,3 = neither approachable nor unapproachable,reporting researcher (Y),reporting researcher (Y),reported researcher (X),reporting researcher (Y),reporting researcher (Y),reported researcher (X),reported researcher (X),reporting researcher (Y),reporting researcher (Y),Somewhat disagree,No,White,,Woman,,High School Diploma or GED,Lean Conservative,Heterosexual/straight,,18,Protestantism (Christian),,complete,,80987,0,0,,0,
2/4/2026 8:11,2/4/2026 8:30,IP Address,100,1180,TRUE,2/4/2026 8:30,R_6YY4vJJRxEYDOwh,anonymous,EN,1,"Yes, I consent",3 = neither honest nor dishonest,4 = somewhat sincere,2 = somewhat unethical,3 = neither likeable nor unlikeable,4 = somewhat approachable,3 = could go either way,4 = somewhat honest,5 = very sincere,4 = somewhat ethical,5 = very likeable,4 = somewhat approachable,neither reported (K) nor reporting researcher (S),neither reported (K) nor reporting researcher (S),reported researcher (K),reported researcher (K),neither reported (K) nor reporting researcher (S),reported researcher (K),reported researcher (K),neither reported (K) nor reporting researcher (S),neither reported (K) nor reporting researcher (S),1 = very dishonest,1 = very insincere,1 = very unethical,1 = very unlikeable,1 = very unapproachable,1 = very confident the findings are false,5 = very honest,4 = somewhat sincere,5 = very ethical,5 = very likeable,5 = very approachable,neither reported (H) nor reporting researcher (F),reporting researcher (F),neither reported (H) nor reporting researcher (F),reporting researcher (F),reporting researcher (F),reporting researcher (F),reporting researcher (F),reporting researcher (F),reporting researcher (F),1 = very dishonest,2 = somewhat insincere,1 = very unethical,2 = somewhat unlikeable,2 = somewhat unapproachable,1 = very confident the findings are false,5 = very honest,4 = somewhat sincere,4 = somewhat ethical,4 = somewhat likeable,4 = somewhat approachable,neither reported (X) nor reporting researcher (Y),reporting researcher (Y),reported researcher (X),neither reported (X) nor reporting researcher (Y),reporting researcher (Y),reporting researcher (Y),neither reported (X) nor reporting researcher (Y),reporting researcher (Y),reporting researcher (Y),Somewhat disagree,No,White,,Woman,,Some college credit or technical school degree,Lean Liberal,Heterosexual/straight,,18,Protestantism (Christian),,complete,,80990,0,0,,0,
2/4/2026 9:07,2/4/2026 9:13,IP Address,100,367,TRUE,2/4/2026 9:14,R_1075MXxmbzw3Fpg,anonymous,EN,1,"Yes, I consent",3 = neither honest nor dishonest,3 = neither sincere nor insincere,2 = somewhat unethical,3 = neither likeable nor unlikeable,2 = somewhat unapproachable,1 = very confident the findings are false,5 = very honest,4 = somewhat sincere,4 = somewhat ethical,3 = neither likeable nor unlikeable,3 = neither approachable nor unapproachable,neither reported (K) nor reporting researcher (S),reporting researcher (S),reporting researcher (S),reporting researcher (S),neither reported (K) nor reporting researcher (S),reporting researcher (S),reported researcher (K),reporting researcher (S),neither reported (K) nor reporting researcher (S),1 = very dishonest,1 = very insincere,1 = very unethical,2 = somewhat unlikeable,3 = neither approachable nor unapproachable,1 = very confident the findings are false,5 = very honest,4 = somewhat sincere,1 = very unethical,3 = neither likeable nor unlikeable,2 = somewhat unapproachable,neither reported (H) nor reporting researcher (F),reporting researcher (F),reporting researcher (F),reporting researcher (F),reporting researcher (F),reporting researcher (F),reported researcher (H),reporting researcher (F),reporting researcher (F),1 = very dishonest,1 = very insincere,1 = very unethical,2 = somewhat unlikeable,3 = neither approachable nor unapproachable,1 = very confident the findings are false,5 = very honest,4 = somewhat sincere,4 = somewhat ethical,4 = somewhat likeable,4 = somewhat approachable,reporting researcher (Y),reporting researcher (Y),reporting researcher (Y),reporting researcher (Y),reporting researcher (Y),reporting researcher (Y),reported researcher (X),reporting researcher (Y),reporting researcher (Y),Somewhat disagree,No,Black or African-American,,Woman,,Some college credit or technical school degree,Centrist,Heterosexual/straight,,18,Protestantism (Christian),,complete,,81527,0,0,,0,
1/28/2026 10:24,1/28/2026 10:43,IP Address,2,1123,FALSE,2/4/2026 10:24,R_61HqgpEmcdFGwmH,anonymous,EN,1,"Yes, I consent",,,,,,,,,,,,,,,,,,,,,,,,,,,,,,,,,,,,,,,,,,,,,,,,,,,,,,,,,,,,,,,,,,,,,,,,,,complete,,81752,0,0,,0,
1/28/2026 11:08,1/31/2026 14:39,IP Address,6,271885,FALSE,2/4/2026 11:08,R_7Cp3E0lDTnl5QcR,anonymous,EN,1,"Yes, I consent",,,,,,,,,,,,,,,,,,,,,,,,,,,,,,,,,,,,,,,,,,,,,,,,,,,,,,,,,,,,,,,,,,,,,,,,,,complete,,81560,0,0,,0,
2/4/2026 11:39,2/4/2026 11:48,IP Address,100,541,TRUE,2/4/2026 11:48,R_6gACS8JLQqgulwJ,anonymous,EN,1,"Yes, I consent",4 = somewhat honest,2 = somewhat insincere,3 = neither ethical nor unethical,3 = neither likeable nor unlikeable,3 = neither approachable nor unapproachable,4 = somewhat confident the findings are true,4 = somewhat honest,4 = somewhat sincere,4 = somewhat ethical,4 = somewhat likeable,3 = neither approachable nor unapproachable,neither reported (K) nor reporting researcher (S),neither reported (K) nor reporting researcher (S),reported researcher (K),neither reported (K) nor reporting researcher (S),reporting researcher (S),neither reported (K) nor reporting researcher (S),reported researcher (K),neither reported (K) nor reporting researcher (S),neither reported (K) nor reporting researcher (S),2 = somewhat dishonest,2 = somewhat insincere,2 = somewhat unethical,3 = neither likeable nor unlikeable,3 = neither approachable nor unapproachable,2 = somewhat confident the findings are false,4 = somewhat honest,4 = somewhat sincere,4 = somewhat ethical,4 = somewhat likeable,3 = neither approachable nor unapproachable,neither reported (H) nor reporting researcher (F),neither reported (H) nor reporting researcher (F),reported researcher (H),neither reported (H) nor reporting researcher (F),reporting researcher (F),reporting researcher (F),reporting researcher (F),reporting researcher (F),neither reported (H) nor reporting researcher (F),1 = very dishonest,2 = somewhat insincere,1 = very unethical,2 = somewhat unlikeable,3 = neither approachable nor unapproachable,2 = somewhat confident the findings are false,4 = somewhat honest,4 = somewhat sincere,4 = somewhat ethical,4 = somewhat likeable,4 = somewhat approachable,neither reported (X) nor reporting researcher (Y),reporting researcher (Y),neither reported (X) nor reporting researcher (Y),neither reported (X) nor reporting researcher (Y),reporting researcher (Y),reporting researcher (Y),neither reported (X) nor reporting researcher (Y),reporting researcher (Y),reporting researcher (Y),Somewhat disagree,No,White,,Woman,,High School Diploma or GED,Lean Liberal,Heterosexual/straight,,18,Protestantism (Christian),,complete,,81075,0,0,,0,
2/4/2026 13:02,2/4/2026 13:23,IP Address,100,1246,TRUE,2/4/2026 13:23,R_3oaMQI0TqzQVhTy,anonymous,EN,1,"Yes, I consent",4 = somewhat honest,4 = somewhat sincere,4 = somewhat ethical,3 = neither likeable nor unlikeable,3 = neither approachable nor unapproachable,4 = somewhat confident the findings are true,5 = very honest,5 = very sincere,3 = neither ethical nor unethical,4 = somewhat likeable,3 = neither approachable nor unapproachable,neither reported (K) nor reporting researcher (S),reporting researcher (S),reported researcher (K),reporting researcher (S),reporting researcher (S),neither reported (K) nor reporting researcher (S),reported researcher (K),reported researcher (K),reported researcher (K),1 = very dishonest,1 = very insincere,2 = somewhat unethical,2 = somewhat unlikeable,3 = neither approachable nor unapproachable,1 = very confident the findings are false,4 = somewhat honest,4 = somewhat sincere,5 = very ethical,5 = very likeable,5 = very approachable,neither reported (H) nor reporting researcher (F),neither reported (H) nor reporting researcher (F),neither reported (H) nor reporting researcher (F),reporting researcher (F),reporting researcher (F),reporting researcher (F),reported researcher (H),reporting researcher (F),reported researcher (H),1 = very dishonest,1 = very insincere,1 = very unethical,1 = very unlikeable,3 = neither approachable nor unapproachable,1 = very confident the findings are false,5 = very honest,5 = very sincere,5 = very ethical,5 = very likeable,5 = very approachable,reporting researcher (Y),reporting researcher (Y),neither reported (X) nor reporting researcher (Y),reporting researcher (Y),reporting researcher (Y),reporting researcher (Y),reporting researcher (Y),reporting researcher (Y),reporting researcher (Y),Somewhat disagree,No,Black or African-American,,Woman,,Some college credit or technical school degree,Liberal,Heterosexual/straight,,19,Not Affiliated,,complete,,81665,0,0,,0,
1/28/2026 13:23,1/28/2026 13:24,IP Address,6,26,FALSE,2/4/2026 13:24,R_3IQP0Omx5nP739W,anonymous,EN,1,"Yes, I consent",,,,,,,,,,,,,,,,,,,,,,,,,,,,,,,,,,,,,,,,,,,,,,,,,,,,,,,,,,,,,Somewhat disagree,,,,,,,,,,,,,complete,,81212,0,0,,0,
2/4/2026 15:46,2/4/2026 15:52,IP Address,100,400,TRUE,2/4/2026 15:52,R_5MOlo037a9sscrn,anonymous,EN,1,"Yes, I consent",1 = very dishonest,1 = very insincere,1 = very unethical,1 = very unlikeable,1 = very unapproachable,1 = very confident the findings are false,5 = very honest,5 = very sincere,5 = very ethical,5 = very likeable,5 = very approachable,reporting researcher (S),reporting researcher (S),reporting researcher (S),reporting researcher (S),reporting researcher (S),reporting researcher (S),reporting researcher (S),reporting researcher (S),reporting researcher (S),1 = very dishonest,2 = somewhat insincere,2 = somewhat unethical,3 = neither likeable nor unlikeable,2 = somewhat unapproachable,1 = very confident the findings are false,5 = very honest,5 = very sincere,5 = very ethical,4 = somewhat likeable,5 = very approachable,reporting researcher (F),reporting researcher (F),reporting researcher (F),reporting researcher (F),reporting researcher (F),reporting researcher (F),reporting researcher (F),reporting researcher (F),reporting researcher (F),1 = very dishonest,1 = very insincere,1 = very unethical,1 = very unlikeable,1 = very unapproachable,1 = very confident the findings are false,5 = very honest,5 = very sincere,5 = very ethical,5 = very likeable,5 = very approachable,reporting researcher (Y),reporting researcher (Y),reporting researcher (Y),reporting researcher (Y),reporting researcher (Y),reporting researcher (Y),reporting researcher (Y),reporting researcher (Y),reporting researcher (Y),Somewhat disagree,No,White,,Woman,,High School Diploma or GED,Conservative,Heterosexual/straight,,19,Protestantism (Christian),,complete,,81336,0,0,,0,
1/28/2026 16:00,1/28/2026 16:01,IP Address,1,14,FALSE,2/4/2026 16:00,R_7kfoEU9R6OTItCp,anonymous,EN,1,"Yes, I consent",,,,,,,,,,,,,,,,,,,,,,,,,,,,,,,,,,,,,,,,,,,,,,,,,,,,,,,,,,,,,,,,,,,,,,,,,,complete,,81509,0,0,,0,
1/28/2026 20:57,1/28/2026 20:57,IP Address,1,15,FALSE,2/4/2026 20:57,R_1uVAxL7QhFPelS4,anonymous,EN,1,"Yes, I consent",,,,,,,,,,,,,,,,,,,,,,,,,,,,,,,,,,,,,,,,,,,,,,,,,,,,,,,,,,,,,,,,,,,,,,,,,,complete,,81753,0,0,,0,
2/4/2026 20:59,2/4/2026 21:05,IP Address,100,324,TRUE,2/4/2026 21:05,R_7F9QCTL7xI0ASdu,anonymous,EN,1,"Yes, I consent",1 = very dishonest,1 = very insincere,1 = very unethical,1 = very unlikeable,1 = very unapproachable,1 = very confident the findings are false,5 = very honest,2 = somewhat insincere,2 = somewhat unethical,2 = somewhat unlikeable,2 = somewhat unapproachable,reporting researcher (S),neither reported (K) nor reporting researcher (S),neither reported (K) nor reporting researcher (S),neither reported (K) nor reporting researcher (S),reporting researcher (S),neither reported (K) nor reporting researcher (S),reported researcher (K),neither reported (K) nor reporting researcher (S),neither reported (K) nor reporting researcher (S),1 = very dishonest,1 = very insincere,1 = very unethical,1 = very unlikeable,1 = very unapproachable,1 = very confident the findings are false,5 = very honest,2 = somewhat insincere,3 = neither ethical nor unethical,2 = somewhat unlikeable,2 = somewhat unapproachable,reporting researcher (F),neither reported (H) nor reporting researcher (F),neither reported (H) nor reporting researcher (F),neither reported (H) nor reporting researcher (F),reporting researcher (F),reporting researcher (F),reported researcher (H),reporting researcher (F),reporting researcher (F),1 = very dishonest,1 = very insincere,1 = very unethical,1 = very unlikeable,1 = very unapproachable,1 = very confident the findings are false,5 = very honest,2 = somewhat insincere,2 = somewhat unethical,2 = somewhat unlikeable,2 = somewhat unapproachable,reporting researcher (Y),neither reported (X) nor reporting researcher (Y),neither reported (X) nor reporting researcher (Y),neither reported (X) nor reporting researcher (Y),reporting researcher (Y),reporting researcher (Y),reported researcher (X),reporting researcher (Y),reporting researcher (Y),Somewhat disagree,No,White,,Woman,,High School Diploma or GED,Liberal,Heterosexual/straight,,18,Protestantism (Christian),,complete,,81600,0,0,,0,
2/4/2026 21:04,2/4/2026 21:40,IP Address,100,2188,TRUE,2/4/2026 21:40,R_5gQSvtrg6uMBlnj,anonymous,EN,0.8999999761581421,"Yes, I consent",5 = very honest,3 = neither sincere nor insincere,4 = somewhat ethical,4 = somewhat likeable,4 = somewhat approachable,3 = could go either way,5 = very honest,2 = somewhat insincere,3 = neither ethical nor unethical,2 = somewhat unlikeable,2 = somewhat unapproachable,reported researcher (K),neither reported (K) nor reporting researcher (S),reported researcher (K),reported researcher (K),reported researcher (K),reporting researcher (S),reporting researcher (S),reported researcher (K),reporting researcher (S),2 = somewhat dishonest,3 = neither sincere nor insincere,2 = somewhat unethical,3 = neither likeable nor unlikeable,3 = neither approachable nor unapproachable,2 = somewhat confident the findings are false,5 = very honest,2 = somewhat insincere,3 = neither ethical nor unethical,4 = somewhat likeable,3 = neither approachable nor unapproachable,reporting researcher (F),reporting researcher (F),reporting researcher (F),reporting researcher (F),reporting researcher (F),reporting researcher (F),reporting researcher (F),reporting researcher (F),reporting researcher (F),1 = very dishonest,2 = somewhat insincere,1 = very unethical,2 = somewhat unlikeable,3 = neither approachable nor unapproachable,1 = very confident the findings are false,4 = somewhat honest,3 = neither sincere nor insincere,3 = neither ethical nor unethical,4 = somewhat likeable,3 = neither approachable nor unapproachable,reporting researcher (Y),reporting researcher (Y),reporting researcher (Y),reporting researcher (Y),reporting researcher (Y),reporting researcher (Y),reporting researcher (Y),reporting researcher (Y),reporting researcher (Y),Somewhat disagree,No,White,,Woman,,High School Diploma or GED,Lean Conservative,Heterosexual/straight,,19,Catholicism,,complete,,81357,0,0,,0,
2/4/2026 22:53,2/4/2026 23:02,IP Address,100,509,TRUE,2/4/2026 23:02,R_7Jn0no1EaD6KIA2,anonymous,EN,1,"Yes, I consent",3 = neither honest nor dishonest,4 = somewhat sincere,4 = somewhat ethical,2 = somewhat unlikeable,4 = somewhat approachable,3 = could go either way,5 = very honest,5 = very sincere,5 = very ethical,5 = very likeable,5 = very approachable,reporting researcher (S),reporting researcher (S),reported researcher (K),reporting researcher (S),neither reported (K) nor reporting researcher (S),neither reported (K) nor reporting researcher (S),reporting researcher (S),reporting researcher (S),reporting researcher (S),2 = somewhat dishonest,1 = very insincere,2 = somewhat unethical,3 = neither likeable nor unlikeable,3 = neither approachable nor unapproachable,4 = somewhat confident the findings are true,4 = somewhat honest,4 = somewhat sincere,4 = somewhat ethical,4 = somewhat likeable,4 = somewhat approachable,reporting researcher (F),reporting researcher (F),reported researcher (H),neither reported (H) nor reporting researcher (F),neither reported (H) nor reporting researcher (F),reporting researcher (F),reported researcher (H),reporting researcher (F),reporting researcher (F),1 = very dishonest,1 = very insincere,1 = very unethical,1 = very unlikeable,3 = neither approachable nor unapproachable,1 = very confident the findings are false,5 = very honest,5 = very sincere,5 = very ethical,5 = very likeable,5 = very approachable,reporting researcher (Y),reporting researcher (Y),reporting researcher (Y),reporting researcher (Y),reporting researcher (Y),reporting researcher (Y),reporting researcher (Y),reporting researcher (Y),reporting researcher (Y),Somewhat disagree,No,White,,Woman,,High School Diploma or GED,Strongly Conservative,Heterosexual/straight,,18,Protestantism (Christian),,complete,,81158,0,0,,0,
2/5/2026 8:53,2/5/2026 9:00,IP Address,100,463,TRUE,2/5/2026 9:00,R_3QhhUW3S7f6OSkN,anonymous,EN,1,"Yes, I consent",2 = somewhat dishonest,1 = very insincere,2 = somewhat unethical,3 = neither likeable nor unlikeable,3 = neither approachable nor unapproachable,2 = somewhat confident the findings are false,4 = somewhat honest,5 = very sincere,4 = somewhat ethical,4 = somewhat likeable,3 = neither approachable nor unapproachable,reporting researcher (S),reporting researcher (S),reported researcher (K),reporting researcher (S),reporting researcher (S),neither reported (K) nor reporting researcher (S),reported researcher (K),reported researcher (K),reported researcher (K),1 = very dishonest,1 = very insincere,1 = very unethical,2 = somewhat unlikeable,3 = neither approachable nor unapproachable,2 = somewhat confident the findings are false,4 = somewhat honest,4 = somewhat sincere,4 = somewhat ethical,3 = neither likeable nor unlikeable,3 = neither approachable nor unapproachable,reported researcher (H),reporting researcher (F),reported researcher (H),reporting researcher (F),reporting researcher (F),reporting researcher (F),neither reported (H) nor reporting researcher (F),reporting researcher (F),reported researcher (H),1 = very dishonest,1 = very insincere,1 = very unethical,2 = somewhat unlikeable,3 = neither approachable nor unapproachable,1 = very confident the findings are false,4 = somewhat honest,4 = somewhat sincere,4 = somewhat ethical,4 = somewhat likeable,3 = neither approachable nor unapproachable,neither reported (X) nor reporting researcher (Y),reporting researcher (Y),reported researcher (X),reporting researcher (Y),reporting researcher (Y),reporting researcher (Y),neither reported (X) nor reporting researcher (Y),reporting researcher (Y),reported researcher (X),Somewhat disagree,No,Black or African-American,,Woman,,Some college credit or technical school degree,Strongly Conservative,Heterosexual/straight,,19,Protestantism (Christian),,complete,,81429,0,0,,0,
2/5/2026 13:23,2/5/2026 13:30,IP Address,100,421,TRUE,2/5/2026 13:30,R_6MKceTXo2eoqqy7,anonymous,EN,1,"Yes, I consent",4 = somewhat honest,4 = somewhat sincere,3 = neither ethical nor unethical,2 = somewhat unlikeable,4 = somewhat approachable,3 = could go either way,4 = somewhat honest,5 = very sincere,5 = very ethical,5 = very likeable,5 = very approachable,reported researcher (K),reporting researcher (S),reported researcher (K),reporting researcher (S),reporting researcher (S),reporting researcher (S),reported researcher (K),reported researcher (K),reported researcher (K),2 = somewhat dishonest,4 = somewhat sincere,2 = somewhat unethical,2 = somewhat unlikeable,4 = somewhat approachable,1 = very confident the findings are false,5 = very honest,5 = very sincere,5 = very ethical,4 = somewhat likeable,4 = somewhat approachable,reporting researcher (F),reporting researcher (F),reported researcher (H),reporting researcher (F),reporting researcher (F),reporting researcher (F),reporting researcher (F),reporting researcher (F),reporting researcher (F),1 = very dishonest,1 = very insincere,1 = very unethical,1 = very unlikeable,1 = very unapproachable,1 = very confident the findings are false,5 = very honest,5 = very sincere,5 = very ethical,5 = very likeable,5 = very approachable,reporting researcher (Y),reporting researcher (Y),reporting researcher (Y),reporting researcher (Y),reporting researcher (Y),reporting researcher (Y),reporting researcher (Y),reporting researcher (Y),reporting researcher (Y),Somewhat disagree,No,White,,Woman,,Some college credit or technical school degree,Lean Conservative,Heterosexual/straight,,20,Protestantism (Christian),,complete,,81479,0,0,,0,
2/5/2026 13:45,2/5/2026 13:56,IP Address,100,606,TRUE,2/5/2026 13:56,R_1qKdESTUd3ADGhX,anonymous,EN,1,"Yes, I consent",2 = somewhat dishonest,3 = neither sincere nor insincere,4 = somewhat ethical,3 = neither likeable nor unlikeable,3 = neither approachable nor unapproachable,3 = could go either way,5 = very honest,5 = very sincere,4 = somewhat ethical,3 = neither likeable nor unlikeable,3 = neither approachable nor unapproachable,reporting researcher (S),reporting researcher (S),neither reported (K) nor reporting researcher (S),reporting researcher (S),reporting researcher (S),reporting researcher (S),reporting researcher (S),reporting researcher (S),reporting researcher (S),1 = very dishonest,1 = very insincere,1 = very unethical,2 = somewhat unlikeable,3 = neither approachable nor unapproachable,1 = very confident the findings are false,5 = very honest,5 = very sincere,5 = very ethical,5 = very likeable,3 = neither approachable nor unapproachable,reporting researcher (F),reporting researcher (F),reported researcher (H),reporting researcher (F),reporting researcher (F),reporting researcher (F),reported researcher (H),reporting researcher (F),reporting researcher (F),1 = very dishonest,1 = very insincere,1 = very unethical,2 = somewhat unlikeable,3 = neither approachable nor unapproachable,1 = very confident the findings are false,5 = very honest,5 = very sincere,5 = very ethical,4 = somewhat likeable,3 = neither approachable nor unapproachable,reporting researcher (Y),reporting researcher (Y),reported researcher (X),reporting researcher (Y),reporting researcher (Y),reporting researcher (Y),reported researcher (X),reporting researcher (Y),reporting researcher (Y),Somewhat disagree,No,White,,Woman,,High School Diploma or GED,Lean Conservative,Heterosexual/straight,,19,Protestantism (Christian),,complete,,81142,0,0,,0,
2/5/2026 15:20,2/5/2026 15:33,IP Address,100,745,TRUE,2/5/2026 15:33,R_10SRVnbp7kwwpYs,anonymous,EN,1,"Yes, I consent",3 = neither honest nor dishonest,2 = somewhat insincere,3 = neither ethical nor unethical,3 = neither likeable nor unlikeable,3 = neither approachable nor unapproachable,3 = could go either way,4 = somewhat honest,3 = neither sincere nor insincere,4 = somewhat ethical,3 = neither likeable nor unlikeable,4 = somewhat approachable,reporting researcher (S),reporting researcher (S),reporting researcher (S),reporting researcher (S),reported researcher (K),reporting researcher (S),reporting researcher (S),reporting researcher (S),reporting researcher (S),1 = very dishonest,1 = very insincere,1 = very unethical,2 = somewhat unlikeable,2 = somewhat unapproachable,2 = somewhat confident the findings are false,4 = somewhat honest,4 = somewhat sincere,3 = neither ethical nor unethical,4 = somewhat likeable,4 = somewhat approachable,reporting researcher (F),reporting researcher (F),reporting researcher (F),neither reported (H) nor reporting researcher (F),reporting researcher (F),reporting researcher (F),reporting researcher (F),reporting researcher (F),reporting researcher (F),1 = very dishonest,1 = very insincere,1 = very unethical,1 = very unlikeable,1 = very unapproachable,1 = very confident the findings are false,5 = very honest,5 = very sincere,5 = very ethical,5 = very likeable,5 = very approachable,reporting researcher (Y),reporting researcher (Y),reported researcher (X),reporting researcher (Y),reporting researcher (Y),reporting researcher (Y),reporting researcher (Y),reporting researcher (Y),reporting researcher (Y),Somewhat disagree,No,Black or African-American,,Woman,,Some college credit or technical school degree,Centrist,Heterosexual/straight,,18,Protestantism (Christian),,complete,,81149,0,0,,0,
2/5/2026 16:39,2/5/2026 16:46,IP Address,100,406,TRUE,2/5/2026 16:46,R_1jOnFE8YqHHwVmY,anonymous,EN,1,"Yes, I consent",2 = somewhat dishonest,2 = somewhat insincere,2 = somewhat unethical,2 = somewhat unlikeable,3 = neither approachable nor unapproachable,3 = could go either way,4 = somewhat honest,4 = somewhat sincere,4 = somewhat ethical,5 = very likeable,5 = very approachable,neither reported (K) nor reporting researcher (S),reporting researcher (S),reported researcher (K),reporting researcher (S),reporting researcher (S),reporting researcher (S),reported researcher (K),reporting researcher (S),neither reported (K) nor reporting researcher (S),2 = somewhat dishonest,1 = very insincere,1 = very unethical,2 = somewhat unlikeable,3 = neither approachable nor unapproachable,3 = could go either way,5 = very honest,5 = very sincere,5 = very ethical,3 = neither likeable nor unlikeable,3 = neither approachable nor unapproachable,neither reported (H) nor reporting researcher (F),neither reported (H) nor reporting researcher (F),neither reported (H) nor reporting researcher (F),neither reported (H) nor reporting researcher (F),reporting researcher (F),reporting researcher (F),reporting researcher (F),reporting researcher (F),reporting researcher (F),1 = very dishonest,1 = very insincere,1 = very unethical,1 = very unlikeable,1 = very unapproachable,1 = very confident the findings are false,5 = very honest,4 = somewhat sincere,5 = very ethical,5 = very likeable,5 = very approachable,neither reported (X) nor reporting researcher (Y),reporting researcher (Y),reported researcher (X),reporting researcher (Y),reporting researcher (Y),reporting researcher (Y),neither reported (X) nor reporting researcher (Y),reporting researcher (Y),reported researcher (X),Somewhat disagree,No,White,,Man,,Some college credit or technical school degree,Conservative,Heterosexual/straight,,19,Protestantism (Christian),,complete,,81048,0,0,,0,
2/5/2026 20:16,2/5/2026 20:36,IP Address,100,1220,TRUE,2/5/2026 20:36,R_5eWfHlsKzlWIvMl,anonymous,EN,1,"Yes, I consent",3 = neither honest nor dishonest,2 = somewhat insincere,2 = somewhat unethical,3 = neither likeable nor unlikeable,3 = neither approachable nor unapproachable,3 = could go either way,4 = somewhat honest,4 = somewhat sincere,3 = neither ethical nor unethical,4 = somewhat likeable,3 = neither approachable nor unapproachable,neither reported (K) nor reporting researcher (S),reporting researcher (S),neither reported (K) nor reporting researcher (S),neither reported (K) nor reporting researcher (S),reporting researcher (S),reporting researcher (S),reporting researcher (S),neither reported (K) nor reporting researcher (S),reporting researcher (S),2 = somewhat dishonest,2 = somewhat insincere,2 = somewhat unethical,2 = somewhat unlikeable,3 = neither approachable nor unapproachable,2 = somewhat confident the findings are false,4 = somewhat honest,4 = somewhat sincere,4 = somewhat ethical,3 = neither likeable nor unlikeable,3 = neither approachable nor unapproachable,neither reported (H) nor reporting researcher (F),reporting researcher (F),neither reported (H) nor reporting researcher (F),neither reported (H) nor reporting researcher (F),neither reported (H) nor reporting researcher (F),reporting researcher (F),reporting researcher (F),reporting researcher (F),reporting researcher (F),1 = very dishonest,1 = very insincere,2 = somewhat unethical,2 = somewhat unlikeable,3 = neither approachable nor unapproachable,2 = somewhat confident the findings are false,5 = very honest,4 = somewhat sincere,4 = somewhat ethical,4 = somewhat likeable,3 = neither approachable nor unapproachable,reporting researcher (Y),reporting researcher (Y),reporting researcher (Y),neither reported (X) nor reporting researcher (Y),reporting researcher (Y),reporting researcher (Y),reporting researcher (Y),reporting researcher (Y),reporting researcher (Y),Somewhat disagree,No,White,,Woman,,High School Diploma or GED,Strongly Conservative,Heterosexual/straight,,18,Protestantism (Christian),,complete,,81614,0,0,,0,
2/5/2026 20:35,2/5/2026 20:41,IP Address,100,371,TRUE,2/5/2026 20:41,R_5dfCG6a7JPeit33,anonymous,EN,1,"Yes, I consent",4 = somewhat honest,3 = neither sincere nor insincere,3 = neither ethical nor unethical,4 = somewhat likeable,2 = somewhat unapproachable,2 = somewhat confident the findings are false,4 = somewhat honest,4 = somewhat sincere,5 = very ethical,4 = somewhat likeable,4 = somewhat approachable,neither reported (K) nor reporting researcher (S),reporting researcher (S),reported researcher (K),reporting researcher (S),reporting researcher (S),reporting researcher (S),reported researcher (K),reporting researcher (S),reporting researcher (S),2 = somewhat dishonest,2 = somewhat insincere,2 = somewhat unethical,2 = somewhat unlikeable,3 = neither approachable nor unapproachable,2 = somewhat confident the findings are false,4 = somewhat honest,4 = somewhat sincere,4 = somewhat ethical,3 = neither likeable nor unlikeable,2 = somewhat unapproachable,neither reported (H) nor reporting researcher (F),neither reported (H) nor reporting researcher (F),neither reported (H) nor reporting researcher (F),neither reported (H) nor reporting researcher (F),neither reported (H) nor reporting researcher (F),reporting researcher (F),neither reported (H) nor reporting researcher (F),reporting researcher (F),reporting researcher (F),1 = very dishonest,1 = very insincere,1 = very unethical,1 = very unlikeable,3 = neither approachable nor unapproachable,1 = very confident the findings are false,5 = very honest,4 = somewhat sincere,5 = very ethical,4 = somewhat likeable,3 = neither approachable nor unapproachable,reporting researcher (Y),reporting researcher (Y),reported researcher (X),reporting researcher (Y),reporting researcher (Y),reporting researcher (Y),reporting researcher (Y),reporting researcher (Y),reporting researcher (Y),Somewhat disagree,No,White,,Woman,,Some college credit or technical school degree,Lean Conservative,Heterosexual/straight,,19,Protestantism (Christian),,complete,,81243,0,0,,0,
2/5/2026 20:49,2/5/2026 20:55,IP Address,100,330,TRUE,2/5/2026 20:55,R_54i2bgLzZgNClVe,anonymous,EN,1,"Yes, I consent",2 = somewhat dishonest,2 = somewhat insincere,2 = somewhat unethical,2 = somewhat unlikeable,2 = somewhat unapproachable,2 = somewhat confident the findings are false,5 = very honest,5 = very sincere,5 = very ethical,5 = very likeable,5 = very approachable,reporting researcher (S),reporting researcher (S),reporting researcher (S),reporting researcher (S),reporting researcher (S),reporting researcher (S),reporting researcher (S),reporting researcher (S),reporting researcher (S),1 = very dishonest,1 = very insincere,1 = very unethical,1 = very unlikeable,1 = very unapproachable,1 = very confident the findings are false,1 = very dishonest,1 = very insincere,1 = very unethical,1 = very unlikeable,1 = very unapproachable,neither reported (H) nor reporting researcher (F),neither reported (H) nor reporting researcher (F),neither reported (H) nor reporting researcher (F),neither reported (H) nor reporting researcher (F),neither reported (H) nor reporting researcher (F),neither reported (H) nor reporting researcher (F),neither reported (H) nor reporting researcher (F),neither reported (H) nor reporting researcher (F),neither reported (H) nor reporting researcher (F),1 = very dishonest,1 = very insincere,1 = very unethical,1 = very unlikeable,1 = very unapproachable,1 = very confident the findings are false,2 = somewhat dishonest,2 = somewhat insincere,2 = somewhat unethical,2 = somewhat unlikeable,2 = somewhat unapproachable,neither reported (X) nor reporting researcher (Y),neither reported (X) nor reporting researcher (Y),neither reported (X) nor reporting researcher (Y),neither reported (X) nor reporting researcher (Y),neither reported (X) nor reporting researcher (Y),neither reported (X) nor reporting researcher (Y),neither reported (X) nor reporting researcher (Y),neither reported (X) nor reporting researcher (Y),neither reported (X) nor reporting researcher (Y),Somewhat disagree,No,Asian or Asian-American,,Woman,,Some college credit or technical school degree,Liberal,Heterosexual/straight,,19,Catholicism,,complete,,81320,0,0,,0,
2/6/2026 14:14,2/6/2026 14:21,IP Address,100,402,TRUE,2/6/2026 14:21,R_5riQtiN5G5oxabe,anonymous,EN,1,"Yes, I consent",2 = somewhat dishonest,2 = somewhat insincere,2 = somewhat unethical,2 = somewhat unlikeable,2 = somewhat unapproachable,2 = somewhat confident the findings are false,4 = somewhat honest,3 = neither sincere nor insincere,3 = neither ethical nor unethical,2 = somewhat unlikeable,2 = somewhat unapproachable,reported researcher (K),reported researcher (K),neither reported (K) nor reporting researcher (S),reported researcher (K),reported researcher (K),reported researcher (K),reported researcher (K),reported researcher (K),reported researcher (K),1 = very dishonest,1 = very insincere,1 = very unethical,1 = very unlikeable,1 = very unapproachable,1 = very confident the findings are false,4 = somewhat honest,4 = somewhat sincere,4 = somewhat ethical,4 = somewhat likeable,4 = somewhat approachable,reporting researcher (F),reporting researcher (F),neither reported (H) nor reporting researcher (F),reporting researcher (F),reporting researcher (F),reporting researcher (F),reporting researcher (F),reporting researcher (F),reporting researcher (F),1 = very dishonest,1 = very insincere,1 = very unethical,1 = very unlikeable,1 = very unapproachable,1 = very confident the findings are false,4 = somewhat honest,4 = somewhat sincere,4 = somewhat ethical,4 = somewhat likeable,4 = somewhat approachable,reporting researcher (Y),reporting researcher (Y),reporting researcher (Y),reporting researcher (Y),reporting researcher (Y),reporting researcher (Y),reporting researcher (Y),reporting researcher (Y),reporting researcher (Y),Somewhat disagree,No,White,,Woman,,Some college credit or technical school degree,Centrist,Heterosexual/straight,,18,Catholicism,,complete,,81663,0,0,,0,
2/6/2026 15:29,2/6/2026 15:36,IP Address,100,473,TRUE,2/6/2026 15:36,R_63VPPPkDV3Fk225,anonymous,EN,1,"Yes, I consent",3 = neither honest nor dishonest,3 = neither sincere nor insincere,3 = neither ethical nor unethical,3 = neither likeable nor unlikeable,4 = somewhat approachable,3 = could go either way,4 = somewhat honest,4 = somewhat sincere,4 = somewhat ethical,4 = somewhat likeable,4 = somewhat approachable,neither reported (K) nor reporting researcher (S),neither reported (K) nor reporting researcher (S),reporting researcher (S),reporting researcher (S),reporting researcher (S),neither reported (K) nor reporting researcher (S),reported researcher (K),neither reported (K) nor reporting researcher (S),reporting researcher (S),2 = somewhat dishonest,3 = neither sincere nor insincere,2 = somewhat unethical,2 = somewhat unlikeable,2 = somewhat unapproachable,3 = could go either way,4 = somewhat honest,3 = neither sincere nor insincere,4 = somewhat ethical,4 = somewhat likeable,3 = neither approachable nor unapproachable,neither reported (H) nor reporting researcher (F),reporting researcher (F),neither reported (H) nor reporting researcher (F),reporting researcher (F),reporting researcher (F),reporting researcher (F),reported researcher (H),reporting researcher (F),reporting researcher (F),1 = very dishonest,2 = somewhat insincere,2 = somewhat unethical,3 = neither likeable nor unlikeable,2 = somewhat unapproachable,2 = somewhat confident the findings are false,4 = somewhat honest,3 = neither sincere nor insincere,4 = somewhat ethical,3 = neither likeable nor unlikeable,5 = very approachable,neither reported (X) nor reporting researcher (Y),reporting researcher (Y),neither reported (X) nor reporting researcher (Y),neither reported (X) nor reporting researcher (Y),reporting researcher (Y),reporting researcher (Y),neither reported (X) nor reporting researcher (Y),reporting researcher (Y),reporting researcher (Y),Somewhat agree,No,White,,Woman,,High School Diploma or GED,Lean Liberal,Heterosexual/straight,,18,Other,,complete,,81649,0,0,,0.014084507042253521,QID81
2/6/2026 16:53,2/6/2026 17:04,IP Address,100,643,TRUE,2/6/2026 17:04,R_38B8BbjzE1J4Azy,anonymous,EN,1,"Yes, I consent",3 = neither honest nor dishonest,3 = neither sincere nor insincere,3 = neither ethical nor unethical,3 = neither likeable nor unlikeable,3 = neither approachable nor unapproachable,3 = could go either way,5 = very honest,5 = very sincere,5 = very ethical,4 = somewhat likeable,4 = somewhat approachable,reporting researcher (S),reporting researcher (S),reporting researcher (S),reporting researcher (S),reporting researcher (S),neither reported (K) nor reporting researcher (S),reporting researcher (S),reporting researcher (S),reporting researcher (S),1 = very dishonest,1 = very insincere,2 = somewhat unethical,2 = somewhat unlikeable,2 = somewhat unapproachable,1 = very confident the findings are false,5 = very honest,5 = very sincere,5 = very ethical,5 = very likeable,5 = very approachable,reporting researcher (F),reporting researcher (F),reporting researcher (F),reporting researcher (F),reporting researcher (F),reporting researcher (F),reporting researcher (F),reporting researcher (F),reporting researcher (F),1 = very dishonest,1 = very insincere,1 = very unethical,2 = somewhat unlikeable,2 = somewhat unapproachable,1 = very confident the findings are false,5 = very honest,5 = very sincere,5 = very ethical,4 = somewhat likeable,4 = somewhat approachable,reporting researcher (Y),reporting researcher (Y),reporting researcher (Y),reporting researcher (Y),reporting researcher (Y),reporting researcher (Y),reporting researcher (Y),reporting researcher (Y),reporting researcher (Y),Somewhat disagree,No,White,,Woman,,Some college credit or technical school degree,Conservative,Heterosexual/straight,,19,Protestantism (Christian),,complete,,81854,0,0,,0,
2/7/2026 22:53,2/7/2026 22:57,IP Address,100,298,TRUE,2/7/2026 22:57,R_7jdqzK7BoLMmFsO,anonymous,EN,1,"Yes, I consent",3 = neither honest nor dishonest,3 = neither sincere nor insincere,3 = neither ethical nor unethical,3 = neither likeable nor unlikeable,3 = neither approachable nor unapproachable,3 = could go either way,3 = neither honest nor dishonest,3 = neither sincere nor insincere,3 = neither ethical nor unethical,3 = neither likeable nor unlikeable,3 = neither approachable nor unapproachable,neither reported (K) nor reporting researcher (S),neither reported (K) nor reporting researcher (S),neither reported (K) nor reporting researcher (S),neither reported (K) nor reporting researcher (S),neither reported (K) nor reporting researcher (S),neither reported (K) nor reporting researcher (S),neither reported (K) nor reporting researcher (S),neither reported (K) nor reporting researcher (S),neither reported (K) nor reporting researcher (S),1 = very dishonest,1 = very insincere,1 = very unethical,1 = very unlikeable,1 = very unapproachable,1 = very confident the findings are false,5 = very honest,5 = very sincere,5 = very ethical,5 = very likeable,5 = very approachable,reporting researcher (F),reporting researcher (F),neither reported (H) nor reporting researcher (F),reporting researcher (F),reporting researcher (F),neither reported (H) nor reporting researcher (F),neither reported (H) nor reporting researcher (F),reporting researcher (F),neither reported (H) nor reporting researcher (F),1 = very dishonest,1 = very insincere,1 = very unethical,1 = very unlikeable,1 = very unapproachable,3 = could go either way,4 = somewhat honest,4 = somewhat sincere,4 = somewhat ethical,4 = somewhat likeable,3 = neither approachable nor unapproachable,neither reported (X) nor reporting researcher (Y),neither reported (X) nor reporting researcher (Y),neither reported (X) nor reporting researcher (Y),neither reported (X) nor reporting researcher (Y),neither reported (X) nor reporting researcher (Y),neither reported (X) nor reporting researcher (Y),neither reported (X) nor reporting researcher (Y),neither reported (X) nor reporting researcher (Y),neither reported (X) nor reporting researcher (Y),Somewhat disagree,No,Asian or Asian-American,,Man,,High School Diploma or GED,Conservative,Heterosexual/straight,,19,Not Affiliated,,complete,,81724,0,0,,0,
2/8/2026 12:55,2/8/2026 13:02,IP Address,100,382,TRUE,2/8/2026 13:02,R_7Cmu7JPzYJB7xS1,anonymous,EN,1,"Yes, I consent",2 = somewhat dishonest,3 = neither sincere nor insincere,3 = neither ethical nor unethical,4 = somewhat likeable,4 = somewhat approachable,4 = somewhat confident the findings are true,4 = somewhat honest,3 = neither sincere nor insincere,4 = somewhat ethical,3 = neither likeable nor unlikeable,4 = somewhat approachable,neither reported (K) nor reporting researcher (S),reporting researcher (S),neither reported (K) nor reporting researcher (S),reporting researcher (S),reporting researcher (S),reporting researcher (S),reporting researcher (S),reporting researcher (S),reporting researcher (S),2 = somewhat dishonest,3 = neither sincere nor insincere,2 = somewhat unethical,2 = somewhat unlikeable,3 = neither approachable nor unapproachable,2 = somewhat confident the findings are false,5 = very honest,3 = neither sincere nor insincere,3 = neither ethical nor unethical,3 = neither likeable nor unlikeable,2 = somewhat unapproachable,reporting researcher (F),reporting researcher (F),reporting researcher (F),reporting researcher (F),reporting researcher (F),reporting researcher (F),reporting researcher (F),reporting researcher (F),reporting researcher (F),1 = very dishonest,1 = very insincere,1 = very unethical,1 = very unlikeable,3 = neither approachable nor unapproachable,1 = very confident the findings are false,5 = very honest,3 = neither sincere nor insincere,5 = very ethical,4 = somewhat likeable,3 = neither approachable nor unapproachable,reporting researcher (Y),reporting researcher (Y),reporting researcher (Y),reporting researcher (Y),reporting researcher (Y),reporting researcher (Y),reporting researcher (Y),reporting researcher (Y),reporting researcher (Y),Somewhat disagree,No,White,,Woman,,Some college credit or technical school degree,Centrist,Heterosexual/straight,,20,Catholicism,,complete,,81596,0,0,,0,
2/8/2026 13:42,2/8/2026 13:56,IP Address,100,823,TRUE,2/8/2026 13:56,R_1XdPGSh6cjFguuq,anonymous,EN,1,"Yes, I consent",3 = neither honest nor dishonest,3 = neither sincere nor insincere,3 = neither ethical nor unethical,3 = neither likeable nor unlikeable,3 = neither approachable nor unapproachable,3 = could go either way,4 = somewhat honest,4 = somewhat sincere,4 = somewhat ethical,4 = somewhat likeable,4 = somewhat approachable,reporting researcher (S),reporting researcher (S),reporting researcher (S),reporting researcher (S),reporting researcher (S),reporting researcher (S),reporting researcher (S),reporting researcher (S),reporting researcher (S),1 = very dishonest,1 = very insincere,1 = very unethical,1 = very unlikeable,1 = very unapproachable,1 = very confident the findings are false,5 = very honest,5 = very sincere,5 = very ethical,5 = very likeable,5 = very approachable,reporting researcher (F),reporting researcher (F),reporting researcher (F),reporting researcher (F),reporting researcher (F),reporting researcher (F),reporting researcher (F),reporting researcher (F),reporting researcher (F),1 = very dishonest,1 = very insincere,1 = very unethical,1 = very unlikeable,1 = very unapproachable,1 = very confident the findings are false,4 = somewhat honest,2 = somewhat insincere,4 = somewhat ethical,3 = neither likeable nor unlikeable,4 = somewhat approachable,neither reported (X) nor reporting researcher (Y),neither reported (X) nor reporting researcher (Y),neither reported (X) nor reporting researcher (Y),neither reported (X) nor reporting researcher (Y),neither reported (X) nor reporting researcher (Y),neither reported (X) nor reporting researcher (Y),neither reported (X) nor reporting researcher (Y),neither reported (X) nor reporting researcher (Y),reporting researcher (Y),Somewhat disagree,No,White,,Man,,High School Diploma or GED,Strongly Conservative,Heterosexual/straight,,18,Protestantism (Christian),,complete,,81781,0,0,,0,
2/8/2026 18:08,2/8/2026 18:14,IP Address,100,367,TRUE,2/8/2026 18:14,R_5omwHH3fujjqAsV,anonymous,EN,1,"Yes, I consent",3 = neither honest nor dishonest,2 = somewhat insincere,3 = neither ethical nor unethical,4 = somewhat likeable,2 = somewhat unapproachable,2 = somewhat confident the findings are false,4 = somewhat honest,2 = somewhat insincere,4 = somewhat ethical,2 = somewhat unlikeable,4 = somewhat approachable,reported researcher (K),reported researcher (K),reporting researcher (S),reporting researcher (S),reported researcher (K),reported researcher (K),reporting researcher (S),reporting researcher (S),reporting researcher (S),1 = very dishonest,1 = very insincere,1 = very unethical,1 = very unlikeable,4 = somewhat approachable,1 = very confident the findings are false,5 = very honest,3 = neither sincere nor insincere,5 = very ethical,5 = very likeable,2 = somewhat unapproachable,reporting researcher (F),reporting researcher (F),reported researcher (H),reporting researcher (F),reporting researcher (F),reporting researcher (F),reported researcher (H),reporting researcher (F),reporting researcher (F),2 = somewhat dishonest,2 = somewhat insincere,2 = somewhat unethical,2 = somewhat unlikeable,2 = somewhat unapproachable,2 = somewhat confident the findings are false,4 = somewhat honest,4 = somewhat sincere,4 = somewhat ethical,4 = somewhat likeable,4 = somewhat approachable,reporting researcher (Y),reporting researcher (Y),reporting researcher (Y),reported researcher (X),reporting researcher (Y),neither reported (X) nor reporting researcher (Y),reported researcher (X),reporting researcher (Y),reporting researcher (Y),Somewhat disagree,No,White,,Woman,,High School Diploma or GED,Conservative,Heterosexual/straight,,19,Catholicism,,complete,,81632,0,0,,0,
2/8/2026 19:12,2/8/2026 19:17,IP Address,100,299,TRUE,2/8/2026 19:17,R_6oGPuLvimZn4zmQ,anonymous,EN,1,"Yes, I consent",3 = neither honest nor dishonest,3 = neither sincere nor insincere,3 = neither ethical nor unethical,3 = neither likeable nor unlikeable,3 = neither approachable nor unapproachable,3 = could go either way,3 = neither honest nor dishonest,3 = neither sincere nor insincere,3 = neither ethical nor unethical,3 = neither likeable nor unlikeable,3 = neither approachable nor unapproachable,neither reported (K) nor reporting researcher (S),neither reported (K) nor reporting researcher (S),neither reported (K) nor reporting researcher (S),neither reported (K) nor reporting researcher (S),neither reported (K) nor reporting researcher (S),neither reported (K) nor reporting researcher (S),neither reported (K) nor reporting researcher (S),neither reported (K) nor reporting researcher (S),neither reported (K) nor reporting researcher (S),3 = neither honest nor dishonest,3 = neither sincere nor insincere,3 = neither ethical nor unethical,3 = neither likeable nor unlikeable,3 = neither approachable nor unapproachable,3 = could go either way,3 = neither honest nor dishonest,3 = neither sincere nor insincere,3 = neither ethical nor unethical,3 = neither likeable nor unlikeable,3 = neither approachable nor unapproachable,neither reported (H) nor reporting researcher (F),neither reported (H) nor reporting researcher (F),neither reported (H) nor reporting researcher (F),neither reported (H) nor reporting researcher (F),neither reported (H) nor reporting researcher (F),neither reported (H) nor reporting researcher (F),neither reported (H) nor reporting researcher (F),neither reported (H) nor reporting researcher (F),neither reported (H) nor reporting researcher (F),3 = neither honest nor dishonest,3 = neither sincere nor insincere,3 = neither ethical nor unethical,3 = neither likeable nor unlikeable,3 = neither approachable nor unapproachable,3 = could go either way,3 = neither honest nor dishonest,3 = neither sincere nor insincere,3 = neither ethical nor unethical,3 = neither likeable nor unlikeable,3 = neither approachable nor unapproachable,neither reported (X) nor reporting researcher (Y),neither reported (X) nor reporting researcher (Y),neither reported (X) nor reporting researcher (Y),neither reported (X) nor reporting researcher (Y),neither reported (X) nor reporting researcher (Y),neither reported (X) nor reporting researcher (Y),neither reported (X) nor reporting researcher (Y),neither reported (X) nor reporting researcher (Y),neither reported (X) nor reporting researcher (Y),Somewhat disagree,No,White,,Woman,,Bachelor’s Degree,Strongly Conservative,Heterosexual/straight,,19,Protestantism (Christian),,complete,,81256,0,0,,0,
2/8/2026 20:27,2/8/2026 20:32,IP Address,100,265,TRUE,2/8/2026 20:32,R_7CroP6fi6DjR5rz,anonymous,EN,1,"Yes, I consent",3 = neither honest nor dishonest,3 = neither sincere nor insincere,3 = neither ethical nor unethical,3 = neither likeable nor unlikeable,3 = neither approachable nor unapproachable,3 = could go either way,3 = neither honest nor dishonest,3 = neither sincere nor insincere,3 = neither ethical nor unethical,3 = neither likeable nor unlikeable,3 = neither approachable nor unapproachable,neither reported (K) nor reporting researcher (S),neither reported (K) nor reporting researcher (S),neither reported (K) nor reporting researcher (S),neither reported (K) nor reporting researcher (S),neither reported (K) nor reporting researcher (S),neither reported (K) nor reporting researcher (S),neither reported (K) nor reporting researcher (S),neither reported (K) nor reporting researcher (S),neither reported (K) nor reporting researcher (S),1 = very dishonest,1 = very insincere,1 = very unethical,1 = very unlikeable,1 = very unapproachable,1 = very confident the findings are false,5 = very honest,5 = very sincere,5 = very ethical,5 = very likeable,5 = very approachable,reporting researcher (F),reporting researcher (F),reporting researcher (F),reporting researcher (F),reporting researcher (F),reporting researcher (F),reporting researcher (F),reporting researcher (F),reporting researcher (F),2 = somewhat dishonest,2 = somewhat insincere,2 = somewhat unethical,2 = somewhat unlikeable,2 = somewhat unapproachable,2 = somewhat confident the findings are false,4 = somewhat honest,4 = somewhat sincere,4 = somewhat ethical,4 = somewhat likeable,4 = somewhat approachable,reporting researcher (Y),reporting researcher (Y),reporting researcher (Y),reporting researcher (Y),reporting researcher (Y),reporting researcher (Y),reporting researcher (Y),reporting researcher (Y),reporting researcher (Y),Somewhat disagree,No,White,,Woman,,High School Diploma or GED,Conservative,Heterosexual/straight,,19,Catholicism,,complete,,81729,0,0,,0,
2/8/2026 21:02,2/8/2026 21:05,IP Address,100,209,TRUE,2/8/2026 21:05,R_3Xy8FsPfI2r4OVH,anonymous,EN,1,"Yes, I consent",5 = very honest,5 = very sincere,5 = very ethical,5 = very likeable,5 = very approachable,5 = very confident the findings are true,5 = very honest,2 = somewhat insincere,1 = very unethical,1 = very unlikeable,3 = neither approachable nor unapproachable,reported researcher (K),reporting researcher (S),reported researcher (K),reported researcher (K),neither reported (K) nor reporting researcher (S),reporting researcher (S),reported researcher (K),neither reported (K) nor reporting researcher (S),reporting researcher (S),3 = neither honest nor dishonest,5 = very sincere,2 = somewhat unethical,3 = neither likeable nor unlikeable,4 = somewhat approachable,4 = somewhat confident the findings are true,1 = very dishonest,5 = very sincere,3 = neither ethical nor unethical,1 = very unlikeable,3 = neither approachable nor unapproachable,neither reported (H) nor reporting researcher (F),reporting researcher (F),neither reported (H) nor reporting researcher (F),reporting researcher (F),reported researcher (H),neither reported (H) nor reporting researcher (F),reported researcher (H),reporting researcher (F),neither reported (H) nor reporting researcher (F),2 = somewhat dishonest,1 = very insincere,2 = somewhat unethical,3 = neither likeable nor unlikeable,3 = neither approachable nor unapproachable,2 = somewhat confident the findings are false,4 = somewhat honest,3 = neither sincere nor insincere,2 = somewhat unethical,5 = very likeable,1 = very unapproachable,reported researcher (X),reporting researcher (Y),reported researcher (X),neither reported (X) nor reporting researcher (Y),neither reported (X) nor reporting researcher (Y),reporting researcher (Y),reporting researcher (Y),reported researcher (X),neither reported (X) nor reporting researcher (Y),Somewhat disagree,No,Other,No,Woman,,Some High School,Strongly Liberal,Heterosexual/straight,,18,Not Affiliated,,complete,,81869,0,0,,0,
2/8/2026 22:29,2/8/2026 22:38,IP Address,100,570,TRUE,2/8/2026 22:38,R_30uEkRA2OisRwUd,anonymous,EN,1,"Yes, I consent",3 = neither honest nor dishonest,3 = neither sincere nor insincere,2 = somewhat unethical,2 = somewhat unlikeable,3 = neither approachable nor unapproachable,3 = could go either way,5 = very honest,4 = somewhat sincere,4 = somewhat ethical,3 = neither likeable nor unlikeable,3 = neither approachable nor unapproachable,neither reported (K) nor reporting researcher (S),reporting researcher (S),reported researcher (K),reporting researcher (S),reporting researcher (S),neither reported (K) nor reporting researcher (S),neither reported (K) nor reporting researcher (S),reporting researcher (S),reporting researcher (S),1 = very dishonest,3 = neither sincere nor insincere,1 = very unethical,3 = neither likeable nor unlikeable,3 = neither approachable nor unapproachable,1 = very confident the findings are false,5 = very honest,5 = very sincere,5 = very ethical,3 = neither likeable nor unlikeable,2 = somewhat unapproachable,neither reported (H) nor reporting researcher (F),reporting researcher (F),neither reported (H) nor reporting researcher (F),reporting researcher (F),reporting researcher (F),reporting researcher (F),neither reported (H) nor reporting researcher (F),reporting researcher (F),reporting researcher (F),2 = somewhat dishonest,2 = somewhat insincere,1 = very unethical,1 = very unlikeable,3 = neither approachable nor unapproachable,2 = somewhat confident the findings are false,5 = very honest,5 = very sincere,5 = very ethical,3 = neither likeable nor unlikeable,4 = somewhat approachable,neither reported (X) nor reporting researcher (Y),reporting researcher (Y),neither reported (X) nor reporting researcher (Y),reporting researcher (Y),reporting researcher (Y),reporting researcher (Y),neither reported (X) nor reporting researcher (Y),reporting researcher (Y),reporting researcher (Y),Somewhat disagree,No,White,,Woman,,High School Diploma or GED,Strongly Conservative,Heterosexual/straight,,19,Protestantism (Christian),,complete,,81697,0,0,,0,
2/9/2026 8:09,2/9/2026 8:19,IP Address,100,619,TRUE,2/9/2026 8:19,R_5qlqQvpa1rDOH1C,anonymous,EN,1,"Yes, I consent",2 = somewhat dishonest,2 = somewhat insincere,2 = somewhat unethical,3 = neither likeable nor unlikeable,3 = neither approachable nor unapproachable,3 = could go either way,5 = very honest,5 = very sincere,5 = very ethical,3 = neither likeable nor unlikeable,3 = neither approachable nor unapproachable,neither reported (K) nor reporting researcher (S),reporting researcher (S),neither reported (K) nor reporting researcher (S),reporting researcher (S),reporting researcher (S),reported researcher (K),reported researcher (K),reporting researcher (S),reporting researcher (S),2 = somewhat dishonest,2 = somewhat insincere,1 = very unethical,3 = neither likeable nor unlikeable,3 = neither approachable nor unapproachable,1 = very confident the findings are false,5 = very honest,5 = very sincere,5 = very ethical,3 = neither likeable nor unlikeable,3 = neither approachable nor unapproachable,neither reported (H) nor reporting researcher (F),reporting researcher (F),reported researcher (H),reporting researcher (F),reporting researcher (F),reporting researcher (F),reported researcher (H),reporting researcher (F),reporting researcher (F),1 = very dishonest,1 = very insincere,1 = very unethical,1 = very unlikeable,3 = neither approachable nor unapproachable,1 = very confident the findings are false,5 = very honest,5 = very sincere,5 = very ethical,5 = very likeable,3 = neither approachable nor unapproachable,neither reported (X) nor reporting researcher (Y),neither reported (X) nor reporting researcher (Y),neither reported (X) nor reporting researcher (Y),reporting researcher (Y),reporting researcher (Y),reporting researcher (Y),reported researcher (X),reporting researcher (Y),reporting researcher (Y),Somewhat disagree,No,White,,Woman,,Some college credit or technical school degree,Lean Conservative,Heterosexual/straight,,19,Protestantism (Christian),,complete,,81841,0,0,,0,
2/9/2026 8:17,2/9/2026 8:25,IP Address,100,506,TRUE,2/9/2026 8:25,R_7dik5uOluYJuiJ8,anonymous,EN,1,"Yes, I consent",2 = somewhat dishonest,3 = neither sincere nor insincere,2 = somewhat unethical,2 = somewhat unlikeable,2 = somewhat unapproachable,3 = could go either way,4 = somewhat honest,4 = somewhat sincere,4 = somewhat ethical,4 = somewhat likeable,3 = neither approachable nor unapproachable,reporting researcher (S),reporting researcher (S),neither reported (K) nor reporting researcher (S),reporting researcher (S),reporting researcher (S),neither reported (K) nor reporting researcher (S),reported researcher (K),reporting researcher (S),reporting researcher (S),1 = very dishonest,1 = very insincere,1 = very unethical,1 = very unlikeable,1 = very unapproachable,1 = very confident the findings are false,5 = very honest,5 = very sincere,5 = very ethical,5 = very likeable,5 = very approachable,reporting researcher (F),reporting researcher (F),neither reported (H) nor reporting researcher (F),reporting researcher (F),reporting researcher (F),neither reported (H) nor reporting researcher (F),reporting researcher (F),reporting researcher (F),reporting researcher (F),1 = very dishonest,3 = neither sincere nor insincere,1 = very unethical,1 = very unlikeable,2 = somewhat unapproachable,1 = very confident the findings are false,4 = somewhat honest,3 = neither sincere nor insincere,4 = somewhat ethical,4 = somewhat likeable,4 = somewhat approachable,reporting researcher (Y),reporting researcher (Y),neither reported (X) nor reporting researcher (Y),reporting researcher (Y),reporting researcher (Y),reporting researcher (Y),reporting researcher (Y),reporting researcher (Y),reporting researcher (Y),Somewhat disagree,No,White,,Woman,,High School Diploma or GED,Lean Liberal,Heterosexual/straight,,19,Protestantism (Christian),,complete,,80957,0,0,,0,
2/9/2026 8:13,2/9/2026 8:28,IP Address,100,903,TRUE,2/9/2026 8:28,R_5cwHSIy3BwZ7nqz,anonymous,EN,1,"Yes, I consent",2 = somewhat dishonest,2 = somewhat insincere,2 = somewhat unethical,2 = somewhat unlikeable,3 = neither approachable nor unapproachable,2 = somewhat confident the findings are false,4 = somewhat honest,4 = somewhat sincere,4 = somewhat ethical,3 = neither likeable nor unlikeable,3 = neither approachable nor unapproachable,neither reported (K) nor reporting researcher (S),reporting researcher (S),neither reported (K) nor reporting researcher (S),neither reported (K) nor reporting researcher (S),reporting researcher (S),reporting researcher (S),neither reported (K) nor reporting researcher (S),reporting researcher (S),reporting researcher (S),2 = somewhat dishonest,3 = neither sincere nor insincere,2 = somewhat unethical,2 = somewhat unlikeable,3 = neither approachable nor unapproachable,2 = somewhat confident the findings are false,4 = somewhat honest,4 = somewhat sincere,4 = somewhat ethical,3 = neither likeable nor unlikeable,3 = neither approachable nor unapproachable,neither reported (H) nor reporting researcher (F),reporting researcher (F),reported researcher (H),neither reported (H) nor reporting researcher (F),reporting researcher (F),reporting researcher (F),reported researcher (H),reporting researcher (F),reporting researcher (F),2 = somewhat dishonest,2 = somewhat insincere,2 = somewhat unethical,2 = somewhat unlikeable,2 = somewhat unapproachable,2 = somewhat confident the findings are false,4 = somewhat honest,4 = somewhat sincere,4 = somewhat ethical,2 = somewhat unlikeable,3 = neither approachable nor unapproachable,neither reported (X) nor reporting researcher (Y),reporting researcher (Y),reporting researcher (Y),neither reported (X) nor reporting researcher (Y),reporting researcher (Y),reporting researcher (Y),reporting researcher (Y),reporting researcher (Y),reporting researcher (Y),Somewhat disagree,No,White,,Woman,,Some college credit or technical school degree,Centrist,Heterosexual/straight,,19,Protestantism (Christian),,complete,,80970,0,0,,0,
2/9/2026 8:22,2/9/2026 8:28,IP Address,100,342,TRUE,2/9/2026 8:28,R_7VwttUVUKPvRV2W,anonymous,EN,1,"Yes, I consent",4 = somewhat honest,4 = somewhat sincere,2 = somewhat unethical,2 = somewhat unlikeable,4 = somewhat approachable,2 = somewhat confident the findings are false,5 = very honest,4 = somewhat sincere,5 = very ethical,3 = neither likeable nor unlikeable,4 = somewhat approachable,neither reported (K) nor reporting researcher (S),reporting researcher (S),reporting researcher (S),reporting researcher (S),reporting researcher (S),reporting researcher (S),reported researcher (K),reporting researcher (S),reporting researcher (S),2 = somewhat dishonest,1 = very insincere,1 = very unethical,1 = very unlikeable,1 = very unapproachable,2 = somewhat confident the findings are false,4 = somewhat honest,4 = somewhat sincere,5 = very ethical,4 = somewhat likeable,4 = somewhat approachable,reporting researcher (F),reporting researcher (F),reporting researcher (F),reporting researcher (F),reporting researcher (F),reporting researcher (F),reporting researcher (F),reporting researcher (F),reporting researcher (F),1 = very dishonest,1 = very insincere,1 = very unethical,1 = very unlikeable,1 = very unapproachable,1 = very confident the findings are false,5 = very honest,4 = somewhat sincere,4 = somewhat ethical,4 = somewhat likeable,4 = somewhat approachable,reporting researcher (Y),reporting researcher (Y),reporting researcher (Y),reporting researcher (Y),reporting researcher (Y),reporting researcher (Y),reporting researcher (Y),reporting researcher (Y),reporting researcher (Y),Somewhat disagree,No,White,,Woman,,High School Diploma or GED,Lean Conservative,Heterosexual/straight,,20,Protestantism (Christian),,complete,,80966,0,0,,0,
2/9/2026 9:17,2/9/2026 9:28,IP Address,100,664,TRUE,2/9/2026 9:28,R_5aV7npcEPMK3N17,anonymous,EN,1,"Yes, I consent",3 = neither honest nor dishonest,4 = somewhat sincere,4 = somewhat ethical,3 = neither likeable nor unlikeable,3 = neither approachable nor unapproachable,3 = could go either way,3 = neither honest nor dishonest,2 = somewhat insincere,2 = somewhat unethical,2 = somewhat unlikeable,3 = neither approachable nor unapproachable,reported researcher (K),reported researcher (K),reporting researcher (S),neither reported (K) nor reporting researcher (S),neither reported (K) nor reporting researcher (S),reported researcher (K),reported researcher (K),neither reported (K) nor reporting researcher (S),neither reported (K) nor reporting researcher (S),1 = very dishonest,2 = somewhat insincere,2 = somewhat unethical,3 = neither likeable nor unlikeable,4 = somewhat approachable,3 = could go either way,5 = very honest,5 = very sincere,4 = somewhat ethical,4 = somewhat likeable,4 = somewhat approachable,neither reported (H) nor reporting researcher (F),reporting researcher (F),reported researcher (H),neither reported (H) nor reporting researcher (F),reporting researcher (F),reporting researcher (F),reported researcher (H),reporting researcher (F),reporting researcher (F),1 = very dishonest,1 = very insincere,1 = very unethical,2 = somewhat unlikeable,3 = neither approachable nor unapproachable,1 = very confident the findings are false,5 = very honest,5 = very sincere,4 = somewhat ethical,4 = somewhat likeable,3 = neither approachable nor unapproachable,reporting researcher (Y),reporting researcher (Y),reported researcher (X),reporting researcher (Y),reporting researcher (Y),reporting researcher (Y),neither reported (X) nor reporting researcher (Y),reporting researcher (Y),reporting researcher (Y),Somewhat disagree,No,Other,Mixed- white and black,Man,,Some college credit or technical school degree,Lean Conservative,Heterosexual/straight,,19,Protestantism (Christian),,complete,,80962,0,0,,0,
2/9/2026 10:54,2/9/2026 10:59,IP Address,100,353,TRUE,2/9/2026 10:59,R_14XnJ2OYgNqKhlD,anonymous,EN,1,"Yes, I consent",2 = somewhat dishonest,4 = somewhat sincere,3 = neither ethical nor unethical,3 = neither likeable nor unlikeable,4 = somewhat approachable,2 = somewhat confident the findings are false,5 = very honest,5 = very sincere,5 = very ethical,4 = somewhat likeable,4 = somewhat approachable,neither reported (K) nor reporting researcher (S),reporting researcher (S),reported researcher (K),reporting researcher (S),reporting researcher (S),reporting researcher (S),neither reported (K) nor reporting researcher (S),reporting researcher (S),reporting researcher (S),2 = somewhat dishonest,1 = very insincere,2 = somewhat unethical,2 = somewhat unlikeable,2 = somewhat unapproachable,1 = very confident the findings are false,5 = very honest,5 = very sincere,5 = very ethical,5 = very likeable,5 = very approachable,reporting researcher (F),reporting researcher (F),reported researcher (H),reporting researcher (F),reporting researcher (F),reporting researcher (F),neither reported (H) nor reporting researcher (F),reporting researcher (F),reporting researcher (F),1 = very dishonest,1 = very insincere,1 = very unethical,1 = very unlikeable,1 = very unapproachable,1 = very confident the findings are false,5 = very honest,5 = very sincere,5 = very ethical,4 = somewhat likeable,4 = somewhat approachable,reporting researcher (Y),reporting researcher (Y),reported researcher (X),reporting researcher (Y),reporting researcher (Y),reporting researcher (Y),neither reported (X) nor reporting researcher (Y),reporting researcher (Y),reporting researcher (Y),Somewhat disagree,No,White,,Woman,,Some college credit or technical school degree,Lean Liberal,Heterosexual/straight,,18,Catholicism,,complete,,81083,0,0,,0,
2/9/2026 10:49,2/9/2026 11:16,IP Address,100,1582,TRUE,2/9/2026 11:16,R_5COCQgMwmF3VcTz,anonymous,EN,1,"Yes, I consent",3 = neither honest nor dishonest,3 = neither sincere nor insincere,3 = neither ethical nor unethical,3 = neither likeable nor unlikeable,2 = somewhat unapproachable,3 = could go either way,4 = somewhat honest,2 = somewhat insincere,3 = neither ethical nor unethical,2 = somewhat unlikeable,2 = somewhat unapproachable,reported researcher (K),reported researcher (K),neither reported (K) nor reporting researcher (S),reported researcher (K),reported researcher (K),reporting researcher (S),reporting researcher (S),reported researcher (K),reported researcher (K),2 = somewhat dishonest,3 = neither sincere nor insincere,1 = very unethical,3 = neither likeable nor unlikeable,3 = neither approachable nor unapproachable,2 = somewhat confident the findings are false,5 = very honest,3 = neither sincere nor insincere,5 = very ethical,3 = neither likeable nor unlikeable,5 = very approachable,reporting researcher (F),neither reported (H) nor reporting researcher (F),neither reported (H) nor reporting researcher (F),reporting researcher (F),reporting researcher (F),reporting researcher (F),reporting researcher (F),reporting researcher (F),reporting researcher (F),1 = very dishonest,1 = very insincere,1 = very unethical,1 = very unlikeable,1 = very unapproachable,1 = very confident the findings are false,5 = very honest,5 = very sincere,5 = very ethical,5 = very likeable,4 = somewhat approachable,reporting researcher (Y),reporting researcher (Y),neither reported (X) nor reporting researcher (Y),reporting researcher (Y),reporting researcher (Y),reporting researcher (Y),reporting researcher (Y),reporting researcher (Y),reporting researcher (Y),Somewhat disagree,No,White,,Woman,,High School Diploma or GED,Strongly Conservative,Heterosexual/straight,,18,Catholicism,,complete,,81610,0,0,,0,
2/9/2026 11:05,2/9/2026 11:19,IP Address,100,835,TRUE,2/9/2026 11:19,R_5hsEfwgqJJTy9EK,anonymous,EN,1,"Yes, I consent",2 = somewhat dishonest,2 = somewhat insincere,2 = somewhat unethical,2 = somewhat unlikeable,3 = neither approachable nor unapproachable,2 = somewhat confident the findings are false,5 = very honest,5 = very sincere,5 = very ethical,4 = somewhat likeable,3 = neither approachable nor unapproachable,reporting researcher (S),neither reported (K) nor reporting researcher (S),neither reported (K) nor reporting researcher (S),reporting researcher (S),reporting researcher (S),neither reported (K) nor reporting researcher (S),neither reported (K) nor reporting researcher (S),reporting researcher (S),reporting researcher (S),1 = very dishonest,1 = very insincere,1 = very unethical,2 = somewhat unlikeable,3 = neither approachable nor unapproachable,1 = very confident the findings are false,5 = very honest,5 = very sincere,5 = very ethical,5 = very likeable,4 = somewhat approachable,reporting researcher (F),reporting researcher (F),neither reported (H) nor reporting researcher (F),reporting researcher (F),reporting researcher (F),reporting researcher (F),reporting researcher (F),reporting researcher (F),reporting researcher (F),1 = very dishonest,1 = very insincere,1 = very unethical,2 = somewhat unlikeable,3 = neither approachable nor unapproachable,2 = somewhat confident the findings are false,5 = very honest,5 = very sincere,4 = somewhat ethical,4 = somewhat likeable,3 = neither approachable nor unapproachable,reporting researcher (Y),neither reported (X) nor reporting researcher (Y),reported researcher (X),reporting researcher (Y),reporting researcher (Y),reporting researcher (Y),neither reported (X) nor reporting researcher (Y),reporting researcher (Y),reporting researcher (Y),Somewhat disagree,No,White,,Non-binary / third gender,,Some college credit or technical school degree,Liberal,Queer,,21,Not Affiliated,,complete,,81820,0,0,,0,
2/9/2026 11:19,2/9/2026 11:27,IP Address,100,482,TRUE,2/9/2026 11:27,R_7STdrNhO0GTnFyV,anonymous,EN,1,"Yes, I consent",2 = somewhat dishonest,2 = somewhat insincere,2 = somewhat unethical,3 = neither likeable nor unlikeable,2 = somewhat unapproachable,3 = could go either way,4 = somewhat honest,4 = somewhat sincere,4 = somewhat ethical,4 = somewhat likeable,5 = very approachable,reporting researcher (S),neither reported (K) nor reporting researcher (S),reported researcher (K),reporting researcher (S),reporting researcher (S),reporting researcher (S),reported researcher (K),reporting researcher (S),reporting researcher (S),1 = very dishonest,2 = somewhat insincere,2 = somewhat unethical,2 = somewhat unlikeable,2 = somewhat unapproachable,3 = could go either way,4 = somewhat honest,4 = somewhat sincere,4 = somewhat ethical,4 = somewhat likeable,4 = somewhat approachable,reporting researcher (F),reporting researcher (F),reporting researcher (F),reporting researcher (F),reporting researcher (F),reported researcher (H),reporting researcher (F),reporting researcher (F),reporting researcher (F),1 = very dishonest,1 = very insincere,1 = very unethical,1 = very unlikeable,1 = very unapproachable,1 = very confident the findings are false,4 = somewhat honest,4 = somewhat sincere,4 = somewhat ethical,4 = somewhat likeable,4 = somewhat approachable,reporting researcher (Y),reporting researcher (Y),reporting researcher (Y),reporting researcher (Y),reporting researcher (Y),reporting researcher (Y),reporting researcher (Y),reporting researcher (Y),reporting researcher (Y),Somewhat disagree,No,White,,Woman,,High School Diploma or GED,Conservative,Heterosexual/straight,,19,Protestantism (Christian),,complete,,80948,0,0,,0,
2/9/2026 10:48,2/9/2026 11:29,IP Address,100,2503,TRUE,2/9/2026 11:29,R_3c2LSy9EoNwhBvz,anonymous,EN,1,"Yes, I consent",1 = very dishonest,2 = somewhat insincere,2 = somewhat unethical,1 = very unlikeable,3 = neither approachable nor unapproachable,3 = could go either way,1 = very dishonest,4 = somewhat sincere,3 = neither ethical nor unethical,3 = neither likeable nor unlikeable,3 = neither approachable nor unapproachable,neither reported (K) nor reporting researcher (S),neither reported (K) nor reporting researcher (S),neither reported (K) nor reporting researcher (S),neither reported (K) nor reporting researcher (S),neither reported (K) nor reporting researcher (S),neither reported (K) nor reporting researcher (S),neither reported (K) nor reporting researcher (S),neither reported (K) nor reporting researcher (S),neither reported (K) nor reporting researcher (S),4 = somewhat honest,4 = somewhat sincere,2 = somewhat unethical,2 = somewhat unlikeable,4 = somewhat approachable,3 = could go either way,5 = very honest,3 = neither sincere nor insincere,3 = neither ethical nor unethical,3 = neither likeable nor unlikeable,3 = neither approachable nor unapproachable,neither reported (H) nor reporting researcher (F),neither reported (H) nor reporting researcher (F),neither reported (H) nor reporting researcher (F),neither reported (H) nor reporting researcher (F),neither reported (H) nor reporting researcher (F),neither reported (H) nor reporting researcher (F),neither reported (H) nor reporting researcher (F),neither reported (H) nor reporting researcher (F),neither reported (H) nor reporting researcher (F),3 = neither honest nor dishonest,2 = somewhat insincere,4 = somewhat ethical,2 = somewhat unlikeable,2 = somewhat unapproachable,2 = somewhat confident the findings are false,3 = neither honest nor dishonest,3 = neither sincere nor insincere,2 = somewhat unethical,3 = neither likeable nor unlikeable,3 = neither approachable nor unapproachable,neither reported (X) nor reporting researcher (Y),neither reported (X) nor reporting researcher (Y),neither reported (X) nor reporting researcher (Y),neither reported (X) nor reporting researcher (Y),neither reported (X) nor reporting researcher (Y),neither reported (X) nor reporting researcher (Y),neither reported (X) nor reporting researcher (Y),neither reported (X) nor reporting researcher (Y),neither reported (X) nor reporting researcher (Y),Somewhat disagree,Yes,White,,Woman,,Some college credit or technical school degree,Strongly Conservative,Heterosexual/straight,,18,Catholicism,,complete,,81194,0,0,,0,
2/9/2026 11:55,2/9/2026 12:14,IP Address,100,1144,TRUE,2/9/2026 12:14,R_5im95YgdXUTE2SY,anonymous,EN,1,"Yes, I consent",2 = somewhat dishonest,2 = somewhat insincere,2 = somewhat unethical,3 = neither likeable nor unlikeable,4 = somewhat approachable,2 = somewhat confident the findings are false,5 = very honest,5 = very sincere,5 = very ethical,5 = very likeable,5 = very approachable,reporting researcher (S),reporting researcher (S),reporting researcher (S),reporting researcher (S),reporting researcher (S),reporting researcher (S),reporting researcher (S),reporting researcher (S),reporting researcher (S),1 = very dishonest,1 = very insincere,3 = neither ethical nor unethical,2 = somewhat unlikeable,4 = somewhat approachable,2 = somewhat confident the findings are false,5 = very honest,4 = somewhat sincere,5 = very ethical,5 = very likeable,4 = somewhat approachable,reporting researcher (F),reporting researcher (F),reported researcher (H),reporting researcher (F),reporting researcher (F),reporting researcher (F),reported researcher (H),reporting researcher (F),reporting researcher (F),2 = somewhat dishonest,1 = very insincere,2 = somewhat unethical,2 = somewhat unlikeable,2 = somewhat unapproachable,1 = very confident the findings are false,5 = very honest,5 = very sincere,4 = somewhat ethical,5 = very likeable,5 = very approachable,reporting researcher (Y),reporting researcher (Y),reported researcher (X),reporting researcher (Y),reporting researcher (Y),reporting researcher (Y),reporting researcher (Y),reporting researcher (Y),reporting researcher (Y),Strongly agree,No,White,,Woman,,High School Diploma or GED,Conservative,Heterosexual/straight,,19,Catholicism,,complete,,81555,0,0,,0,
2/9/2026 14:18,2/9/2026 14:24,IP Address,100,372,TRUE,2/9/2026 14:24,R_7nNpF6xGti8hyAk,anonymous,EN,0.800000012,"Yes, I consent",2 = somewhat dishonest,3 = neither sincere nor insincere,2 = somewhat unethical,3 = neither likeable nor unlikeable,3 = neither approachable nor unapproachable,3 = could go either way,5 = very honest,5 = very sincere,5 = very ethical,5 = very likeable,5 = very approachable,reporting researcher (S),reporting researcher (S),reporting researcher (S),reporting researcher (S),reporting researcher (S),reporting researcher (S),reporting researcher (S),reporting researcher (S),reporting researcher (S),2 = somewhat dishonest,2 = somewhat insincere,2 = somewhat unethical,3 = neither likeable nor unlikeable,3 = neither approachable nor unapproachable,2 = somewhat confident the findings are false,5 = very honest,5 = very sincere,5 = very ethical,5 = very likeable,5 = very approachable,neither reported (H) nor reporting researcher (F),reporting researcher (F),reporting researcher (F),reporting researcher (F),reporting researcher (F),reporting researcher (F),reporting researcher (F),reporting researcher (F),reporting researcher (F),1 = very dishonest,1 = very insincere,1 = very unethical,2 = somewhat unlikeable,4 = somewhat approachable,2 = somewhat confident the findings are false,4 = somewhat honest,5 = very sincere,4 = somewhat ethical,5 = very likeable,5 = very approachable,neither reported (X) nor reporting researcher (Y),reporting researcher (Y),reporting researcher (Y),reporting researcher (Y),reporting researcher (Y),reporting researcher (Y),reporting researcher (Y),reporting researcher (Y),reporting researcher (Y),Somewhat disagree,No,White,,Woman,,Some college credit or technical school degree,Strongly Conservative,Heterosexual/straight,,19,Protestantism (Christian),,complete,,81224,0,0,,0,
2/9/2026 16:27,2/9/2026 16:41,IP Address,100,821,TRUE,2/9/2026 16:41,R_194BpyMFxRnwxF8,anonymous,EN,1,"Yes, I consent",2 = somewhat dishonest,2 = somewhat insincere,2 = somewhat unethical,3 = neither likeable nor unlikeable,3 = neither approachable nor unapproachable,2 = somewhat confident the findings are false,5 = very honest,5 = very sincere,5 = very ethical,4 = somewhat likeable,4 = somewhat approachable,reporting researcher (S),reporting researcher (S),neither reported (K) nor reporting researcher (S),reporting researcher (S),reporting researcher (S),reporting researcher (S),reporting researcher (S),reporting researcher (S),reporting researcher (S),1 = very dishonest,1 = very insincere,1 = very unethical,1 = very unlikeable,2 = somewhat unapproachable,2 = somewhat confident the findings are false,5 = very honest,5 = very sincere,5 = very ethical,4 = somewhat likeable,4 = somewhat approachable,reporting researcher (F),reporting researcher (F),neither reported (H) nor reporting researcher (F),reporting researcher (F),reporting researcher (F),reporting researcher (F),reporting researcher (F),reporting researcher (F),reporting researcher (F),1 = very dishonest,1 = very insincere,1 = very unethical,1 = very unlikeable,1 = very unapproachable,1 = very confident the findings are false,5 = very honest,5 = very sincere,5 = very ethical,4 = somewhat likeable,4 = somewhat approachable,reporting researcher (Y),reporting researcher (Y),reporting researcher (Y),reporting researcher (Y),reporting researcher (Y),reporting researcher (Y),reporting researcher (Y),reporting researcher (Y),reporting researcher (Y),Somewhat disagree,No,Black or African-American,,Man,,High School Diploma or GED,Centrist,Heterosexual/straight,,19,Protestantism (Christian),,complete,,81282,0,0,,0,
2/9/2026 19:16,2/9/2026 19:26,IP Address,100,607,TRUE,2/9/2026 19:26,R_6kFTGoeCpRNc1uU,anonymous,EN,1,"Yes, I consent",2 = somewhat dishonest,3 = neither sincere nor insincere,2 = somewhat unethical,3 = neither likeable nor unlikeable,2 = somewhat unapproachable,2 = somewhat confident the findings are false,5 = very honest,5 = very sincere,5 = very ethical,5 = very likeable,4 = somewhat approachable,reporting researcher (S),reporting researcher (S),reported researcher (K),reporting researcher (S),reporting researcher (S),reporting researcher (S),reported researcher (K),reporting researcher (S),reporting researcher (S),2 = somewhat dishonest,2 = somewhat insincere,3 = neither ethical nor unethical,2 = somewhat unlikeable,2 = somewhat unapproachable,2 = somewhat confident the findings are false,5 = very honest,5 = very sincere,5 = very ethical,4 = somewhat likeable,5 = very approachable,reporting researcher (F),reporting researcher (F),reported researcher (H),reporting researcher (F),reporting researcher (F),reporting researcher (F),reported researcher (H),reporting researcher (F),reporting researcher (F),1 = very dishonest,2 = somewhat insincere,2 = somewhat unethical,1 = very unlikeable,1 = very unapproachable,1 = very confident the findings are false,5 = very honest,5 = very sincere,5 = very ethical,5 = very likeable,4 = somewhat approachable,reporting researcher (Y),reporting researcher (Y),reported researcher (X),reporting researcher (Y),reporting researcher (Y),reporting researcher (Y),reported researcher (X),reporting researcher (Y),reporting researcher (Y),Somewhat disagree,No,White,,Woman,,Some college credit or technical school degree,Liberal,Heterosexual/straight,,19,Protestantism (Christian),,complete,,81115,0,0,,0,
2/9/2026 19:40,2/9/2026 19:44,IP Address,100,185,TRUE,2/9/2026 19:44,R_6oBq8kPo0qUBDVf,anonymous,EN,1,"Yes, I consent",3 = neither honest nor dishonest,3 = neither sincere nor insincere,3 = neither ethical nor unethical,3 = neither likeable nor unlikeable,3 = neither approachable nor unapproachable,3 = could go either way,3 = neither honest nor dishonest,3 = neither sincere nor insincere,3 = neither ethical nor unethical,3 = neither likeable nor unlikeable,3 = neither approachable nor unapproachable,neither reported (K) nor reporting researcher (S),neither reported (K) nor reporting researcher (S),neither reported (K) nor reporting researcher (S),neither reported (K) nor reporting researcher (S),neither reported (K) nor reporting researcher (S),neither reported (K) nor reporting researcher (S),neither reported (K) nor reporting researcher (S),neither reported (K) nor reporting researcher (S),neither reported (K) nor reporting researcher (S),3 = neither honest nor dishonest,3 = neither sincere nor insincere,3 = neither ethical nor unethical,3 = neither likeable nor unlikeable,3 = neither approachable nor unapproachable,3 = could go either way,3 = neither honest nor dishonest,3 = neither sincere nor insincere,3 = neither ethical nor unethical,3 = neither likeable nor unlikeable,3 = neither approachable nor unapproachable,neither reported (H) nor reporting researcher (F),neither reported (H) nor reporting researcher (F),neither reported (H) nor reporting researcher (F),neither reported (H) nor reporting researcher (F),neither reported (H) nor reporting researcher (F),neither reported (H) nor reporting researcher (F),neither reported (H) nor reporting researcher (F),neither reported (H) nor reporting researcher (F),neither reported (H) nor reporting researcher (F),3 = neither honest nor dishonest,3 = neither sincere nor insincere,3 = neither ethical nor unethical,3 = neither likeable nor unlikeable,3 = neither approachable nor unapproachable,3 = could go either way,3 = neither honest nor dishonest,3 = neither sincere nor insincere,3 = neither ethical nor unethical,3 = neither likeable nor unlikeable,3 = neither approachable nor unapproachable,neither reported (X) nor reporting researcher (Y),neither reported (X) nor reporting researcher (Y),neither reported (X) nor reporting researcher (Y),neither reported (X) nor reporting researcher (Y),neither reported (X) nor reporting researcher (Y),neither reported (X) nor reporting researcher (Y),neither reported (X) nor reporting researcher (Y),neither reported (X) nor reporting researcher (Y),neither reported (X) nor reporting researcher (Y),Somewhat disagree,No,White,,Man,,High School Diploma or GED,Conservative,Heterosexual/straight,,19,Catholicism,,complete,,81540,0,0,,0,
2/9/2026 21:17,2/9/2026 21:24,IP Address,100,444,TRUE,2/9/2026 21:24,R_6PbpSyPpqlb5WPP,anonymous,EN,1,"Yes, I consent",4 = somewhat honest,4 = somewhat sincere,5 = very ethical,3 = neither likeable nor unlikeable,4 = somewhat approachable,4 = somewhat confident the findings are true,5 = very honest,5 = very sincere,5 = very ethical,3 = neither likeable nor unlikeable,3 = neither approachable nor unapproachable,neither reported (K) nor reporting researcher (S),neither reported (K) nor reporting researcher (S),neither reported (K) nor reporting researcher (S),reporting researcher (S),reporting researcher (S),reporting researcher (S),reporting researcher (S),reporting researcher (S),reporting researcher (S),2 = somewhat dishonest,2 = somewhat insincere,1 = very unethical,3 = neither likeable nor unlikeable,2 = somewhat unapproachable,2 = somewhat confident the findings are false,5 = very honest,5 = very sincere,5 = very ethical,3 = neither likeable nor unlikeable,4 = somewhat approachable,reporting researcher (F),reporting researcher (F),reported researcher (H),reporting researcher (F),reporting researcher (F),reporting researcher (F),reporting researcher (F),reporting researcher (F),reporting researcher (F),1 = very dishonest,1 = very insincere,1 = very unethical,3 = neither likeable nor unlikeable,1 = very unapproachable,1 = very confident the findings are false,5 = very honest,5 = very sincere,5 = very ethical,3 = neither likeable nor unlikeable,4 = somewhat approachable,reporting researcher (Y),reporting researcher (Y),reported researcher (X),reporting researcher (Y),reporting researcher (Y),reporting researcher (Y),reporting researcher (Y),reporting researcher (Y),reporting researcher (Y),Somewhat disagree,No,White,,Woman,,Some college credit or technical school degree,Liberal,Lesbian,,20,Not Affiliated,,complete,,81451,0,0,,0,
2/9/2026 21:32,2/9/2026 21:39,IP Address,100,412,TRUE,2/9/2026 21:39,R_3qHD24WT582MlCq,anonymous,EN,1,"Yes, I consent",3 = neither honest nor dishonest,4 = somewhat sincere,3 = neither ethical nor unethical,3 = neither likeable nor unlikeable,4 = somewhat approachable,3 = could go either way,3 = neither honest nor dishonest,3 = neither sincere nor insincere,3 = neither ethical nor unethical,3 = neither likeable nor unlikeable,3 = neither approachable nor unapproachable,neither reported (K) nor reporting researcher (S),reported researcher (K),reported researcher (K),neither reported (K) nor reporting researcher (S),neither reported (K) nor reporting researcher (S),reporting researcher (S),neither reported (K) nor reporting researcher (S),neither reported (K) nor reporting researcher (S),neither reported (K) nor reporting researcher (S),1 = very dishonest,2 = somewhat insincere,2 = somewhat unethical,3 = neither likeable nor unlikeable,3 = neither approachable nor unapproachable,4 = somewhat confident the findings are true,4 = somewhat honest,3 = neither sincere nor insincere,3 = neither ethical nor unethical,3 = neither likeable nor unlikeable,4 = somewhat approachable,neither reported (H) nor reporting researcher (F),reported researcher (H),neither reported (H) nor reporting researcher (F),neither reported (H) nor reporting researcher (F),reporting researcher (F),reporting researcher (F),reported researcher (H),reporting researcher (F),reporting researcher (F),1 = very dishonest,2 = somewhat insincere,1 = very unethical,2 = somewhat unlikeable,3 = neither approachable nor unapproachable,3 = could go either way,3 = neither honest nor dishonest,4 = somewhat sincere,4 = somewhat ethical,3 = neither likeable nor unlikeable,3 = neither approachable nor unapproachable,reported researcher (X),reporting researcher (Y),neither reported (X) nor reporting researcher (Y),neither reported (X) nor reporting researcher (Y),reporting researcher (Y),reporting researcher (Y),reporting researcher (Y),reporting researcher (Y),reporting researcher (Y),Somewhat disagree,No,Asian or Asian-American,,Woman,,High School Diploma or GED,Centrist,Heterosexual/straight,,18,Protestantism (Christian),,complete,,81000,0,0,,0,
2/10/2026 8:35,2/10/2026 8:47,IP Address,100,699,TRUE,2/10/2026 8:47,R_16nV649JUiPhLy1,anonymous,EN,0.4000000059604645,"Yes, I consent",3 = neither honest nor dishonest,2 = somewhat insincere,3 = neither ethical nor unethical,2 = somewhat unlikeable,3 = neither approachable nor unapproachable,3 = could go either way,4 = somewhat honest,4 = somewhat sincere,4 = somewhat ethical,3 = neither likeable nor unlikeable,4 = somewhat approachable,neither reported (K) nor reporting researcher (S),neither reported (K) nor reporting researcher (S),reported researcher (K),reporting researcher (S),neither reported (K) nor reporting researcher (S),neither reported (K) nor reporting researcher (S),neither reported (K) nor reporting researcher (S),reporting researcher (S),reporting researcher (S),3 = neither honest nor dishonest,2 = somewhat insincere,2 = somewhat unethical,2 = somewhat unlikeable,3 = neither approachable nor unapproachable,3 = could go either way,4 = somewhat honest,4 = somewhat sincere,4 = somewhat ethical,2 = somewhat unlikeable,4 = somewhat approachable,neither reported (H) nor reporting researcher (F),reporting researcher (F),reported researcher (H),neither reported (H) nor reporting researcher (F),reporting researcher (F),reporting researcher (F),neither reported (H) nor reporting researcher (F),reporting researcher (F),reporting researcher (F),1 = very dishonest,1 = very insincere,1 = very unethical,1 = very unlikeable,2 = somewhat unapproachable,2 = somewhat confident the findings are false,4 = somewhat honest,5 = very sincere,4 = somewhat ethical,5 = very likeable,5 = very approachable,neither reported (X) nor reporting researcher (Y),neither reported (X) nor reporting researcher (Y),reported researcher (X),reporting researcher (Y),reporting researcher (Y),reporting researcher (Y),neither reported (X) nor reporting researcher (Y),reporting researcher (Y),reporting researcher (Y),Somewhat disagree,No,White,,Woman,,Bachelor’s Degree,Lean Liberal,Heterosexual/straight,,21,Protestantism (Christian),,complete,,81739,0,0,,0,
2/10/2026 8:42,2/10/2026 8:49,IP Address,100,413,TRUE,2/10/2026 8:49,R_30xyoYSZ7NCMhzP,anonymous,EN,1,"Yes, I consent",4 = somewhat honest,4 = somewhat sincere,4 = somewhat ethical,4 = somewhat likeable,4 = somewhat approachable,3 = could go either way,3 = neither honest nor dishonest,3 = neither sincere nor insincere,3 = neither ethical nor unethical,3 = neither likeable nor unlikeable,3 = neither approachable nor unapproachable,reporting researcher (S),reporting researcher (S),reporting researcher (S),neither reported (K) nor reporting researcher (S),reporting researcher (S),reporting researcher (S),reporting researcher (S),reporting researcher (S),reporting researcher (S),2 = somewhat dishonest,2 = somewhat insincere,2 = somewhat unethical,3 = neither likeable nor unlikeable,3 = neither approachable nor unapproachable,2 = somewhat confident the findings are false,5 = very honest,4 = somewhat sincere,4 = somewhat ethical,4 = somewhat likeable,4 = somewhat approachable,reporting researcher (F),reporting researcher (F),reporting researcher (F),reporting researcher (F),reporting researcher (F),reporting researcher (F),reporting researcher (F),reporting researcher (F),reporting researcher (F),1 = very dishonest,2 = somewhat insincere,5 = very ethical,3 = neither likeable nor unlikeable,3 = neither approachable nor unapproachable,3 = could go either way,4 = somewhat honest,4 = somewhat sincere,4 = somewhat ethical,3 = neither likeable nor unlikeable,4 = somewhat approachable,reporting researcher (Y),reporting researcher (Y),reporting researcher (Y),reporting researcher (Y),reporting researcher (Y),reporting researcher (Y),reporting researcher (Y),reporting researcher (Y),reporting researcher (Y),Somewhat disagree,No,Black or African-American,,Woman,,Some college credit or technical school degree,,Heterosexual/straight,,19,,,complete,,81631,0,0,,0.028571429,"QID1219732974,QID79"
2/10/2026 10:39,2/10/2026 10:47,IP Address,100,502,TRUE,2/10/2026 10:47,R_7rvAjmpneyQBLkG,anonymous,EN,1,"Yes, I consent",4 = somewhat honest,4 = somewhat sincere,4 = somewhat ethical,4 = somewhat likeable,4 = somewhat approachable,3 = could go either way,2 = somewhat dishonest,2 = somewhat insincere,4 = somewhat ethical,2 = somewhat unlikeable,3 = neither approachable nor unapproachable,reported researcher (K),reported researcher (K),reported researcher (K),reported researcher (K),reported researcher (K),reported researcher (K),reported researcher (K),reported researcher (K),reported researcher (K),1 = very dishonest,1 = very insincere,1 = very unethical,1 = very unlikeable,2 = somewhat unapproachable,1 = very confident the findings are false,4 = somewhat honest,4 = somewhat sincere,3 = neither ethical nor unethical,2 = somewhat unlikeable,4 = somewhat approachable,neither reported (H) nor reporting researcher (F),neither reported (H) nor reporting researcher (F),reported researcher (H),neither reported (H) nor reporting researcher (F),neither reported (H) nor reporting researcher (F),reporting researcher (F),reported researcher (H),reporting researcher (F),neither reported (H) nor reporting researcher (F),1 = very dishonest,1 = very insincere,1 = very unethical,3 = neither likeable nor unlikeable,2 = somewhat unapproachable,1 = very confident the findings are false,4 = somewhat honest,4 = somewhat sincere,4 = somewhat ethical,3 = neither likeable nor unlikeable,4 = somewhat approachable,neither reported (X) nor reporting researcher (Y),reporting researcher (Y),neither reported (X) nor reporting researcher (Y),reporting researcher (Y),reported researcher (X),reporting researcher (Y),reported researcher (X),reporting researcher (Y),reporting researcher (Y),Somewhat disagree,No,White,,Woman,,Some college credit or technical school degree,Conservative,Heterosexual/straight,,19,Protestantism (Christian),,complete,,81533,0,0,,0,
2/10/2026 13:01,2/10/2026 13:12,IP Address,100,648,TRUE,2/10/2026 13:12,R_6TZx74c67zqT9TP,anonymous,EN,1,"Yes, I consent",2 = somewhat dishonest,2 = somewhat insincere,2 = somewhat unethical,3 = neither likeable nor unlikeable,3 = neither approachable nor unapproachable,3 = could go either way,5 = very honest,5 = very sincere,5 = very ethical,3 = neither likeable nor unlikeable,3 = neither approachable nor unapproachable,neither reported (K) nor reporting researcher (S),reporting researcher (S),neither reported (K) nor reporting researcher (S),reporting researcher (S),reporting researcher (S),reporting researcher (S),reporting researcher (S),reporting researcher (S),reporting researcher (S),1 = very dishonest,2 = somewhat insincere,1 = very unethical,3 = neither likeable nor unlikeable,3 = neither approachable nor unapproachable,2 = somewhat confident the findings are false,5 = very honest,4 = somewhat sincere,4 = somewhat ethical,3 = neither likeable nor unlikeable,3 = neither approachable nor unapproachable,neither reported (H) nor reporting researcher (F),reporting researcher (F),neither reported (H) nor reporting researcher (F),reporting researcher (F),reporting researcher (F),reporting researcher (F),reporting researcher (F),reporting researcher (F),reporting researcher (F),1 = very dishonest,1 = very insincere,1 = very unethical,3 = neither likeable nor unlikeable,3 = neither approachable nor unapproachable,1 = very confident the findings are false,5 = very honest,5 = very sincere,5 = very ethical,5 = very likeable,3 = neither approachable nor unapproachable,reporting researcher (Y),reporting researcher (Y),neither reported (X) nor reporting researcher (Y),reporting researcher (Y),reporting researcher (Y),reporting researcher (Y),reporting researcher (Y),reporting researcher (Y),reporting researcher (Y),Somewhat disagree,No,Black or African-American,,Woman,,Some college credit or technical school degree,Liberal,Heterosexual/straight,,18,Protestantism (Christian),,complete,,81513,0,0,,0,
2/10/2026 13:09,2/10/2026 13:15,IP Address,100,364,TRUE,2/10/2026 13:15,R_3CSutUL4WC3qmFH,anonymous,EN,1,"Yes, I consent",2 = somewhat dishonest,2 = somewhat insincere,2 = somewhat unethical,3 = neither likeable nor unlikeable,3 = neither approachable nor unapproachable,3 = could go either way,4 = somewhat honest,4 = somewhat sincere,4 = somewhat ethical,3 = neither likeable nor unlikeable,3 = neither approachable nor unapproachable,neither reported (K) nor reporting researcher (S),neither reported (K) nor reporting researcher (S),neither reported (K) nor reporting researcher (S),neither reported (K) nor reporting researcher (S),neither reported (K) nor reporting researcher (S),neither reported (K) nor reporting researcher (S),neither reported (K) nor reporting researcher (S),reporting researcher (S),reporting researcher (S),1 = very dishonest,1 = very insincere,1 = very unethical,3 = neither likeable nor unlikeable,3 = neither approachable nor unapproachable,3 = could go either way,3 = neither honest nor dishonest,4 = somewhat sincere,4 = somewhat ethical,3 = neither likeable nor unlikeable,3 = neither approachable nor unapproachable,reporting researcher (F),neither reported (H) nor reporting researcher (F),neither reported (H) nor reporting researcher (F),reporting researcher (F),neither reported (H) nor reporting researcher (F),neither reported (H) nor reporting researcher (F),neither reported (H) nor reporting researcher (F),reporting researcher (F),reporting researcher (F),1 = very dishonest,1 = very insincere,1 = very unethical,3 = neither likeable nor unlikeable,3 = neither approachable nor unapproachable,3 = could go either way,5 = very honest,4 = somewhat sincere,4 = somewhat ethical,3 = neither likeable nor unlikeable,3 = neither approachable nor unapproachable,reporting researcher (Y),reporting researcher (Y),neither reported (X) nor reporting researcher (Y),reporting researcher (Y),neither reported (X) nor reporting researcher (Y),reporting researcher (Y),neither reported (X) nor reporting researcher (Y),reporting researcher (Y),reporting researcher (Y),Somewhat disagree,No,White,,Woman,,High School Diploma or GED,Liberal,Heterosexual/straight,,20,Not Affiliated,,complete,,81044,0,0,,0,
2/10/2026 13:02,2/10/2026 13:18,IP Address,100,947,TRUE,2/10/2026 13:18,R_5UV34HZwRYVZzDH,anonymous,EN,1,"Yes, I consent",2 = somewhat dishonest,2 = somewhat insincere,1 = very unethical,2 = somewhat unlikeable,3 = neither approachable nor unapproachable,2 = somewhat confident the findings are false,4 = somewhat honest,4 = somewhat sincere,5 = very ethical,3 = neither likeable nor unlikeable,3 = neither approachable nor unapproachable,reporting researcher (S),reporting researcher (S),reported researcher (K),reporting researcher (S),neither reported (K) nor reporting researcher (S),neither reported (K) nor reporting researcher (S),reported researcher (K),reporting researcher (S),neither reported (K) nor reporting researcher (S),1 = very dishonest,2 = somewhat insincere,1 = very unethical,2 = somewhat unlikeable,3 = neither approachable nor unapproachable,1 = very confident the findings are false,5 = very honest,4 = somewhat sincere,4 = somewhat ethical,3 = neither likeable nor unlikeable,3 = neither approachable nor unapproachable,reporting researcher (F),reporting researcher (F),reported researcher (H),reporting researcher (F),neither reported (H) nor reporting researcher (F),neither reported (H) nor reporting researcher (F),reporting researcher (F),neither reported (H) nor reporting researcher (F),neither reported (H) nor reporting researcher (F),1 = very dishonest,2 = somewhat insincere,1 = very unethical,2 = somewhat unlikeable,2 = somewhat unapproachable,1 = very confident the findings are false,4 = somewhat honest,4 = somewhat sincere,5 = very ethical,3 = neither likeable nor unlikeable,3 = neither approachable nor unapproachable,reporting researcher (Y),reporting researcher (Y),reported researcher (X),neither reported (X) nor reporting researcher (Y),reporting researcher (Y),neither reported (X) nor reporting researcher (Y),reporting researcher (Y),neither reported (X) nor reporting researcher (Y),reporting researcher (Y),Somewhat disagree,No,White,,Woman,,High School Diploma or GED,Lean Conservative,Heterosexual/straight,,18,Protestantism (Christian),,complete,,81270,0,0,,0,
2/10/2026 13:13,2/10/2026 13:19,IP Address,100,337,TRUE,2/10/2026 13:19,R_6t05hdSUYB8kAEh,anonymous,EN,1,"Yes, I consent",3 = neither honest nor dishonest,3 = neither sincere nor insincere,3 = neither ethical nor unethical,4 = somewhat likeable,4 = somewhat approachable,3 = could go either way,5 = very honest,4 = somewhat sincere,4 = somewhat ethical,3 = neither likeable nor unlikeable,4 = somewhat approachable,neither reported (K) nor reporting researcher (S),neither reported (K) nor reporting researcher (S),neither reported (K) nor reporting researcher (S),neither reported (K) nor reporting researcher (S),neither reported (K) nor reporting researcher (S),neither reported (K) nor reporting researcher (S),neither reported (K) nor reporting researcher (S),neither reported (K) nor reporting researcher (S),neither reported (K) nor reporting researcher (S),2 = somewhat dishonest,2 = somewhat insincere,1 = very unethical,3 = neither likeable nor unlikeable,2 = somewhat unapproachable,2 = somewhat confident the findings are false,5 = very honest,5 = very sincere,5 = very ethical,5 = very likeable,5 = very approachable,reporting researcher (F),reporting researcher (F),neither reported (H) nor reporting researcher (F),reporting researcher (F),reporting researcher (F),reporting researcher (F),neither reported (H) nor reporting researcher (F),reporting researcher (F),reporting researcher (F),1 = very dishonest,1 = very insincere,1 = very unethical,1 = very unlikeable,1 = very unapproachable,1 = very confident the findings are false,5 = very honest,5 = very sincere,5 = very ethical,5 = very likeable,5 = very approachable,reporting researcher (Y),reporting researcher (Y),reporting researcher (Y),reporting researcher (Y),reporting researcher (Y),reporting researcher (Y),reporting researcher (Y),reporting researcher (Y),reporting researcher (Y),Somewhat disagree,No,White,,Woman,,Some college credit or technical school degree,Conservative,Heterosexual/straight,,20,Protestantism (Christian),,complete,,81209,0,0,,0,
2/10/2026 13:20,2/10/2026 13:25,IP Address,100,272,TRUE,2/10/2026 13:25,R_1PgKU8a2x0SBjQR,anonymous,EN,1,"Yes, I consent",3 = neither honest nor dishonest,4 = somewhat sincere,2 = somewhat unethical,2 = somewhat unlikeable,4 = somewhat approachable,2 = somewhat confident the findings are false,5 = very honest,4 = somewhat sincere,5 = very ethical,3 = neither likeable nor unlikeable,3 = neither approachable nor unapproachable,reporting researcher (S),reporting researcher (S),reported researcher (K),reporting researcher (S),reporting researcher (S),reporting researcher (S),neither reported (K) nor reporting researcher (S),reporting researcher (S),reporting researcher (S),4 = somewhat honest,4 = somewhat sincere,4 = somewhat ethical,4 = somewhat likeable,2 = somewhat unapproachable,1 = very confident the findings are false,4 = somewhat honest,3 = neither sincere nor insincere,2 = somewhat unethical,2 = somewhat unlikeable,1 = very unapproachable,reporting researcher (F),reporting researcher (F),neither reported (H) nor reporting researcher (F),reported researcher (H),neither reported (H) nor reporting researcher (F),neither reported (H) nor reporting researcher (F),reported researcher (H),reporting researcher (F),neither reported (H) nor reporting researcher (F),3 = neither honest nor dishonest,1 = very insincere,2 = somewhat unethical,1 = very unlikeable,5 = very approachable,1 = very confident the findings are false,4 = somewhat honest,1 = very insincere,1 = very unethical,4 = somewhat likeable,1 = very unapproachable,reported researcher (X),reported researcher (X),reported researcher (X),neither reported (X) nor reporting researcher (Y),neither reported (X) nor reporting researcher (Y),neither reported (X) nor reporting researcher (Y),neither reported (X) nor reporting researcher (Y),neither reported (X) nor reporting researcher (Y),reported researcher (X),Somewhat disagree,No,Black or African-American,,Man,,High School Diploma or GED,Centrist,Heterosexual/straight,,20,Protestantism (Christian),,complete,,81814,0,0,,0,
2/10/2026 13:49,2/10/2026 14:01,IP Address,100,726,TRUE,2/10/2026 14:01,R_11t5NqMl8YsNsPg,anonymous,EN,1,"Yes, I consent",2 = somewhat dishonest,2 = somewhat insincere,2 = somewhat unethical,2 = somewhat unlikeable,3 = neither approachable nor unapproachable,3 = could go either way,5 = very honest,5 = very sincere,4 = somewhat ethical,4 = somewhat likeable,3 = neither approachable nor unapproachable,neither reported (K) nor reporting researcher (S),neither reported (K) nor reporting researcher (S),neither reported (K) nor reporting researcher (S),neither reported (K) nor reporting researcher (S),neither reported (K) nor reporting researcher (S),reporting researcher (S),reporting researcher (S),reporting researcher (S),reporting researcher (S),1 = very dishonest,1 = very insincere,1 = very unethical,1 = very unlikeable,3 = neither approachable nor unapproachable,3 = could go either way,5 = very honest,5 = very sincere,4 = somewhat ethical,4 = somewhat likeable,3 = neither approachable nor unapproachable,neither reported (H) nor reporting researcher (F),reporting researcher (F),neither reported (H) nor reporting researcher (F),neither reported (H) nor reporting researcher (F),neither reported (H) nor reporting researcher (F),reporting researcher (F),reporting researcher (F),reporting researcher (F),reporting researcher (F),1 = very dishonest,1 = very insincere,1 = very unethical,1 = very unlikeable,1 = very unapproachable,1 = very confident the findings are false,5 = very honest,5 = very sincere,4 = somewhat ethical,4 = somewhat likeable,4 = somewhat approachable,reporting researcher (Y),reporting researcher (Y),neither reported (X) nor reporting researcher (Y),reporting researcher (Y),reporting researcher (Y),reporting researcher (Y),reporting researcher (Y),reporting researcher (Y),reporting researcher (Y),Somewhat disagree,No,Black or African-American,,Woman,,Some college credit or technical school degree,Liberal,Heterosexual/straight,,19,Other,Baptist,complete,,81616,0,0,,0,
2/10/2026 18:40,2/10/2026 18:48,IP Address,100,464,TRUE,2/10/2026 18:48,R_6FhePxC0pD1zP5T,anonymous,EN,0.800000012,"Yes, I consent",2 = somewhat dishonest,3 = neither sincere nor insincere,3 = neither ethical nor unethical,3 = neither likeable nor unlikeable,3 = neither approachable nor unapproachable,2 = somewhat confident the findings are false,4 = somewhat honest,4 = somewhat sincere,4 = somewhat ethical,3 = neither likeable nor unlikeable,3 = neither approachable nor unapproachable,neither reported (K) nor reporting researcher (S),reporting researcher (S),neither reported (K) nor reporting researcher (S),neither reported (K) nor reporting researcher (S),reporting researcher (S),reporting researcher (S),neither reported (K) nor reporting researcher (S),reporting researcher (S),reporting researcher (S),1 = very dishonest,2 = somewhat insincere,1 = very unethical,1 = very unlikeable,3 = neither approachable nor unapproachable,1 = very confident the findings are false,5 = very honest,5 = very sincere,3 = neither ethical nor unethical,5 = very likeable,3 = neither approachable nor unapproachable,neither reported (H) nor reporting researcher (F),reporting researcher (F),neither reported (H) nor reporting researcher (F),reporting researcher (F),reporting researcher (F),reporting researcher (F),neither reported (H) nor reporting researcher (F),reporting researcher (F),reporting researcher (F),1 = very dishonest,1 = very insincere,1 = very unethical,1 = very unlikeable,1 = very unapproachable,1 = very confident the findings are false,5 = very honest,5 = very sincere,5 = very ethical,5 = very likeable,5 = very approachable,reporting researcher (Y),reporting researcher (Y),neither reported (X) nor reporting researcher (Y),reporting researcher (Y),reporting researcher (Y),reporting researcher (Y),neither reported (X) nor reporting researcher (Y),reporting researcher (Y),reporting researcher (Y),Somewhat disagree,No,White,,Man,,Some college credit or technical school degree,Strongly Conservative,Heterosexual/straight,,19,Protestantism (Christian),,complete,,81015,0,0,,0,
2/3/2026 22:51,2/3/2026 23:51,IP Address,5,3608,FALSE,2/10/2026 22:51,R_51yqelS6s655W5x,anonymous,EN,1,"Yes, I consent",,,,,,,,,,,,,,,,,,,,,,,,,,,,,,,,,,,,,,,,,,,,,,,,,,,,,,,,,,,,,Somewhat disagree,,,,,,,,,,,,,complete,,81820,0,0,,0,
2/11/2026 8:24,2/11/2026 8:35,IP Address,100,678,TRUE,2/11/2026 8:35,R_3RdCAqBgM5z2kAn,anonymous,EN,1,"Yes, I consent",2 = somewhat dishonest,2 = somewhat insincere,2 = somewhat unethical,2 = somewhat unlikeable,2 = somewhat unapproachable,3 = could go either way,5 = very honest,5 = very sincere,5 = very ethical,5 = very likeable,4 = somewhat approachable,reporting researcher (S),reporting researcher (S),neither reported (K) nor reporting researcher (S),neither reported (K) nor reporting researcher (S),reporting researcher (S),reporting researcher (S),reporting researcher (S),reporting researcher (S),reporting researcher (S),2 = somewhat dishonest,2 = somewhat insincere,1 = very unethical,1 = very unlikeable,2 = somewhat unapproachable,1 = very confident the findings are false,5 = very honest,5 = very sincere,5 = very ethical,5 = very likeable,5 = very approachable,reporting researcher (F),reporting researcher (F),neither reported (H) nor reporting researcher (F),reporting researcher (F),reporting researcher (F),reporting researcher (F),neither reported (H) nor reporting researcher (F),reporting researcher (F),reporting researcher (F),2 = somewhat dishonest,2 = somewhat insincere,2 = somewhat unethical,2 = somewhat unlikeable,2 = somewhat unapproachable,3 = could go either way,3 = neither honest nor dishonest,3 = neither sincere nor insincere,3 = neither ethical nor unethical,3 = neither likeable nor unlikeable,3 = neither approachable nor unapproachable,reporting researcher (Y),reporting researcher (Y),neither reported (X) nor reporting researcher (Y),reporting researcher (Y),neither reported (X) nor reporting researcher (Y),reported researcher (X),reported researcher (X),reporting researcher (Y),reporting researcher (Y),Somewhat disagree,No,Other,"mixed race, black and white ",Woman,,Some college credit or technical school degree,Liberal,Heterosexual/straight,,20,Protestantism (Christian),,complete,,81826,0,0,,0,
2/11/2026 8:51,2/11/2026 8:54,IP Address,100,215,TRUE,2/11/2026 8:54,R_3ODKyDeCFBSUwFq,anonymous,EN,1,"Yes, I consent",2 = somewhat dishonest,4 = somewhat sincere,4 = somewhat ethical,2 = somewhat unlikeable,4 = somewhat approachable,2 = somewhat confident the findings are false,2 = somewhat dishonest,4 = somewhat sincere,3 = neither ethical nor unethical,2 = somewhat unlikeable,4 = somewhat approachable,reported researcher (K),reporting researcher (S),reported researcher (K),reported researcher (K),reporting researcher (S),reported researcher (K),reported researcher (K),reporting researcher (S),reporting researcher (S),1 = very dishonest,2 = somewhat insincere,4 = somewhat ethical,2 = somewhat unlikeable,4 = somewhat approachable,2 = somewhat confident the findings are false,2 = somewhat dishonest,2 = somewhat insincere,3 = neither ethical nor unethical,2 = somewhat unlikeable,4 = somewhat approachable,reporting researcher (F),reported researcher (H),reported researcher (H),reporting researcher (F),reporting researcher (F),reported researcher (H),reported researcher (H),reported researcher (H),reported researcher (H),3 = neither honest nor dishonest,3 = neither sincere nor insincere,3 = neither ethical nor unethical,3 = neither likeable nor unlikeable,3 = neither approachable nor unapproachable,3 = could go either way,4 = somewhat honest,2 = somewhat insincere,4 = somewhat ethical,2 = somewhat unlikeable,1 = very unapproachable,reporting researcher (Y),reported researcher (X),reported researcher (X),reporting researcher (Y),reported researcher (X),reported researcher (X),reporting researcher (Y),reported researcher (X),reported researcher (X),Somewhat disagree,No,White,,Woman,,High School Diploma or GED,Strongly Conservative,Heterosexual/straight,,19,Protestantism (Christian),,complete,,81486,0,0,,0,
2/11/2026 15:42,2/11/2026 15:48,IP Address,100,367,TRUE,2/11/2026 15:48,R_50f1dxscD9JmQ7H,anonymous,EN,1,"Yes, I consent",4 = somewhat honest,3 = neither sincere nor insincere,4 = somewhat ethical,3 = neither likeable nor unlikeable,3 = neither approachable nor unapproachable,4 = somewhat confident the findings are true,5 = very honest,4 = somewhat sincere,5 = very ethical,2 = somewhat unlikeable,3 = neither approachable nor unapproachable,reporting researcher (S),neither reported (K) nor reporting researcher (S),neither reported (K) nor reporting researcher (S),reporting researcher (S),reporting researcher (S),reporting researcher (S),reporting researcher (S),reporting researcher (S),reporting researcher (S),2 = somewhat dishonest,1 = very insincere,2 = somewhat unethical,3 = neither likeable nor unlikeable,3 = neither approachable nor unapproachable,3 = could go either way,5 = very honest,3 = neither sincere nor insincere,5 = very ethical,3 = neither likeable nor unlikeable,3 = neither approachable nor unapproachable,neither reported (H) nor reporting researcher (F),reporting researcher (F),reporting researcher (F),reporting researcher (F),reporting researcher (F),neither reported (H) nor reporting researcher (F),reporting researcher (F),reporting researcher (F),reporting researcher (F),1 = very dishonest,1 = very insincere,1 = very unethical,1 = very unlikeable,3 = neither approachable nor unapproachable,1 = very confident the findings are false,5 = very honest,5 = very sincere,5 = very ethical,4 = somewhat likeable,3 = neither approachable nor unapproachable,reporting researcher (Y),reporting researcher (Y),reporting researcher (Y),reporting researcher (Y),reporting researcher (Y),reporting researcher (Y),reporting researcher (Y),reporting researcher (Y),reporting researcher (Y),Somewhat disagree,No,White,,Man,,High School Diploma or GED,Conservative,Heterosexual/straight,,21,Catholicism,,complete,,81741,0,0,,0,
2/11/2026 15:45,2/11/2026 16:00,IP Address,100,912,TRUE,2/11/2026 16:00,R_6l6OvqXHZaiGMNR,anonymous,EN,1,"Yes, I consent",3 = neither honest nor dishonest,3 = neither sincere nor insincere,3 = neither ethical nor unethical,3 = neither likeable nor unlikeable,3 = neither approachable nor unapproachable,3 = could go either way,3 = neither honest nor dishonest,3 = neither sincere nor insincere,3 = neither ethical nor unethical,3 = neither likeable nor unlikeable,3 = neither approachable nor unapproachable,neither reported (K) nor reporting researcher (S),neither reported (K) nor reporting researcher (S),reported researcher (K),neither reported (K) nor reporting researcher (S),reported researcher (K),neither reported (K) nor reporting researcher (S),reported researcher (K),neither reported (K) nor reporting researcher (S),neither reported (K) nor reporting researcher (S),3 = neither honest nor dishonest,3 = neither sincere nor insincere,3 = neither ethical nor unethical,3 = neither likeable nor unlikeable,3 = neither approachable nor unapproachable,3 = could go either way,3 = neither honest nor dishonest,3 = neither sincere nor insincere,3 = neither ethical nor unethical,3 = neither likeable nor unlikeable,3 = neither approachable nor unapproachable,neither reported (H) nor reporting researcher (F),neither reported (H) nor reporting researcher (F),reporting researcher (F),neither reported (H) nor reporting researcher (F),reported researcher (H),neither reported (H) nor reporting researcher (F),reported researcher (H),neither reported (H) nor reporting researcher (F),neither reported (H) nor reporting researcher (F),1 = very dishonest,3 = neither sincere nor insincere,3 = neither ethical nor unethical,3 = neither likeable nor unlikeable,3 = neither approachable nor unapproachable,3 = could go either way,4 = somewhat honest,3 = neither sincere nor insincere,3 = neither ethical nor unethical,3 = neither likeable nor unlikeable,3 = neither approachable nor unapproachable,neither reported (X) nor reporting researcher (Y),reporting researcher (Y),reported researcher (X),neither reported (X) nor reporting researcher (Y),reporting researcher (Y),neither reported (X) nor reporting researcher (Y),reported researcher (X),neither reported (X) nor reporting researcher (Y),neither reported (X) nor reporting researcher (Y),Somewhat disagree,No,White,,Woman,,High School Diploma or GED,Conservative,Heterosexual/straight,,19,Protestantism (Christian),,complete,,81397,0,0,,0,
2/11/2026 19:54,2/11/2026 20:02,IP Address,100,458,TRUE,2/11/2026 20:02,R_1OPQVcsy1D6qSNy,anonymous,EN,0.8999999761581421,"Yes, I consent",2 = somewhat dishonest,2 = somewhat insincere,2 = somewhat unethical,2 = somewhat unlikeable,2 = somewhat unapproachable,2 = somewhat confident the findings are false,4 = somewhat honest,4 = somewhat sincere,4 = somewhat ethical,4 = somewhat likeable,4 = somewhat approachable,reporting researcher (S),reporting researcher (S),reporting researcher (S),reporting researcher (S),reporting researcher (S),reporting researcher (S),neither reported (K) nor reporting researcher (S),reporting researcher (S),reporting researcher (S),2 = somewhat dishonest,2 = somewhat insincere,2 = somewhat unethical,2 = somewhat unlikeable,2 = somewhat unapproachable,2 = somewhat confident the findings are false,4 = somewhat honest,4 = somewhat sincere,4 = somewhat ethical,4 = somewhat likeable,4 = somewhat approachable,reporting researcher (F),reporting researcher (F),reporting researcher (F),reporting researcher (F),reporting researcher (F),reporting researcher (F),neither reported (H) nor reporting researcher (F),reporting researcher (F),reporting researcher (F),2 = somewhat dishonest,2 = somewhat insincere,2 = somewhat unethical,2 = somewhat unlikeable,2 = somewhat unapproachable,2 = somewhat confident the findings are false,4 = somewhat honest,4 = somewhat sincere,4 = somewhat ethical,4 = somewhat likeable,4 = somewhat approachable,reporting researcher (Y),reporting researcher (Y),reporting researcher (Y),reporting researcher (Y),reporting researcher (Y),reporting researcher (Y),reported researcher (X),reporting researcher (Y),reporting researcher (Y),Somewhat disagree,No,White,,Woman,,Some college credit or technical school degree,Conservative,Heterosexual/straight,,19,Catholicism,,complete,,81588,0,0,,0,
2/12/2026 9:12,2/12/2026 9:53,IP Address,100,2418,TRUE,2/12/2026 9:53,R_1USRMwQe4NcLKE1,anonymous,EN,1,"Yes, I consent",2 = somewhat dishonest,4 = somewhat sincere,2 = somewhat unethical,2 = somewhat unlikeable,2 = somewhat unapproachable,4 = somewhat confident the findings are true,3 = neither honest nor dishonest,4 = somewhat sincere,3 = neither ethical nor unethical,3 = neither likeable nor unlikeable,2 = somewhat unapproachable,reported researcher (K),reported researcher (K),reported researcher (K),reported researcher (K),reported researcher (K),reported researcher (K),reported researcher (K),reporting researcher (S),reported researcher (K),2 = somewhat dishonest,2 = somewhat insincere,1 = very unethical,2 = somewhat unlikeable,2 = somewhat unapproachable,2 = somewhat confident the findings are false,3 = neither honest nor dishonest,3 = neither sincere nor insincere,3 = neither ethical nor unethical,3 = neither likeable nor unlikeable,3 = neither approachable nor unapproachable,reported researcher (H),reporting researcher (F),reported researcher (H),neither reported (H) nor reporting researcher (F),reporting researcher (F),reported researcher (H),reported researcher (H),reporting researcher (F),neither reported (H) nor reporting researcher (F),1 = very dishonest,1 = very insincere,1 = very unethical,2 = somewhat unlikeable,2 = somewhat unapproachable,1 = very confident the findings are false,3 = neither honest nor dishonest,3 = neither sincere nor insincere,3 = neither ethical nor unethical,3 = neither likeable nor unlikeable,3 = neither approachable nor unapproachable,neither reported (X) nor reporting researcher (Y),reporting researcher (Y),reported researcher (X),neither reported (X) nor reporting researcher (Y),neither reported (X) nor reporting researcher (Y),reporting researcher (Y),reporting researcher (Y),reporting researcher (Y),reporting researcher (Y),Somewhat disagree,No,White,,Woman,,High School Diploma or GED,Lean Conservative,Heterosexual/straight,,18,Catholicism,,complete,,81565,0,0,,0,
2/12/2026 10:10,2/12/2026 10:20,IP Address,100,600,TRUE,2/12/2026 10:20,R_3dRkvx8FspCW6Mo,anonymous,EN,1,"Yes, I consent",2 = somewhat dishonest,3 = neither sincere nor insincere,3 = neither ethical nor unethical,3 = neither likeable nor unlikeable,3 = neither approachable nor unapproachable,3 = could go either way,4 = somewhat honest,4 = somewhat sincere,4 = somewhat ethical,4 = somewhat likeable,4 = somewhat approachable,neither reported (K) nor reporting researcher (S),neither reported (K) nor reporting researcher (S),neither reported (K) nor reporting researcher (S),neither reported (K) nor reporting researcher (S),neither reported (K) nor reporting researcher (S),neither reported (K) nor reporting researcher (S),neither reported (K) nor reporting researcher (S),neither reported (K) nor reporting researcher (S),neither reported (K) nor reporting researcher (S),1 = very dishonest,1 = very insincere,1 = very unethical,1 = very unlikeable,1 = very unapproachable,1 = very confident the findings are false,5 = very honest,5 = very sincere,5 = very ethical,5 = very likeable,5 = very approachable,neither reported (H) nor reporting researcher (F),reporting researcher (F),neither reported (H) nor reporting researcher (F),reporting researcher (F),reporting researcher (F),reporting researcher (F),neither reported (H) nor reporting researcher (F),reporting researcher (F),reporting researcher (F),1 = very dishonest,1 = very insincere,1 = very unethical,1 = very unlikeable,1 = very unapproachable,1 = very confident the findings are false,5 = very honest,5 = very sincere,5 = very ethical,5 = very likeable,5 = very approachable,reporting researcher (Y),reporting researcher (Y),reporting researcher (Y),reporting researcher (Y),reporting researcher (Y),reporting researcher (Y),reporting researcher (Y),reporting researcher (Y),reporting researcher (Y),Somewhat disagree,No,White,,Man,,Some college credit or technical school degree,Centrist,Heterosexual/straight,,21,Catholicism,,complete,,80985,0,0,,0,
2/12/2026 11:53,2/12/2026 12:09,IP Address,100,1009,TRUE,2/12/2026 12:09,R_3EZs2s7MlhPA1hr,anonymous,EN,1,"Yes, I consent",4 = somewhat honest,4 = somewhat sincere,4 = somewhat ethical,4 = somewhat likeable,5 = very approachable,4 = somewhat confident the findings are true,3 = neither honest nor dishonest,2 = somewhat insincere,2 = somewhat unethical,2 = somewhat unlikeable,2 = somewhat unapproachable,reported researcher (K),reported researcher (K),reported researcher (K),reported researcher (K),neither reported (K) nor reporting researcher (S),reported researcher (K),reporting researcher (S),reported researcher (K),reported researcher (K),1 = very dishonest,1 = very insincere,1 = very unethical,1 = very unlikeable,2 = somewhat unapproachable,2 = somewhat confident the findings are false,4 = somewhat honest,3 = neither sincere nor insincere,4 = somewhat ethical,2 = somewhat unlikeable,2 = somewhat unapproachable,reporting researcher (F),neither reported (H) nor reporting researcher (F),reported researcher (H),neither reported (H) nor reporting researcher (F),reporting researcher (F),reporting researcher (F),reported researcher (H),neither reported (H) nor reporting researcher (F),neither reported (H) nor reporting researcher (F),1 = very dishonest,1 = very insincere,1 = very unethical,1 = very unlikeable,1 = very unapproachable,1 = very confident the findings are false,5 = very honest,2 = somewhat insincere,4 = somewhat ethical,3 = neither likeable nor unlikeable,3 = neither approachable nor unapproachable,reporting researcher (Y),reporting researcher (Y),reported researcher (X),neither reported (X) nor reporting researcher (Y),reporting researcher (Y),reporting researcher (Y),reported researcher (X),reporting researcher (Y),reporting researcher (Y),Somewhat disagree,No,White,,Woman,,Some college credit or technical school degree,Lean Liberal,Heterosexual/straight,,19,Protestantism (Christian),,complete,,81356,0,0,,0,
2/12/2026 13:34,2/12/2026 13:43,IP Address,100,583,TRUE,2/12/2026 13:43,R_1f88VuMyzQcOXJH,anonymous,EN,1,"Yes, I consent",2 = somewhat dishonest,4 = somewhat sincere,2 = somewhat unethical,4 = somewhat likeable,4 = somewhat approachable,2 = somewhat confident the findings are false,4 = somewhat honest,4 = somewhat sincere,4 = somewhat ethical,2 = somewhat unlikeable,2 = somewhat unapproachable,neither reported (K) nor reporting researcher (S),reporting researcher (S),neither reported (K) nor reporting researcher (S),reported researcher (K),neither reported (K) nor reporting researcher (S),reporting researcher (S),reported researcher (K),reported researcher (K),reported researcher (K),1 = very dishonest,2 = somewhat insincere,1 = very unethical,2 = somewhat unlikeable,3 = neither approachable nor unapproachable,1 = very confident the findings are false,5 = very honest,5 = very sincere,5 = very ethical,5 = very likeable,4 = somewhat approachable,reporting researcher (F),reporting researcher (F),neither reported (H) nor reporting researcher (F),reporting researcher (F),reporting researcher (F),reporting researcher (F),reported researcher (H),reporting researcher (F),reporting researcher (F),1 = very dishonest,1 = very insincere,1 = very unethical,1 = very unlikeable,2 = somewhat unapproachable,1 = very confident the findings are false,5 = very honest,5 = very sincere,5 = very ethical,4 = somewhat likeable,4 = somewhat approachable,reporting researcher (Y),reporting researcher (Y),neither reported (X) nor reporting researcher (Y),reporting researcher (Y),reporting researcher (Y),reporting researcher (Y),neither reported (X) nor reporting researcher (Y),reporting researcher (Y),reporting researcher (Y),Somewhat disagree,No,White,,Woman,,Some college credit or technical school degree,Lean Conservative,Heterosexual/straight,,18,Other,unsure,complete,,81406,0,0,,0,
2/12/2026 17:36,2/12/2026 17:46,IP Address,100,574,TRUE,2/12/2026 17:46,R_7FaIOQDBCRnyB5t,anonymous,EN,1,"Yes, I consent",2 = somewhat dishonest,2 = somewhat insincere,1 = very unethical,2 = somewhat unlikeable,2 = somewhat unapproachable,2 = somewhat confident the findings are false,5 = very honest,5 = very sincere,5 = very ethical,5 = very likeable,5 = very approachable,reporting researcher (S),reporting researcher (S),reporting researcher (S),reporting researcher (S),reporting researcher (S),reporting researcher (S),reporting researcher (S),reporting researcher (S),reporting researcher (S),1 = very dishonest,1 = very insincere,1 = very unethical,1 = very unlikeable,1 = very unapproachable,1 = very confident the findings are false,5 = very honest,5 = very sincere,5 = very ethical,5 = very likeable,5 = very approachable,reporting researcher (F),reporting researcher (F),neither reported (H) nor reporting researcher (F),reporting researcher (F),reporting researcher (F),reporting researcher (F),reporting researcher (F),reporting researcher (F),reporting researcher (F),1 = very dishonest,1 = very insincere,1 = very unethical,1 = very unlikeable,1 = very unapproachable,2 = somewhat confident the findings are false,5 = very honest,4 = somewhat sincere,5 = very ethical,4 = somewhat likeable,5 = very approachable,reporting researcher (Y),reporting researcher (Y),reported researcher (X),reporting researcher (Y),reporting researcher (Y),reporting researcher (Y),reporting researcher (Y),reporting researcher (Y),reporting researcher (Y),Somewhat disagree,No,Other,African-American and White,Woman,,Some college credit or technical school degree,Strongly Liberal,Prefer not to say,,18,Not Affiliated,,complete,,81238,0,0,,0,
2/12/2026 20:44,2/12/2026 20:51,IP Address,100,388,TRUE,2/12/2026 20:51,R_55tpdtF3GmIEUB0,anonymous,EN,1,"Yes, I consent",3 = neither honest nor dishonest,3 = neither sincere nor insincere,3 = neither ethical nor unethical,3 = neither likeable nor unlikeable,3 = neither approachable nor unapproachable,3 = could go either way,3 = neither honest nor dishonest,3 = neither sincere nor insincere,3 = neither ethical nor unethical,3 = neither likeable nor unlikeable,3 = neither approachable nor unapproachable,neither reported (K) nor reporting researcher (S),neither reported (K) nor reporting researcher (S),neither reported (K) nor reporting researcher (S),neither reported (K) nor reporting researcher (S),neither reported (K) nor reporting researcher (S),neither reported (K) nor reporting researcher (S),neither reported (K) nor reporting researcher (S),neither reported (K) nor reporting researcher (S),neither reported (K) nor reporting researcher (S),3 = neither honest nor dishonest,3 = neither sincere nor insincere,3 = neither ethical nor unethical,3 = neither likeable nor unlikeable,3 = neither approachable nor unapproachable,3 = could go either way,3 = neither honest nor dishonest,3 = neither sincere nor insincere,3 = neither ethical nor unethical,3 = neither likeable nor unlikeable,3 = neither approachable nor unapproachable,neither reported (H) nor reporting researcher (F),neither reported (H) nor reporting researcher (F),neither reported (H) nor reporting researcher (F),neither reported (H) nor reporting researcher (F),neither reported (H) nor reporting researcher (F),neither reported (H) nor reporting researcher (F),neither reported (H) nor reporting researcher (F),neither reported (H) nor reporting researcher (F),neither reported (H) nor reporting researcher (F),3 = neither honest nor dishonest,3 = neither sincere nor insincere,3 = neither ethical nor unethical,3 = neither likeable nor unlikeable,3 = neither approachable nor unapproachable,3 = could go either way,3 = neither honest nor dishonest,3 = neither sincere nor insincere,3 = neither ethical nor unethical,3 = neither likeable nor unlikeable,3 = neither approachable nor unapproachable,neither reported (X) nor reporting researcher (Y),neither reported (X) nor reporting researcher (Y),neither reported (X) nor reporting researcher (Y),neither reported (X) nor reporting researcher (Y),neither reported (X) nor reporting researcher (Y),neither reported (X) nor reporting researcher (Y),neither reported (X) nor reporting researcher (Y),neither reported (X) nor reporting researcher (Y),neither reported (X) nor reporting researcher (Y),Somewhat disagree,No,Black or African-American,,Woman,,High School Diploma or GED,Strongly Liberal,Heterosexual/straight,,18,Protestantism (Christian),,complete,,81203,0,0,,0,
2/13/2026 7:14,2/13/2026 7:22,IP Address,100,436,TRUE,2/13/2026 7:22,R_3fZ643V4K3jBdyM,anonymous,EN,0.800000012,"Yes, I consent",4 = somewhat honest,4 = somewhat sincere,3 = neither ethical nor unethical,3 = neither likeable nor unlikeable,3 = neither approachable nor unapproachable,4 = somewhat confident the findings are true,4 = somewhat honest,4 = somewhat sincere,4 = somewhat ethical,2 = somewhat unlikeable,3 = neither approachable nor unapproachable,neither reported (K) nor reporting researcher (S),reporting researcher (S),reported researcher (K),neither reported (K) nor reporting researcher (S),reporting researcher (S),reporting researcher (S),reported researcher (K),neither reported (K) nor reporting researcher (S),reporting researcher (S),1 = very dishonest,1 = very insincere,1 = very unethical,1 = very unlikeable,2 = somewhat unapproachable,1 = very confident the findings are false,5 = very honest,5 = very sincere,4 = somewhat ethical,3 = neither likeable nor unlikeable,3 = neither approachable nor unapproachable,reporting researcher (F),reporting researcher (F),neither reported (H) nor reporting researcher (F),reporting researcher (F),reporting researcher (F),reporting researcher (F),neither reported (H) nor reporting researcher (F),reporting researcher (F),reporting researcher (F),1 = very dishonest,1 = very insincere,1 = very unethical,1 = very unlikeable,2 = somewhat unapproachable,1 = very confident the findings are false,5 = very honest,4 = somewhat sincere,4 = somewhat ethical,3 = neither likeable nor unlikeable,4 = somewhat approachable,reporting researcher (Y),reporting researcher (Y),neither reported (X) nor reporting researcher (Y),reporting researcher (Y),reporting researcher (Y),reporting researcher (Y),neither reported (X) nor reporting researcher (Y),reporting researcher (Y),reporting researcher (Y),Somewhat disagree,No,White,,Man,,High School Diploma or GED,Centrist,Heterosexual/straight,,19,Catholicism,,complete,,81131,0,0,,0,
2/13/2026 8:22,2/13/2026 8:30,IP Address,100,512,TRUE,2/13/2026 8:30,R_7ogZgTd360bxD5n,anonymous,EN,1,"Yes, I consent",3 = neither honest nor dishonest,3 = neither sincere nor insincere,3 = neither ethical nor unethical,3 = neither likeable nor unlikeable,4 = somewhat approachable,3 = could go either way,4 = somewhat honest,3 = neither sincere nor insincere,3 = neither ethical nor unethical,4 = somewhat likeable,4 = somewhat approachable,neither reported (K) nor reporting researcher (S),neither reported (K) nor reporting researcher (S),neither reported (K) nor reporting researcher (S),neither reported (K) nor reporting researcher (S),neither reported (K) nor reporting researcher (S),reporting researcher (S),reported researcher (K),neither reported (K) nor reporting researcher (S),neither reported (K) nor reporting researcher (S),2 = somewhat dishonest,2 = somewhat insincere,2 = somewhat unethical,3 = neither likeable nor unlikeable,3 = neither approachable nor unapproachable,3 = could go either way,4 = somewhat honest,4 = somewhat sincere,3 = neither ethical nor unethical,3 = neither likeable nor unlikeable,4 = somewhat approachable,neither reported (H) nor reporting researcher (F),neither reported (H) nor reporting researcher (F),neither reported (H) nor reporting researcher (F),reporting researcher (F),neither reported (H) nor reporting researcher (F),reporting researcher (F),reporting researcher (F),reporting researcher (F),reporting researcher (F),1 = very dishonest,2 = somewhat insincere,2 = somewhat unethical,2 = somewhat unlikeable,2 = somewhat unapproachable,3 = could go either way,4 = somewhat honest,4 = somewhat sincere,4 = somewhat ethical,4 = somewhat likeable,4 = somewhat approachable,neither reported (X) nor reporting researcher (Y),neither reported (X) nor reporting researcher (Y),neither reported (X) nor reporting researcher (Y),reporting researcher (Y),neither reported (X) nor reporting researcher (Y),reporting researcher (Y),neither reported (X) nor reporting researcher (Y),reporting researcher (Y),reporting researcher (Y),Somewhat disagree,No,White,,Woman,,High School Diploma or GED,Conservative,Heterosexual/straight,,18,Other,presbyterian,complete,,81676,0,0,,0,
2/13/2026 10:14,2/13/2026 10:22,IP Address,100,484,TRUE,2/13/2026 10:22,R_7j3k425qFBY1CUh,anonymous,EN,1,"Yes, I consent",4 = somewhat honest,2 = somewhat insincere,4 = somewhat ethical,2 = somewhat unlikeable,2 = somewhat unapproachable,3 = could go either way,5 = very honest,4 = somewhat sincere,4 = somewhat ethical,3 = neither likeable nor unlikeable,4 = somewhat approachable,reporting researcher (S),reporting researcher (S),reported researcher (K),reporting researcher (S),reporting researcher (S),reporting researcher (S),reported researcher (K),reporting researcher (S),reporting researcher (S),2 = somewhat dishonest,2 = somewhat insincere,1 = very unethical,2 = somewhat unlikeable,2 = somewhat unapproachable,1 = very confident the findings are false,5 = very honest,4 = somewhat sincere,5 = very ethical,4 = somewhat likeable,4 = somewhat approachable,reporting researcher (F),reporting researcher (F),neither reported (H) nor reporting researcher (F),reporting researcher (F),reporting researcher (F),reporting researcher (F),neither reported (H) nor reporting researcher (F),reporting researcher (F),reporting researcher (F),1 = very dishonest,1 = very insincere,1 = very unethical,1 = very unlikeable,2 = somewhat unapproachable,1 = very confident the findings are false,5 = very honest,5 = very sincere,5 = very ethical,5 = very likeable,4 = somewhat approachable,reporting researcher (Y),reporting researcher (Y),neither reported (X) nor reporting researcher (Y),reporting researcher (Y),reporting researcher (Y),reporting researcher (Y),reporting researcher (Y),reporting researcher (Y),reporting researcher (Y),Somewhat disagree,No,White,,Woman,,Some college credit or technical school degree,Conservative,Heterosexual/straight,,19,Protestantism (Christian),,complete,,81005,0,0,,0,
2/13/2026 11:58,2/13/2026 12:03,IP Address,100,287,TRUE,2/13/2026 12:03,R_7PsyIcC6wWWcv0l,anonymous,EN,1,"Yes, I consent",3 = neither honest nor dishonest,3 = neither sincere nor insincere,3 = neither ethical nor unethical,3 = neither likeable nor unlikeable,3 = neither approachable nor unapproachable,3 = could go either way,3 = neither honest nor dishonest,3 = neither sincere nor insincere,3 = neither ethical nor unethical,3 = neither likeable nor unlikeable,3 = neither approachable nor unapproachable,neither reported (K) nor reporting researcher (S),neither reported (K) nor reporting researcher (S),neither reported (K) nor reporting researcher (S),neither reported (K) nor reporting researcher (S),neither reported (K) nor reporting researcher (S),neither reported (K) nor reporting researcher (S),neither reported (K) nor reporting researcher (S),neither reported (K) nor reporting researcher (S),reported researcher (K),4 = somewhat honest,3 = neither sincere nor insincere,2 = somewhat unethical,2 = somewhat unlikeable,4 = somewhat approachable,1 = very confident the findings are false,4 = somewhat honest,3 = neither sincere nor insincere,1 = very unethical,5 = very likeable,1 = very unapproachable,reported researcher (H),neither reported (H) nor reporting researcher (F),reporting researcher (F),reporting researcher (F),neither reported (H) nor reporting researcher (F),reported researcher (H),reported researcher (H),reported researcher (H),neither reported (H) nor reporting researcher (F),3 = neither honest nor dishonest,1 = very insincere,2 = somewhat unethical,3 = neither likeable nor unlikeable,2 = somewhat unapproachable,1 = very confident the findings are false,1 = very dishonest,2 = somewhat insincere,2 = somewhat unethical,3 = neither likeable nor unlikeable,1 = very unapproachable,reported researcher (X),reported researcher (X),neither reported (X) nor reporting researcher (Y),neither reported (X) nor reporting researcher (Y),neither reported (X) nor reporting researcher (Y),neither reported (X) nor reporting researcher (Y),neither reported (X) nor reporting researcher (Y),reporting researcher (Y),reported researcher (X),Somewhat disagree,No,White,,Woman,,High School Diploma or GED,Lean Conservative,Heterosexual/straight,,19,Catholicism,,complete,,81439,0,0,,0,
2/13/2026 15:21,2/13/2026 15:28,IP Address,100,463,TRUE,2/13/2026 15:28,R_5tsvsxLQmfrzcGQ,anonymous,EN,1,"Yes, I consent",4 = somewhat honest,3 = neither sincere nor insincere,4 = somewhat ethical,4 = somewhat likeable,3 = neither approachable nor unapproachable,3 = could go either way,2 = somewhat dishonest,2 = somewhat insincere,2 = somewhat unethical,1 = very unlikeable,3 = neither approachable nor unapproachable,reported researcher (K),reported researcher (K),reported researcher (K),reported researcher (K),neither reported (K) nor reporting researcher (S),neither reported (K) nor reporting researcher (S),reported researcher (K),reported researcher (K),reported researcher (K),3 = neither honest nor dishonest,3 = neither sincere nor insincere,3 = neither ethical nor unethical,3 = neither likeable nor unlikeable,3 = neither approachable nor unapproachable,3 = could go either way,3 = neither honest nor dishonest,3 = neither sincere nor insincere,3 = neither ethical nor unethical,3 = neither likeable nor unlikeable,3 = neither approachable nor unapproachable,neither reported (H) nor reporting researcher (F),neither reported (H) nor reporting researcher (F),neither reported (H) nor reporting researcher (F),neither reported (H) nor reporting researcher (F),neither reported (H) nor reporting researcher (F),neither reported (H) nor reporting researcher (F),neither reported (H) nor reporting researcher (F),neither reported (H) nor reporting researcher (F),neither reported (H) nor reporting researcher (F),3 = neither honest nor dishonest,3 = neither sincere nor insincere,3 = neither ethical nor unethical,3 = neither likeable nor unlikeable,3 = neither approachable nor unapproachable,3 = could go either way,3 = neither honest nor dishonest,3 = neither sincere nor insincere,3 = neither ethical nor unethical,3 = neither likeable nor unlikeable,3 = neither approachable nor unapproachable,neither reported (X) nor reporting researcher (Y),neither reported (X) nor reporting researcher (Y),neither reported (X) nor reporting researcher (Y),neither reported (X) nor reporting researcher (Y),neither reported (X) nor reporting researcher (Y),neither reported (X) nor reporting researcher (Y),neither reported (X) nor reporting researcher (Y),neither reported (X) nor reporting researcher (Y),neither reported (X) nor reporting researcher (Y),Somewhat disagree,No,White,,Woman,,High School Diploma or GED,Conservative,Heterosexual/straight,,18,Protestantism (Christian),,complete,,81537,0,0,,0,
2/13/2026 20:13,2/13/2026 20:36,IP Address,100,1408,TRUE,2/13/2026 20:36,R_5JrAANZ46KmVIM7,anonymous,EN,1,"Yes, I consent",4 = somewhat honest,4 = somewhat sincere,4 = somewhat ethical,4 = somewhat likeable,4 = somewhat approachable,4 = somewhat confident the findings are true,5 = very honest,5 = very sincere,5 = very ethical,5 = very likeable,5 = very approachable,reporting researcher (S),reporting researcher (S),reporting researcher (S),reporting researcher (S),reporting researcher (S),reporting researcher (S),reporting researcher (S),reporting researcher (S),reporting researcher (S),2 = somewhat dishonest,2 = somewhat insincere,2 = somewhat unethical,2 = somewhat unlikeable,2 = somewhat unapproachable,3 = could go either way,4 = somewhat honest,4 = somewhat sincere,4 = somewhat ethical,4 = somewhat likeable,4 = somewhat approachable,reporting researcher (F),reporting researcher (F),reporting researcher (F),reporting researcher (F),reporting researcher (F),reporting researcher (F),reporting researcher (F),reporting researcher (F),reporting researcher (F),1 = very dishonest,1 = very insincere,1 = very unethical,3 = neither likeable nor unlikeable,3 = neither approachable nor unapproachable,2 = somewhat confident the findings are false,5 = very honest,5 = very sincere,5 = very ethical,5 = very likeable,5 = very approachable,reporting researcher (Y),reporting researcher (Y),reporting researcher (Y),reporting researcher (Y),reporting researcher (Y),reporting researcher (Y),reporting researcher (Y),reporting researcher (Y),reporting researcher (Y),Somewhat disagree,No,Black or African-American,,Woman,,High School Diploma or GED,Centrist,Heterosexual/straight,,19,Other,,complete,,81549,0,0,,0.014084507042253521,QID81
2/13/2026 21:00,2/13/2026 21:04,IP Address,100,257,TRUE,2/13/2026 21:04,R_7e2jzZQKOSQTZ7c,anonymous,EN,1,"Yes, I consent",3 = neither honest nor dishonest,3 = neither sincere nor insincere,3 = neither ethical nor unethical,3 = neither likeable nor unlikeable,3 = neither approachable nor unapproachable,3 = could go either way,5 = very honest,5 = very sincere,5 = very ethical,5 = very likeable,5 = very approachable,neither reported (K) nor reporting researcher (S),neither reported (K) nor reporting researcher (S),neither reported (K) nor reporting researcher (S),neither reported (K) nor reporting researcher (S),neither reported (K) nor reporting researcher (S),neither reported (K) nor reporting researcher (S),neither reported (K) nor reporting researcher (S),neither reported (K) nor reporting researcher (S),neither reported (K) nor reporting researcher (S),1 = very dishonest,1 = very insincere,1 = very unethical,1 = very unlikeable,1 = very unapproachable,1 = very confident the findings are false,5 = very honest,5 = very sincere,5 = very ethical,5 = very likeable,5 = very approachable,reporting researcher (F),reporting researcher (F),reporting researcher (F),reporting researcher (F),reporting researcher (F),reporting researcher (F),reporting researcher (F),reporting researcher (F),reporting researcher (F),1 = very dishonest,1 = very insincere,1 = very unethical,1 = very unlikeable,1 = very unapproachable,1 = very confident the findings are false,5 = very honest,5 = very sincere,5 = very ethical,5 = very likeable,5 = very approachable,reporting researcher (Y),reporting researcher (Y),reporting researcher (Y),reporting researcher (Y),reporting researcher (Y),reporting researcher (Y),reporting researcher (Y),reporting researcher (Y),reporting researcher (Y),Somewhat disagree,Yes,White,,Woman,,Some college credit or technical school degree,Centrist,Heterosexual/straight,,21,Catholicism,,complete,,80971,0,0,,0,
2/15/2026 10:07,2/15/2026 10:13,IP Address,100,360,TRUE,2/15/2026 10:13,R_7dbZNRKn7l9eTAZ,anonymous,EN,1,"Yes, I consent",3 = neither honest nor dishonest,4 = somewhat sincere,3 = neither ethical nor unethical,3 = neither likeable nor unlikeable,4 = somewhat approachable,4 = somewhat confident the findings are true,4 = somewhat honest,4 = somewhat sincere,4 = somewhat ethical,3 = neither likeable nor unlikeable,4 = somewhat approachable,reporting researcher (S),reporting researcher (S),reported researcher (K),neither reported (K) nor reporting researcher (S),reporting researcher (S),reporting researcher (S),reporting researcher (S),reporting researcher (S),reporting researcher (S),1 = very dishonest,2 = somewhat insincere,2 = somewhat unethical,2 = somewhat unlikeable,2 = somewhat unapproachable,2 = somewhat confident the findings are false,5 = very honest,4 = somewhat sincere,4 = somewhat ethical,4 = somewhat likeable,4 = somewhat approachable,reporting researcher (F),reporting researcher (F),reported researcher (H),neither reported (H) nor reporting researcher (F),reporting researcher (F),reporting researcher (F),reporting researcher (F),reporting researcher (F),reporting researcher (F),1 = very dishonest,1 = very insincere,1 = very unethical,2 = somewhat unlikeable,3 = neither approachable nor unapproachable,1 = very confident the findings are false,5 = very honest,4 = somewhat sincere,4 = somewhat ethical,4 = somewhat likeable,3 = neither approachable nor unapproachable,reporting researcher (Y),reporting researcher (Y),reported researcher (X),neither reported (X) nor reporting researcher (Y),reporting researcher (Y),reporting researcher (Y),reporting researcher (Y),reporting researcher (Y),reporting researcher (Y),Somewhat disagree,No,White,,Woman,,Associate’s Degree,Strongly Liberal,Heterosexual/straight,,19,Protestantism (Christian),,complete,,81359,0,0,,0,
2/15/2026 15:51,2/15/2026 15:58,IP Address,100,432,TRUE,2/15/2026 15:58,R_7Rz5LOuUFuV0Pbb,anonymous,EN,1,"Yes, I consent",2 = somewhat dishonest,2 = somewhat insincere,2 = somewhat unethical,3 = neither likeable nor unlikeable,4 = somewhat approachable,2 = somewhat confident the findings are false,5 = very honest,5 = very sincere,5 = very ethical,5 = very likeable,4 = somewhat approachable,reporting researcher (S),reporting researcher (S),reported researcher (K),reporting researcher (S),reporting researcher (S),reporting researcher (S),reporting researcher (S),reporting researcher (S),reporting researcher (S),1 = very dishonest,1 = very insincere,1 = very unethical,2 = somewhat unlikeable,3 = neither approachable nor unapproachable,2 = somewhat confident the findings are false,4 = somewhat honest,5 = very sincere,5 = very ethical,4 = somewhat likeable,2 = somewhat unapproachable,reporting researcher (F),reporting researcher (F),reported researcher (H),reporting researcher (F),reporting researcher (F),reporting researcher (F),reporting researcher (F),reporting researcher (F),reporting researcher (F),1 = very dishonest,1 = very insincere,1 = very unethical,1 = very unlikeable,2 = somewhat unapproachable,1 = very confident the findings are false,5 = very honest,5 = very sincere,5 = very ethical,5 = very likeable,4 = somewhat approachable,reporting researcher (Y),reporting researcher (Y),neither reported (X) nor reporting researcher (Y),reporting researcher (Y),reporting researcher (Y),reporting researcher (Y),reporting researcher (Y),reporting researcher (Y),reporting researcher (Y),Somewhat disagree,Yes,White,,Woman,,Some college credit or technical school degree,Lean Conservative,Heterosexual/straight,,20,Catholicism,,complete,,81532,0,0,,0,
2/15/2026 17:28,2/15/2026 17:38,IP Address,100,599,TRUE,2/15/2026 17:38,R_6qkpQ7q2CLdoskq,anonymous,EN,1,"Yes, I consent",5 = very honest,3 = neither sincere nor insincere,3 = neither ethical nor unethical,3 = neither likeable nor unlikeable,3 = neither approachable nor unapproachable,3 = could go either way,5 = very honest,5 = very sincere,5 = very ethical,4 = somewhat likeable,5 = very approachable,reporting researcher (S),reporting researcher (S),reported researcher (K),reported researcher (K),reporting researcher (S),reporting researcher (S),reported researcher (K),reporting researcher (S),reporting researcher (S),1 = very dishonest,2 = somewhat insincere,1 = very unethical,2 = somewhat unlikeable,2 = somewhat unapproachable,1 = very confident the findings are false,5 = very honest,5 = very sincere,5 = very ethical,5 = very likeable,5 = very approachable,reporting researcher (F),reporting researcher (F),reporting researcher (F),reporting researcher (F),reporting researcher (F),reporting researcher (F),reporting researcher (F),reporting researcher (F),reporting researcher (F),1 = very dishonest,1 = very insincere,1 = very unethical,1 = very unlikeable,1 = very unapproachable,1 = very confident the findings are false,5 = very honest,5 = very sincere,5 = very ethical,5 = very likeable,5 = very approachable,reporting researcher (Y),reporting researcher (Y),reporting researcher (Y),reporting researcher (Y),reporting researcher (Y),reporting researcher (Y),reporting researcher (Y),reporting researcher (Y),reporting researcher (Y),strongly disagree,No,White,,Woman,,High School Diploma or GED,Conservative,Heterosexual/straight,,18,Protestantism (Christian),,complete,,81246,0,0,,0,
2/16/2026 6:54,2/16/2026 7:01,IP Address,100,383,TRUE,2/16/2026 7:01,R_5ohvOyQ4HUUcblG,anonymous,EN,1,"Yes, I consent",4 = somewhat honest,4 = somewhat sincere,3 = neither ethical nor unethical,3 = neither likeable nor unlikeable,3 = neither approachable nor unapproachable,4 = somewhat confident the findings are true,4 = somewhat honest,4 = somewhat sincere,3 = neither ethical nor unethical,1 = very unlikeable,3 = neither approachable nor unapproachable,neither reported (K) nor reporting researcher (S),neither reported (K) nor reporting researcher (S),neither reported (K) nor reporting researcher (S),reporting researcher (S),reporting researcher (S),neither reported (K) nor reporting researcher (S),neither reported (K) nor reporting researcher (S),reporting researcher (S),neither reported (K) nor reporting researcher (S),1 = very dishonest,2 = somewhat insincere,2 = somewhat unethical,2 = somewhat unlikeable,3 = neither approachable nor unapproachable,1 = very confident the findings are false,4 = somewhat honest,4 = somewhat sincere,4 = somewhat ethical,2 = somewhat unlikeable,3 = neither approachable nor unapproachable,neither reported (H) nor reporting researcher (F),neither reported (H) nor reporting researcher (F),neither reported (H) nor reporting researcher (F),reporting researcher (F),reporting researcher (F),reporting researcher (F),reporting researcher (F),reporting researcher (F),reporting researcher (F),2 = somewhat dishonest,2 = somewhat insincere,3 = neither ethical nor unethical,2 = somewhat unlikeable,3 = neither approachable nor unapproachable,3 = could go either way,4 = somewhat honest,4 = somewhat sincere,4 = somewhat ethical,2 = somewhat unlikeable,3 = neither approachable nor unapproachable,neither reported (X) nor reporting researcher (Y),reporting researcher (Y),neither reported (X) nor reporting researcher (Y),reporting researcher (Y),reporting researcher (Y),reporting researcher (Y),reported researcher (X),reporting researcher (Y),reporting researcher (Y),Somewhat disagree,No,White,,Woman,,High School Diploma or GED,Centrist,Heterosexual/straight,,18,Protestantism (Christian),,complete,,81374,0,0,,0,
2/16/2026 9:24,2/16/2026 9:46,IP Address,100,1330,TRUE,2/16/2026 9:46,R_6wHIcZw7gTwsEdb,anonymous,EN,1,"Yes, I consent",4 = somewhat honest,4 = somewhat sincere,4 = somewhat ethical,4 = somewhat likeable,5 = very approachable,4 = somewhat confident the findings are true,2 = somewhat dishonest,4 = somewhat sincere,4 = somewhat ethical,2 = somewhat unlikeable,1 = very unapproachable,reported researcher (K),reported researcher (K),reporting researcher (S),reported researcher (K),reported researcher (K),reported researcher (K),reported researcher (K),reporting researcher (S),reporting researcher (S),4 = somewhat honest,4 = somewhat sincere,2 = somewhat unethical,2 = somewhat unlikeable,3 = neither approachable nor unapproachable,4 = somewhat confident the findings are true,5 = very honest,5 = very sincere,5 = very ethical,5 = very likeable,5 = very approachable,reporting researcher (F),reporting researcher (F),reported researcher (H),reporting researcher (F),reporting researcher (F),reporting researcher (F),reporting researcher (F),reporting researcher (F),reporting researcher (F),1 = very dishonest,2 = somewhat insincere,1 = very unethical,2 = somewhat unlikeable,3 = neither approachable nor unapproachable,1 = very confident the findings are false,5 = very honest,5 = very sincere,4 = somewhat ethical,4 = somewhat likeable,5 = very approachable,reporting researcher (Y),reporting researcher (Y),reported researcher (X),reporting researcher (Y),reporting researcher (Y),reporting researcher (Y),reporting researcher (Y),reporting researcher (Y),reporting researcher (Y),Somewhat disagree,No,White,,Woman,,Some college credit or technical school degree,Conservative,Heterosexual/straight,,18,Protestantism (Christian),,complete,,81751,0,0,,0,
2/16/2026 11:24,2/16/2026 11:31,IP Address,100,403,TRUE,2/16/2026 11:31,R_1HirIK5usHkTDZ7,anonymous,EN,1,"Yes, I consent",3 = neither honest nor dishonest,4 = somewhat sincere,4 = somewhat ethical,3 = neither likeable nor unlikeable,2 = somewhat unapproachable,4 = somewhat confident the findings are true,5 = very honest,5 = very sincere,5 = very ethical,4 = somewhat likeable,4 = somewhat approachable,neither reported (K) nor reporting researcher (S),reporting researcher (S),reporting researcher (S),reporting researcher (S),reporting researcher (S),reporting researcher (S),reporting researcher (S),reporting researcher (S),reporting researcher (S),1 = very dishonest,1 = very insincere,1 = very unethical,2 = somewhat unlikeable,3 = neither approachable nor unapproachable,2 = somewhat confident the findings are false,5 = very honest,5 = very sincere,5 = very ethical,4 = somewhat likeable,4 = somewhat approachable,neither reported (H) nor reporting researcher (F),reporting researcher (F),neither reported (H) nor reporting researcher (F),reporting researcher (F),reporting researcher (F),reporting researcher (F),reporting researcher (F),reporting researcher (F),reporting researcher (F),1 = very dishonest,1 = very insincere,1 = very unethical,1 = very unlikeable,2 = somewhat unapproachable,1 = very confident the findings are false,5 = very honest,5 = very sincere,5 = very ethical,4 = somewhat likeable,4 = somewhat approachable,neither reported (X) nor reporting researcher (Y),reporting researcher (Y),reported researcher (X),reporting researcher (Y),reporting researcher (Y),reporting researcher (Y),reporting researcher (Y),reporting researcher (Y),reporting researcher (Y),Somewhat disagree,No,White,,Woman,,High School Diploma or GED,Lean Conservative,Heterosexual/straight,,18,Protestantism (Christian),,complete,,81461,0,0,,0,
2/16/2026 11:23,2/16/2026 11:34,IP Address,100,622,TRUE,2/16/2026 11:34,R_50csbsOnunAc3lG,anonymous,EN,1,"Yes, I consent",2 = somewhat dishonest,2 = somewhat insincere,2 = somewhat unethical,2 = somewhat unlikeable,4 = somewhat approachable,2 = somewhat confident the findings are false,5 = very honest,5 = very sincere,5 = very ethical,5 = very likeable,5 = very approachable,reporting researcher (S),reporting researcher (S),reporting researcher (S),reporting researcher (S),reporting researcher (S),neither reported (K) nor reporting researcher (S),reported researcher (K),reporting researcher (S),reporting researcher (S),1 = very dishonest,2 = somewhat insincere,1 = very unethical,2 = somewhat unlikeable,3 = neither approachable nor unapproachable,1 = very confident the findings are false,5 = very honest,4 = somewhat sincere,5 = very ethical,4 = somewhat likeable,5 = very approachable,reporting researcher (F),reporting researcher (F),reporting researcher (F),reporting researcher (F),reporting researcher (F),neither reported (H) nor reporting researcher (F),reported researcher (H),reporting researcher (F),reporting researcher (F),2 = somewhat dishonest,2 = somewhat insincere,2 = somewhat unethical,3 = neither likeable nor unlikeable,3 = neither approachable nor unapproachable,2 = somewhat confident the findings are false,5 = very honest,4 = somewhat sincere,5 = very ethical,4 = somewhat likeable,3 = neither approachable nor unapproachable,reporting researcher (Y),reporting researcher (Y),reporting researcher (Y),reporting researcher (Y),reporting researcher (Y),neither reported (X) nor reporting researcher (Y),reported researcher (X),reporting researcher (Y),reporting researcher (Y),Somewhat disagree,Yes,White,,Woman,,,Liberal,Heterosexual/straight,,18,Protestantism (Christian),,complete,,81488,0,0,,0.014285714285714285,QID1219732973
2/16/2026 13:25,2/16/2026 13:36,IP Address,100,654,TRUE,2/16/2026 13:36,R_57swgvGMzI8GzSr,anonymous,EN,1,"Yes, I consent",5 = very honest,5 = very sincere,5 = very ethical,3 = neither likeable nor unlikeable,3 = neither approachable nor unapproachable,4 = somewhat confident the findings are true,4 = somewhat honest,4 = somewhat sincere,3 = neither ethical nor unethical,2 = somewhat unlikeable,2 = somewhat unapproachable,reported researcher (K),reported researcher (K),reported researcher (K),reported researcher (K),reported researcher (K),reported researcher (K),reported researcher (K),reported researcher (K),reported researcher (K),1 = very dishonest,3 = neither sincere nor insincere,1 = very unethical,2 = somewhat unlikeable,3 = neither approachable nor unapproachable,1 = very confident the findings are false,5 = very honest,5 = very sincere,5 = very ethical,3 = neither likeable nor unlikeable,3 = neither approachable nor unapproachable,neither reported (H) nor reporting researcher (F),neither reported (H) nor reporting researcher (F),reporting researcher (F),reporting researcher (F),reporting researcher (F),reporting researcher (F),reported researcher (H),reporting researcher (F),reported researcher (H),5 = very honest,1 = very insincere,1 = very unethical,3 = neither likeable nor unlikeable,4 = somewhat approachable,3 = could go either way,3 = neither honest nor dishonest,3 = neither sincere nor insincere,5 = very ethical,3 = neither likeable nor unlikeable,4 = somewhat approachable,reporting researcher (Y),reported researcher (X),reporting researcher (Y),reporting researcher (Y),reporting researcher (Y),neither reported (X) nor reporting researcher (Y),reported researcher (X),reporting researcher (Y),reported researcher (X),Somewhat disagree,No,White,,Man,,Some college credit or technical school degree,Centrist,Heterosexual/straight,,20,Not Affiliated,,complete,,81812,0,0,,0,
2/16/2026 17:01,2/16/2026 17:07,IP Address,100,365,TRUE,2/16/2026 17:08,R_5iJ353TLsxSEH1I,anonymous,EN,1,"Yes, I consent",3 = neither honest nor dishonest,2 = somewhat insincere,2 = somewhat unethical,3 = neither likeable nor unlikeable,3 = neither approachable nor unapproachable,3 = could go either way,4 = somewhat honest,3 = neither sincere nor insincere,4 = somewhat ethical,3 = neither likeable nor unlikeable,3 = neither approachable nor unapproachable,neither reported (K) nor reporting researcher (S),neither reported (K) nor reporting researcher (S),reported researcher (K),neither reported (K) nor reporting researcher (S),reporting researcher (S),neither reported (K) nor reporting researcher (S),reported researcher (K),neither reported (K) nor reporting researcher (S),neither reported (K) nor reporting researcher (S),2 = somewhat dishonest,2 = somewhat insincere,1 = very unethical,3 = neither likeable nor unlikeable,3 = neither approachable nor unapproachable,3 = could go either way,4 = somewhat honest,4 = somewhat sincere,4 = somewhat ethical,3 = neither likeable nor unlikeable,3 = neither approachable nor unapproachable,neither reported (H) nor reporting researcher (F),reporting researcher (F),neither reported (H) nor reporting researcher (F),reporting researcher (F),reporting researcher (F),reporting researcher (F),reporting researcher (F),reporting researcher (F),reporting researcher (F),1 = very dishonest,2 = somewhat insincere,1 = very unethical,3 = neither likeable nor unlikeable,3 = neither approachable nor unapproachable,1 = very confident the findings are false,4 = somewhat honest,4 = somewhat sincere,4 = somewhat ethical,3 = neither likeable nor unlikeable,3 = neither approachable nor unapproachable,neither reported (X) nor reporting researcher (Y),reporting researcher (Y),reported researcher (X),reporting researcher (Y),reporting researcher (Y),reporting researcher (Y),reporting researcher (Y),reporting researcher (Y),reporting researcher (Y),Somewhat disagree,No,White,,Woman,,Some college credit or technical school degree,Conservative,Heterosexual/straight,,18,Catholicism,,complete,,81414,0,0,,0,
2/16/2026 17:47,2/16/2026 17:52,IP Address,100,322,TRUE,2/16/2026 17:52,R_7kUY53OdxT9Rmmt,anonymous,EN,1,"Yes, I consent",4 = somewhat honest,4 = somewhat sincere,3 = neither ethical nor unethical,2 = somewhat unlikeable,4 = somewhat approachable,3 = could go either way,4 = somewhat honest,4 = somewhat sincere,4 = somewhat ethical,2 = somewhat unlikeable,4 = somewhat approachable,neither reported (K) nor reporting researcher (S),reported researcher (K),reported researcher (K),neither reported (K) nor reporting researcher (S),reporting researcher (S),reported researcher (K),reported researcher (K),reported researcher (K),reported researcher (K),2 = somewhat dishonest,3 = neither sincere nor insincere,3 = neither ethical nor unethical,2 = somewhat unlikeable,2 = somewhat unapproachable,3 = could go either way,4 = somewhat honest,5 = very sincere,4 = somewhat ethical,5 = very likeable,3 = neither approachable nor unapproachable,neither reported (H) nor reporting researcher (F),reporting researcher (F),reported researcher (H),reporting researcher (F),reporting researcher (F),reporting researcher (F),reporting researcher (F),reporting researcher (F),reporting researcher (F),1 = very dishonest,1 = very insincere,2 = somewhat unethical,3 = neither likeable nor unlikeable,1 = very unapproachable,2 = somewhat confident the findings are false,4 = somewhat honest,3 = neither sincere nor insincere,5 = very ethical,4 = somewhat likeable,4 = somewhat approachable,reporting researcher (Y),reporting researcher (Y),reporting researcher (Y),reporting researcher (Y),reporting researcher (Y),reporting researcher (Y),reporting researcher (Y),reporting researcher (Y),reporting researcher (Y),Somewhat disagree,No,White,,Man,,High School Diploma or GED,Conservative,Heterosexual/straight,,22,Catholicism,,complete,,81518,0,0,,0,
2/16/2026 20:37,2/16/2026 20:57,IP Address,100,1162,TRUE,2/16/2026 20:57,R_73USc2lUhHNoNHP,anonymous,EN,1,"Yes, I consent",3 = neither honest nor dishonest,3 = neither sincere nor insincere,3 = neither ethical nor unethical,3 = neither likeable nor unlikeable,3 = neither approachable nor unapproachable,3 = could go either way,1 = very dishonest,2 = somewhat insincere,2 = somewhat unethical,2 = somewhat unlikeable,2 = somewhat unapproachable,reported researcher (K),neither reported (K) nor reporting researcher (S),neither reported (K) nor reporting researcher (S),neither reported (K) nor reporting researcher (S),neither reported (K) nor reporting researcher (S),reported researcher (K),reported researcher (K),neither reported (K) nor reporting researcher (S),neither reported (K) nor reporting researcher (S),2 = somewhat dishonest,2 = somewhat insincere,2 = somewhat unethical,2 = somewhat unlikeable,2 = somewhat unapproachable,3 = could go either way,3 = neither honest nor dishonest,3 = neither sincere nor insincere,3 = neither ethical nor unethical,3 = neither likeable nor unlikeable,3 = neither approachable nor unapproachable,neither reported (H) nor reporting researcher (F),reporting researcher (F),neither reported (H) nor reporting researcher (F),neither reported (H) nor reporting researcher (F),neither reported (H) nor reporting researcher (F),reporting researcher (F),reporting researcher (F),reporting researcher (F),reporting researcher (F),1 = very dishonest,1 = very insincere,1 = very unethical,1 = very unlikeable,1 = very unapproachable,1 = very confident the findings are false,4 = somewhat honest,3 = neither sincere nor insincere,3 = neither ethical nor unethical,3 = neither likeable nor unlikeable,3 = neither approachable nor unapproachable,reporting researcher (Y),neither reported (X) nor reporting researcher (Y),neither reported (X) nor reporting researcher (Y),neither reported (X) nor reporting researcher (Y),neither reported (X) nor reporting researcher (Y),neither reported (X) nor reporting researcher (Y),reporting researcher (Y),reporting researcher (Y),reporting researcher (Y),Somewhat disagree,No,White,,Man,,High School Diploma or GED,Lean Conservative,Heterosexual/straight,,18,Catholicism,,complete,,81106,0,0,,0,
2/16/2026 21:50,2/16/2026 21:58,IP Address,100,494,TRUE,2/16/2026 21:58,R_7dFmRKhn6oOUDYr,anonymous,EN,1,"Yes, I consent",4 = somewhat honest,2 = somewhat insincere,4 = somewhat ethical,1 = very unlikeable,5 = very approachable,3 = could go either way,5 = very honest,2 = somewhat insincere,4 = somewhat ethical,2 = somewhat unlikeable,1 = very unapproachable,reporting researcher (S),reporting researcher (S),reported researcher (K),neither reported (K) nor reporting researcher (S),neither reported (K) nor reporting researcher (S),reported researcher (K),reporting researcher (S),reported researcher (K),neither reported (K) nor reporting researcher (S),4 = somewhat honest,2 = somewhat insincere,3 = neither ethical nor unethical,1 = very unlikeable,2 = somewhat unapproachable,1 = very confident the findings are false,5 = very honest,2 = somewhat insincere,2 = somewhat unethical,2 = somewhat unlikeable,1 = very unapproachable,reporting researcher (F),reported researcher (H),neither reported (H) nor reporting researcher (F),reported researcher (H),reporting researcher (F),reported researcher (H),reported researcher (H),neither reported (H) nor reporting researcher (F),neither reported (H) nor reporting researcher (F),3 = neither honest nor dishonest,4 = somewhat sincere,2 = somewhat unethical,4 = somewhat likeable,2 = somewhat unapproachable,4 = somewhat confident the findings are true,4 = somewhat honest,2 = somewhat insincere,3 = neither ethical nor unethical,3 = neither likeable nor unlikeable,1 = very unapproachable,reporting researcher (Y),reported researcher (X),neither reported (X) nor reporting researcher (Y),reported researcher (X),reporting researcher (Y),neither reported (X) nor reporting researcher (Y),reported researcher (X),reported researcher (X),neither reported (X) nor reporting researcher (Y),Somewhat disagree,No,Asian or Asian-American,,Woman,,Some college credit or technical school degree,Centrist,Bisexual,,19,Catholicism,,complete,,81473,0,0,,0,
2/10/2026 8:35,2/10/2026 8:37,IP Address,7,124,FALSE,2/17/2026 8:35,R_6jfvc7iUmfu34Zv,anonymous,EN,1,"Yes, I consent",,,,,,,,,,,,,,,,,,,,,,,,,,,,,,,,,,,,,,,,,,,,,,,,,,,,,,,,,,,,,,,,,,,,,,,,,,complete,,81240,0,0,,0,
2/17/2026 9:28,2/17/2026 9:35,IP Address,100,432,TRUE,2/17/2026 9:35,R_3idrAdUYnZ2eeqZ,anonymous,EN,1,"Yes, I consent",3 = neither honest nor dishonest,4 = somewhat sincere,4 = somewhat ethical,2 = somewhat unlikeable,3 = neither approachable nor unapproachable,3 = could go either way,5 = very honest,4 = somewhat sincere,5 = very ethical,3 = neither likeable nor unlikeable,3 = neither approachable nor unapproachable,neither reported (K) nor reporting researcher (S),reporting researcher (S),neither reported (K) nor reporting researcher (S),reporting researcher (S),reporting researcher (S),reporting researcher (S),neither reported (K) nor reporting researcher (S),reporting researcher (S),neither reported (K) nor reporting researcher (S),2 = somewhat dishonest,2 = somewhat insincere,2 = somewhat unethical,3 = neither likeable nor unlikeable,3 = neither approachable nor unapproachable,2 = somewhat confident the findings are false,5 = very honest,5 = very sincere,5 = very ethical,3 = neither likeable nor unlikeable,3 = neither approachable nor unapproachable,neither reported (H) nor reporting researcher (F),reporting researcher (F),neither reported (H) nor reporting researcher (F),reporting researcher (F),reporting researcher (F),reporting researcher (F),reporting researcher (F),reporting researcher (F),reporting researcher (F),1 = very dishonest,1 = very insincere,1 = very unethical,2 = somewhat unlikeable,3 = neither approachable nor unapproachable,1 = very confident the findings are false,5 = very honest,5 = very sincere,5 = very ethical,5 = very likeable,3 = neither approachable nor unapproachable,reporting researcher (Y),reporting researcher (Y),neither reported (X) nor reporting researcher (Y),reporting researcher (Y),reporting researcher (Y),reporting researcher (Y),reporting researcher (Y),reporting researcher (Y),reporting researcher (Y),Somewhat disagree,Yes,White,,Woman,,Some college credit or technical school degree,Liberal,Heterosexual/straight,,20,Protestantism (Christian),,complete,,81053,0,0,,0,
2/17/2026 10:00,2/17/2026 10:08,IP Address,100,490,TRUE,2/17/2026 10:08,R_6d6QtJih7Tdnccn,anonymous,EN,1,"Yes, I consent",4 = somewhat honest,4 = somewhat sincere,4 = somewhat ethical,2 = somewhat unlikeable,4 = somewhat approachable,3 = could go either way,5 = very honest,4 = somewhat sincere,5 = very ethical,4 = somewhat likeable,4 = somewhat approachable,reporting researcher (S),reporting researcher (S),reported researcher (K),reporting researcher (S),reporting researcher (S),reporting researcher (S),reported researcher (K),reporting researcher (S),reporting researcher (S),2 = somewhat dishonest,2 = somewhat insincere,2 = somewhat unethical,2 = somewhat unlikeable,2 = somewhat unapproachable,2 = somewhat confident the findings are false,3 = neither honest nor dishonest,4 = somewhat sincere,4 = somewhat ethical,3 = neither likeable nor unlikeable,4 = somewhat approachable,reported researcher (H),reporting researcher (F),reported researcher (H),reporting researcher (F),reporting researcher (F),reported researcher (H),reporting researcher (F),reported researcher (H),reporting researcher (F),1 = very dishonest,2 = somewhat insincere,1 = very unethical,3 = neither likeable nor unlikeable,2 = somewhat unapproachable,1 = very confident the findings are false,5 = very honest,5 = very sincere,4 = somewhat ethical,4 = somewhat likeable,4 = somewhat approachable,reporting researcher (Y),reporting researcher (Y),reported researcher (X),reporting researcher (Y),reporting researcher (Y),reporting researcher (Y),reporting researcher (Y),reporting researcher (Y),reporting researcher (Y),Somewhat disagree,Yes,White,,Woman,,Some college credit or technical school degree,Conservative,Heterosexual/straight,,19,Protestantism (Christian),,complete,,81280,0,0,,0,
2/17/2026 10:02,2/17/2026 10:10,IP Address,100,441,TRUE,2/17/2026 10:10,R_13azjDi750uusuJ,anonymous,EN,1,"Yes, I consent",3 = neither honest nor dishonest,3 = neither sincere nor insincere,3 = neither ethical nor unethical,3 = neither likeable nor unlikeable,3 = neither approachable nor unapproachable,3 = could go either way,5 = very honest,5 = very sincere,5 = very ethical,5 = very likeable,4 = somewhat approachable,reporting researcher (S),reporting researcher (S),reporting researcher (S),reporting researcher (S),reporting researcher (S),reporting researcher (S),reporting researcher (S),reporting researcher (S),reporting researcher (S),1 = very dishonest,1 = very insincere,1 = very unethical,3 = neither likeable nor unlikeable,3 = neither approachable nor unapproachable,1 = very confident the findings are false,5 = very honest,5 = very sincere,5 = very ethical,5 = very likeable,5 = very approachable,reporting researcher (F),reporting researcher (F),reporting researcher (F),reporting researcher (F),reporting researcher (F),reporting researcher (F),reporting researcher (F),reporting researcher (F),reporting researcher (F),2 = somewhat dishonest,2 = somewhat insincere,2 = somewhat unethical,2 = somewhat unlikeable,3 = neither approachable nor unapproachable,2 = somewhat confident the findings are false,5 = very honest,5 = very sincere,5 = very ethical,5 = very likeable,5 = very approachable,reporting researcher (Y),reporting researcher (Y),reporting researcher (Y),reporting researcher (Y),reporting researcher (Y),reporting researcher (Y),reporting researcher (Y),reporting researcher (Y),reporting researcher (Y),Somewhat disagree,No,White,,Woman,,Some college credit or technical school degree,Lean Liberal,Heterosexual/straight,,19,Protestantism (Christian),,complete,,81846,0,0,,0,
2/17/2026 12:27,2/17/2026 12:32,IP Address,100,289,TRUE,2/17/2026 12:32,R_6Cc0C85mKkMLwat,anonymous,EN,1,"Yes, I consent",3 = neither honest nor dishonest,3 = neither sincere nor insincere,3 = neither ethical nor unethical,3 = neither likeable nor unlikeable,3 = neither approachable nor unapproachable,3 = could go either way,3 = neither honest nor dishonest,3 = neither sincere nor insincere,3 = neither ethical nor unethical,3 = neither likeable nor unlikeable,3 = neither approachable nor unapproachable,neither reported (K) nor reporting researcher (S),neither reported (K) nor reporting researcher (S),neither reported (K) nor reporting researcher (S),neither reported (K) nor reporting researcher (S),neither reported (K) nor reporting researcher (S),neither reported (K) nor reporting researcher (S),neither reported (K) nor reporting researcher (S),neither reported (K) nor reporting researcher (S),neither reported (K) nor reporting researcher (S),3 = neither honest nor dishonest,3 = neither sincere nor insincere,3 = neither ethical nor unethical,3 = neither likeable nor unlikeable,3 = neither approachable nor unapproachable,3 = could go either way,3 = neither honest nor dishonest,3 = neither sincere nor insincere,3 = neither ethical nor unethical,3 = neither likeable nor unlikeable,3 = neither approachable nor unapproachable,neither reported (H) nor reporting researcher (F),neither reported (H) nor reporting researcher (F),neither reported (H) nor reporting researcher (F),neither reported (H) nor reporting researcher (F),neither reported (H) nor reporting researcher (F),neither reported (H) nor reporting researcher (F),neither reported (H) nor reporting researcher (F),neither reported (H) nor reporting researcher (F),neither reported (H) nor reporting researcher (F),3 = neither honest nor dishonest,3 = neither sincere nor insincere,3 = neither ethical nor unethical,3 = neither likeable nor unlikeable,3 = neither approachable nor unapproachable,3 = could go either way,3 = neither honest nor dishonest,3 = neither sincere nor insincere,3 = neither ethical nor unethical,3 = neither likeable nor unlikeable,3 = neither approachable nor unapproachable,neither reported (X) nor reporting researcher (Y),neither reported (X) nor reporting researcher (Y),neither reported (X) nor reporting researcher (Y),neither reported (X) nor reporting researcher (Y),neither reported (X) nor reporting researcher (Y),neither reported (X) nor reporting researcher (Y),neither reported (X) nor reporting researcher (Y),neither reported (X) nor reporting researcher (Y),neither reported (X) nor reporting researcher (Y),Neither agree nor disagree,No,White,,Woman,,,,,,19,Protestantism (Christian),,complete,,81923,0,0,,0.042857143,"QID1219732973,QID1219732974,QID76"
2/16/2026 8:02,2/17/2026 13:14,IP Address,100,105101,TRUE,2/17/2026 13:14,R_3jJmPRwTgd2ntlM,anonymous,EN,1,"Yes, I consent",3 = neither honest nor dishonest,3 = neither sincere nor insincere,3 = neither ethical nor unethical,3 = neither likeable nor unlikeable,3 = neither approachable nor unapproachable,3 = could go either way,5 = very honest,5 = very sincere,2 = somewhat unethical,4 = somewhat likeable,3 = neither approachable nor unapproachable,neither reported (K) nor reporting researcher (S),reporting researcher (S),reporting researcher (S),reporting researcher (S),neither reported (K) nor reporting researcher (S),reporting researcher (S),reporting researcher (S),reporting researcher (S),reporting researcher (S),3 = neither honest nor dishonest,3 = neither sincere nor insincere,2 = somewhat unethical,3 = neither likeable nor unlikeable,3 = neither approachable nor unapproachable,3 = could go either way,5 = very honest,3 = neither sincere nor insincere,4 = somewhat ethical,4 = somewhat likeable,3 = neither approachable nor unapproachable,neither reported (H) nor reporting researcher (F),reporting researcher (F),neither reported (H) nor reporting researcher (F),reporting researcher (F),reporting researcher (F),reporting researcher (F),reporting researcher (F),reporting researcher (F),reporting researcher (F),1 = very dishonest,1 = very insincere,1 = very unethical,1 = very unlikeable,3 = neither approachable nor unapproachable,1 = very confident the findings are false,5 = very honest,5 = very sincere,4 = somewhat ethical,5 = very likeable,3 = neither approachable nor unapproachable,neither reported (X) nor reporting researcher (Y),reporting researcher (Y),reporting researcher (Y),reporting researcher (Y),reporting researcher (Y),reporting researcher (Y),reporting researcher (Y),reporting researcher (Y),reporting researcher (Y),Somewhat disagree,No,Black or African-American,,Woman,,Some college credit or technical school degree,Centrist,Heterosexual/straight,,19,Protestantism (Christian),,complete,,81126,0,0,,0,
2/17/2026 16:00,2/17/2026 16:05,IP Address,100,312,TRUE,2/17/2026 16:05,R_6I5C93D3uFze82F,anonymous,EN,1,"Yes, I consent",2 = somewhat dishonest,3 = neither sincere nor insincere,2 = somewhat unethical,3 = neither likeable nor unlikeable,3 = neither approachable nor unapproachable,3 = could go either way,4 = somewhat honest,4 = somewhat sincere,4 = somewhat ethical,3 = neither likeable nor unlikeable,3 = neither approachable nor unapproachable,neither reported (K) nor reporting researcher (S),neither reported (K) nor reporting researcher (S),neither reported (K) nor reporting researcher (S),reporting researcher (S),reporting researcher (S),reporting researcher (S),neither reported (K) nor reporting researcher (S),reporting researcher (S),reporting researcher (S),2 = somewhat dishonest,2 = somewhat insincere,2 = somewhat unethical,3 = neither likeable nor unlikeable,3 = neither approachable nor unapproachable,3 = could go either way,4 = somewhat honest,4 = somewhat sincere,4 = somewhat ethical,3 = neither likeable nor unlikeable,3 = neither approachable nor unapproachable,neither reported (H) nor reporting researcher (F),reporting researcher (F),neither reported (H) nor reporting researcher (F),reporting researcher (F),reporting researcher (F),reporting researcher (F),reporting researcher (F),reporting researcher (F),reporting researcher (F),1 = very dishonest,2 = somewhat insincere,2 = somewhat unethical,3 = neither likeable nor unlikeable,3 = neither approachable nor unapproachable,1 = very confident the findings are false,4 = somewhat honest,4 = somewhat sincere,4 = somewhat ethical,3 = neither likeable nor unlikeable,3 = neither approachable nor unapproachable,neither reported (X) nor reporting researcher (Y),reporting researcher (Y),neither reported (X) nor reporting researcher (Y),reporting researcher (Y),reporting researcher (Y),reporting researcher (Y),reporting researcher (Y),reporting researcher (Y),reporting researcher (Y),Somewhat disagree,No,White,,Woman,,Some college credit or technical school degree,Centrist,Heterosexual/straight,,19,Protestantism (Christian),,complete,,81128,0,0,,0,
2/17/2026 21:01,2/17/2026 21:47,IP Address,100,2756,TRUE,2/17/2026 21:47,R_5Y2LYL4jTB1uIII,anonymous,EN,1,"Yes, I consent",1 = very dishonest,2 = somewhat insincere,2 = somewhat unethical,2 = somewhat unlikeable,3 = neither approachable nor unapproachable,1 = very confident the findings are false,4 = somewhat honest,4 = somewhat sincere,5 = very ethical,3 = neither likeable nor unlikeable,4 = somewhat approachable,reporting researcher (S),reporting researcher (S),reported researcher (K),reporting researcher (S),reporting researcher (S),reporting researcher (S),reported researcher (K),reporting researcher (S),reported researcher (K),1 = very dishonest,2 = somewhat insincere,1 = very unethical,2 = somewhat unlikeable,3 = neither approachable nor unapproachable,1 = very confident the findings are false,5 = very honest,5 = very sincere,5 = very ethical,2 = somewhat unlikeable,2 = somewhat unapproachable,neither reported (H) nor reporting researcher (F),reported researcher (H),reported researcher (H),reporting researcher (F),reported researcher (H),reported researcher (H),reporting researcher (F),neither reported (H) nor reporting researcher (F),reported researcher (H),1 = very dishonest,1 = very insincere,1 = very unethical,2 = somewhat unlikeable,3 = neither approachable nor unapproachable,1 = very confident the findings are false,5 = very honest,4 = somewhat sincere,4 = somewhat ethical,2 = somewhat unlikeable,4 = somewhat approachable,reporting researcher (Y),reporting researcher (Y),reported researcher (X),neither reported (X) nor reporting researcher (Y),reporting researcher (Y),neither reported (X) nor reporting researcher (Y),reported researcher (X),reporting researcher (Y),reported researcher (X),Somewhat disagree,No,White,,Woman,,High School Diploma or GED,Conservative,Heterosexual/straight,,19,Protestantism (Christian),,complete,,81415,0,0,,0,
2/18/2026 8:58,2/18/2026 9:19,IP Address,100,1233,TRUE,2/18/2026 9:19,R_7pRXKSiRMNZezvz,anonymous,EN,1,"Yes, I consent",4 = somewhat honest,4 = somewhat sincere,5 = very ethical,5 = very likeable,5 = very approachable,5 = very confident the findings are true,5 = very honest,5 = very sincere,4 = somewhat ethical,4 = somewhat likeable,5 = very approachable,reporting researcher (S),reporting researcher (S),reporting researcher (S),reporting researcher (S),neither reported (K) nor reporting researcher (S),neither reported (K) nor reporting researcher (S),reporting researcher (S),reported researcher (K),reported researcher (K),3 = neither honest nor dishonest,2 = somewhat insincere,2 = somewhat unethical,3 = neither likeable nor unlikeable,1 = very unapproachable,3 = could go either way,5 = very honest,4 = somewhat sincere,4 = somewhat ethical,5 = very likeable,5 = very approachable,reporting researcher (F),reporting researcher (F),reporting researcher (F),reporting researcher (F),reporting researcher (F),reporting researcher (F),neither reported (H) nor reporting researcher (F),reporting researcher (F),reporting researcher (F),5 = very honest,4 = somewhat sincere,4 = somewhat ethical,4 = somewhat likeable,4 = somewhat approachable,4 = somewhat confident the findings are true,5 = very honest,5 = very sincere,5 = very ethical,5 = very likeable,5 = very approachable,reporting researcher (Y),reported researcher (X),reporting researcher (Y),reporting researcher (Y),reported researcher (X),neither reported (X) nor reporting researcher (Y),reported researcher (X),reporting researcher (Y),reporting researcher (Y),Somewhat agree,No,Black or African-American,,Woman,,Some college credit or technical school degree,Liberal,Heterosexual/straight,,19,Catholicism,,complete,,81487,0,0,,0,
2/18/2026 11:03,2/18/2026 11:25,IP Address,100,1340,TRUE,2/18/2026 11:25,R_3drUl2R7UF3oKMI,anonymous,EN,1,"Yes, I consent",2 = somewhat dishonest,2 = somewhat insincere,2 = somewhat unethical,2 = somewhat unlikeable,2 = somewhat unapproachable,1 = very confident the findings are false,5 = very honest,5 = very sincere,5 = very ethical,5 = very likeable,5 = very approachable,reporting researcher (S),reporting researcher (S),reporting researcher (S),reporting researcher (S),reporting researcher (S),reporting researcher (S),reported researcher (K),reporting researcher (S),reporting researcher (S),2 = somewhat dishonest,2 = somewhat insincere,2 = somewhat unethical,3 = neither likeable nor unlikeable,3 = neither approachable nor unapproachable,1 = very confident the findings are false,5 = very honest,5 = very sincere,5 = very ethical,5 = very likeable,5 = very approachable,reporting researcher (F),reporting researcher (F),reporting researcher (F),reporting researcher (F),reporting researcher (F),reporting researcher (F),reported researcher (H),reporting researcher (F),reporting researcher (F),2 = somewhat dishonest,2 = somewhat insincere,1 = very unethical,3 = neither likeable nor unlikeable,3 = neither approachable nor unapproachable,2 = somewhat confident the findings are false,5 = very honest,5 = very sincere,5 = very ethical,5 = very likeable,5 = very approachable,reporting researcher (Y),neither reported (X) nor reporting researcher (Y),neither reported (X) nor reporting researcher (Y),reporting researcher (Y),reporting researcher (Y),reporting researcher (Y),reported researcher (X),reporting researcher (Y),reporting researcher (Y),Somewhat disagree,No,White,,Woman,,Some college credit or technical school degree,Strongly Conservative,Heterosexual/straight,,18,Catholicism,,complete,,81056,0,0,,0,
2/18/2026 11:14,2/18/2026 12:06,IP Address,100,3132,TRUE,2/18/2026 12:06,R_3DvWWnx3dsnWwjo,anonymous,EN,1,"Yes, I consent",4 = somewhat honest,4 = somewhat sincere,2 = somewhat unethical,4 = somewhat likeable,4 = somewhat approachable,2 = somewhat confident the findings are false,5 = very honest,4 = somewhat sincere,5 = very ethical,4 = somewhat likeable,2 = somewhat unapproachable,reporting researcher (S),reporting researcher (S),reporting researcher (S),reporting researcher (S),reporting researcher (S),reporting researcher (S),reporting researcher (S),reporting researcher (S),reporting researcher (S),1 = very dishonest,1 = very insincere,1 = very unethical,1 = very unlikeable,1 = very unapproachable,1 = very confident the findings are false,5 = very honest,5 = very sincere,5 = very ethical,5 = very likeable,5 = very approachable,reporting researcher (F),reporting researcher (F),reporting researcher (F),reporting researcher (F),reporting researcher (F),reporting researcher (F),reporting researcher (F),reporting researcher (F),reporting researcher (F),1 = very dishonest,1 = very insincere,1 = very unethical,1 = very unlikeable,1 = very unapproachable,1 = very confident the findings are false,5 = very honest,4 = somewhat sincere,5 = very ethical,4 = somewhat likeable,4 = somewhat approachable,reporting researcher (Y),reporting researcher (Y),reporting researcher (Y),reporting researcher (Y),reporting researcher (Y),reporting researcher (Y),reporting researcher (Y),reporting researcher (Y),reporting researcher (Y),Somewhat disagree,No,White,,Woman,,Some college credit or technical school degree,Conservative,Heterosexual/straight,,18,Protestantism (Christian),,complete,,81538,0,0,,0,
2/18/2026 12:48,2/18/2026 12:58,IP Address,100,618,TRUE,2/18/2026 12:58,R_7WxygIgtlLwQbqx,anonymous,EN,1,"Yes, I consent",2 = somewhat dishonest,2 = somewhat insincere,3 = neither ethical nor unethical,3 = neither likeable nor unlikeable,4 = somewhat approachable,3 = could go either way,4 = somewhat honest,4 = somewhat sincere,5 = very ethical,3 = neither likeable nor unlikeable,2 = somewhat unapproachable,reporting researcher (S),reporting researcher (S),reported researcher (K),reporting researcher (S),reporting researcher (S),reporting researcher (S),reported researcher (K),reporting researcher (S),reporting researcher (S),1 = very dishonest,1 = very insincere,1 = very unethical,2 = somewhat unlikeable,2 = somewhat unapproachable,2 = somewhat confident the findings are false,5 = very honest,4 = somewhat sincere,5 = very ethical,3 = neither likeable nor unlikeable,3 = neither approachable nor unapproachable,reporting researcher (F),reporting researcher (F),reported researcher (H),reporting researcher (F),reporting researcher (F),reporting researcher (F),reporting researcher (F),reporting researcher (F),reporting researcher (F),1 = very dishonest,1 = very insincere,1 = very unethical,1 = very unlikeable,2 = somewhat unapproachable,1 = very confident the findings are false,5 = very honest,4 = somewhat sincere,5 = very ethical,3 = neither likeable nor unlikeable,3 = neither approachable nor unapproachable,reporting researcher (Y),reporting researcher (Y),neither reported (X) nor reporting researcher (Y),reporting researcher (Y),reporting researcher (Y),reporting researcher (Y),reporting researcher (Y),reporting researcher (Y),reporting researcher (Y),Somewhat disagree,No,White,,Woman,,Some college credit or technical school degree,Centrist,Bisexual,,21,Not Affiliated,,complete,,81459,0,0,,0,
2/18/2026 14:20,2/18/2026 14:50,IP Address,100,1781,TRUE,2/18/2026 14:50,R_7jVsQHsby7A9g0C,anonymous,EN,1,"Yes, I consent",2 = somewhat dishonest,2 = somewhat insincere,2 = somewhat unethical,3 = neither likeable nor unlikeable,4 = somewhat approachable,3 = could go either way,5 = very honest,4 = somewhat sincere,5 = very ethical,5 = very likeable,4 = somewhat approachable,reporting researcher (S),reporting researcher (S),reporting researcher (S),reporting researcher (S),reporting researcher (S),reporting researcher (S),reported researcher (K),reporting researcher (S),reporting researcher (S),1 = very dishonest,1 = very insincere,1 = very unethical,1 = very unlikeable,1 = very unapproachable,1 = very confident the findings are false,5 = very honest,5 = very sincere,5 = very ethical,5 = very likeable,5 = very approachable,reporting researcher (F),reporting researcher (F),reported researcher (H),reporting researcher (F),reporting researcher (F),reporting researcher (F),reported researcher (H),reporting researcher (F),reporting researcher (F),1 = very dishonest,1 = very insincere,1 = very unethical,1 = very unlikeable,1 = very unapproachable,1 = very confident the findings are false,5 = very honest,5 = very sincere,5 = very ethical,5 = very likeable,5 = very approachable,reporting researcher (Y),reporting researcher (Y),neither reported (X) nor reporting researcher (Y),reporting researcher (Y),reporting researcher (Y),reporting researcher (Y),neither reported (X) nor reporting researcher (Y),reporting researcher (Y),reporting researcher (Y),Somewhat disagree,No,White,,Woman,,High School Diploma or GED,Liberal,Heterosexual/straight,,19,Protestantism (Christian),,complete,,81496,0,0,,0,
2/18/2026 14:50,2/18/2026 14:53,IP Address,100,166,TRUE,2/18/2026 14:53,R_165ble0siMGsPGJ,anonymous,EN,1,"Yes, I consent",1 = very dishonest,3 = neither sincere nor insincere,1 = very unethical,1 = very unlikeable,2 = somewhat unapproachable,2 = somewhat confident the findings are false,2 = somewhat dishonest,3 = neither sincere nor insincere,5 = very ethical,4 = somewhat likeable,2 = somewhat unapproachable,reporting researcher (S),reporting researcher (S),neither reported (K) nor reporting researcher (S),neither reported (K) nor reporting researcher (S),reporting researcher (S),reporting researcher (S),reporting researcher (S),neither reported (K) nor reporting researcher (S),neither reported (K) nor reporting researcher (S),3 = neither honest nor dishonest,2 = somewhat insincere,4 = somewhat ethical,3 = neither likeable nor unlikeable,4 = somewhat approachable,2 = somewhat confident the findings are false,4 = somewhat honest,2 = somewhat insincere,2 = somewhat unethical,5 = very likeable,2 = somewhat unapproachable,reported researcher (H),reporting researcher (F),neither reported (H) nor reporting researcher (F),reporting researcher (F),reporting researcher (F),reported researcher (H),reported researcher (H),reported researcher (H),neither reported (H) nor reporting researcher (F),3 = neither honest nor dishonest,1 = very insincere,5 = very ethical,3 = neither likeable nor unlikeable,2 = somewhat unapproachable,4 = somewhat confident the findings are true,5 = very honest,1 = very insincere,2 = somewhat unethical,2 = somewhat unlikeable,2 = somewhat unapproachable,neither reported (X) nor reporting researcher (Y),reporting researcher (Y),reporting researcher (Y),reporting researcher (Y),reported researcher (X),reported researcher (X),reported researcher (X),reported researcher (X),neither reported (X) nor reporting researcher (Y),Somewhat agree,No,White,,Man,,Some High School,Lean Conservative,Other,,19,,,complete,,81778,0,0,,0.028169014084507043,"QID112,QID79"
2/18/2026 15:13,2/18/2026 15:28,IP Address,100,905,TRUE,2/18/2026 15:28,R_6Sx09wKnsMTJ9Ux,anonymous,EN,1,"Yes, I consent",2 = somewhat dishonest,3 = neither sincere nor insincere,1 = very unethical,2 = somewhat unlikeable,3 = neither approachable nor unapproachable,1 = very confident the findings are false,5 = very honest,3 = neither sincere nor insincere,5 = very ethical,4 = somewhat likeable,4 = somewhat approachable,reporting researcher (S),reporting researcher (S),neither reported (K) nor reporting researcher (S),reporting researcher (S),reporting researcher (S),reporting researcher (S),reporting researcher (S),reporting researcher (S),reporting researcher (S),1 = very dishonest,1 = very insincere,1 = very unethical,2 = somewhat unlikeable,2 = somewhat unapproachable,1 = very confident the findings are false,5 = very honest,5 = very sincere,5 = very ethical,4 = somewhat likeable,4 = somewhat approachable,reporting researcher (F),reporting researcher (F),neither reported (H) nor reporting researcher (F),reporting researcher (F),reporting researcher (F),reporting researcher (F),reporting researcher (F),reporting researcher (F),reporting researcher (F),1 = very dishonest,1 = very insincere,1 = very unethical,1 = very unlikeable,2 = somewhat unapproachable,1 = very confident the findings are false,5 = very honest,5 = very sincere,5 = very ethical,5 = very likeable,4 = somewhat approachable,reporting researcher (Y),reporting researcher (Y),neither reported (X) nor reporting researcher (Y),reporting researcher (Y),reporting researcher (Y),reporting researcher (Y),reporting researcher (Y),reporting researcher (Y),reporting researcher (Y),Somewhat disagree,No,Black or African-American,,Woman,,Some college credit or technical school degree,Strongly Liberal,Heterosexual/straight,,19,Protestantism (Christian),,complete,,81773,0,0,,0,
2/18/2026 15:37,2/18/2026 15:43,IP Address,100,343,TRUE,2/18/2026 15:43,R_62Pyw5gnqTg2UuF,anonymous,EN,1,"Yes, I consent",2 = somewhat dishonest,2 = somewhat insincere,2 = somewhat unethical,3 = neither likeable nor unlikeable,3 = neither approachable nor unapproachable,3 = could go either way,4 = somewhat honest,4 = somewhat sincere,3 = neither ethical nor unethical,3 = neither likeable nor unlikeable,3 = neither approachable nor unapproachable,neither reported (K) nor reporting researcher (S),reporting researcher (S),reported researcher (K),neither reported (K) nor reporting researcher (S),reporting researcher (S),reporting researcher (S),reported researcher (K),reported researcher (K),reported researcher (K),2 = somewhat dishonest,2 = somewhat insincere,3 = neither ethical nor unethical,2 = somewhat unlikeable,3 = neither approachable nor unapproachable,2 = somewhat confident the findings are false,4 = somewhat honest,4 = somewhat sincere,4 = somewhat ethical,3 = neither likeable nor unlikeable,3 = neither approachable nor unapproachable,neither reported (H) nor reporting researcher (F),reporting researcher (F),reported researcher (H),reporting researcher (F),reporting researcher (F),reported researcher (H),reported researcher (H),reported researcher (H),reported researcher (H),1 = very dishonest,1 = very insincere,1 = very unethical,2 = somewhat unlikeable,3 = neither approachable nor unapproachable,1 = very confident the findings are false,4 = somewhat honest,4 = somewhat sincere,4 = somewhat ethical,3 = neither likeable nor unlikeable,3 = neither approachable nor unapproachable,neither reported (X) nor reporting researcher (Y),reporting researcher (Y),reported researcher (X),reporting researcher (Y),reporting researcher (Y),reporting researcher (Y),neither reported (X) nor reporting researcher (Y),reporting researcher (Y),reported researcher (X),Somewhat disagree,No,Middle Eastern,,Man,,High School Diploma or GED,Centrist,Heterosexual/straight,,20,Islam,,complete,,81899,0,0,,0,
2/18/2026 16:19,2/18/2026 16:24,IP Address,100,263,TRUE,2/18/2026 16:24,R_5K2hsb2HceZe39T,anonymous,EN,1,"Yes, I consent",3 = neither honest nor dishonest,3 = neither sincere nor insincere,3 = neither ethical nor unethical,3 = neither likeable nor unlikeable,3 = neither approachable nor unapproachable,3 = could go either way,3 = neither honest nor dishonest,3 = neither sincere nor insincere,3 = neither ethical nor unethical,3 = neither likeable nor unlikeable,3 = neither approachable nor unapproachable,reported researcher (K),reported researcher (K),reporting researcher (S),reported researcher (K),neither reported (K) nor reporting researcher (S),reported researcher (K),reported researcher (K),reported researcher (K),reported researcher (K),3 = neither honest nor dishonest,3 = neither sincere nor insincere,3 = neither ethical nor unethical,3 = neither likeable nor unlikeable,3 = neither approachable nor unapproachable,3 = could go either way,3 = neither honest nor dishonest,3 = neither sincere nor insincere,3 = neither ethical nor unethical,3 = neither likeable nor unlikeable,3 = neither approachable nor unapproachable,reporting researcher (F),reporting researcher (F),reporting researcher (F),neither reported (H) nor reporting researcher (F),reported researcher (H),reported researcher (H),reporting researcher (F),reported researcher (H),reporting researcher (F),3 = neither honest nor dishonest,2 = somewhat insincere,4 = somewhat ethical,2 = somewhat unlikeable,4 = somewhat approachable,1 = very confident the findings are false,1 = very dishonest,2 = somewhat insincere,3 = neither ethical nor unethical,4 = somewhat likeable,5 = very approachable,reported researcher (X),neither reported (X) nor reporting researcher (Y),reporting researcher (Y),reported researcher (X),reported researcher (X),neither reported (X) nor reporting researcher (Y),reporting researcher (Y),reported researcher (X),reporting researcher (Y),strongly disagree,No,White,,Woman,,High School Diploma or GED,Conservative,Heterosexual/straight,,21,Protestantism (Christian),,complete,,81647,0,0,,0,
2/18/2026 17:33,2/18/2026 17:38,IP Address,100,289,TRUE,2/18/2026 17:38,R_7hjHzXrINNvbK8N,anonymous,EN,1,"Yes, I consent",5 = very honest,3 = neither sincere nor insincere,3 = neither ethical nor unethical,2 = somewhat unlikeable,4 = somewhat approachable,3 = could go either way,3 = neither honest nor dishonest,3 = neither sincere nor insincere,2 = somewhat unethical,4 = somewhat likeable,2 = somewhat unapproachable,neither reported (K) nor reporting researcher (S),reporting researcher (S),reported researcher (K),reporting researcher (S),neither reported (K) nor reporting researcher (S),reported researcher (K),reported researcher (K),reported researcher (K),reported researcher (K),1 = very dishonest,3 = neither sincere nor insincere,2 = somewhat unethical,4 = somewhat likeable,3 = neither approachable nor unapproachable,2 = somewhat confident the findings are false,3 = neither honest nor dishonest,4 = somewhat sincere,2 = somewhat unethical,3 = neither likeable nor unlikeable,3 = neither approachable nor unapproachable,reported researcher (H),reporting researcher (F),neither reported (H) nor reporting researcher (F),reported researcher (H),neither reported (H) nor reporting researcher (F),reported researcher (H),neither reported (H) nor reporting researcher (F),reporting researcher (F),reported researcher (H),2 = somewhat dishonest,3 = neither sincere nor insincere,3 = neither ethical nor unethical,3 = neither likeable nor unlikeable,4 = somewhat approachable,2 = somewhat confident the findings are false,3 = neither honest nor dishonest,3 = neither sincere nor insincere,2 = somewhat unethical,4 = somewhat likeable,2 = somewhat unapproachable,reporting researcher (Y),reported researcher (X),neither reported (X) nor reporting researcher (Y),neither reported (X) nor reporting researcher (Y),reporting researcher (Y),reporting researcher (Y),reported researcher (X),reporting researcher (Y),reported researcher (X),Somewhat disagree,No,White,,Woman,,Some college credit or technical school degree,Conservative,Heterosexual/straight,,19,Protestantism (Christian),,complete,,81574,0,0,,0,
2/18/2026 20:26,2/18/2026 20:37,IP Address,100,706,TRUE,2/18/2026 20:37,R_5nVg3qjxQTgMzNl,anonymous,EN,1,"Yes, I consent",3 = neither honest nor dishonest,2 = somewhat insincere,2 = somewhat unethical,2 = somewhat unlikeable,2 = somewhat unapproachable,2 = somewhat confident the findings are false,5 = very honest,5 = very sincere,5 = very ethical,5 = very likeable,3 = neither approachable nor unapproachable,reporting researcher (S),reporting researcher (S),reporting researcher (S),reporting researcher (S),reporting researcher (S),reporting researcher (S),reporting researcher (S),reporting researcher (S),reporting researcher (S),1 = very dishonest,2 = somewhat insincere,1 = very unethical,2 = somewhat unlikeable,3 = neither approachable nor unapproachable,2 = somewhat confident the findings are false,5 = very honest,5 = very sincere,5 = very ethical,4 = somewhat likeable,3 = neither approachable nor unapproachable,reporting researcher (F),reporting researcher (F),reporting researcher (F),reporting researcher (F),reporting researcher (F),reporting researcher (F),reporting researcher (F),reporting researcher (F),reporting researcher (F),1 = very dishonest,1 = very insincere,1 = very unethical,1 = very unlikeable,3 = neither approachable nor unapproachable,1 = very confident the findings are false,5 = very honest,5 = very sincere,4 = somewhat ethical,4 = somewhat likeable,3 = neither approachable nor unapproachable,reporting researcher (Y),reporting researcher (Y),reporting researcher (Y),reporting researcher (Y),reporting researcher (Y),reporting researcher (Y),reporting researcher (Y),reporting researcher (Y),reporting researcher (Y),Somewhat disagree,No,White,,Woman,,High School Diploma or GED,Strongly Conservative,Heterosexual/straight,,19,Protestantism (Christian),,complete,,81901,0,0,,0,
2/19/2026 9:53,2/19/2026 10:01,IP Address,100,475,TRUE,2/19/2026 10:01,R_1HoRVS3lAlAtw3v,anonymous,EN,1,"Yes, I consent",2 = somewhat dishonest,3 = neither sincere nor insincere,2 = somewhat unethical,2 = somewhat unlikeable,3 = neither approachable nor unapproachable,2 = somewhat confident the findings are false,4 = somewhat honest,4 = somewhat sincere,4 = somewhat ethical,3 = neither likeable nor unlikeable,3 = neither approachable nor unapproachable,neither reported (K) nor reporting researcher (S),reporting researcher (S),reported researcher (K),neither reported (K) nor reporting researcher (S),reporting researcher (S),reporting researcher (S),reporting researcher (S),reporting researcher (S),reporting researcher (S),1 = very dishonest,1 = very insincere,1 = very unethical,3 = neither likeable nor unlikeable,2 = somewhat unapproachable,1 = very confident the findings are false,5 = very honest,5 = very sincere,4 = somewhat ethical,3 = neither likeable nor unlikeable,4 = somewhat approachable,neither reported (H) nor reporting researcher (F),reporting researcher (F),neither reported (H) nor reporting researcher (F),reporting researcher (F),reporting researcher (F),reporting researcher (F),reported researcher (H),reporting researcher (F),reporting researcher (F),1 = very dishonest,1 = very insincere,1 = very unethical,2 = somewhat unlikeable,2 = somewhat unapproachable,1 = very confident the findings are false,4 = somewhat honest,3 = neither sincere nor insincere,4 = somewhat ethical,3 = neither likeable nor unlikeable,3 = neither approachable nor unapproachable,neither reported (X) nor reporting researcher (Y),reporting researcher (Y),neither reported (X) nor reporting researcher (Y),reporting researcher (Y),reporting researcher (Y),reporting researcher (Y),reporting researcher (Y),reporting researcher (Y),reporting researcher (Y),Somewhat disagree,No,White,,Man,,Some college credit or technical school degree,Conservative,Heterosexual/straight,,20,Protestantism (Christian),,complete,,81737,0,0,,0,
2/19/2026 12:39,2/19/2026 12:59,IP Address,100,1201,TRUE,2/19/2026 12:59,R_1MsV6xaDRSGO2hu,anonymous,EN,1,"Yes, I consent",4 = somewhat honest,2 = somewhat insincere,2 = somewhat unethical,2 = somewhat unlikeable,4 = somewhat approachable,5 = very confident the findings are true,5 = very honest,5 = very sincere,4 = somewhat ethical,4 = somewhat likeable,5 = very approachable,reporting researcher (S),reporting researcher (S),reported researcher (K),reporting researcher (S),reporting researcher (S),reported researcher (K),reporting researcher (S),reporting researcher (S),reporting researcher (S),2 = somewhat dishonest,2 = somewhat insincere,2 = somewhat unethical,2 = somewhat unlikeable,4 = somewhat approachable,1 = very confident the findings are false,5 = very honest,5 = very sincere,4 = somewhat ethical,4 = somewhat likeable,5 = very approachable,reported researcher (H),reporting researcher (F),reported researcher (H),reporting researcher (F),neither reported (H) nor reporting researcher (F),reported researcher (H),reporting researcher (F),reporting researcher (F),reporting researcher (F),2 = somewhat dishonest,2 = somewhat insincere,1 = very unethical,2 = somewhat unlikeable,3 = neither approachable nor unapproachable,4 = somewhat confident the findings are true,5 = very honest,4 = somewhat sincere,4 = somewhat ethical,4 = somewhat likeable,5 = very approachable,neither reported (X) nor reporting researcher (Y),reporting researcher (Y),reporting researcher (Y),neither reported (X) nor reporting researcher (Y),reporting researcher (Y),reported researcher (X),reporting researcher (Y),reporting researcher (Y),reporting researcher (Y),Somewhat disagree,Yes,White,,Woman,,High School Diploma or GED,Centrist,Heterosexual/straight,,19,Protestantism (Christian),,complete,,81530,0,0,,0,
2/19/2026 13:08,2/19/2026 13:14,IP Address,100,405,TRUE,2/19/2026 13:14,R_3wyLI2l3MR223Pv,anonymous,EN,1,"Yes, I consent",4 = somewhat honest,4 = somewhat sincere,4 = somewhat ethical,3 = neither likeable nor unlikeable,2 = somewhat unapproachable,3 = could go either way,4 = somewhat honest,4 = somewhat sincere,4 = somewhat ethical,3 = neither likeable nor unlikeable,3 = neither approachable nor unapproachable,reporting researcher (S),neither reported (K) nor reporting researcher (S),reporting researcher (S),neither reported (K) nor reporting researcher (S),reporting researcher (S),reporting researcher (S),reported researcher (K),reporting researcher (S),reporting researcher (S),2 = somewhat dishonest,2 = somewhat insincere,2 = somewhat unethical,2 = somewhat unlikeable,2 = somewhat unapproachable,1 = very confident the findings are false,5 = very honest,5 = very sincere,5 = very ethical,4 = somewhat likeable,4 = somewhat approachable,reporting researcher (F),reporting researcher (F),reporting researcher (F),neither reported (H) nor reporting researcher (F),reporting researcher (F),reporting researcher (F),reporting researcher (F),reporting researcher (F),reporting researcher (F),1 = very dishonest,1 = very insincere,1 = very unethical,2 = somewhat unlikeable,3 = neither approachable nor unapproachable,1 = very confident the findings are false,5 = very honest,4 = somewhat sincere,4 = somewhat ethical,3 = neither likeable nor unlikeable,3 = neither approachable nor unapproachable,reporting researcher (Y),reporting researcher (Y),reporting researcher (Y),neither reported (X) nor reporting researcher (Y),reporting researcher (Y),reporting researcher (Y),reporting researcher (Y),reporting researcher (Y),reporting researcher (Y),Somewhat disagree,No,White,,Woman,,High School Diploma or GED,Conservative,Heterosexual/straight,,18,Protestantism (Christian),,complete,,81586,0,0,,0,
2/19/2026 13:07,2/19/2026 13:20,IP Address,100,728,TRUE,2/19/2026 13:20,R_5qV3tUbSifntnXQ,anonymous,EN,1,"Yes, I consent",5 = very honest,5 = very sincere,5 = very ethical,5 = very likeable,5 = very approachable,4 = somewhat confident the findings are true,5 = very honest,5 = very sincere,5 = very ethical,5 = very likeable,4 = somewhat approachable,neither reported (K) nor reporting researcher (S),neither reported (K) nor reporting researcher (S),neither reported (K) nor reporting researcher (S),neither reported (K) nor reporting researcher (S),neither reported (K) nor reporting researcher (S),reporting researcher (S),reporting researcher (S),reporting researcher (S),reporting researcher (S),1 = very dishonest,1 = very insincere,1 = very unethical,3 = neither likeable nor unlikeable,3 = neither approachable nor unapproachable,1 = very confident the findings are false,5 = very honest,5 = very sincere,5 = very ethical,5 = very likeable,5 = very approachable,neither reported (H) nor reporting researcher (F),neither reported (H) nor reporting researcher (F),neither reported (H) nor reporting researcher (F),reporting researcher (F),reporting researcher (F),reporting researcher (F),reporting researcher (F),reporting researcher (F),reporting researcher (F),1 = very dishonest,1 = very insincere,1 = very unethical,3 = neither likeable nor unlikeable,3 = neither approachable nor unapproachable,1 = very confident the findings are false,5 = very honest,5 = very sincere,5 = very ethical,5 = very likeable,5 = very approachable,neither reported (X) nor reporting researcher (Y),reporting researcher (Y),neither reported (X) nor reporting researcher (Y),reporting researcher (Y),reporting researcher (Y),reporting researcher (Y),reporting researcher (Y),reporting researcher (Y),reporting researcher (Y),Somewhat disagree,Yes,White,,Woman,,Some college credit or technical school degree,Strongly Conservative,Heterosexual/straight,,19,Protestantism (Christian),,complete,,81609,0,0,,0,
2/19/2026 13:28,2/19/2026 13:34,IP Address,100,306,TRUE,2/19/2026 13:34,R_70iIQO1CABMGrkZ,anonymous,EN,0.699999988,"Yes, I consent",3 = neither honest nor dishonest,3 = neither sincere nor insincere,3 = neither ethical nor unethical,3 = neither likeable nor unlikeable,3 = neither approachable nor unapproachable,3 = could go either way,3 = neither honest nor dishonest,3 = neither sincere nor insincere,3 = neither ethical nor unethical,3 = neither likeable nor unlikeable,3 = neither approachable nor unapproachable,neither reported (K) nor reporting researcher (S),neither reported (K) nor reporting researcher (S),neither reported (K) nor reporting researcher (S),neither reported (K) nor reporting researcher (S),neither reported (K) nor reporting researcher (S),neither reported (K) nor reporting researcher (S),neither reported (K) nor reporting researcher (S),neither reported (K) nor reporting researcher (S),neither reported (K) nor reporting researcher (S),3 = neither honest nor dishonest,3 = neither sincere nor insincere,3 = neither ethical nor unethical,3 = neither likeable nor unlikeable,3 = neither approachable nor unapproachable,3 = could go either way,3 = neither honest nor dishonest,3 = neither sincere nor insincere,3 = neither ethical nor unethical,3 = neither likeable nor unlikeable,3 = neither approachable nor unapproachable,neither reported (H) nor reporting researcher (F),neither reported (H) nor reporting researcher (F),neither reported (H) nor reporting researcher (F),neither reported (H) nor reporting researcher (F),neither reported (H) nor reporting researcher (F),neither reported (H) nor reporting researcher (F),neither reported (H) nor reporting researcher (F),neither reported (H) nor reporting researcher (F),neither reported (H) nor reporting researcher (F),2 = somewhat dishonest,3 = neither sincere nor insincere,3 = neither ethical nor unethical,3 = neither likeable nor unlikeable,3 = neither approachable nor unapproachable,3 = could go either way,3 = neither honest nor dishonest,3 = neither sincere nor insincere,3 = neither ethical nor unethical,3 = neither likeable nor unlikeable,3 = neither approachable nor unapproachable,neither reported (X) nor reporting researcher (Y),neither reported (X) nor reporting researcher (Y),neither reported (X) nor reporting researcher (Y),neither reported (X) nor reporting researcher (Y),neither reported (X) nor reporting researcher (Y),neither reported (X) nor reporting researcher (Y),neither reported (X) nor reporting researcher (Y),neither reported (X) nor reporting researcher (Y),neither reported (X) nor reporting researcher (Y),Somewhat disagree,Don’t Know,Black or African-American,,Man,,High School Diploma or GED,Centrist,Heterosexual/straight,,18,Protestantism (Christian),,complete,,81498,0,0,,0,
2/19/2026 20:13,2/19/2026 20:30,IP Address,100,992,TRUE,2/19/2026 20:30,R_3U58DoghbrhEed4,anonymous,EN,0.699999988,"Yes, I consent",3 = neither honest nor dishonest,2 = somewhat insincere,3 = neither ethical nor unethical,3 = neither likeable nor unlikeable,3 = neither approachable nor unapproachable,4 = somewhat confident the findings are true,4 = somewhat honest,4 = somewhat sincere,3 = neither ethical nor unethical,3 = neither likeable nor unlikeable,3 = neither approachable nor unapproachable,reporting researcher (S),reporting researcher (S),reporting researcher (S),reporting researcher (S),reporting researcher (S),reported researcher (K),reporting researcher (S),reporting researcher (S),reporting researcher (S),2 = somewhat dishonest,2 = somewhat insincere,3 = neither ethical nor unethical,3 = neither likeable nor unlikeable,3 = neither approachable nor unapproachable,2 = somewhat confident the findings are false,4 = somewhat honest,4 = somewhat sincere,4 = somewhat ethical,3 = neither likeable nor unlikeable,3 = neither approachable nor unapproachable,neither reported (H) nor reporting researcher (F),reporting researcher (F),reported researcher (H),reporting researcher (F),reporting researcher (F),reporting researcher (F),reporting researcher (F),reporting researcher (F),reporting researcher (F),1 = very dishonest,1 = very insincere,1 = very unethical,2 = somewhat unlikeable,3 = neither approachable nor unapproachable,1 = very confident the findings are false,5 = very honest,4 = somewhat sincere,4 = somewhat ethical,3 = neither likeable nor unlikeable,3 = neither approachable nor unapproachable,reporting researcher (Y),reporting researcher (Y),reported researcher (X),reporting researcher (Y),reporting researcher (Y),reporting researcher (Y),reported researcher (X),reporting researcher (Y),reporting researcher (Y),Somewhat disagree,No,White,,Woman,,Some college credit or technical school degree,Conservative,Heterosexual/straight,,19,Protestantism (Christian),,complete,,81175,0,0,,0,
2/20/2026 7:56,2/20/2026 8:54,IP Address,100,3465,TRUE,2/20/2026 8:54,R_1f7cdOTZr5f4NEm,anonymous,EN,1,"Yes, I consent",3 = neither honest nor dishonest,3 = neither sincere nor insincere,3 = neither ethical nor unethical,3 = neither likeable nor unlikeable,3 = neither approachable nor unapproachable,3 = could go either way,3 = neither honest nor dishonest,3 = neither sincere nor insincere,3 = neither ethical nor unethical,3 = neither likeable nor unlikeable,3 = neither approachable nor unapproachable,neither reported (K) nor reporting researcher (S),neither reported (K) nor reporting researcher (S),neither reported (K) nor reporting researcher (S),neither reported (K) nor reporting researcher (S),neither reported (K) nor reporting researcher (S),neither reported (K) nor reporting researcher (S),neither reported (K) nor reporting researcher (S),neither reported (K) nor reporting researcher (S),neither reported (K) nor reporting researcher (S),3 = neither honest nor dishonest,3 = neither sincere nor insincere,3 = neither ethical nor unethical,3 = neither likeable nor unlikeable,3 = neither approachable nor unapproachable,3 = could go either way,3 = neither honest nor dishonest,4 = somewhat sincere,3 = neither ethical nor unethical,3 = neither likeable nor unlikeable,3 = neither approachable nor unapproachable,neither reported (H) nor reporting researcher (F),neither reported (H) nor reporting researcher (F),neither reported (H) nor reporting researcher (F),neither reported (H) nor reporting researcher (F),neither reported (H) nor reporting researcher (F),neither reported (H) nor reporting researcher (F),neither reported (H) nor reporting researcher (F),neither reported (H) nor reporting researcher (F),neither reported (H) nor reporting researcher (F),3 = neither honest nor dishonest,3 = neither sincere nor insincere,3 = neither ethical nor unethical,3 = neither likeable nor unlikeable,3 = neither approachable nor unapproachable,3 = could go either way,3 = neither honest nor dishonest,3 = neither sincere nor insincere,3 = neither ethical nor unethical,3 = neither likeable nor unlikeable,3 = neither approachable nor unapproachable,neither reported (X) nor reporting researcher (Y),neither reported (X) nor reporting researcher (Y),neither reported (X) nor reporting researcher (Y),neither reported (X) nor reporting researcher (Y),neither reported (X) nor reporting researcher (Y),neither reported (X) nor reporting researcher (Y),neither reported (X) nor reporting researcher (Y),neither reported (X) nor reporting researcher (Y),neither reported (X) nor reporting researcher (Y),Somewhat disagree,No,White,,Woman,,Some college credit or technical school degree,Lean Liberal,Heterosexual/straight,,19,Protestantism (Christian),,complete,,81785,0,0,,0,
2/19/2026 10:23,2/20/2026 9:33,IP Address,100,83436,TRUE,2/20/2026 9:33,R_1DUR2GMC6hfQKCQ,anonymous,EN,1,"Yes, I consent",2 = somewhat dishonest,2 = somewhat insincere,2 = somewhat unethical,3 = neither likeable nor unlikeable,3 = neither approachable nor unapproachable,3 = could go either way,4 = somewhat honest,4 = somewhat sincere,5 = very ethical,3 = neither likeable nor unlikeable,3 = neither approachable nor unapproachable,neither reported (K) nor reporting researcher (S),neither reported (K) nor reporting researcher (S),neither reported (K) nor reporting researcher (S),reporting researcher (S),reporting researcher (S),neither reported (K) nor reporting researcher (S),neither reported (K) nor reporting researcher (S),neither reported (K) nor reporting researcher (S),neither reported (K) nor reporting researcher (S),2 = somewhat dishonest,2 = somewhat insincere,2 = somewhat unethical,3 = neither likeable nor unlikeable,3 = neither approachable nor unapproachable,3 = could go either way,3 = neither honest nor dishonest,4 = somewhat sincere,4 = somewhat ethical,3 = neither likeable nor unlikeable,3 = neither approachable nor unapproachable,neither reported (H) nor reporting researcher (F),neither reported (H) nor reporting researcher (F),neither reported (H) nor reporting researcher (F),neither reported (H) nor reporting researcher (F),reporting researcher (F),neither reported (H) nor reporting researcher (F),neither reported (H) nor reporting researcher (F),neither reported (H) nor reporting researcher (F),neither reported (H) nor reporting researcher (F),1 = very dishonest,1 = very insincere,1 = very unethical,3 = neither likeable nor unlikeable,3 = neither approachable nor unapproachable,3 = could go either way,4 = somewhat honest,4 = somewhat sincere,5 = very ethical,3 = neither likeable nor unlikeable,3 = neither approachable nor unapproachable,neither reported (X) nor reporting researcher (Y),neither reported (X) nor reporting researcher (Y),neither reported (X) nor reporting researcher (Y),reporting researcher (Y),reporting researcher (Y),neither reported (X) nor reporting researcher (Y),neither reported (X) nor reporting researcher (Y),neither reported (X) nor reporting researcher (Y),neither reported (X) nor reporting researcher (Y),Somewhat disagree,No,White,,Man,,Some college credit or technical school degree,,,,23,,,complete,,81117,0,0,,0.042857143,"QID1219732974,QID76,QID79"
2/19/2026 12:15,2/20/2026 9:54,IP Address,100,77982,TRUE,2/20/2026 9:54,R_37MWK56CetR6Zrj,anonymous,EN,1,"Yes, I consent",3 = neither honest nor dishonest,3 = neither sincere nor insincere,3 = neither ethical nor unethical,3 = neither likeable nor unlikeable,3 = neither approachable nor unapproachable,3 = could go either way,4 = somewhat honest,4 = somewhat sincere,3 = neither ethical nor unethical,3 = neither likeable nor unlikeable,3 = neither approachable nor unapproachable,neither reported (K) nor reporting researcher (S),neither reported (K) nor reporting researcher (S),neither reported (K) nor reporting researcher (S),neither reported (K) nor reporting researcher (S),neither reported (K) nor reporting researcher (S),neither reported (K) nor reporting researcher (S),neither reported (K) nor reporting researcher (S),neither reported (K) nor reporting researcher (S),neither reported (K) nor reporting researcher (S),3 = neither honest nor dishonest,3 = neither sincere nor insincere,3 = neither ethical nor unethical,3 = neither likeable nor unlikeable,3 = neither approachable nor unapproachable,3 = could go either way,3 = neither honest nor dishonest,3 = neither sincere nor insincere,3 = neither ethical nor unethical,3 = neither likeable nor unlikeable,3 = neither approachable nor unapproachable,neither reported (H) nor reporting researcher (F),neither reported (H) nor reporting researcher (F),neither reported (H) nor reporting researcher (F),neither reported (H) nor reporting researcher (F),neither reported (H) nor reporting researcher (F),neither reported (H) nor reporting researcher (F),neither reported (H) nor reporting researcher (F),neither reported (H) nor reporting researcher (F),neither reported (H) nor reporting researcher (F),3 = neither honest nor dishonest,3 = neither sincere nor insincere,3 = neither ethical nor unethical,3 = neither likeable nor unlikeable,3 = neither approachable nor unapproachable,3 = could go either way,3 = neither honest nor dishonest,3 = neither sincere nor insincere,3 = neither ethical nor unethical,3 = neither likeable nor unlikeable,3 = neither approachable nor unapproachable,neither reported (X) nor reporting researcher (Y),neither reported (X) nor reporting researcher (Y),neither reported (X) nor reporting researcher (Y),neither reported (X) nor reporting researcher (Y),neither reported (X) nor reporting researcher (Y),neither reported (X) nor reporting researcher (Y),neither reported (X) nor reporting researcher (Y),neither reported (X) nor reporting researcher (Y),neither reported (X) nor reporting researcher (Y),Somewhat disagree,No,White,,Woman,,High School Diploma or GED,Conservative,Heterosexual/straight,,19,Protestantism (Christian),,complete,,81261,0,0,,0,
2/20/2026 10:16,2/20/2026 10:31,IP Address,100,890,TRUE,2/20/2026 10:31,R_5fvTkRRoXyQho6M,anonymous,EN,1,"Yes, I consent",2 = somewhat dishonest,2 = somewhat insincere,1 = very unethical,2 = somewhat unlikeable,2 = somewhat unapproachable,2 = somewhat confident the findings are false,4 = somewhat honest,4 = somewhat sincere,4 = somewhat ethical,4 = somewhat likeable,4 = somewhat approachable,reporting researcher (S),neither reported (K) nor reporting researcher (S),reported researcher (K),reporting researcher (S),reporting researcher (S),reporting researcher (S),reported researcher (K),reported researcher (K),reported researcher (K),1 = very dishonest,1 = very insincere,1 = very unethical,1 = very unlikeable,1 = very unapproachable,1 = very confident the findings are false,5 = very honest,5 = very sincere,5 = very ethical,5 = very likeable,5 = very approachable,reporting researcher (F),reporting researcher (F),reported researcher (H),reporting researcher (F),reporting researcher (F),reporting researcher (F),neither reported (H) nor reporting researcher (F),reporting researcher (F),neither reported (H) nor reporting researcher (F),1 = very dishonest,1 = very insincere,1 = very unethical,1 = very unlikeable,1 = very unapproachable,1 = very confident the findings are false,5 = very honest,5 = very sincere,5 = very ethical,5 = very likeable,5 = very approachable,reporting researcher (Y),reporting researcher (Y),reported researcher (X),reporting researcher (Y),reporting researcher (Y),reporting researcher (Y),neither reported (X) nor reporting researcher (Y),reporting researcher (Y),reporting researcher (Y),Somewhat disagree,No,White,,Woman,,High School Diploma or GED,Liberal,Heterosexual/straight,,19,Protestantism (Christian),,complete,,81491,0,0,,0,
2/20/2026 10:25,2/20/2026 10:51,IP Address,100,1506,TRUE,2/20/2026 10:51,R_6q8XUgZOmD6h17C,anonymous,EN,1,"Yes, I consent",4 = somewhat honest,4 = somewhat sincere,2 = somewhat unethical,3 = neither likeable nor unlikeable,4 = somewhat approachable,3 = could go either way,5 = very honest,5 = very sincere,5 = very ethical,4 = somewhat likeable,4 = somewhat approachable,reporting researcher (S),reporting researcher (S),reported researcher (K),reporting researcher (S),neither reported (K) nor reporting researcher (S),reporting researcher (S),neither reported (K) nor reporting researcher (S),reporting researcher (S),reporting researcher (S),1 = very dishonest,1 = very insincere,1 = very unethical,2 = somewhat unlikeable,2 = somewhat unapproachable,1 = very confident the findings are false,5 = very honest,5 = very sincere,5 = very ethical,4 = somewhat likeable,4 = somewhat approachable,reporting researcher (F),reporting researcher (F),neither reported (H) nor reporting researcher (F),reporting researcher (F),reporting researcher (F),reporting researcher (F),neither reported (H) nor reporting researcher (F),reporting researcher (F),reporting researcher (F),1 = very dishonest,1 = very insincere,1 = very unethical,1 = very unlikeable,1 = very unapproachable,1 = very confident the findings are false,5 = very honest,5 = very sincere,5 = very ethical,4 = somewhat likeable,4 = somewhat approachable,reporting researcher (Y),reporting researcher (Y),reported researcher (X),reporting researcher (Y),reporting researcher (Y),reporting researcher (Y),neither reported (X) nor reporting researcher (Y),reporting researcher (Y),reporting researcher (Y),Somewhat disagree,No,White,,Woman,,High School Diploma or GED,Conservative,Heterosexual/straight,,19,Catholicism,,complete,,81924,0,0,,0,
2/20/2026 11:22,2/20/2026 11:28,IP Address,100,373,TRUE,2/20/2026 11:28,R_7343qxNQEEOSOui,anonymous,EN,1,"Yes, I consent",3 = neither honest nor dishonest,3 = neither sincere nor insincere,3 = neither ethical nor unethical,3 = neither likeable nor unlikeable,3 = neither approachable nor unapproachable,3 = could go either way,2 = somewhat dishonest,3 = neither sincere nor insincere,2 = somewhat unethical,2 = somewhat unlikeable,3 = neither approachable nor unapproachable,reported researcher (K),reported researcher (K),reported researcher (K),reported researcher (K),reported researcher (K),reported researcher (K),reporting researcher (S),reporting researcher (S),reporting researcher (S),1 = very dishonest,1 = very insincere,1 = very unethical,1 = very unlikeable,3 = neither approachable nor unapproachable,1 = very confident the findings are false,5 = very honest,5 = very sincere,5 = very ethical,4 = somewhat likeable,3 = neither approachable nor unapproachable,reporting researcher (F),reporting researcher (F),reporting researcher (F),reporting researcher (F),reporting researcher (F),reporting researcher (F),reported researcher (H),reported researcher (H),reporting researcher (F),1 = very dishonest,1 = very insincere,1 = very unethical,1 = very unlikeable,1 = very unapproachable,1 = very confident the findings are false,5 = very honest,5 = very sincere,5 = very ethical,5 = very likeable,3 = neither approachable nor unapproachable,reporting researcher (Y),reporting researcher (Y),reporting researcher (Y),reporting researcher (Y),reporting researcher (Y),reporting researcher (Y),reported researcher (X),reporting researcher (Y),reporting researcher (Y),Somewhat disagree,No,White,,Man,,Some college credit or technical school degree,Conservative,Heterosexual/straight,,20,Other,Freewill Baptist,complete,,81967,0,0,,0,
2/20/2026 11:56,2/20/2026 12:01,IP Address,100,303,TRUE,2/20/2026 12:01,R_7HjNU3Ln9Pojmr9,anonymous,EN,1,"Yes, I consent",3 = neither honest nor dishonest,3 = neither sincere nor insincere,3 = neither ethical nor unethical,3 = neither likeable nor unlikeable,2 = somewhat unapproachable,4 = somewhat confident the findings are true,4 = somewhat honest,4 = somewhat sincere,3 = neither ethical nor unethical,4 = somewhat likeable,3 = neither approachable nor unapproachable,neither reported (K) nor reporting researcher (S),neither reported (K) nor reporting researcher (S),reported researcher (K),neither reported (K) nor reporting researcher (S),neither reported (K) nor reporting researcher (S),neither reported (K) nor reporting researcher (S),reported researcher (K),neither reported (K) nor reporting researcher (S),reporting researcher (S),2 = somewhat dishonest,2 = somewhat insincere,2 = somewhat unethical,3 = neither likeable nor unlikeable,3 = neither approachable nor unapproachable,2 = somewhat confident the findings are false,3 = neither honest nor dishonest,2 = somewhat insincere,4 = somewhat ethical,4 = somewhat likeable,3 = neither approachable nor unapproachable,neither reported (H) nor reporting researcher (F),neither reported (H) nor reporting researcher (F),reported researcher (H),neither reported (H) nor reporting researcher (F),reporting researcher (F),reporting researcher (F),neither reported (H) nor reporting researcher (F),reporting researcher (F),reporting researcher (F),3 = neither honest nor dishonest,2 = somewhat insincere,4 = somewhat ethical,3 = neither likeable nor unlikeable,3 = neither approachable nor unapproachable,4 = somewhat confident the findings are true,2 = somewhat dishonest,2 = somewhat insincere,2 = somewhat unethical,3 = neither likeable nor unlikeable,3 = neither approachable nor unapproachable,neither reported (X) nor reporting researcher (Y),reported researcher (X),reported researcher (X),neither reported (X) nor reporting researcher (Y),neither reported (X) nor reporting researcher (Y),neither reported (X) nor reporting researcher (Y),neither reported (X) nor reporting researcher (Y),reporting researcher (Y),reported researcher (X),Somewhat disagree,No,White,,Woman,,Some college credit or technical school degree,Conservative,Heterosexual/straight,,19,Protestantism (Christian),,complete,,81043,0,0,,0,
2/20/2026 12:19,2/20/2026 12:26,IP Address,100,431,TRUE,2/20/2026 12:26,R_6hb2afEplEItVp7,anonymous,EN,1,"Yes, I consent",2 = somewhat dishonest,2 = somewhat insincere,2 = somewhat unethical,3 = neither likeable nor unlikeable,4 = somewhat approachable,2 = somewhat confident the findings are false,5 = very honest,4 = somewhat sincere,5 = very ethical,5 = very likeable,4 = somewhat approachable,reporting researcher (S),neither reported (K) nor reporting researcher (S),reported researcher (K),reporting researcher (S),neither reported (K) nor reporting researcher (S),reporting researcher (S),reported researcher (K),reporting researcher (S),neither reported (K) nor reporting researcher (S),2 = somewhat dishonest,2 = somewhat insincere,1 = very unethical,2 = somewhat unlikeable,1 = very unapproachable,1 = very confident the findings are false,5 = very honest,5 = very sincere,5 = very ethical,5 = very likeable,5 = very approachable,reporting researcher (F),reporting researcher (F),reporting researcher (F),reporting researcher (F),reporting researcher (F),reporting researcher (F),reporting researcher (F),reporting researcher (F),reporting researcher (F),1 = very dishonest,1 = very insincere,1 = very unethical,1 = very unlikeable,1 = very unapproachable,1 = very confident the findings are false,5 = very honest,5 = very sincere,5 = very ethical,5 = very likeable,5 = very approachable,reporting researcher (Y),reporting researcher (Y),neither reported (X) nor reporting researcher (Y),reporting researcher (Y),reporting researcher (Y),reporting researcher (Y),reporting researcher (Y),reporting researcher (Y),reporting researcher (Y),Somewhat disagree,No,White,,Woman,,Some college credit or technical school degree,Lean Conservative,Heterosexual/straight,,19,Other,Non denominational ,complete,,81245,0,0,,0,
2/20/2026 13:50,2/20/2026 13:57,IP Address,100,387,TRUE,2/20/2026 13:57,R_3lPk0GWtnBu8h0r,anonymous,EN,1,"Yes, I consent",2 = somewhat dishonest,2 = somewhat insincere,2 = somewhat unethical,2 = somewhat unlikeable,2 = somewhat unapproachable,2 = somewhat confident the findings are false,5 = very honest,5 = very sincere,5 = very ethical,5 = very likeable,5 = very approachable,reporting researcher (S),reporting researcher (S),reported researcher (K),reporting researcher (S),reporting researcher (S),reporting researcher (S),reporting researcher (S),reporting researcher (S),reporting researcher (S),1 = very dishonest,5 = very sincere,1 = very unethical,2 = somewhat unlikeable,2 = somewhat unapproachable,1 = very confident the findings are false,5 = very honest,5 = very sincere,5 = very ethical,5 = very likeable,5 = very approachable,reporting researcher (F),reporting researcher (F),reported researcher (H),reporting researcher (F),reporting researcher (F),reporting researcher (F),reporting researcher (F),reporting researcher (F),reporting researcher (F),1 = very dishonest,1 = very insincere,1 = very unethical,1 = very unlikeable,1 = very unapproachable,1 = very confident the findings are false,5 = very honest,5 = very sincere,5 = very ethical,5 = very likeable,5 = very approachable,reporting researcher (Y),reporting researcher (Y),reported researcher (X),reporting researcher (Y),reporting researcher (Y),reporting researcher (Y),reporting researcher (Y),reporting researcher (Y),reporting researcher (Y),Somewhat disagree,No,White,,Woman,,High School Diploma or GED,Conservative,Heterosexual/straight,,18,Catholicism,,complete,,81375,0,0,,0,
2/21/2026 11:32,2/21/2026 11:50,IP Address,100,1066,TRUE,2/21/2026 11:50,R_7Yx1CDTwFcS4YvJ,anonymous,EN,1,"Yes, I consent",3 = neither honest nor dishonest,4 = somewhat sincere,4 = somewhat ethical,3 = neither likeable nor unlikeable,2 = somewhat unapproachable,3 = could go either way,5 = very honest,5 = very sincere,4 = somewhat ethical,4 = somewhat likeable,4 = somewhat approachable,neither reported (K) nor reporting researcher (S),reporting researcher (S),neither reported (K) nor reporting researcher (S),neither reported (K) nor reporting researcher (S),reporting researcher (S),reporting researcher (S),reported researcher (K),reporting researcher (S),reported researcher (K),2 = somewhat dishonest,2 = somewhat insincere,1 = very unethical,2 = somewhat unlikeable,3 = neither approachable nor unapproachable,3 = could go either way,5 = very honest,4 = somewhat sincere,3 = neither ethical nor unethical,3 = neither likeable nor unlikeable,4 = somewhat approachable,neither reported (H) nor reporting researcher (F),reporting researcher (F),reported researcher (H),neither reported (H) nor reporting researcher (F),neither reported (H) nor reporting researcher (F),reporting researcher (F),reported researcher (H),reported researcher (H),reporting researcher (F),1 = very dishonest,1 = very insincere,1 = very unethical,1 = very unlikeable,3 = neither approachable nor unapproachable,1 = very confident the findings are false,5 = very honest,5 = very sincere,4 = somewhat ethical,4 = somewhat likeable,4 = somewhat approachable,reporting researcher (Y),reporting researcher (Y),reported researcher (X),reporting researcher (Y),reporting researcher (Y),reporting researcher (Y),reporting researcher (Y),reporting researcher (Y),reporting researcher (Y),Somewhat disagree,No,Black or African-American,,Woman,,Some college credit or technical school degree,Liberal,Heterosexual/straight,,19,Protestantism (Christian),,complete,,81371,0,0,,0,
2/21/2026 12:31,2/21/2026 13:11,IP Address,100,2438,TRUE,2/21/2026 13:11,R_5rNP9VDrn0QKsrF,anonymous,EN,1,"Yes, I consent",5 = very honest,4 = somewhat sincere,4 = somewhat ethical,4 = somewhat likeable,3 = neither approachable nor unapproachable,5 = very confident the findings are true,5 = very honest,4 = somewhat sincere,5 = very ethical,2 = somewhat unlikeable,3 = neither approachable nor unapproachable,neither reported (K) nor reporting researcher (S),reporting researcher (S),reporting researcher (S),reported researcher (K),reporting researcher (S),reporting researcher (S),reporting researcher (S),reporting researcher (S),reporting researcher (S),1 = very dishonest,1 = very insincere,1 = very unethical,1 = very unlikeable,3 = neither approachable nor unapproachable,1 = very confident the findings are false,5 = very honest,5 = very sincere,5 = very ethical,4 = somewhat likeable,4 = somewhat approachable,neither reported (H) nor reporting researcher (F),reporting researcher (F),reported researcher (H),reporting researcher (F),reporting researcher (F),reporting researcher (F),reporting researcher (F),reporting researcher (F),reporting researcher (F),1 = very dishonest,1 = very insincere,1 = very unethical,1 = very unlikeable,2 = somewhat unapproachable,1 = very confident the findings are false,5 = very honest,5 = very sincere,5 = very ethical,4 = somewhat likeable,4 = somewhat approachable,reporting researcher (Y),reporting researcher (Y),reporting researcher (Y),reporting researcher (Y),reporting researcher (Y),reporting researcher (Y),reporting researcher (Y),reporting researcher (Y),reporting researcher (Y),Somewhat disagree,No,White,,Man,,Some college credit or technical school degree,Conservative,Heterosexual/straight,,19,Protestantism (Christian),,complete,,81659,0,0,,0,
2/21/2026 21:00,2/21/2026 21:06,IP Address,100,374,TRUE,2/21/2026 21:07,R_17vz2CxxHdTIK5O,anonymous,EN,1,"Yes, I consent",2 = somewhat dishonest,2 = somewhat insincere,1 = very unethical,3 = neither likeable nor unlikeable,3 = neither approachable nor unapproachable,3 = could go either way,4 = somewhat honest,4 = somewhat sincere,4 = somewhat ethical,3 = neither likeable nor unlikeable,3 = neither approachable nor unapproachable,neither reported (K) nor reporting researcher (S),neither reported (K) nor reporting researcher (S),neither reported (K) nor reporting researcher (S),neither reported (K) nor reporting researcher (S),reporting researcher (S),neither reported (K) nor reporting researcher (S),reported researcher (K),reporting researcher (S),reported researcher (K),1 = very dishonest,1 = very insincere,1 = very unethical,3 = neither likeable nor unlikeable,3 = neither approachable nor unapproachable,1 = very confident the findings are false,4 = somewhat honest,4 = somewhat sincere,4 = somewhat ethical,3 = neither likeable nor unlikeable,3 = neither approachable nor unapproachable,neither reported (H) nor reporting researcher (F),reporting researcher (F),neither reported (H) nor reporting researcher (F),reporting researcher (F),reporting researcher (F),neither reported (H) nor reporting researcher (F),neither reported (H) nor reporting researcher (F),reporting researcher (F),reporting researcher (F),1 = very dishonest,1 = very insincere,1 = very unethical,3 = neither likeable nor unlikeable,3 = neither approachable nor unapproachable,1 = very confident the findings are false,4 = somewhat honest,4 = somewhat sincere,4 = somewhat ethical,3 = neither likeable nor unlikeable,3 = neither approachable nor unapproachable,neither reported (X) nor reporting researcher (Y),reporting researcher (Y),neither reported (X) nor reporting researcher (Y),reporting researcher (Y),reporting researcher (Y),reporting researcher (Y),neither reported (X) nor reporting researcher (Y),reporting researcher (Y),reporting researcher (Y),Somewhat disagree,Don’t Know,Other,,Prefer not to say,,Some college credit or technical school degree,Centrist,Prefer not to say,,20,Other,,complete,,81387,0,0,,0.027777777777777776,"QID1219732971,QID81"
2/22/2026 11:35,2/22/2026 11:41,IP Address,100,363,TRUE,2/22/2026 11:41,R_7bZ5vQxESMLkJeX,anonymous,EN,1,"Yes, I consent",3 = neither honest nor dishonest,3 = neither sincere nor insincere,4 = somewhat ethical,3 = neither likeable nor unlikeable,3 = neither approachable nor unapproachable,4 = somewhat confident the findings are true,3 = neither honest nor dishonest,2 = somewhat insincere,4 = somewhat ethical,2 = somewhat unlikeable,2 = somewhat unapproachable,reporting researcher (S),reporting researcher (S),reporting researcher (S),neither reported (K) nor reporting researcher (S),neither reported (K) nor reporting researcher (S),reporting researcher (S),reporting researcher (S),reporting researcher (S),reporting researcher (S),2 = somewhat dishonest,2 = somewhat insincere,2 = somewhat unethical,3 = neither likeable nor unlikeable,3 = neither approachable nor unapproachable,2 = somewhat confident the findings are false,4 = somewhat honest,4 = somewhat sincere,5 = very ethical,4 = somewhat likeable,3 = neither approachable nor unapproachable,reporting researcher (F),reporting researcher (F),reporting researcher (F),reporting researcher (F),reporting researcher (F),reporting researcher (F),reporting researcher (F),reporting researcher (F),reporting researcher (F),2 = somewhat dishonest,2 = somewhat insincere,1 = very unethical,3 = neither likeable nor unlikeable,3 = neither approachable nor unapproachable,2 = somewhat confident the findings are false,4 = somewhat honest,4 = somewhat sincere,5 = very ethical,3 = neither likeable nor unlikeable,3 = neither approachable nor unapproachable,reporting researcher (Y),reporting researcher (Y),reporting researcher (Y),reporting researcher (Y),reporting researcher (Y),reporting researcher (Y),reporting researcher (Y),reporting researcher (Y),reporting researcher (Y),Somewhat disagree,No,White,,Man,,Some college credit or technical school degree,Strongly Liberal,Homosexual (gay),,19,Protestantism (Christian),,complete,,81929,0,0,,0,
2/22/2026 13:49,2/22/2026 14:08,IP Address,100,1165,TRUE,2/22/2026 14:08,R_3ePgrVFqbl7wJu9,anonymous,EN,1,"Yes, I consent",3 = neither honest nor dishonest,4 = somewhat sincere,3 = neither ethical nor unethical,3 = neither likeable nor unlikeable,2 = somewhat unapproachable,5 = very confident the findings are true,4 = somewhat honest,4 = somewhat sincere,2 = somewhat unethical,4 = somewhat likeable,3 = neither approachable nor unapproachable,reported researcher (K),reporting researcher (S),reported researcher (K),neither reported (K) nor reporting researcher (S),reporting researcher (S),reported researcher (K),reported researcher (K),reported researcher (K),reporting researcher (S),2 = somewhat dishonest,2 = somewhat insincere,2 = somewhat unethical,2 = somewhat unlikeable,3 = neither approachable nor unapproachable,4 = somewhat confident the findings are true,5 = very honest,4 = somewhat sincere,2 = somewhat unethical,2 = somewhat unlikeable,4 = somewhat approachable,neither reported (H) nor reporting researcher (F),reporting researcher (F),reported researcher (H),reporting researcher (F),reporting researcher (F),reporting researcher (F),reported researcher (H),reporting researcher (F),neither reported (H) nor reporting researcher (F),2 = somewhat dishonest,2 = somewhat insincere,1 = very unethical,3 = neither likeable nor unlikeable,3 = neither approachable nor unapproachable,2 = somewhat confident the findings are false,4 = somewhat honest,4 = somewhat sincere,2 = somewhat unethical,2 = somewhat unlikeable,5 = very approachable,neither reported (X) nor reporting researcher (Y),reporting researcher (Y),reported researcher (X),reporting researcher (Y),reporting researcher (Y),reported researcher (X),neither reported (X) nor reporting researcher (Y),neither reported (X) nor reporting researcher (Y),reporting researcher (Y),Somewhat disagree,No,White,,Woman,,Some college credit or technical school degree,Centrist,Heterosexual/straight,,18,Other,Church of Jesus Christ of Latter Day Saints,complete,,81148,0,0,,0,
2/22/2026 14:16,2/22/2026 14:23,IP Address,100,447,TRUE,2/22/2026 14:23,R_6vYVEYMypS2ai2U,anonymous,EN,1,"Yes, I consent",2 = somewhat dishonest,2 = somewhat insincere,2 = somewhat unethical,3 = neither likeable nor unlikeable,3 = neither approachable nor unapproachable,3 = could go either way,5 = very honest,5 = very sincere,5 = very ethical,4 = somewhat likeable,5 = very approachable,neither reported (K) nor reporting researcher (S),reporting researcher (S),neither reported (K) nor reporting researcher (S),reporting researcher (S),reporting researcher (S),neither reported (K) nor reporting researcher (S),reported researcher (K),reporting researcher (S),reporting researcher (S),2 = somewhat dishonest,2 = somewhat insincere,2 = somewhat unethical,2 = somewhat unlikeable,2 = somewhat unapproachable,2 = somewhat confident the findings are false,5 = very honest,5 = very sincere,5 = very ethical,5 = very likeable,5 = very approachable,neither reported (H) nor reporting researcher (F),neither reported (H) nor reporting researcher (F),neither reported (H) nor reporting researcher (F),reporting researcher (F),reporting researcher (F),reporting researcher (F),neither reported (H) nor reporting researcher (F),reporting researcher (F),reporting researcher (F),1 = very dishonest,1 = very insincere,1 = very unethical,1 = very unlikeable,1 = very unapproachable,1 = very confident the findings are false,5 = very honest,5 = very sincere,5 = very ethical,5 = very likeable,5 = very approachable,neither reported (X) nor reporting researcher (Y),reporting researcher (Y),neither reported (X) nor reporting researcher (Y),reporting researcher (Y),reporting researcher (Y),reporting researcher (Y),neither reported (X) nor reporting researcher (Y),reporting researcher (Y),reporting researcher (Y),Somewhat disagree,No,White,,Man,,Some college credit or technical school degree,Conservative,Heterosexual/straight,,20,Protestantism (Christian),,complete,,81831,0,0,,0,
2/22/2026 17:29,2/22/2026 17:35,IP Address,100,366,TRUE,2/22/2026 17:35,R_6Y5M8WRJL4Eras5,anonymous,EN,1,"Yes, I consent",3 = neither honest nor dishonest,4 = somewhat sincere,4 = somewhat ethical,4 = somewhat likeable,4 = somewhat approachable,5 = very confident the findings are true,5 = very honest,5 = very sincere,5 = very ethical,5 = very likeable,5 = very approachable,reporting researcher (S),reporting researcher (S),reporting researcher (S),reported researcher (K),reporting researcher (S),reporting researcher (S),reporting researcher (S),reporting researcher (S),reporting researcher (S),1 = very dishonest,1 = very insincere,1 = very unethical,1 = very unlikeable,1 = very unapproachable,1 = very confident the findings are false,5 = very honest,4 = somewhat sincere,5 = very ethical,4 = somewhat likeable,5 = very approachable,reporting researcher (F),reporting researcher (F),reported researcher (H),reported researcher (H),reporting researcher (F),reporting researcher (F),reported researcher (H),reporting researcher (F),reporting researcher (F),1 = very dishonest,1 = very insincere,1 = very unethical,1 = very unlikeable,1 = very unapproachable,1 = very confident the findings are false,5 = very honest,5 = very sincere,5 = very ethical,5 = very likeable,5 = very approachable,reporting researcher (Y),reporting researcher (Y),reporting researcher (Y),reporting researcher (Y),reporting researcher (Y),reporting researcher (Y),reporting researcher (Y),reporting researcher (Y),reporting researcher (Y),Somewhat disagree,No,White,,Man,,Some college credit or technical school degree,Strongly Conservative,Heterosexual/straight,,20,Catholicism,,complete,,81478,0,0,,0,
2/22/2026 19:57,2/22/2026 20:13,IP Address,100,985,TRUE,2/22/2026 20:13,R_5d7i8hFBgAXW07d,anonymous,EN,1,"Yes, I consent",4 = somewhat honest,4 = somewhat sincere,4 = somewhat ethical,3 = neither likeable nor unlikeable,3 = neither approachable nor unapproachable,4 = somewhat confident the findings are true,4 = somewhat honest,4 = somewhat sincere,4 = somewhat ethical,3 = neither likeable nor unlikeable,3 = neither approachable nor unapproachable,neither reported (K) nor reporting researcher (S),neither reported (K) nor reporting researcher (S),reported researcher (K),neither reported (K) nor reporting researcher (S),neither reported (K) nor reporting researcher (S),reported researcher (K),reported researcher (K),neither reported (K) nor reporting researcher (S),reported researcher (K),1 = very dishonest,1 = very insincere,1 = very unethical,3 = neither likeable nor unlikeable,3 = neither approachable nor unapproachable,2 = somewhat confident the findings are false,5 = very honest,3 = neither sincere nor insincere,5 = very ethical,3 = neither likeable nor unlikeable,3 = neither approachable nor unapproachable,neither reported (H) nor reporting researcher (F),reporting researcher (F),neither reported (H) nor reporting researcher (F),reporting researcher (F),reporting researcher (F),reporting researcher (F),reporting researcher (F),reporting researcher (F),reporting researcher (F),1 = very dishonest,2 = somewhat insincere,1 = very unethical,3 = neither likeable nor unlikeable,3 = neither approachable nor unapproachable,3 = could go either way,4 = somewhat honest,3 = neither sincere nor insincere,4 = somewhat ethical,3 = neither likeable nor unlikeable,3 = neither approachable nor unapproachable,neither reported (X) nor reporting researcher (Y),neither reported (X) nor reporting researcher (Y),reported researcher (X),neither reported (X) nor reporting researcher (Y),reporting researcher (Y),neither reported (X) nor reporting researcher (Y),reported researcher (X),reporting researcher (Y),reporting researcher (Y),Somewhat disagree,No,Black or African-American,,Man,,Some college credit or technical school degree,Liberal,Heterosexual/straight,,19,Not Affiliated,,complete,,80936,0,0,,0,
2/22/2026 20:46,2/22/2026 21:02,IP Address,100,1001,TRUE,2/22/2026 21:02,R_5p5Yn2h5ItYJJz7,anonymous,EN,1,"Yes, I consent",2 = somewhat dishonest,2 = somewhat insincere,2 = somewhat unethical,2 = somewhat unlikeable,2 = somewhat unapproachable,2 = somewhat confident the findings are false,5 = very honest,5 = very sincere,5 = very ethical,5 = very likeable,5 = very approachable,reporting researcher (S),reporting researcher (S),reporting researcher (S),reporting researcher (S),reporting researcher (S),reporting researcher (S),reporting researcher (S),reporting researcher (S),reporting researcher (S),1 = very dishonest,2 = somewhat insincere,2 = somewhat unethical,2 = somewhat unlikeable,2 = somewhat unapproachable,2 = somewhat confident the findings are false,4 = somewhat honest,4 = somewhat sincere,4 = somewhat ethical,4 = somewhat likeable,4 = somewhat approachable,reporting researcher (F),reporting researcher (F),reporting researcher (F),reporting researcher (F),reporting researcher (F),reporting researcher (F),reporting researcher (F),reporting researcher (F),reporting researcher (F),1 = very dishonest,2 = somewhat insincere,1 = very unethical,2 = somewhat unlikeable,2 = somewhat unapproachable,1 = very confident the findings are false,4 = somewhat honest,4 = somewhat sincere,4 = somewhat ethical,4 = somewhat likeable,4 = somewhat approachable,reporting researcher (Y),reporting researcher (Y),reporting researcher (Y),reporting researcher (Y),reporting researcher (Y),reporting researcher (Y),reporting researcher (Y),reporting researcher (Y),reporting researcher (Y),Somewhat disagree,No,White,,Woman,,Some college credit or technical school degree,,Heterosexual/straight,,20,Other,,complete,,81241,0,0,,0.028169014084507043,"QID1219732974,QID81"
2/23/2026 8:54,2/23/2026 9:03,IP Address,100,527,TRUE,2/23/2026 9:03,R_7k5Bi15JksUfptv,anonymous,EN,1,"Yes, I consent",4 = somewhat honest,5 = very sincere,4 = somewhat ethical,3 = neither likeable nor unlikeable,2 = somewhat unapproachable,3 = could go either way,5 = very honest,5 = very sincere,4 = somewhat ethical,3 = neither likeable nor unlikeable,3 = neither approachable nor unapproachable,reporting researcher (S),neither reported (K) nor reporting researcher (S),neither reported (K) nor reporting researcher (S),reporting researcher (S),reporting researcher (S),reporting researcher (S),reporting researcher (S),reporting researcher (S),reporting researcher (S),2 = somewhat dishonest,2 = somewhat insincere,1 = very unethical,3 = neither likeable nor unlikeable,3 = neither approachable nor unapproachable,1 = very confident the findings are false,5 = very honest,5 = very sincere,4 = somewhat ethical,3 = neither likeable nor unlikeable,3 = neither approachable nor unapproachable,reporting researcher (F),reporting researcher (F),neither reported (H) nor reporting researcher (F),reporting researcher (F),reporting researcher (F),reporting researcher (F),reporting researcher (F),reporting researcher (F),reporting researcher (F),1 = very dishonest,1 = very insincere,1 = very unethical,3 = neither likeable nor unlikeable,3 = neither approachable nor unapproachable,1 = very confident the findings are false,5 = very honest,5 = very sincere,4 = somewhat ethical,3 = neither likeable nor unlikeable,3 = neither approachable nor unapproachable,reporting researcher (Y),reporting researcher (Y),neither reported (X) nor reporting researcher (Y),reporting researcher (Y),reporting researcher (Y),reporting researcher (Y),neither reported (X) nor reporting researcher (Y),reporting researcher (Y),reporting researcher (Y),Somewhat disagree,No,Other,Biracial; African American and Japanese ,Woman,,Some college credit or technical school degree,Centrist,Heterosexual/straight,,18,Protestantism (Christian),,complete,,80952,0,0,,0,
2/16/2026 16:17,2/16/2026 16:17,IP Address,1,11,FALSE,2/23/2026 16:17,R_7Cyu4aybtYLUIaI,anonymous,EN,1,"Yes, I consent",,,,,,,,,,,,,,,,,,,,,,,,,,,,,,,,,,,,,,,,,,,,,,,,,,,,,,,,,,,,,,,,,,,,,,,,,,complete,,81773,0,0,,0,
2/23/2026 20:40,2/23/2026 21:02,IP Address,100,1337,TRUE,2/23/2026 21:02,R_5GH7FOIpAbjjTky,anonymous,EN,1,"Yes, I consent",4 = somewhat honest,2 = somewhat insincere,4 = somewhat ethical,4 = somewhat likeable,4 = somewhat approachable,3 = could go either way,3 = neither honest nor dishonest,4 = somewhat sincere,4 = somewhat ethical,3 = neither likeable nor unlikeable,4 = somewhat approachable,reported researcher (K),neither reported (K) nor reporting researcher (S),reporting researcher (S),neither reported (K) nor reporting researcher (S),reporting researcher (S),reported researcher (K),reported researcher (K),reporting researcher (S),reported researcher (K),1 = very dishonest,1 = very insincere,1 = very unethical,2 = somewhat unlikeable,2 = somewhat unapproachable,1 = very confident the findings are false,4 = somewhat honest,4 = somewhat sincere,4 = somewhat ethical,4 = somewhat likeable,4 = somewhat approachable,reporting researcher (F),neither reported (H) nor reporting researcher (F),neither reported (H) nor reporting researcher (F),reporting researcher (F),reporting researcher (F),reporting researcher (F),reported researcher (H),reporting researcher (F),reported researcher (H),1 = very dishonest,1 = very insincere,1 = very unethical,2 = somewhat unlikeable,2 = somewhat unapproachable,1 = very confident the findings are false,4 = somewhat honest,4 = somewhat sincere,4 = somewhat ethical,4 = somewhat likeable,4 = somewhat approachable,reporting researcher (Y),reporting researcher (Y),neither reported (X) nor reporting researcher (Y),reporting researcher (Y),reporting researcher (Y),reporting researcher (Y),reported researcher (X),reported researcher (X),reported researcher (X),Somewhat disagree,No,White,,Woman,,Some college credit or technical school degree,Conservative,Heterosexual/straight,,18,Catholicism,,complete,,81637,0,0,,0,
2/23/2026 20:59,2/23/2026 21:05,IP Address,100,359,TRUE,2/23/2026 21:05,R_1IgcxPHFu1aCFeV,anonymous,EN,1,"Yes, I consent",4 = somewhat honest,4 = somewhat sincere,4 = somewhat ethical,3 = neither likeable nor unlikeable,3 = neither approachable nor unapproachable,3 = could go either way,5 = very honest,3 = neither sincere nor insincere,4 = somewhat ethical,3 = neither likeable nor unlikeable,3 = neither approachable nor unapproachable,neither reported (K) nor reporting researcher (S),reporting researcher (S),reported researcher (K),neither reported (K) nor reporting researcher (S),reported researcher (K),reporting researcher (S),reporting researcher (S),reporting researcher (S),reporting researcher (S),2 = somewhat dishonest,2 = somewhat insincere,2 = somewhat unethical,3 = neither likeable nor unlikeable,3 = neither approachable nor unapproachable,1 = very confident the findings are false,5 = very honest,4 = somewhat sincere,4 = somewhat ethical,3 = neither likeable nor unlikeable,3 = neither approachable nor unapproachable,reporting researcher (F),reporting researcher (F),neither reported (H) nor reporting researcher (F),reporting researcher (F),reporting researcher (F),reporting researcher (F),reporting researcher (F),reporting researcher (F),reporting researcher (F),1 = very dishonest,2 = somewhat insincere,1 = very unethical,3 = neither likeable nor unlikeable,3 = neither approachable nor unapproachable,2 = somewhat confident the findings are false,5 = very honest,3 = neither sincere nor insincere,4 = somewhat ethical,3 = neither likeable nor unlikeable,3 = neither approachable nor unapproachable,reporting researcher (Y),reporting researcher (Y),neither reported (X) nor reporting researcher (Y),reporting researcher (Y),reporting researcher (Y),reporting researcher (Y),reporting researcher (Y),reporting researcher (Y),reporting researcher (Y),Somewhat disagree,No,White,,Woman,,Some High School,Lean Conservative,Heterosexual/straight,,19,Catholicism,,complete,,81218,0,0,,0,
2/23/2026 22:48,2/23/2026 22:59,IP Address,100,644,TRUE,2/23/2026 22:59,R_6IaAqZ1CQcjdCmV,anonymous,EN,1,"Yes, I consent",3 = neither honest nor dishonest,3 = neither sincere nor insincere,3 = neither ethical nor unethical,3 = neither likeable nor unlikeable,3 = neither approachable nor unapproachable,5 = very confident the findings are true,5 = very honest,3 = neither sincere nor insincere,3 = neither ethical nor unethical,3 = neither likeable nor unlikeable,3 = neither approachable nor unapproachable,reported researcher (K),reported researcher (K),reported researcher (K),reported researcher (K),neither reported (K) nor reporting researcher (S),reported researcher (K),reported researcher (K),reported researcher (K),reported researcher (K),2 = somewhat dishonest,3 = neither sincere nor insincere,1 = very unethical,3 = neither likeable nor unlikeable,3 = neither approachable nor unapproachable,2 = somewhat confident the findings are false,5 = very honest,3 = neither sincere nor insincere,5 = very ethical,4 = somewhat likeable,3 = neither approachable nor unapproachable,neither reported (H) nor reporting researcher (F),reporting researcher (F),reported researcher (H),neither reported (H) nor reporting researcher (F),neither reported (H) nor reporting researcher (F),reported researcher (H),reported researcher (H),reported researcher (H),reported researcher (H),1 = very dishonest,3 = neither sincere nor insincere,1 = very unethical,1 = very unlikeable,3 = neither approachable nor unapproachable,1 = very confident the findings are false,5 = very honest,3 = neither sincere nor insincere,5 = very ethical,4 = somewhat likeable,3 = neither approachable nor unapproachable,neither reported (X) nor reporting researcher (Y),reporting researcher (Y),reported researcher (X),neither reported (X) nor reporting researcher (Y),reporting researcher (Y),reporting researcher (Y),reporting researcher (Y),reporting researcher (Y),reporting researcher (Y),Somewhat disagree,No,White,,Man,,High School Diploma or GED,Centrist,Heterosexual/straight,,20,Protestantism (Christian),,complete,,81948,0,0,,0,
2/24/2026 9:18,2/24/2026 9:26,IP Address,100,465,TRUE,2/24/2026 9:26,R_3IhIyIgjQZiLAlT,anonymous,EN,1,"Yes, I consent",4 = somewhat honest,4 = somewhat sincere,3 = neither ethical nor unethical,3 = neither likeable nor unlikeable,3 = neither approachable nor unapproachable,3 = could go either way,4 = somewhat honest,4 = somewhat sincere,4 = somewhat ethical,3 = neither likeable nor unlikeable,3 = neither approachable nor unapproachable,neither reported (K) nor reporting researcher (S),neither reported (K) nor reporting researcher (S),neither reported (K) nor reporting researcher (S),reporting researcher (S),reporting researcher (S),reporting researcher (S),neither reported (K) nor reporting researcher (S),reporting researcher (S),reporting researcher (S),2 = somewhat dishonest,2 = somewhat insincere,3 = neither ethical nor unethical,3 = neither likeable nor unlikeable,3 = neither approachable nor unapproachable,3 = could go either way,5 = very honest,5 = very sincere,4 = somewhat ethical,3 = neither likeable nor unlikeable,3 = neither approachable nor unapproachable,neither reported (H) nor reporting researcher (F),neither reported (H) nor reporting researcher (F),neither reported (H) nor reporting researcher (F),reporting researcher (F),reporting researcher (F),reporting researcher (F),neither reported (H) nor reporting researcher (F),reporting researcher (F),reporting researcher (F),1 = very dishonest,1 = very insincere,2 = somewhat unethical,3 = neither likeable nor unlikeable,3 = neither approachable nor unapproachable,2 = somewhat confident the findings are false,5 = very honest,5 = very sincere,5 = very ethical,3 = neither likeable nor unlikeable,3 = neither approachable nor unapproachable,neither reported (X) nor reporting researcher (Y),neither reported (X) nor reporting researcher (Y),neither reported (X) nor reporting researcher (Y),reporting researcher (Y),reporting researcher (Y),reporting researcher (Y),reporting researcher (Y),reporting researcher (Y),reporting researcher (Y),Somewhat disagree,No,White,,Man,,High School Diploma or GED,Conservative,Heterosexual/straight,,19,Protestantism (Christian),,complete,,81644,0,0,,0,
2/24/2026 10:55,2/24/2026 11:01,IP Address,100,341,TRUE,2/24/2026 11:01,R_737CjZOZbK1HACT,anonymous,EN,1,"Yes, I consent",4 = somewhat honest,2 = somewhat insincere,3 = neither ethical nor unethical,3 = neither likeable nor unlikeable,4 = somewhat approachable,4 = somewhat confident the findings are true,3 = neither honest nor dishonest,2 = somewhat insincere,3 = neither ethical nor unethical,4 = somewhat likeable,3 = neither approachable nor unapproachable,reporting researcher (S),reported researcher (K),reported researcher (K),reported researcher (K),neither reported (K) nor reporting researcher (S),reported researcher (K),reported researcher (K),reporting researcher (S),reported researcher (K),2 = somewhat dishonest,3 = neither sincere nor insincere,2 = somewhat unethical,3 = neither likeable nor unlikeable,4 = somewhat approachable,2 = somewhat confident the findings are false,5 = very honest,4 = somewhat sincere,4 = somewhat ethical,3 = neither likeable nor unlikeable,4 = somewhat approachable,reporting researcher (F),reporting researcher (F),reported researcher (H),neither reported (H) nor reporting researcher (F),neither reported (H) nor reporting researcher (F),reporting researcher (F),reported researcher (H),reporting researcher (F),reporting researcher (F),1 = very dishonest,1 = very insincere,2 = somewhat unethical,3 = neither likeable nor unlikeable,3 = neither approachable nor unapproachable,1 = very confident the findings are false,5 = very honest,5 = very sincere,4 = somewhat ethical,3 = neither likeable nor unlikeable,3 = neither approachable nor unapproachable,reporting researcher (Y),reporting researcher (Y),reporting researcher (Y),neither reported (X) nor reporting researcher (Y),neither reported (X) nor reporting researcher (Y),reporting researcher (Y),reporting researcher (Y),reporting researcher (Y),reporting researcher (Y),Somewhat agree,No,White,,Man,,High School Diploma or GED,Centrist,Heterosexual/straight,,18,Protestantism (Christian),,complete,,81353,0,0,,0,
2/24/2026 10:59,2/24/2026 11:04,IP Address,100,301,TRUE,2/24/2026 11:04,R_6fwH5uvzdL3Wzrn,anonymous,EN,1,"Yes, I consent",5 = very honest,5 = very sincere,5 = very ethical,5 = very likeable,5 = very approachable,5 = very confident the findings are true,5 = very honest,5 = very sincere,5 = very ethical,5 = very likeable,5 = very approachable,reported researcher (K),reporting researcher (S),reported researcher (K),reported researcher (K),reporting researcher (S),reported researcher (K),reporting researcher (S),reporting researcher (S),reported researcher (K),5 = very honest,5 = very sincere,5 = very ethical,5 = very likeable,5 = very approachable,5 = very confident the findings are true,1 = very dishonest,1 = very insincere,1 = very unethical,1 = very unlikeable,1 = very unapproachable,reported researcher (H),reported researcher (H),reporting researcher (F),reported researcher (H),reporting researcher (F),reported researcher (H),reporting researcher (F),reported researcher (H),reporting researcher (F),5 = very honest,5 = very sincere,5 = very ethical,5 = very likeable,5 = very approachable,5 = very confident the findings are true,1 = very dishonest,1 = very insincere,1 = very unethical,1 = very unlikeable,1 = very unapproachable,reported researcher (X),reported researcher (X),reported researcher (X),reported researcher (X),reported researcher (X),reported researcher (X),reporting researcher (Y),reported researcher (X),reporting researcher (Y),Somewhat agree,No,White,,Man,,Some college credit or technical school degree,Conservative,Heterosexual/straight,,19,Protestantism (Christian),,complete,,81975,0,0,,0,
2/17/2026 11:59,2/17/2026 12:03,IP Address,13,202,FALSE,2/24/2026 11:59,R_1ETrCOFqaNzouks,anonymous,EN,1,"Yes, I consent",,,,,,,,,,,,,,,,,,,,,1 = very dishonest,1 = very insincere,4 = somewhat ethical,4 = somewhat likeable,4 = somewhat approachable,4 = somewhat confident the findings are true,,,,,,,,,,,,,,,,,,,,,,,,,,,,,,,,,,,,,,,,,,,,,,,,complete,,81251,0,0,,0,
2/24/2026 12:22,2/24/2026 12:29,IP Address,100,408,TRUE,2/24/2026 12:29,R_5q8lGvlfCKJ1Dtm,anonymous,EN,1,"Yes, I consent",4 = somewhat honest,4 = somewhat sincere,4 = somewhat ethical,4 = somewhat likeable,4 = somewhat approachable,4 = somewhat confident the findings are true,5 = very honest,5 = very sincere,5 = very ethical,5 = very likeable,5 = very approachable,reporting researcher (S),reporting researcher (S),reporting researcher (S),reporting researcher (S),reporting researcher (S),reporting researcher (S),reporting researcher (S),reporting researcher (S),reporting researcher (S),2 = somewhat dishonest,2 = somewhat insincere,1 = very unethical,2 = somewhat unlikeable,2 = somewhat unapproachable,1 = very confident the findings are false,5 = very honest,5 = very sincere,5 = very ethical,5 = very likeable,5 = very approachable,reporting researcher (F),reporting researcher (F),reporting researcher (F),reporting researcher (F),reporting researcher (F),reporting researcher (F),reporting researcher (F),reporting researcher (F),reporting researcher (F),1 = very dishonest,1 = very insincere,1 = very unethical,2 = somewhat unlikeable,2 = somewhat unapproachable,1 = very confident the findings are false,5 = very honest,5 = very sincere,4 = somewhat ethical,5 = very likeable,5 = very approachable,reporting researcher (Y),reporting researcher (Y),neither reported (X) nor reporting researcher (Y),reporting researcher (Y),reporting researcher (Y),reporting researcher (Y),reporting researcher (Y),reporting researcher (Y),reporting researcher (Y),Somewhat disagree,No,White,,Woman,,High School Diploma or GED,Lean Liberal,Heterosexual/straight,,19,Not Affiliated,,complete,,81205,0,0,,0,
2/24/2026 12:53,2/24/2026 13:01,IP Address,100,484,TRUE,2/24/2026 13:01,R_34Awkq0kRIu3H4w,anonymous,EN,1,"Yes, I consent",2 = somewhat dishonest,2 = somewhat insincere,2 = somewhat unethical,2 = somewhat unlikeable,3 = neither approachable nor unapproachable,2 = somewhat confident the findings are false,5 = very honest,4 = somewhat sincere,4 = somewhat ethical,3 = neither likeable nor unlikeable,3 = neither approachable nor unapproachable,reporting researcher (S),neither reported (K) nor reporting researcher (S),neither reported (K) nor reporting researcher (S),reporting researcher (S),reporting researcher (S),reporting researcher (S),neither reported (K) nor reporting researcher (S),reporting researcher (S),reporting researcher (S),2 = somewhat dishonest,2 = somewhat insincere,2 = somewhat unethical,2 = somewhat unlikeable,3 = neither approachable nor unapproachable,2 = somewhat confident the findings are false,5 = very honest,4 = somewhat sincere,4 = somewhat ethical,4 = somewhat likeable,3 = neither approachable nor unapproachable,reporting researcher (F),neither reported (H) nor reporting researcher (F),neither reported (H) nor reporting researcher (F),reporting researcher (F),reporting researcher (F),reporting researcher (F),neither reported (H) nor reporting researcher (F),reporting researcher (F),reporting researcher (F),1 = very dishonest,1 = very insincere,1 = very unethical,1 = very unlikeable,3 = neither approachable nor unapproachable,1 = very confident the findings are false,4 = somewhat honest,4 = somewhat sincere,4 = somewhat ethical,4 = somewhat likeable,3 = neither approachable nor unapproachable,neither reported (X) nor reporting researcher (Y),neither reported (X) nor reporting researcher (Y),neither reported (X) nor reporting researcher (Y),reporting researcher (Y),reporting researcher (Y),reporting researcher (Y),neither reported (X) nor reporting researcher (Y),reporting researcher (Y),reporting researcher (Y),Somewhat disagree,No,White,,Woman,,High School Diploma or GED,Conservative,Heterosexual/straight,,19,Protestantism (Christian),,complete,,81365,0,0,,0,
2/24/2026 13:31,2/24/2026 13:39,IP Address,100,503,TRUE,2/24/2026 13:39,R_3DMhEc3EOeOHdxT,anonymous,EN,1,"Yes, I consent",2 = somewhat dishonest,2 = somewhat insincere,1 = very unethical,2 = somewhat unlikeable,3 = neither approachable nor unapproachable,3 = could go either way,5 = very honest,4 = somewhat sincere,4 = somewhat ethical,2 = somewhat unlikeable,1 = very unapproachable,neither reported (K) nor reporting researcher (S),reporting researcher (S),neither reported (K) nor reporting researcher (S),neither reported (K) nor reporting researcher (S),reporting researcher (S),neither reported (K) nor reporting researcher (S),reported researcher (K),reporting researcher (S),neither reported (K) nor reporting researcher (S),1 = very dishonest,2 = somewhat insincere,1 = very unethical,3 = neither likeable nor unlikeable,3 = neither approachable nor unapproachable,1 = very confident the findings are false,5 = very honest,5 = very sincere,5 = very ethical,4 = somewhat likeable,3 = neither approachable nor unapproachable,neither reported (H) nor reporting researcher (F),reporting researcher (F),reported researcher (H),neither reported (H) nor reporting researcher (F),reporting researcher (F),reporting researcher (F),reported researcher (H),reporting researcher (F),reporting researcher (F),1 = very dishonest,1 = very insincere,1 = very unethical,1 = very unlikeable,2 = somewhat unapproachable,1 = very confident the findings are false,5 = very honest,5 = very sincere,5 = very ethical,5 = very likeable,4 = somewhat approachable,reporting researcher (Y),reporting researcher (Y),neither reported (X) nor reporting researcher (Y),reporting researcher (Y),reporting researcher (Y),reporting researcher (Y),reported researcher (X),reporting researcher (Y),reporting researcher (Y),Somewhat disagree,No,White,,Man,,High School Diploma or GED,Strongly Conservative,Heterosexual/straight,,22,Catholicism,,complete,,81747,0,0,,0,
2/24/2026 13:42,2/24/2026 13:47,IP Address,100,262,TRUE,2/24/2026 13:47,R_7KqHEjyzvjzSmKS,anonymous,EN,1,"Yes, I consent",2 = somewhat dishonest,2 = somewhat insincere,3 = neither ethical nor unethical,3 = neither likeable nor unlikeable,3 = neither approachable nor unapproachable,3 = could go either way,4 = somewhat honest,5 = very sincere,4 = somewhat ethical,4 = somewhat likeable,4 = somewhat approachable,neither reported (K) nor reporting researcher (S),neither reported (K) nor reporting researcher (S),neither reported (K) nor reporting researcher (S),neither reported (K) nor reporting researcher (S),neither reported (K) nor reporting researcher (S),neither reported (K) nor reporting researcher (S),neither reported (K) nor reporting researcher (S),neither reported (K) nor reporting researcher (S),neither reported (K) nor reporting researcher (S),3 = neither honest nor dishonest,3 = neither sincere nor insincere,3 = neither ethical nor unethical,3 = neither likeable nor unlikeable,3 = neither approachable nor unapproachable,3 = could go either way,3 = neither honest nor dishonest,3 = neither sincere nor insincere,3 = neither ethical nor unethical,3 = neither likeable nor unlikeable,3 = neither approachable nor unapproachable,neither reported (H) nor reporting researcher (F),neither reported (H) nor reporting researcher (F),neither reported (H) nor reporting researcher (F),neither reported (H) nor reporting researcher (F),neither reported (H) nor reporting researcher (F),neither reported (H) nor reporting researcher (F),neither reported (H) nor reporting researcher (F),neither reported (H) nor reporting researcher (F),neither reported (H) nor reporting researcher (F),1 = very dishonest,2 = somewhat insincere,2 = somewhat unethical,2 = somewhat unlikeable,2 = somewhat unapproachable,2 = somewhat confident the findings are false,5 = very honest,3 = neither sincere nor insincere,5 = very ethical,5 = very likeable,5 = very approachable,reporting researcher (Y),reporting researcher (Y),neither reported (X) nor reporting researcher (Y),reporting researcher (Y),reporting researcher (Y),reporting researcher (Y),reported researcher (X),reporting researcher (Y),reporting researcher (Y),Neither agree nor disagree,No,White,,Woman,,Some college credit or technical school degree,Strongly Conservative,Heterosexual/straight,,20,Protestantism (Christian),,complete,,81364,0,0,,0,
2/24/2026 14:46,2/24/2026 14:53,IP Address,100,420,TRUE,2/24/2026 14:53,R_1Sisefbdv6B9PAM,anonymous,EN,1,"Yes, I consent",5 = very honest,4 = somewhat sincere,3 = neither ethical nor unethical,4 = somewhat likeable,5 = very approachable,5 = very confident the findings are true,3 = neither honest nor dishonest,4 = somewhat sincere,2 = somewhat unethical,4 = somewhat likeable,3 = neither approachable nor unapproachable,reported researcher (K),reporting researcher (S),reported researcher (K),reported researcher (K),reporting researcher (S),reporting researcher (S),reported researcher (K),reported researcher (K),reporting researcher (S),4 = somewhat honest,2 = somewhat insincere,3 = neither ethical nor unethical,4 = somewhat likeable,2 = somewhat unapproachable,3 = could go either way,4 = somewhat honest,3 = neither sincere nor insincere,1 = very unethical,1 = very unlikeable,1 = very unapproachable,reported researcher (H),reported researcher (H),reported researcher (H),reported researcher (H),reported researcher (H),reported researcher (H),reported researcher (H),reported researcher (H),reported researcher (H),3 = neither honest nor dishonest,2 = somewhat insincere,4 = somewhat ethical,2 = somewhat unlikeable,3 = neither approachable nor unapproachable,2 = somewhat confident the findings are false,4 = somewhat honest,3 = neither sincere nor insincere,2 = somewhat unethical,3 = neither likeable nor unlikeable,2 = somewhat unapproachable,reported researcher (X),reporting researcher (Y),reported researcher (X),reported researcher (X),reporting researcher (Y),reported researcher (X),reporting researcher (Y),reporting researcher (Y),reporting researcher (Y),Somewhat disagree,No,White,,Man,,High School Diploma or GED,Conservative,Heterosexual/straight,,20,Protestantism (Christian),,complete,,81548,0,0,,0,
2/24/2026 16:10,2/24/2026 16:23,IP Address,100,813,TRUE,2/24/2026 16:23,R_10MgpDDc8D6hYg8,anonymous,EN,1,"Yes, I consent",2 = somewhat dishonest,2 = somewhat insincere,2 = somewhat unethical,2 = somewhat unlikeable,4 = somewhat approachable,4 = somewhat confident the findings are true,5 = very honest,5 = very sincere,5 = very ethical,5 = very likeable,4 = somewhat approachable,neither reported (K) nor reporting researcher (S),reporting researcher (S),neither reported (K) nor reporting researcher (S),reporting researcher (S),reporting researcher (S),reporting researcher (S),reported researcher (K),reported researcher (K),reporting researcher (S),1 = very dishonest,1 = very insincere,1 = very unethical,2 = somewhat unlikeable,2 = somewhat unapproachable,3 = could go either way,5 = very honest,5 = very sincere,5 = very ethical,5 = very likeable,5 = very approachable,neither reported (H) nor reporting researcher (F),reporting researcher (F),neither reported (H) nor reporting researcher (F),reporting researcher (F),reporting researcher (F),reporting researcher (F),reporting researcher (F),reporting researcher (F),reporting researcher (F),1 = very dishonest,1 = very insincere,1 = very unethical,1 = very unlikeable,2 = somewhat unapproachable,2 = somewhat confident the findings are false,5 = very honest,5 = very sincere,5 = very ethical,5 = very likeable,5 = very approachable,neither reported (X) nor reporting researcher (Y),reporting researcher (Y),neither reported (X) nor reporting researcher (Y),reporting researcher (Y),reporting researcher (Y),reporting researcher (Y),reporting researcher (Y),reporting researcher (Y),reporting researcher (Y),Somewhat disagree,No,White,,Woman,,Some college credit or technical school degree,Conservative,Heterosexual/straight,,18,Catholicism,,complete,,81136,0,0,,0,
2/24/2026 19:45,2/24/2026 20:07,IP Address,100,1320,TRUE,2/24/2026 20:07,R_3AgjlR4aa9xvAeB,anonymous,EN,1,"Yes, I consent",5 = very honest,5 = very sincere,5 = very ethical,5 = very likeable,5 = very approachable,5 = very confident the findings are true,5 = very honest,5 = very sincere,5 = very ethical,5 = very likeable,5 = very approachable,reporting researcher (S),reporting researcher (S),reporting researcher (S),reporting researcher (S),reporting researcher (S),reporting researcher (S),reporting researcher (S),reporting researcher (S),reporting researcher (S),5 = very honest,5 = very sincere,5 = very ethical,5 = very likeable,5 = very approachable,5 = very confident the findings are true,5 = very honest,5 = very sincere,5 = very ethical,5 = very likeable,5 = very approachable,neither reported (H) nor reporting researcher (F),neither reported (H) nor reporting researcher (F),neither reported (H) nor reporting researcher (F),neither reported (H) nor reporting researcher (F),neither reported (H) nor reporting researcher (F),neither reported (H) nor reporting researcher (F),neither reported (H) nor reporting researcher (F),neither reported (H) nor reporting researcher (F),neither reported (H) nor reporting researcher (F),4 = somewhat honest,4 = somewhat sincere,4 = somewhat ethical,4 = somewhat likeable,4 = somewhat approachable,4 = somewhat confident the findings are true,4 = somewhat honest,4 = somewhat sincere,4 = somewhat ethical,4 = somewhat likeable,4 = somewhat approachable,neither reported (X) nor reporting researcher (Y),neither reported (X) nor reporting researcher (Y),neither reported (X) nor reporting researcher (Y),neither reported (X) nor reporting researcher (Y),neither reported (X) nor reporting researcher (Y),neither reported (X) nor reporting researcher (Y),neither reported (X) nor reporting researcher (Y),neither reported (X) nor reporting researcher (Y),neither reported (X) nor reporting researcher (Y),Somewhat disagree,No,Black or African-American,,Woman,,Some college credit or technical school degree,Centrist,Heterosexual/straight,,18,Protestantism (Christian),,complete,,81954,0,0,,0,
2/24/2026 20:58,2/24/2026 21:13,IP Address,100,869,TRUE,2/24/2026 21:13,R_3rnXsL6YBmfRDOh,anonymous,EN,1,"Yes, I consent",4 = somewhat honest,3 = neither sincere nor insincere,3 = neither ethical nor unethical,3 = neither likeable nor unlikeable,3 = neither approachable nor unapproachable,2 = somewhat confident the findings are false,5 = very honest,5 = very sincere,5 = very ethical,4 = somewhat likeable,4 = somewhat approachable,reporting researcher (S),reporting researcher (S),reported researcher (K),reporting researcher (S),reporting researcher (S),reporting researcher (S),reported researcher (K),reporting researcher (S),reporting researcher (S),1 = very dishonest,1 = very insincere,1 = very unethical,2 = somewhat unlikeable,2 = somewhat unapproachable,1 = very confident the findings are false,5 = very honest,5 = very sincere,5 = very ethical,4 = somewhat likeable,4 = somewhat approachable,reporting researcher (F),reporting researcher (F),reporting researcher (F),reporting researcher (F),reporting researcher (F),reporting researcher (F),reported researcher (H),reporting researcher (F),reporting researcher (F),1 = very dishonest,1 = very insincere,1 = very unethical,2 = somewhat unlikeable,3 = neither approachable nor unapproachable,1 = very confident the findings are false,5 = very honest,5 = very sincere,5 = very ethical,4 = somewhat likeable,3 = neither approachable nor unapproachable,reporting researcher (Y),reporting researcher (Y),reported researcher (X),reporting researcher (Y),reporting researcher (Y),reporting researcher (Y),reported researcher (X),reporting researcher (Y),reporting researcher (Y),Somewhat disagree,No,White,,Woman,,High School Diploma or GED,Liberal,Heterosexual/straight,,20,Protestantism (Christian),,complete,,81738,0,0,,0,
2/24/2026 17:48,2/24/2026 21:27,IP Address,100,13144,TRUE,2/24/2026 21:27,R_6jf9PdJ8qL6hWSP,anonymous,EN,1,"Yes, I consent",1 = very dishonest,1 = very insincere,1 = very unethical,3 = neither likeable nor unlikeable,3 = neither approachable nor unapproachable,2 = somewhat confident the findings are false,5 = very honest,5 = very sincere,5 = very ethical,3 = neither likeable nor unlikeable,3 = neither approachable nor unapproachable,neither reported (K) nor reporting researcher (S),neither reported (K) nor reporting researcher (S),neither reported (K) nor reporting researcher (S),reporting researcher (S),reporting researcher (S),reporting researcher (S),reported researcher (K),reporting researcher (S),reporting researcher (S),1 = very dishonest,1 = very insincere,1 = very unethical,2 = somewhat unlikeable,3 = neither approachable nor unapproachable,1 = very confident the findings are false,5 = very honest,5 = very sincere,5 = very ethical,3 = neither likeable nor unlikeable,5 = very approachable,reporting researcher (F),neither reported (H) nor reporting researcher (F),neither reported (H) nor reporting researcher (F),reporting researcher (F),reporting researcher (F),reporting researcher (F),reported researcher (H),reporting researcher (F),reporting researcher (F),1 = very dishonest,1 = very insincere,1 = very unethical,1 = very unlikeable,1 = very unapproachable,1 = very confident the findings are false,5 = very honest,5 = very sincere,5 = very ethical,3 = neither likeable nor unlikeable,5 = very approachable,reporting researcher (Y),reporting researcher (Y),neither reported (X) nor reporting researcher (Y),reporting researcher (Y),reporting researcher (Y),reporting researcher (Y),neither reported (X) nor reporting researcher (Y),reporting researcher (Y),reporting researcher (Y),Somewhat disagree,Yes,White,,Woman,,Some college credit or technical school degree,Conservative,Heterosexual/straight,,18,Catholicism,,complete,,81786,0,0,,0,
2/25/2026 8:11,2/25/2026 8:15,IP Address,100,295,TRUE,2/25/2026 8:15,R_3lSiHJMU7ci8eKl,anonymous,EN,1,"Yes, I consent",1 = very dishonest,1 = very insincere,1 = very unethical,1 = very unlikeable,1 = very unapproachable,1 = very confident the findings are false,5 = very honest,5 = very sincere,5 = very ethical,5 = very likeable,5 = very approachable,reporting researcher (S),reporting researcher (S),neither reported (K) nor reporting researcher (S),reporting researcher (S),reporting researcher (S),reporting researcher (S),reporting researcher (S),reporting researcher (S),reporting researcher (S),1 = very dishonest,1 = very insincere,1 = very unethical,1 = very unlikeable,1 = very unapproachable,1 = very confident the findings are false,5 = very honest,5 = very sincere,5 = very ethical,5 = very likeable,5 = very approachable,reporting researcher (F),reporting researcher (F),neither reported (H) nor reporting researcher (F),reporting researcher (F),reporting researcher (F),reporting researcher (F),reported researcher (H),reporting researcher (F),reporting researcher (F),1 = very dishonest,1 = very insincere,1 = very unethical,1 = very unlikeable,1 = very unapproachable,1 = very confident the findings are false,5 = very honest,5 = very sincere,5 = very ethical,5 = very likeable,5 = very approachable,neither reported (X) nor reporting researcher (Y),reporting researcher (Y),reported researcher (X),reporting researcher (Y),reporting researcher (Y),reporting researcher (Y),reported researcher (X),reporting researcher (Y),reporting researcher (Y),Somewhat disagree,No,White,,Woman,,Some college credit or technical school degree,Strongly Conservative,Heterosexual/straight,,18,Protestantism (Christian),,complete,,81594,0,0,,0,
2/25/2026 8:38,2/25/2026 8:42,IP Address,100,234,TRUE,2/25/2026 8:42,R_7Lv5MYFXX7f0GPI,anonymous,EN,1,"Yes, I consent",1 = very dishonest,1 = very insincere,2 = somewhat unethical,2 = somewhat unlikeable,2 = somewhat unapproachable,2 = somewhat confident the findings are false,1 = very dishonest,2 = somewhat insincere,3 = neither ethical nor unethical,5 = very likeable,3 = neither approachable nor unapproachable,neither reported (K) nor reporting researcher (S),neither reported (K) nor reporting researcher (S),neither reported (K) nor reporting researcher (S),neither reported (K) nor reporting researcher (S),neither reported (K) nor reporting researcher (S),neither reported (K) nor reporting researcher (S),neither reported (K) nor reporting researcher (S),neither reported (K) nor reporting researcher (S),neither reported (K) nor reporting researcher (S),2 = somewhat dishonest,2 = somewhat insincere,2 = somewhat unethical,2 = somewhat unlikeable,2 = somewhat unapproachable,2 = somewhat confident the findings are false,2 = somewhat dishonest,2 = somewhat insincere,2 = somewhat unethical,2 = somewhat unlikeable,2 = somewhat unapproachable,neither reported (H) nor reporting researcher (F),neither reported (H) nor reporting researcher (F),neither reported (H) nor reporting researcher (F),neither reported (H) nor reporting researcher (F),neither reported (H) nor reporting researcher (F),neither reported (H) nor reporting researcher (F),neither reported (H) nor reporting researcher (F),neither reported (H) nor reporting researcher (F),neither reported (H) nor reporting researcher (F),1 = very dishonest,1 = very insincere,2 = somewhat unethical,2 = somewhat unlikeable,1 = very unapproachable,1 = very confident the findings are false,2 = somewhat dishonest,2 = somewhat insincere,2 = somewhat unethical,2 = somewhat unlikeable,2 = somewhat unapproachable,reporting researcher (Y),neither reported (X) nor reporting researcher (Y),reported researcher (X),neither reported (X) nor reporting researcher (Y),neither reported (X) nor reporting researcher (Y),neither reported (X) nor reporting researcher (Y),neither reported (X) nor reporting researcher (Y),neither reported (X) nor reporting researcher (Y),neither reported (X) nor reporting researcher (Y),strongly disagree,Yes,White,,Man,,Bachelor’s Degree,Lean Conservative,Heterosexual/straight,,21,Protestantism (Christian),,complete,,81828,0,0,,0,
2/25/2026 10:24,2/25/2026 10:37,IP Address,100,808,TRUE,2/25/2026 10:37,R_5E9O5Rk0cvp5WWH,anonymous,EN,1,"Yes, I consent",3 = neither honest nor dishonest,4 = somewhat sincere,2 = somewhat unethical,5 = very likeable,2 = somewhat unapproachable,3 = could go either way,5 = very honest,2 = somewhat insincere,5 = very ethical,3 = neither likeable nor unlikeable,3 = neither approachable nor unapproachable,reporting researcher (S),reporting researcher (S),reported researcher (K),reporting researcher (S),reported researcher (K),reporting researcher (S),reported researcher (K),reporting researcher (S),reported researcher (K),3 = neither honest nor dishonest,4 = somewhat sincere,2 = somewhat unethical,5 = very likeable,4 = somewhat approachable,4 = somewhat confident the findings are true,4 = somewhat honest,5 = very sincere,4 = somewhat ethical,2 = somewhat unlikeable,1 = very unapproachable,reporting researcher (F),reporting researcher (F),reported researcher (H),reported researcher (H),reporting researcher (F),reporting researcher (F),reported researcher (H),reporting researcher (F),reported researcher (H),3 = neither honest nor dishonest,5 = very sincere,4 = somewhat ethical,4 = somewhat likeable,5 = very approachable,4 = somewhat confident the findings are true,1 = very dishonest,5 = very sincere,2 = somewhat unethical,5 = very likeable,5 = very approachable,reported researcher (X),reporting researcher (Y),reported researcher (X),reporting researcher (Y),reported researcher (X),reporting researcher (Y),reporting researcher (Y),reporting researcher (Y),reporting researcher (Y),Somewhat disagree,No,White,,Woman,,Some college credit or technical school degree,Strongly Conservative,Heterosexual/straight,,19,Protestantism (Christian),,complete,,81464,0,0,,0,
2/25/2026 12:36,2/25/2026 12:44,IP Address,100,514,TRUE,2/25/2026 12:44,R_3dyYellW2y3bv02,anonymous,EN,1,"Yes, I consent",4 = somewhat honest,4 = somewhat sincere,4 = somewhat ethical,4 = somewhat likeable,3 = neither approachable nor unapproachable,4 = somewhat confident the findings are true,5 = very honest,4 = somewhat sincere,3 = neither ethical nor unethical,2 = somewhat unlikeable,2 = somewhat unapproachable,reporting researcher (S),reporting researcher (S),neither reported (K) nor reporting researcher (S),neither reported (K) nor reporting researcher (S),reporting researcher (S),neither reported (K) nor reporting researcher (S),reported researcher (K),reporting researcher (S),reported researcher (K),1 = very dishonest,1 = very insincere,1 = very unethical,1 = very unlikeable,3 = neither approachable nor unapproachable,2 = somewhat confident the findings are false,5 = very honest,5 = very sincere,5 = very ethical,5 = very likeable,4 = somewhat approachable,reporting researcher (F),reporting researcher (F),neither reported (H) nor reporting researcher (F),reporting researcher (F),reporting researcher (F),reporting researcher (F),reported researcher (H),reporting researcher (F),reporting researcher (F),1 = very dishonest,1 = very insincere,1 = very unethical,1 = very unlikeable,2 = somewhat unapproachable,1 = very confident the findings are false,5 = very honest,5 = very sincere,5 = very ethical,5 = very likeable,4 = somewhat approachable,reporting researcher (Y),reporting researcher (Y),reported researcher (X),reporting researcher (Y),reporting researcher (Y),reporting researcher (Y),reported researcher (X),reporting researcher (Y),reporting researcher (Y),Somewhat disagree,No,White,,Man,,Some college credit or technical school degree,Lean Conservative,Heterosexual/straight,,18,Protestantism (Christian),,complete,,81349,0,0,,0,
2/25/2026 12:36,2/25/2026 12:47,IP Address,100,682,TRUE,2/25/2026 12:47,R_7hAswUoC2vAPtGP,anonymous,EN,1,"Yes, I consent",3 = neither honest nor dishonest,3 = neither sincere nor insincere,3 = neither ethical nor unethical,3 = neither likeable nor unlikeable,3 = neither approachable nor unapproachable,3 = could go either way,3 = neither honest nor dishonest,3 = neither sincere nor insincere,3 = neither ethical nor unethical,3 = neither likeable nor unlikeable,3 = neither approachable nor unapproachable,reporting researcher (S),reported researcher (K),reporting researcher (S),reporting researcher (S),reporting researcher (S),neither reported (K) nor reporting researcher (S),reported researcher (K),reported researcher (K),reporting researcher (S),1 = very dishonest,1 = very insincere,1 = very unethical,1 = very unlikeable,1 = very unapproachable,1 = very confident the findings are false,2 = somewhat dishonest,2 = somewhat insincere,2 = somewhat unethical,2 = somewhat unlikeable,2 = somewhat unapproachable,neither reported (H) nor reporting researcher (F),neither reported (H) nor reporting researcher (F),neither reported (H) nor reporting researcher (F),neither reported (H) nor reporting researcher (F),neither reported (H) nor reporting researcher (F),neither reported (H) nor reporting researcher (F),neither reported (H) nor reporting researcher (F),neither reported (H) nor reporting researcher (F),neither reported (H) nor reporting researcher (F),2 = somewhat dishonest,2 = somewhat insincere,2 = somewhat unethical,2 = somewhat unlikeable,4 = somewhat approachable,2 = somewhat confident the findings are false,1 = very dishonest,1 = very insincere,1 = very unethical,1 = very unlikeable,1 = very unapproachable,neither reported (X) nor reporting researcher (Y),neither reported (X) nor reporting researcher (Y),neither reported (X) nor reporting researcher (Y),neither reported (X) nor reporting researcher (Y),neither reported (X) nor reporting researcher (Y),neither reported (X) nor reporting researcher (Y),neither reported (X) nor reporting researcher (Y),neither reported (X) nor reporting researcher (Y),neither reported (X) nor reporting researcher (Y),Somewhat disagree,Yes,White,,Woman,,High School Diploma or GED,Strongly Conservative,Heterosexual/straight,,19,Catholicism,,complete,,81235,0,0,,0,
2/25/2026 13:08,2/25/2026 13:15,IP Address,100,373,TRUE,2/25/2026 13:15,R_1fjPrvtraklZDI7,anonymous,EN,1,"Yes, I consent",3 = neither honest nor dishonest,3 = neither sincere nor insincere,3 = neither ethical nor unethical,3 = neither likeable nor unlikeable,3 = neither approachable nor unapproachable,3 = could go either way,4 = somewhat honest,2 = somewhat insincere,3 = neither ethical nor unethical,3 = neither likeable nor unlikeable,2 = somewhat unapproachable,neither reported (K) nor reporting researcher (S),reporting researcher (S),neither reported (K) nor reporting researcher (S),neither reported (K) nor reporting researcher (S),neither reported (K) nor reporting researcher (S),reporting researcher (S),reporting researcher (S),neither reported (K) nor reporting researcher (S),reporting researcher (S),3 = neither honest nor dishonest,3 = neither sincere nor insincere,3 = neither ethical nor unethical,3 = neither likeable nor unlikeable,3 = neither approachable nor unapproachable,3 = could go either way,3 = neither honest nor dishonest,3 = neither sincere nor insincere,3 = neither ethical nor unethical,3 = neither likeable nor unlikeable,3 = neither approachable nor unapproachable,neither reported (H) nor reporting researcher (F),neither reported (H) nor reporting researcher (F),neither reported (H) nor reporting researcher (F),neither reported (H) nor reporting researcher (F),neither reported (H) nor reporting researcher (F),neither reported (H) nor reporting researcher (F),neither reported (H) nor reporting researcher (F),neither reported (H) nor reporting researcher (F),neither reported (H) nor reporting researcher (F),3 = neither honest nor dishonest,3 = neither sincere nor insincere,3 = neither ethical nor unethical,3 = neither likeable nor unlikeable,3 = neither approachable nor unapproachable,3 = could go either way,3 = neither honest nor dishonest,3 = neither sincere nor insincere,3 = neither ethical nor unethical,3 = neither likeable nor unlikeable,3 = neither approachable nor unapproachable,neither reported (X) nor reporting researcher (Y),neither reported (X) nor reporting researcher (Y),neither reported (X) nor reporting researcher (Y),neither reported (X) nor reporting researcher (Y),neither reported (X) nor reporting researcher (Y),neither reported (X) nor reporting researcher (Y),neither reported (X) nor reporting researcher (Y),neither reported (X) nor reporting researcher (Y),neither reported (X) nor reporting researcher (Y),Somewhat disagree,No,Black or African-American,,Woman,,Some college credit or technical school degree,,Heterosexual/straight,,18,Not Affiliated,,complete,,81575,0,0,,0.014285714285714285,QID1219732974
2/25/2026 13:57,2/25/2026 14:03,IP Address,100,388,TRUE,2/25/2026 14:03,R_5rqU9mrdxJQBpS8,anonymous,EN,1,"Yes, I consent",1 = very dishonest,1 = very insincere,1 = very unethical,1 = very unlikeable,1 = very unapproachable,1 = very confident the findings are false,5 = very honest,5 = very sincere,5 = very ethical,5 = very likeable,5 = very approachable,reporting researcher (S),reporting researcher (S),reported researcher (K),reporting researcher (S),reporting researcher (S),reporting researcher (S),reporting researcher (S),reporting researcher (S),reporting researcher (S),1 = very dishonest,1 = very insincere,1 = very unethical,1 = very unlikeable,1 = very unapproachable,1 = very confident the findings are false,5 = very honest,5 = very sincere,5 = very ethical,5 = very likeable,5 = very approachable,reporting researcher (F),reporting researcher (F),reporting researcher (F),reporting researcher (F),reporting researcher (F),reporting researcher (F),reporting researcher (F),reporting researcher (F),reporting researcher (F),1 = very dishonest,1 = very insincere,1 = very unethical,1 = very unlikeable,1 = very unapproachable,1 = very confident the findings are false,5 = very honest,5 = very sincere,5 = very ethical,5 = very likeable,5 = very approachable,reporting researcher (Y),reporting researcher (Y),reporting researcher (Y),reporting researcher (Y),reporting researcher (Y),reporting researcher (Y),reporting researcher (Y),reporting researcher (Y),reporting researcher (Y),Somewhat disagree,No,White,,Woman,,Some college credit or technical school degree,Lean Liberal,Heterosexual/straight,,18,Protestantism (Christian),,complete,,81985,0,0,,0,
2/25/2026 14:26,2/25/2026 14:31,IP Address,100,332,TRUE,2/25/2026 14:31,R_5EhufHshMv5AiTD,anonymous,EN,1,"Yes, I consent",3 = neither honest nor dishonest,2 = somewhat insincere,1 = very unethical,5 = very likeable,3 = neither approachable nor unapproachable,3 = could go either way,2 = somewhat dishonest,2 = somewhat insincere,4 = somewhat ethical,3 = neither likeable nor unlikeable,5 = very approachable,reporting researcher (S),reporting researcher (S),reported researcher (K),neither reported (K) nor reporting researcher (S),reporting researcher (S),neither reported (K) nor reporting researcher (S),reporting researcher (S),neither reported (K) nor reporting researcher (S),reporting researcher (S),3 = neither honest nor dishonest,2 = somewhat insincere,5 = very ethical,1 = very unlikeable,2 = somewhat unapproachable,3 = could go either way,5 = very honest,1 = very insincere,1 = very unethical,2 = somewhat unlikeable,2 = somewhat unapproachable,neither reported (H) nor reporting researcher (F),neither reported (H) nor reporting researcher (F),reporting researcher (F),reported researcher (H),reported researcher (H),reporting researcher (F),neither reported (H) nor reporting researcher (F),reporting researcher (F),neither reported (H) nor reporting researcher (F),5 = very honest,4 = somewhat sincere,4 = somewhat ethical,1 = very unlikeable,4 = somewhat approachable,3 = could go either way,5 = very honest,3 = neither sincere nor insincere,1 = very unethical,4 = somewhat likeable,3 = neither approachable nor unapproachable,reporting researcher (Y),neither reported (X) nor reporting researcher (Y),reported researcher (X),neither reported (X) nor reporting researcher (Y),reporting researcher (Y),reporting researcher (Y),neither reported (X) nor reporting researcher (Y),neither reported (X) nor reporting researcher (Y),neither reported (X) nor reporting researcher (Y),Somewhat disagree,No,Black or African-American,,Man,,Some college credit or technical school degree,Centrist,Heterosexual/straight,,19,Protestantism (Christian),,complete,,81445,0,0,,0,
2/25/2026 15:16,2/25/2026 15:21,IP Address,100,269,TRUE,2/25/2026 15:21,R_7EDWML5rg5fBR8P,anonymous,EN,1,"Yes, I consent",3 = neither honest nor dishonest,4 = somewhat sincere,2 = somewhat unethical,3 = neither likeable nor unlikeable,3 = neither approachable nor unapproachable,3 = could go either way,4 = somewhat honest,5 = very sincere,4 = somewhat ethical,4 = somewhat likeable,4 = somewhat approachable,reporting researcher (S),reporting researcher (S),reporting researcher (S),reporting researcher (S),reporting researcher (S),reporting researcher (S),reporting researcher (S),reporting researcher (S),reporting researcher (S),5 = very honest,5 = very sincere,5 = very ethical,5 = very likeable,5 = very approachable,4 = somewhat confident the findings are true,2 = somewhat dishonest,2 = somewhat insincere,3 = neither ethical nor unethical,2 = somewhat unlikeable,2 = somewhat unapproachable,reported researcher (H),reported researcher (H),reported researcher (H),reported researcher (H),reported researcher (H),reported researcher (H),reported researcher (H),reported researcher (H),reported researcher (H),1 = very dishonest,2 = somewhat insincere,1 = very unethical,1 = very unlikeable,1 = very unapproachable,2 = somewhat confident the findings are false,4 = somewhat honest,4 = somewhat sincere,4 = somewhat ethical,4 = somewhat likeable,4 = somewhat approachable,reporting researcher (Y),reporting researcher (Y),reporting researcher (Y),reporting researcher (Y),reporting researcher (Y),reporting researcher (Y),neither reported (X) nor reporting researcher (Y),reporting researcher (Y),reporting researcher (Y),Somewhat disagree,No,White,,Man,,High School Diploma or GED,Conservative,Heterosexual/straight,,19,Catholicism,,complete,,81352,0,0,,0,
2/25/2026 18:10,2/25/2026 18:22,IP Address,100,693,TRUE,2/25/2026 18:22,R_3ysYpuiftdsbP0Z,anonymous,EN,1,"Yes, I consent",1 = very dishonest,1 = very insincere,1 = very unethical,1 = very unlikeable,1 = very unapproachable,1 = very confident the findings are false,5 = very honest,5 = very sincere,5 = very ethical,5 = very likeable,5 = very approachable,reporting researcher (S),reporting researcher (S),reporting researcher (S),reporting researcher (S),reporting researcher (S),reporting researcher (S),reporting researcher (S),reporting researcher (S),reporting researcher (S),1 = very dishonest,1 = very insincere,1 = very unethical,1 = very unlikeable,1 = very unapproachable,1 = very confident the findings are false,5 = very honest,5 = very sincere,5 = very ethical,5 = very likeable,5 = very approachable,reporting researcher (F),reporting researcher (F),reporting researcher (F),reporting researcher (F),reporting researcher (F),reporting researcher (F),reporting researcher (F),reporting researcher (F),reporting researcher (F),1 = very dishonest,1 = very insincere,1 = very unethical,1 = very unlikeable,1 = very unapproachable,1 = very confident the findings are false,5 = very honest,5 = very sincere,5 = very ethical,5 = very likeable,5 = very approachable,reporting researcher (Y),reporting researcher (Y),reporting researcher (Y),reporting researcher (Y),reporting researcher (Y),reporting researcher (Y),reporting researcher (Y),reporting researcher (Y),reporting researcher (Y),Somewhat disagree,No,Asian or Asian-American,,Woman,,Some college credit or technical school degree,Lean Conservative,Heterosexual/straight,,20,Catholicism,,complete,,81544,0,0,,0,
2/25/2026 18:38,2/25/2026 18:44,IP Address,100,392,TRUE,2/25/2026 18:44,R_1X34tCAgIS9sw0x,anonymous,EN,1,"Yes, I consent",3 = neither honest nor dishonest,4 = somewhat sincere,4 = somewhat ethical,4 = somewhat likeable,4 = somewhat approachable,4 = somewhat confident the findings are true,4 = somewhat honest,4 = somewhat sincere,4 = somewhat ethical,4 = somewhat likeable,4 = somewhat approachable,reporting researcher (S),reporting researcher (S),reporting researcher (S),reporting researcher (S),reporting researcher (S),reporting researcher (S),reporting researcher (S),reporting researcher (S),reporting researcher (S),5 = very honest,5 = very sincere,5 = very ethical,5 = very likeable,5 = very approachable,5 = very confident the findings are true,5 = very honest,5 = very sincere,5 = very ethical,5 = very likeable,5 = very approachable,reporting researcher (F),reporting researcher (F),reporting researcher (F),reporting researcher (F),reporting researcher (F),reporting researcher (F),reporting researcher (F),reporting researcher (F),reporting researcher (F),1 = very dishonest,1 = very insincere,1 = very unethical,1 = very unlikeable,1 = very unapproachable,1 = very confident the findings are false,5 = very honest,4 = somewhat sincere,5 = very ethical,5 = very likeable,4 = somewhat approachable,reporting researcher (Y),reporting researcher (Y),reporting researcher (Y),reporting researcher (Y),reporting researcher (Y),reporting researcher (Y),reporting researcher (Y),reporting researcher (Y),reporting researcher (Y),Somewhat disagree,No,White,,Woman,,High School Diploma or GED,Conservative,Heterosexual/straight,,19,Protestantism (Christian),,complete,,81343,0,0,,0,
2/25/2026 19:29,2/25/2026 19:35,IP Address,100,364,TRUE,2/25/2026 19:35,R_1jK4Wk5a5EFKgFO,anonymous,EN,1,"Yes, I consent",4 = somewhat honest,4 = somewhat sincere,4 = somewhat ethical,3 = neither likeable nor unlikeable,5 = very approachable,3 = could go either way,5 = very honest,5 = very sincere,3 = neither ethical nor unethical,3 = neither likeable nor unlikeable,3 = neither approachable nor unapproachable,neither reported (K) nor reporting researcher (S),neither reported (K) nor reporting researcher (S),neither reported (K) nor reporting researcher (S),neither reported (K) nor reporting researcher (S),neither reported (K) nor reporting researcher (S),neither reported (K) nor reporting researcher (S),neither reported (K) nor reporting researcher (S),neither reported (K) nor reporting researcher (S),neither reported (K) nor reporting researcher (S),4 = somewhat honest,4 = somewhat sincere,3 = neither ethical nor unethical,3 = neither likeable nor unlikeable,3 = neither approachable nor unapproachable,3 = could go either way,3 = neither honest nor dishonest,5 = very sincere,3 = neither ethical nor unethical,3 = neither likeable nor unlikeable,3 = neither approachable nor unapproachable,reporting researcher (F),reported researcher (H),neither reported (H) nor reporting researcher (F),reporting researcher (F),neither reported (H) nor reporting researcher (F),neither reported (H) nor reporting researcher (F),neither reported (H) nor reporting researcher (F),neither reported (H) nor reporting researcher (F),neither reported (H) nor reporting researcher (F),5 = very honest,4 = somewhat sincere,4 = somewhat ethical,4 = somewhat likeable,4 = somewhat approachable,4 = somewhat confident the findings are true,5 = very honest,5 = very sincere,3 = neither ethical nor unethical,3 = neither likeable nor unlikeable,3 = neither approachable nor unapproachable,neither reported (X) nor reporting researcher (Y),neither reported (X) nor reporting researcher (Y),neither reported (X) nor reporting researcher (Y),neither reported (X) nor reporting researcher (Y),neither reported (X) nor reporting researcher (Y),neither reported (X) nor reporting researcher (Y),neither reported (X) nor reporting researcher (Y),neither reported (X) nor reporting researcher (Y),neither reported (X) nor reporting researcher (Y),Somewhat disagree,No,White,,Woman,,Some college credit or technical school degree,Conservative,Heterosexual/straight,,19,Catholicism,,complete,,81550,0,0,,0,
2/25/2026 19:52,2/25/2026 20:04,IP Address,100,700,TRUE,2/25/2026 20:04,R_6Ig2s2OlJ2z6bkd,anonymous,EN,1,"Yes, I consent",2 = somewhat dishonest,4 = somewhat sincere,4 = somewhat ethical,3 = neither likeable nor unlikeable,2 = somewhat unapproachable,3 = could go either way,4 = somewhat honest,3 = neither sincere nor insincere,4 = somewhat ethical,2 = somewhat unlikeable,3 = neither approachable nor unapproachable,neither reported (K) nor reporting researcher (S),reporting researcher (S),reported researcher (K),reported researcher (K),reporting researcher (S),neither reported (K) nor reporting researcher (S),reporting researcher (S),neither reported (K) nor reporting researcher (S),reporting researcher (S),2 = somewhat dishonest,3 = neither sincere nor insincere,4 = somewhat ethical,4 = somewhat likeable,4 = somewhat approachable,3 = could go either way,4 = somewhat honest,3 = neither sincere nor insincere,4 = somewhat ethical,1 = very unlikeable,2 = somewhat unapproachable,reported researcher (H),reporting researcher (F),reported researcher (H),reported researcher (H),reporting researcher (F),neither reported (H) nor reporting researcher (F),reported researcher (H),reporting researcher (F),neither reported (H) nor reporting researcher (F),5 = very honest,3 = neither sincere nor insincere,2 = somewhat unethical,2 = somewhat unlikeable,3 = neither approachable nor unapproachable,2 = somewhat confident the findings are false,5 = very honest,4 = somewhat sincere,3 = neither ethical nor unethical,4 = somewhat likeable,3 = neither approachable nor unapproachable,neither reported (X) nor reporting researcher (Y),reporting researcher (Y),reported researcher (X),reporting researcher (Y),reporting researcher (Y),reporting researcher (Y),reported researcher (X),reporting researcher (Y),reported researcher (X),Somewhat disagree,No,White,,Woman,,Some college credit or technical school degree,Conservative,Heterosexual/straight,,20,Protestantism (Christian),,complete,,81310,0,0,,0,
2/25/2026 22:06,2/25/2026 22:18,IP Address,100,736,TRUE,2/25/2026 22:18,R_5PLoOKbAZCAJ0SB,anonymous,EN,1,"Yes, I consent",2 = somewhat dishonest,2 = somewhat insincere,2 = somewhat unethical,3 = neither likeable nor unlikeable,3 = neither approachable nor unapproachable,2 = somewhat confident the findings are false,5 = very honest,4 = somewhat sincere,4 = somewhat ethical,4 = somewhat likeable,3 = neither approachable nor unapproachable,reporting researcher (S),reporting researcher (S),neither reported (K) nor reporting researcher (S),reporting researcher (S),reporting researcher (S),reporting researcher (S),reporting researcher (S),reporting researcher (S),reported researcher (K),2 = somewhat dishonest,2 = somewhat insincere,2 = somewhat unethical,2 = somewhat unlikeable,3 = neither approachable nor unapproachable,2 = somewhat confident the findings are false,4 = somewhat honest,4 = somewhat sincere,4 = somewhat ethical,3 = neither likeable nor unlikeable,3 = neither approachable nor unapproachable,neither reported (H) nor reporting researcher (F),reporting researcher (F),reported researcher (H),neither reported (H) nor reporting researcher (F),reporting researcher (F),reporting researcher (F),reported researcher (H),reporting researcher (F),reported researcher (H),2 = somewhat dishonest,2 = somewhat insincere,3 = neither ethical nor unethical,4 = somewhat likeable,2 = somewhat unapproachable,2 = somewhat confident the findings are false,4 = somewhat honest,4 = somewhat sincere,4 = somewhat ethical,4 = somewhat likeable,4 = somewhat approachable,reporting researcher (Y),reporting researcher (Y),reported researcher (X),neither reported (X) nor reporting researcher (Y),reporting researcher (Y),reporting researcher (Y),reporting researcher (Y),reporting researcher (Y),reported researcher (X),Somewhat disagree,No,White,,Man,,High School Diploma or GED,Conservative,Heterosexual/straight,,19,Protestantism (Christian),,complete,,81346,0,0,,0,
2/26/2026 7:28,2/26/2026 7:35,IP Address,100,417,TRUE,2/26/2026 7:35,R_65SzekY3yTmuCxT,anonymous,EN,1,"Yes, I consent",4 = somewhat honest,4 = somewhat sincere,4 = somewhat ethical,4 = somewhat likeable,3 = neither approachable nor unapproachable,3 = could go either way,4 = somewhat honest,4 = somewhat sincere,4 = somewhat ethical,3 = neither likeable nor unlikeable,4 = somewhat approachable,reporting researcher (S),reporting researcher (S),neither reported (K) nor reporting researcher (S),reporting researcher (S),reporting researcher (S),reporting researcher (S),reported researcher (K),reporting researcher (S),reporting researcher (S),2 = somewhat dishonest,2 = somewhat insincere,2 = somewhat unethical,2 = somewhat unlikeable,3 = neither approachable nor unapproachable,2 = somewhat confident the findings are false,3 = neither honest nor dishonest,3 = neither sincere nor insincere,3 = neither ethical nor unethical,3 = neither likeable nor unlikeable,3 = neither approachable nor unapproachable,reporting researcher (F),neither reported (H) nor reporting researcher (F),neither reported (H) nor reporting researcher (F),reporting researcher (F),reporting researcher (F),reporting researcher (F),neither reported (H) nor reporting researcher (F),reporting researcher (F),reporting researcher (F),1 = very dishonest,2 = somewhat insincere,1 = very unethical,1 = very unlikeable,2 = somewhat unapproachable,1 = very confident the findings are false,4 = somewhat honest,4 = somewhat sincere,4 = somewhat ethical,4 = somewhat likeable,4 = somewhat approachable,reporting researcher (Y),reporting researcher (Y),reporting researcher (Y),reporting researcher (Y),reporting researcher (Y),reporting researcher (Y),neither reported (X) nor reporting researcher (Y),reporting researcher (Y),reporting researcher (Y),Somewhat disagree,No,White,,Woman,,Some college credit or technical school degree,Lean Liberal,Heterosexual/straight,,18,Not Affiliated,,complete,,81036,0,0,,0,
2/26/2026 8:12,2/26/2026 8:23,IP Address,100,655,TRUE,2/26/2026 8:23,R_7ebmgQO6D6tYk30,anonymous,EN,1,"Yes, I consent",4 = somewhat honest,4 = somewhat sincere,5 = very ethical,4 = somewhat likeable,4 = somewhat approachable,4 = somewhat confident the findings are true,5 = very honest,5 = very sincere,5 = very ethical,5 = very likeable,5 = very approachable,reporting researcher (S),reporting researcher (S),reported researcher (K),reporting researcher (S),reporting researcher (S),reporting researcher (S),reported researcher (K),reporting researcher (S),reported researcher (K),1 = very dishonest,1 = very insincere,1 = very unethical,2 = somewhat unlikeable,3 = neither approachable nor unapproachable,1 = very confident the findings are false,5 = very honest,5 = very sincere,5 = very ethical,4 = somewhat likeable,5 = very approachable,reporting researcher (F),reporting researcher (F),reporting researcher (F),reporting researcher (F),reporting researcher (F),reporting researcher (F),reported researcher (H),reporting researcher (F),reporting researcher (F),1 = very dishonest,1 = very insincere,1 = very unethical,1 = very unlikeable,2 = somewhat unapproachable,1 = very confident the findings are false,5 = very honest,5 = very sincere,5 = very ethical,4 = somewhat likeable,5 = very approachable,reporting researcher (Y),reporting researcher (Y),reported researcher (X),reporting researcher (Y),reporting researcher (Y),reporting researcher (Y),reported researcher (X),reporting researcher (Y),reporting researcher (Y),Somewhat agree,No,White,,Woman,,High School Diploma or GED,Conservative,Heterosexual/straight,,19,Protestantism (Christian),,complete,,81942,0,0,,0,
2/19/2026 8:52,2/19/2026 9:05,IP Address,7,809,FALSE,2/26/2026 8:52,R_7muvD4Y7Y8gX87n,anonymous,EN,1,"Yes, I consent",,,,,,,,,,,,,,,,,,,,,,,,,,,,,,,,,,,,,,,,,,,,,,,,,,,,,,,,,,,,,,,,,,,,,,,,,,complete,,81156,0,0,,0,
2/26/2026 8:54,2/26/2026 8:59,IP Address,100,345,TRUE,2/26/2026 8:59,R_1NwU87FuoBUhfPJ,anonymous,EN,1,"Yes, I consent",1 = very dishonest,1 = very insincere,1 = very unethical,1 = very unlikeable,1 = very unapproachable,1 = very confident the findings are false,5 = very honest,5 = very sincere,5 = very ethical,5 = very likeable,5 = very approachable,neither reported (K) nor reporting researcher (S),reporting researcher (S),neither reported (K) nor reporting researcher (S),reporting researcher (S),reporting researcher (S),reporting researcher (S),neither reported (K) nor reporting researcher (S),reporting researcher (S),reporting researcher (S),1 = very dishonest,2 = somewhat insincere,1 = very unethical,1 = very unlikeable,1 = very unapproachable,1 = very confident the findings are false,5 = very honest,5 = very sincere,5 = very ethical,5 = very likeable,5 = very approachable,neither reported (H) nor reporting researcher (F),reporting researcher (F),neither reported (H) nor reporting researcher (F),reporting researcher (F),neither reported (H) nor reporting researcher (F),reporting researcher (F),neither reported (H) nor reporting researcher (F),reporting researcher (F),reporting researcher (F),1 = very dishonest,1 = very insincere,1 = very unethical,1 = very unlikeable,1 = very unapproachable,1 = very confident the findings are false,5 = very honest,5 = very sincere,5 = very ethical,5 = very likeable,5 = very approachable,neither reported (X) nor reporting researcher (Y),reporting researcher (Y),neither reported (X) nor reporting researcher (Y),reporting researcher (Y),reporting researcher (Y),reporting researcher (Y),neither reported (X) nor reporting researcher (Y),reporting researcher (Y),reporting researcher (Y),Somewhat disagree,No,White,,Woman,,High School Diploma or GED,Conservative,Heterosexual/straight,,19,Protestantism (Christian),,complete,,81214,0,0,,0,
2/26/2026 8:59,2/26/2026 9:05,IP Address,100,391,TRUE,2/26/2026 9:05,R_6J3zZP4vTYkARfX,anonymous,EN,1,"Yes, I consent",3 = neither honest nor dishonest,3 = neither sincere nor insincere,3 = neither ethical nor unethical,3 = neither likeable nor unlikeable,3 = neither approachable nor unapproachable,3 = could go either way,3 = neither honest nor dishonest,3 = neither sincere nor insincere,3 = neither ethical nor unethical,3 = neither likeable nor unlikeable,3 = neither approachable nor unapproachable,neither reported (K) nor reporting researcher (S),neither reported (K) nor reporting researcher (S),neither reported (K) nor reporting researcher (S),neither reported (K) nor reporting researcher (S),neither reported (K) nor reporting researcher (S),neither reported (K) nor reporting researcher (S),neither reported (K) nor reporting researcher (S),neither reported (K) nor reporting researcher (S),neither reported (K) nor reporting researcher (S),1 = very dishonest,1 = very insincere,1 = very unethical,1 = very unlikeable,1 = very unapproachable,3 = could go either way,5 = very honest,5 = very sincere,5 = very ethical,5 = very likeable,3 = neither approachable nor unapproachable,neither reported (H) nor reporting researcher (F),reporting researcher (F),neither reported (H) nor reporting researcher (F),neither reported (H) nor reporting researcher (F),neither reported (H) nor reporting researcher (F),neither reported (H) nor reporting researcher (F),neither reported (H) nor reporting researcher (F),neither reported (H) nor reporting researcher (F),neither reported (H) nor reporting researcher (F),3 = neither honest nor dishonest,3 = neither sincere nor insincere,3 = neither ethical nor unethical,3 = neither likeable nor unlikeable,3 = neither approachable nor unapproachable,3 = could go either way,3 = neither honest nor dishonest,3 = neither sincere nor insincere,3 = neither ethical nor unethical,3 = neither likeable nor unlikeable,3 = neither approachable nor unapproachable,neither reported (X) nor reporting researcher (Y),neither reported (X) nor reporting researcher (Y),neither reported (X) nor reporting researcher (Y),reported researcher (X),reporting researcher (Y),reporting researcher (Y),reported researcher (X),reporting researcher (Y),reported researcher (X),Neither agree nor disagree,,,,,,,,,,18,,,complete,,81543,0,0,,0.1,"QID1219732969,QID76,QID1219732972,QID79,QID1219732974,QID1219732970,QID1219732973"
2/26/2026 9:27,2/26/2026 9:38,IP Address,100,699,TRUE,2/26/2026 9:38,R_100RpLnF3upbBKT,anonymous,EN,1,"Yes, I consent",2 = somewhat dishonest,2 = somewhat insincere,2 = somewhat unethical,2 = somewhat unlikeable,2 = somewhat unapproachable,2 = somewhat confident the findings are false,5 = very honest,5 = very sincere,5 = very ethical,5 = very likeable,5 = very approachable,reporting researcher (S),neither reported (K) nor reporting researcher (S),neither reported (K) nor reporting researcher (S),reporting researcher (S),reporting researcher (S),reporting researcher (S),reported researcher (K),reporting researcher (S),reporting researcher (S),1 = very dishonest,1 = very insincere,1 = very unethical,2 = somewhat unlikeable,1 = very unapproachable,2 = somewhat confident the findings are false,5 = very honest,5 = very sincere,5 = very ethical,4 = somewhat likeable,5 = very approachable,reporting researcher (F),reporting researcher (F),reported researcher (H),reporting researcher (F),reporting researcher (F),reporting researcher (F),reported researcher (H),reporting researcher (F),reporting researcher (F),1 = very dishonest,1 = very insincere,1 = very unethical,1 = very unlikeable,1 = very unapproachable,2 = somewhat confident the findings are false,5 = very honest,4 = somewhat sincere,5 = very ethical,4 = somewhat likeable,5 = very approachable,reporting researcher (Y),reporting researcher (Y),neither reported (X) nor reporting researcher (Y),reporting researcher (Y),reporting researcher (Y),reporting researcher (Y),reported researcher (X),reporting researcher (Y),reporting researcher (Y),Somewhat disagree,No,White,,Woman,,Some college credit or technical school degree,Conservative,Heterosexual/straight,,19,Protestantism (Christian),,complete,,81339,0,0,,0,
2/26/2026 11:41,2/26/2026 11:47,IP Address,100,356,TRUE,2/26/2026 11:47,R_1Ok0bgQj4Ux150s,anonymous,EN,1,"Yes, I consent",3 = neither honest nor dishonest,3 = neither sincere nor insincere,3 = neither ethical nor unethical,3 = neither likeable nor unlikeable,3 = neither approachable nor unapproachable,3 = could go either way,3 = neither honest nor dishonest,3 = neither sincere nor insincere,3 = neither ethical nor unethical,3 = neither likeable nor unlikeable,3 = neither approachable nor unapproachable,neither reported (K) nor reporting researcher (S),neither reported (K) nor reporting researcher (S),neither reported (K) nor reporting researcher (S),neither reported (K) nor reporting researcher (S),neither reported (K) nor reporting researcher (S),neither reported (K) nor reporting researcher (S),neither reported (K) nor reporting researcher (S),neither reported (K) nor reporting researcher (S),neither reported (K) nor reporting researcher (S),3 = neither honest nor dishonest,3 = neither sincere nor insincere,3 = neither ethical nor unethical,3 = neither likeable nor unlikeable,3 = neither approachable nor unapproachable,3 = could go either way,3 = neither honest nor dishonest,3 = neither sincere nor insincere,3 = neither ethical nor unethical,3 = neither likeable nor unlikeable,3 = neither approachable nor unapproachable,neither reported (H) nor reporting researcher (F),neither reported (H) nor reporting researcher (F),neither reported (H) nor reporting researcher (F),neither reported (H) nor reporting researcher (F),neither reported (H) nor reporting researcher (F),neither reported (H) nor reporting researcher (F),neither reported (H) nor reporting researcher (F),neither reported (H) nor reporting researcher (F),neither reported (H) nor reporting researcher (F),3 = neither honest nor dishonest,3 = neither sincere nor insincere,3 = neither ethical nor unethical,3 = neither likeable nor unlikeable,3 = neither approachable nor unapproachable,3 = could go either way,3 = neither honest nor dishonest,3 = neither sincere nor insincere,3 = neither ethical nor unethical,3 = neither likeable nor unlikeable,3 = neither approachable nor unapproachable,neither reported (X) nor reporting researcher (Y),neither reported (X) nor reporting researcher (Y),neither reported (X) nor reporting researcher (Y),neither reported (X) nor reporting researcher (Y),neither reported (X) nor reporting researcher (Y),neither reported (X) nor reporting researcher (Y),neither reported (X) nor reporting researcher (Y),neither reported (X) nor reporting researcher (Y),neither reported (X) nor reporting researcher (Y),Somewhat disagree,No,Other,mixed,Woman,,Some college credit or technical school degree,Strongly Liberal,Heterosexual/straight,,18,Protestantism (Christian),,complete,,81605,0,0,,0,
2/26/2026 11:55,2/26/2026 12:06,IP Address,100,639,TRUE,2/26/2026 12:06,R_6lVCodcSDnH4hR7,anonymous,EN,1,"Yes, I consent",1 = very dishonest,1 = very insincere,1 = very unethical,1 = very unlikeable,1 = very unapproachable,1 = very confident the findings are false,5 = very honest,5 = very sincere,5 = very ethical,5 = very likeable,5 = very approachable,neither reported (K) nor reporting researcher (S),reporting researcher (S),neither reported (K) nor reporting researcher (S),reporting researcher (S),reporting researcher (S),reporting researcher (S),reporting researcher (S),reporting researcher (S),reporting researcher (S),1 = very dishonest,1 = very insincere,1 = very unethical,1 = very unlikeable,3 = neither approachable nor unapproachable,1 = very confident the findings are false,5 = very honest,5 = very sincere,5 = very ethical,4 = somewhat likeable,4 = somewhat approachable,neither reported (H) nor reporting researcher (F),reporting researcher (F),neither reported (H) nor reporting researcher (F),reporting researcher (F),reporting researcher (F),reporting researcher (F),neither reported (H) nor reporting researcher (F),reporting researcher (F),reporting researcher (F),1 = very dishonest,1 = very insincere,1 = very unethical,1 = very unlikeable,1 = very unapproachable,1 = very confident the findings are false,5 = very honest,5 = very sincere,5 = very ethical,5 = very likeable,5 = very approachable,neither reported (X) nor reporting researcher (Y),reporting researcher (Y),neither reported (X) nor reporting researcher (Y),reporting researcher (Y),reporting researcher (Y),reporting researcher (Y),reporting researcher (Y),reporting researcher (Y),reporting researcher (Y),Somewhat disagree,No,White,,Man,,Some college credit or technical school degree,Centrist,Heterosexual/straight,,22,Protestantism (Christian),,complete,,81906,0,0,,0,
2/26/2026 12:27,2/26/2026 12:40,IP Address,100,739,TRUE,2/26/2026 12:40,R_72ynxP0fZEOqorV,anonymous,EN,1,"Yes, I consent",2 = somewhat dishonest,2 = somewhat insincere,3 = neither ethical nor unethical,2 = somewhat unlikeable,4 = somewhat approachable,1 = very confident the findings are false,5 = very honest,5 = very sincere,4 = somewhat ethical,5 = very likeable,5 = very approachable,reporting researcher (S),reporting researcher (S),neither reported (K) nor reporting researcher (S),reporting researcher (S),reporting researcher (S),reporting researcher (S),reported researcher (K),reporting researcher (S),reporting researcher (S),1 = very dishonest,1 = very insincere,2 = somewhat unethical,2 = somewhat unlikeable,4 = somewhat approachable,1 = very confident the findings are false,5 = very honest,5 = very sincere,5 = very ethical,5 = very likeable,5 = very approachable,reporting researcher (F),reporting researcher (F),neither reported (H) nor reporting researcher (F),reporting researcher (F),reporting researcher (F),reporting researcher (F),reported researcher (H),reporting researcher (F),reporting researcher (F),1 = very dishonest,1 = very insincere,2 = somewhat unethical,1 = very unlikeable,4 = somewhat approachable,1 = very confident the findings are false,5 = very honest,5 = very sincere,4 = somewhat ethical,5 = very likeable,5 = very approachable,reporting researcher (Y),reporting researcher (Y),neither reported (X) nor reporting researcher (Y),reporting researcher (Y),reporting researcher (Y),reporting researcher (Y),reported researcher (X),reporting researcher (Y),reporting researcher (Y),Somewhat disagree,No,White,,Woman,,High School Diploma or GED,Liberal,Heterosexual/straight,,19,Protestantism (Christian),,complete,,81153,0,0,,0,
2/24/2026 12:29,2/26/2026 13:23,IP Address,100,176017,TRUE,2/26/2026 13:23,R_1kFxCKu706DY7Mv,anonymous,EN,1,"Yes, I consent",3 = neither honest nor dishonest,3 = neither sincere nor insincere,3 = neither ethical nor unethical,3 = neither likeable nor unlikeable,3 = neither approachable nor unapproachable,3 = could go either way,4 = somewhat honest,4 = somewhat sincere,4 = somewhat ethical,3 = neither likeable nor unlikeable,3 = neither approachable nor unapproachable,neither reported (K) nor reporting researcher (S),neither reported (K) nor reporting researcher (S),reported researcher (K),reported researcher (K),neither reported (K) nor reporting researcher (S),reported researcher (K),reporting researcher (S),reporting researcher (S),reporting researcher (S),1 = very dishonest,2 = somewhat insincere,1 = very unethical,2 = somewhat unlikeable,1 = very unapproachable,2 = somewhat confident the findings are false,5 = very honest,5 = very sincere,4 = somewhat ethical,5 = very likeable,5 = very approachable,neither reported (H) nor reporting researcher (F),neither reported (H) nor reporting researcher (F),reported researcher (H),reporting researcher (F),reporting researcher (F),reported researcher (H),reported researcher (H),neither reported (H) nor reporting researcher (F),neither reported (H) nor reporting researcher (F),2 = somewhat dishonest,2 = somewhat insincere,1 = very unethical,3 = neither likeable nor unlikeable,3 = neither approachable nor unapproachable,3 = could go either way,4 = somewhat honest,5 = very sincere,3 = neither ethical nor unethical,4 = somewhat likeable,4 = somewhat approachable,neither reported (X) nor reporting researcher (Y),neither reported (X) nor reporting researcher (Y),reported researcher (X),reporting researcher (Y),reporting researcher (Y),reporting researcher (Y),reported researcher (X),neither reported (X) nor reporting researcher (Y),neither reported (X) nor reporting researcher (Y),Somewhat disagree,No,White,,Woman,,High School Diploma or GED,Liberal,Heterosexual/straight,,18,Not Affiliated,,complete,,81322,0,0,,0,
2/26/2026 14:28,2/26/2026 14:39,IP Address,100,664,TRUE,2/26/2026 14:39,R_1m8GbQ8ut0k8FWq,anonymous,EN,0.6000000238418579,"Yes, I consent",5 = very honest,5 = very sincere,5 = very ethical,5 = very likeable,5 = very approachable,4 = somewhat confident the findings are true,5 = very honest,3 = neither sincere nor insincere,4 = somewhat ethical,2 = somewhat unlikeable,2 = somewhat unapproachable,reported researcher (K),reported researcher (K),reporting researcher (S),neither reported (K) nor reporting researcher (S),reported researcher (K),reported researcher (K),reported researcher (K),reporting researcher (S),reported researcher (K),2 = somewhat dishonest,3 = neither sincere nor insincere,2 = somewhat unethical,3 = neither likeable nor unlikeable,4 = somewhat approachable,4 = somewhat confident the findings are true,5 = very honest,4 = somewhat sincere,4 = somewhat ethical,5 = very likeable,2 = somewhat unapproachable,neither reported (H) nor reporting researcher (F),neither reported (H) nor reporting researcher (F),reported researcher (H),neither reported (H) nor reporting researcher (F),reporting researcher (F),reporting researcher (F),reported researcher (H),reporting researcher (F),reported researcher (H),1 = very dishonest,1 = very insincere,1 = very unethical,1 = very unlikeable,5 = very approachable,1 = very confident the findings are false,5 = very honest,5 = very sincere,5 = very ethical,4 = somewhat likeable,5 = very approachable,reporting researcher (Y),reporting researcher (Y),reported researcher (X),reporting researcher (Y),reporting researcher (Y),reporting researcher (Y),reporting researcher (Y),reporting researcher (Y),reporting researcher (Y),Somewhat disagree,No,White,,Man,,Some college credit or technical school degree,Lean Conservative,Heterosexual/straight,,18,Catholicism,,complete,,81418,0,0,,0,
2/26/2026 15:06,2/26/2026 15:11,IP Address,100,301,TRUE,2/26/2026 15:11,R_58gmPuZud5bx0SR,anonymous,EN,0.800000012,"Yes, I consent",2 = somewhat dishonest,3 = neither sincere nor insincere,4 = somewhat ethical,3 = neither likeable nor unlikeable,2 = somewhat unapproachable,2 = somewhat confident the findings are false,4 = somewhat honest,5 = very sincere,5 = very ethical,3 = neither likeable nor unlikeable,4 = somewhat approachable,reporting researcher (S),reporting researcher (S),reported researcher (K),neither reported (K) nor reporting researcher (S),reporting researcher (S),reporting researcher (S),reporting researcher (S),reporting researcher (S),reporting researcher (S),1 = very dishonest,1 = very insincere,1 = very unethical,3 = neither likeable nor unlikeable,3 = neither approachable nor unapproachable,2 = somewhat confident the findings are false,4 = somewhat honest,4 = somewhat sincere,5 = very ethical,3 = neither likeable nor unlikeable,3 = neither approachable nor unapproachable,reporting researcher (F),reporting researcher (F),reporting researcher (F),reporting researcher (F),reporting researcher (F),reporting researcher (F),reporting researcher (F),reporting researcher (F),reporting researcher (F),1 = very dishonest,1 = very insincere,1 = very unethical,3 = neither likeable nor unlikeable,3 = neither approachable nor unapproachable,2 = somewhat confident the findings are false,4 = somewhat honest,2 = somewhat insincere,3 = neither ethical nor unethical,2 = somewhat unlikeable,2 = somewhat unapproachable,reporting researcher (Y),neither reported (X) nor reporting researcher (Y),reporting researcher (Y),neither reported (X) nor reporting researcher (Y),reporting researcher (Y),reporting researcher (Y),reporting researcher (Y),reporting researcher (Y),reporting researcher (Y),Somewhat disagree,No,White,,Woman,,High School Diploma or GED,Strongly Conservative,Heterosexual/straight,,19,Catholicism,,complete,,81398,0,0,,0,
2/26/2026 17:33,2/26/2026 17:44,IP Address,100,633,TRUE,2/26/2026 17:44,R_1KJshUMsH7iU5WN,anonymous,EN,1,"Yes, I consent",4 = somewhat honest,4 = somewhat sincere,4 = somewhat ethical,3 = neither likeable nor unlikeable,3 = neither approachable nor unapproachable,4 = somewhat confident the findings are true,4 = somewhat honest,4 = somewhat sincere,4 = somewhat ethical,3 = neither likeable nor unlikeable,3 = neither approachable nor unapproachable,neither reported (K) nor reporting researcher (S),neither reported (K) nor reporting researcher (S),neither reported (K) nor reporting researcher (S),neither reported (K) nor reporting researcher (S),neither reported (K) nor reporting researcher (S),neither reported (K) nor reporting researcher (S),reported researcher (K),neither reported (K) nor reporting researcher (S),reported researcher (K),1 = very dishonest,2 = somewhat insincere,2 = somewhat unethical,3 = neither likeable nor unlikeable,2 = somewhat unapproachable,1 = very confident the findings are false,4 = somewhat honest,5 = very sincere,5 = very ethical,3 = neither likeable nor unlikeable,3 = neither approachable nor unapproachable,neither reported (H) nor reporting researcher (F),reporting researcher (F),neither reported (H) nor reporting researcher (F),reporting researcher (F),reporting researcher (F),reporting researcher (F),reported researcher (H),reporting researcher (F),reporting researcher (F),1 = very dishonest,4 = somewhat sincere,2 = somewhat unethical,2 = somewhat unlikeable,2 = somewhat unapproachable,1 = very confident the findings are false,4 = somewhat honest,4 = somewhat sincere,4 = somewhat ethical,4 = somewhat likeable,3 = neither approachable nor unapproachable,neither reported (X) nor reporting researcher (Y),reporting researcher (Y),neither reported (X) nor reporting researcher (Y),neither reported (X) nor reporting researcher (Y),reporting researcher (Y),reporting researcher (Y),reported researcher (X),reporting researcher (Y),reporting researcher (Y),Somewhat disagree,No,White,,Woman,,Some college credit or technical school degree,Lean Liberal,Heterosexual/straight,,18,Not Affiliated,,complete,,81132,0,0,,0,
2/26/2026 20:20,2/26/2026 20:45,IP Address,100,1470,TRUE,2/26/2026 20:45,R_6dKqRZUbXhUYEzU,anonymous,EN,1,"Yes, I consent",2 = somewhat dishonest,3 = neither sincere nor insincere,3 = neither ethical nor unethical,2 = somewhat unlikeable,3 = neither approachable nor unapproachable,3 = could go either way,5 = very honest,5 = very sincere,5 = very ethical,3 = neither likeable nor unlikeable,5 = very approachable,reporting researcher (S),reporting researcher (S),reported researcher (K),reporting researcher (S),reporting researcher (S),reporting researcher (S),reported researcher (K),reporting researcher (S),reporting researcher (S),1 = very dishonest,4 = somewhat sincere,2 = somewhat unethical,2 = somewhat unlikeable,2 = somewhat unapproachable,1 = very confident the findings are false,5 = very honest,1 = very insincere,5 = very ethical,5 = very likeable,5 = very approachable,reporting researcher (F),reporting researcher (F),reported researcher (H),reporting researcher (F),reporting researcher (F),reported researcher (H),reporting researcher (F),reporting researcher (F),reporting researcher (F),1 = very dishonest,1 = very insincere,1 = very unethical,1 = very unlikeable,2 = somewhat unapproachable,3 = could go either way,5 = very honest,5 = very sincere,5 = very ethical,4 = somewhat likeable,4 = somewhat approachable,reporting researcher (Y),reporting researcher (Y),reported researcher (X),reporting researcher (Y),reporting researcher (Y),reporting researcher (Y),reporting researcher (Y),reporting researcher (Y),reporting researcher (Y),Somewhat disagree,No,Black or African-American,,Woman,,Some college credit or technical school degree,Conservative,Bisexual,,20,Protestantism (Christian),,complete,,81979,0,0,,0,
2/26/2026 20:59,2/26/2026 21:06,IP Address,100,450,TRUE,2/26/2026 21:06,R_3LfCmmaIefD90Ep,anonymous,EN,1,"Yes, I consent",2 = somewhat dishonest,4 = somewhat sincere,4 = somewhat ethical,4 = somewhat likeable,4 = somewhat approachable,4 = somewhat confident the findings are true,4 = somewhat honest,4 = somewhat sincere,4 = somewhat ethical,4 = somewhat likeable,4 = somewhat approachable,neither reported (K) nor reporting researcher (S),neither reported (K) nor reporting researcher (S),neither reported (K) nor reporting researcher (S),neither reported (K) nor reporting researcher (S),neither reported (K) nor reporting researcher (S),neither reported (K) nor reporting researcher (S),neither reported (K) nor reporting researcher (S),neither reported (K) nor reporting researcher (S),neither reported (K) nor reporting researcher (S),2 = somewhat dishonest,2 = somewhat insincere,1 = very unethical,2 = somewhat unlikeable,2 = somewhat unapproachable,3 = could go either way,4 = somewhat honest,4 = somewhat sincere,4 = somewhat ethical,4 = somewhat likeable,4 = somewhat approachable,neither reported (H) nor reporting researcher (F),neither reported (H) nor reporting researcher (F),neither reported (H) nor reporting researcher (F),reporting researcher (F),neither reported (H) nor reporting researcher (F),reporting researcher (F),reporting researcher (F),reporting researcher (F),reporting researcher (F),1 = very dishonest,1 = very insincere,1 = very unethical,1 = very unlikeable,2 = somewhat unapproachable,1 = very confident the findings are false,5 = very honest,5 = very sincere,5 = very ethical,5 = very likeable,5 = very approachable,reporting researcher (Y),reporting researcher (Y),neither reported (X) nor reporting researcher (Y),reporting researcher (Y),reporting researcher (Y),reporting researcher (Y),reporting researcher (Y),reporting researcher (Y),reporting researcher (Y),Somewhat disagree,Yes,White,,Woman,,Bachelor’s Degree,Conservative,Heterosexual/straight,,19,Protestantism (Christian),,complete,,81185,0,0,,0,
2/26/2026 21:06,2/26/2026 21:15,IP Address,100,524,TRUE,2/26/2026 21:15,R_7QWPNsJ9wTY8Jfr,anonymous,EN,1,"Yes, I consent",3 = neither honest nor dishonest,3 = neither sincere nor insincere,5 = very ethical,4 = somewhat likeable,5 = very approachable,4 = somewhat confident the findings are true,4 = somewhat honest,2 = somewhat insincere,5 = very ethical,4 = somewhat likeable,4 = somewhat approachable,reporting researcher (S),reporting researcher (S),neither reported (K) nor reporting researcher (S),neither reported (K) nor reporting researcher (S),reporting researcher (S),reporting researcher (S),reported researcher (K),reporting researcher (S),reporting researcher (S),1 = very dishonest,2 = somewhat insincere,4 = somewhat ethical,2 = somewhat unlikeable,2 = somewhat unapproachable,2 = somewhat confident the findings are false,4 = somewhat honest,4 = somewhat sincere,4 = somewhat ethical,4 = somewhat likeable,4 = somewhat approachable,reporting researcher (F),neither reported (H) nor reporting researcher (F),neither reported (H) nor reporting researcher (F),neither reported (H) nor reporting researcher (F),reporting researcher (F),reporting researcher (F),reporting researcher (F),reporting researcher (F),reporting researcher (F),1 = very dishonest,1 = very insincere,3 = neither ethical nor unethical,2 = somewhat unlikeable,2 = somewhat unapproachable,1 = very confident the findings are false,4 = somewhat honest,4 = somewhat sincere,4 = somewhat ethical,4 = somewhat likeable,2 = somewhat unapproachable,neither reported (X) nor reporting researcher (Y),reporting researcher (Y),reported researcher (X),neither reported (X) nor reporting researcher (Y),reporting researcher (Y),neither reported (X) nor reporting researcher (Y),neither reported (X) nor reporting researcher (Y),reporting researcher (Y),reporting researcher (Y),Somewhat disagree,No,White,,Woman,,Some college credit or technical school degree,Lean Liberal,Bisexual,,19,Not Affiliated,,complete,,81348,0,0,,0,
2/27/2026 9:08,2/27/2026 9:17,IP Address,100,503,TRUE,2/27/2026 9:17,R_5hAckHsiMUbioby,anonymous,EN,0.699999988,"Yes, I consent",4 = somewhat honest,4 = somewhat sincere,4 = somewhat ethical,4 = somewhat likeable,4 = somewhat approachable,4 = somewhat confident the findings are true,5 = very honest,5 = very sincere,5 = very ethical,5 = very likeable,5 = very approachable,reporting researcher (S),reporting researcher (S),reported researcher (K),reporting researcher (S),reporting researcher (S),reporting researcher (S),reported researcher (K),reporting researcher (S),reporting researcher (S),2 = somewhat dishonest,3 = neither sincere nor insincere,2 = somewhat unethical,2 = somewhat unlikeable,2 = somewhat unapproachable,2 = somewhat confident the findings are false,5 = very honest,5 = very sincere,5 = very ethical,5 = very likeable,4 = somewhat approachable,neither reported (H) nor reporting researcher (F),neither reported (H) nor reporting researcher (F),reported researcher (H),reporting researcher (F),reporting researcher (F),reporting researcher (F),reported researcher (H),reporting researcher (F),reporting researcher (F),1 = very dishonest,1 = very insincere,1 = very unethical,1 = very unlikeable,1 = very unapproachable,1 = very confident the findings are false,5 = very honest,5 = very sincere,5 = very ethical,5 = very likeable,5 = very approachable,neither reported (X) nor reporting researcher (Y),reporting researcher (Y),reported researcher (X),reporting researcher (Y),reporting researcher (Y),reporting researcher (Y),reported researcher (X),reporting researcher (Y),reporting researcher (Y),Somewhat disagree,No,Black or African-American,,Woman,,High School Diploma or GED,Liberal,Heterosexual/straight,,19,Protestantism (Christian),,complete,,81829,0,0,,0,
2/27/2026 9:13,2/27/2026 9:26,IP Address,100,781,TRUE,2/27/2026 9:26,R_7V003waqHRU4jYZ,anonymous,EN,1,"Yes, I consent",5 = very honest,5 = very sincere,4 = somewhat ethical,4 = somewhat likeable,4 = somewhat approachable,3 = could go either way,5 = very honest,5 = very sincere,4 = somewhat ethical,3 = neither likeable nor unlikeable,1 = very unapproachable,neither reported (K) nor reporting researcher (S),neither reported (K) nor reporting researcher (S),reported researcher (K),neither reported (K) nor reporting researcher (S),neither reported (K) nor reporting researcher (S),reporting researcher (S),reporting researcher (S),neither reported (K) nor reporting researcher (S),neither reported (K) nor reporting researcher (S),1 = very dishonest,1 = very insincere,1 = very unethical,1 = very unlikeable,3 = neither approachable nor unapproachable,2 = somewhat confident the findings are false,4 = somewhat honest,4 = somewhat sincere,4 = somewhat ethical,3 = neither likeable nor unlikeable,3 = neither approachable nor unapproachable,neither reported (H) nor reporting researcher (F),neither reported (H) nor reporting researcher (F),neither reported (H) nor reporting researcher (F),neither reported (H) nor reporting researcher (F),neither reported (H) nor reporting researcher (F),neither reported (H) nor reporting researcher (F),reporting researcher (F),reporting researcher (F),neither reported (H) nor reporting researcher (F),1 = very dishonest,1 = very insincere,1 = very unethical,1 = very unlikeable,3 = neither approachable nor unapproachable,3 = could go either way,4 = somewhat honest,4 = somewhat sincere,3 = neither ethical nor unethical,3 = neither likeable nor unlikeable,3 = neither approachable nor unapproachable,neither reported (X) nor reporting researcher (Y),neither reported (X) nor reporting researcher (Y),neither reported (X) nor reporting researcher (Y),neither reported (X) nor reporting researcher (Y),neither reported (X) nor reporting researcher (Y),neither reported (X) nor reporting researcher (Y),neither reported (X) nor reporting researcher (Y),neither reported (X) nor reporting researcher (Y),neither reported (X) nor reporting researcher (Y),Somewhat disagree,No,Other,asian american,Woman,,High School Diploma or GED,Lean Conservative,Heterosexual/straight,,20,Protestantism (Christian),,complete,,81157,0,0,,0,
2/27/2026 13:17,2/27/2026 13:22,IP Address,100,296,TRUE,2/27/2026 13:22,R_1GP1RXIYpNJfHuF,anonymous,EN,1,"Yes, I consent",3 = neither honest nor dishonest,3 = neither sincere nor insincere,3 = neither ethical nor unethical,3 = neither likeable nor unlikeable,3 = neither approachable nor unapproachable,3 = could go either way,4 = somewhat honest,4 = somewhat sincere,4 = somewhat ethical,4 = somewhat likeable,4 = somewhat approachable,neither reported (K) nor reporting researcher (S),neither reported (K) nor reporting researcher (S),neither reported (K) nor reporting researcher (S),neither reported (K) nor reporting researcher (S),neither reported (K) nor reporting researcher (S),neither reported (K) nor reporting researcher (S),neither reported (K) nor reporting researcher (S),neither reported (K) nor reporting researcher (S),neither reported (K) nor reporting researcher (S),2 = somewhat dishonest,2 = somewhat insincere,2 = somewhat unethical,2 = somewhat unlikeable,2 = somewhat unapproachable,2 = somewhat confident the findings are false,5 = very honest,5 = very sincere,5 = very ethical,5 = very likeable,5 = very approachable,reporting researcher (F),reporting researcher (F),reported researcher (H),reporting researcher (F),reporting researcher (F),reporting researcher (F),reported researcher (H),reporting researcher (F),reported researcher (H),1 = very dishonest,1 = very insincere,1 = very unethical,1 = very unlikeable,1 = very unapproachable,1 = very confident the findings are false,5 = very honest,5 = very sincere,5 = very ethical,5 = very likeable,5 = very approachable,reporting researcher (Y),reporting researcher (Y),reported researcher (X),reporting researcher (Y),reporting researcher (Y),reporting researcher (Y),reported researcher (X),reporting researcher (Y),reported researcher (X),Strongly agree,No,White,,Man,,Some college credit or technical school degree,Conservative,Heterosexual/straight,,19,Catholicism,,complete,,81883,0,0,,0,
2/27/2026 14:02,2/27/2026 14:22,IP Address,100,1180,TRUE,2/27/2026 14:22,R_66eRudu4aVzj2WD,anonymous,EN,1,"Yes, I consent",2 = somewhat dishonest,2 = somewhat insincere,3 = neither ethical nor unethical,3 = neither likeable nor unlikeable,3 = neither approachable nor unapproachable,3 = could go either way,5 = very honest,5 = very sincere,4 = somewhat ethical,4 = somewhat likeable,4 = somewhat approachable,reporting researcher (S),neither reported (K) nor reporting researcher (S),reported researcher (K),reporting researcher (S),reporting researcher (S),reporting researcher (S),reported researcher (K),reporting researcher (S),reporting researcher (S),2 = somewhat dishonest,2 = somewhat insincere,2 = somewhat unethical,3 = neither likeable nor unlikeable,4 = somewhat approachable,1 = very confident the findings are false,5 = very honest,5 = very sincere,5 = very ethical,4 = somewhat likeable,5 = very approachable,reporting researcher (F),reporting researcher (F),reported researcher (H),reporting researcher (F),neither reported (H) nor reporting researcher (F),neither reported (H) nor reporting researcher (F),reported researcher (H),reporting researcher (F),reporting researcher (F),1 = very dishonest,2 = somewhat insincere,1 = very unethical,2 = somewhat unlikeable,3 = neither approachable nor unapproachable,1 = very confident the findings are false,5 = very honest,5 = very sincere,4 = somewhat ethical,5 = very likeable,5 = very approachable,reporting researcher (Y),reporting researcher (Y),neither reported (X) nor reporting researcher (Y),reporting researcher (Y),reporting researcher (Y),reporting researcher (Y),reported researcher (X),reporting researcher (Y),reporting researcher (Y),Somewhat disagree,No,White,,Woman,,High School Diploma or GED,Strongly Conservative,Heterosexual/straight,,18,Catholicism,,complete,,81867,0,0,,0,
2/27/2026 22:55,2/27/2026 23:02,IP Address,100,423,TRUE,2/27/2026 23:02,R_56kIsXPJ57BzxBd,anonymous,EN,1,"Yes, I consent",4 = somewhat honest,4 = somewhat sincere,3 = neither ethical nor unethical,4 = somewhat likeable,4 = somewhat approachable,3 = could go either way,5 = very honest,5 = very sincere,5 = very ethical,5 = very likeable,5 = very approachable,reporting researcher (S),reporting researcher (S),reporting researcher (S),reporting researcher (S),reporting researcher (S),reporting researcher (S),reported researcher (K),reporting researcher (S),reporting researcher (S),1 = very dishonest,1 = very insincere,1 = very unethical,1 = very unlikeable,1 = very unapproachable,1 = very confident the findings are false,5 = very honest,5 = very sincere,5 = very ethical,5 = very likeable,5 = very approachable,reporting researcher (F),reporting researcher (F),reporting researcher (F),reporting researcher (F),reporting researcher (F),reporting researcher (F),reporting researcher (F),reporting researcher (F),reporting researcher (F),1 = very dishonest,1 = very insincere,1 = very unethical,1 = very unlikeable,1 = very unapproachable,1 = very confident the findings are false,5 = very honest,5 = very sincere,5 = very ethical,5 = very likeable,5 = very approachable,reporting researcher (Y),reporting researcher (Y),reported researcher (X),reporting researcher (Y),neither reported (X) nor reporting researcher (Y),reporting researcher (Y),reporting researcher (Y),reporting researcher (Y),reporting researcher (Y),Somewhat disagree,No,White,,Woman,,High School Diploma or GED,Conservative,Heterosexual/straight,,19,Protestantism (Christian),,complete,,81949,0,0,,0,
2/28/2026 0:15,2/28/2026 0:23,IP Address,100,503,TRUE,2/28/2026 0:23,R_3HBynBctIfo43PE,anonymous,EN,1,"Yes, I consent",4 = somewhat honest,4 = somewhat sincere,4 = somewhat ethical,4 = somewhat likeable,4 = somewhat approachable,4 = somewhat confident the findings are true,3 = neither honest nor dishonest,5 = very sincere,5 = very ethical,5 = very likeable,4 = somewhat approachable,reporting researcher (S),neither reported (K) nor reporting researcher (S),reporting researcher (S),reporting researcher (S),neither reported (K) nor reporting researcher (S),reporting researcher (S),reporting researcher (S),reporting researcher (S),neither reported (K) nor reporting researcher (S),2 = somewhat dishonest,2 = somewhat insincere,2 = somewhat unethical,1 = very unlikeable,1 = very unapproachable,1 = very confident the findings are false,5 = very honest,5 = very sincere,5 = very ethical,4 = somewhat likeable,5 = very approachable,reporting researcher (F),neither reported (H) nor reporting researcher (F),neither reported (H) nor reporting researcher (F),reporting researcher (F),neither reported (H) nor reporting researcher (F),neither reported (H) nor reporting researcher (F),reporting researcher (F),reporting researcher (F),reporting researcher (F),1 = very dishonest,1 = very insincere,1 = very unethical,1 = very unlikeable,1 = very unapproachable,1 = very confident the findings are false,5 = very honest,5 = very sincere,5 = very ethical,3 = neither likeable nor unlikeable,5 = very approachable,reporting researcher (Y),neither reported (X) nor reporting researcher (Y),neither reported (X) nor reporting researcher (Y),reporting researcher (Y),reporting researcher (Y),reporting researcher (Y),reporting researcher (Y),reporting researcher (Y),reporting researcher (Y),Somewhat disagree,No,Black or African-American,,Man,,High School Diploma or GED,Strongly Liberal,Asexual,,19,Catholicism,,complete,,81793,0,0,,0,
2/28/2026 12:50,2/28/2026 12:53,IP Address,100,210,TRUE,2/28/2026 12:53,R_1VqiLPIPNr1hufx,anonymous,EN,1,"Yes, I consent",5 = very honest,3 = neither sincere nor insincere,4 = somewhat ethical,1 = very unlikeable,5 = very approachable,4 = somewhat confident the findings are true,3 = neither honest nor dishonest,3 = neither sincere nor insincere,3 = neither ethical nor unethical,2 = somewhat unlikeable,4 = somewhat approachable,neither reported (K) nor reporting researcher (S),reported researcher (K),reporting researcher (S),neither reported (K) nor reporting researcher (S),neither reported (K) nor reporting researcher (S),reporting researcher (S),reporting researcher (S),reported researcher (K),reporting researcher (S),3 = neither honest nor dishonest,2 = somewhat insincere,2 = somewhat unethical,3 = neither likeable nor unlikeable,2 = somewhat unapproachable,4 = somewhat confident the findings are true,4 = somewhat honest,3 = neither sincere nor insincere,3 = neither ethical nor unethical,4 = somewhat likeable,3 = neither approachable nor unapproachable,neither reported (H) nor reporting researcher (F),neither reported (H) nor reporting researcher (F),reported researcher (H),reported researcher (H),neither reported (H) nor reporting researcher (F),reporting researcher (F),neither reported (H) nor reporting researcher (F),reported researcher (H),neither reported (H) nor reporting researcher (F),1 = very dishonest,4 = somewhat sincere,3 = neither ethical nor unethical,2 = somewhat unlikeable,5 = very approachable,1 = very confident the findings are false,2 = somewhat dishonest,1 = very insincere,4 = somewhat ethical,4 = somewhat likeable,3 = neither approachable nor unapproachable,reported researcher (X),neither reported (X) nor reporting researcher (Y),neither reported (X) nor reporting researcher (Y),reporting researcher (Y),neither reported (X) nor reporting researcher (Y),reported researcher (X),reported researcher (X),reporting researcher (Y),reporting researcher (Y),Somewhat disagree,No,White,,Woman,,High School Diploma or GED,Conservative,Heterosexual/straight,,19,Protestantism (Christian),,complete,,80975,0,0,,0,
2/28/2026 13:09,2/28/2026 13:12,IP Address,100,191,TRUE,2/28/2026 13:12,R_5nUY6JgI3UE2kGc,anonymous,EN,1,"Yes, I consent",1 = very dishonest,4 = somewhat sincere,2 = somewhat unethical,3 = neither likeable nor unlikeable,3 = neither approachable nor unapproachable,4 = somewhat confident the findings are true,1 = very dishonest,5 = very sincere,1 = very unethical,1 = very unlikeable,5 = very approachable,reported researcher (K),reported researcher (K),reported researcher (K),reported researcher (K),reported researcher (K),neither reported (K) nor reporting researcher (S),reported researcher (K),reported researcher (K),reporting researcher (S),3 = neither honest nor dishonest,4 = somewhat sincere,1 = very unethical,4 = somewhat likeable,1 = very unapproachable,5 = very confident the findings are true,1 = very dishonest,4 = somewhat sincere,1 = very unethical,2 = somewhat unlikeable,4 = somewhat approachable,reported researcher (H),neither reported (H) nor reporting researcher (F),reporting researcher (F),reported researcher (H),reporting researcher (F),reported researcher (H),neither reported (H) nor reporting researcher (F),neither reported (H) nor reporting researcher (F),reporting researcher (F),2 = somewhat dishonest,4 = somewhat sincere,1 = very unethical,2 = somewhat unlikeable,4 = somewhat approachable,3 = could go either way,2 = somewhat dishonest,4 = somewhat sincere,4 = somewhat ethical,2 = somewhat unlikeable,4 = somewhat approachable,reported researcher (X),neither reported (X) nor reporting researcher (Y),reporting researcher (Y),reporting researcher (Y),neither reported (X) nor reporting researcher (Y),reported researcher (X),reporting researcher (Y),reported researcher (X),reporting researcher (Y),strongly disagree,No,White,,Man,,Some college credit or technical school degree,Lean Liberal,Heterosexual/straight,,19,Protestantism (Christian),,complete,,81070,0,0,,0,
2/28/2026 14:17,2/28/2026 14:23,IP Address,100,380,TRUE,2/28/2026 14:23,R_1414pRHnCeozubD,anonymous,EN,1,"Yes, I consent",5 = very honest,5 = very sincere,5 = very ethical,5 = very likeable,5 = very approachable,4 = somewhat confident the findings are true,4 = somewhat honest,5 = very sincere,3 = neither ethical nor unethical,4 = somewhat likeable,4 = somewhat approachable,reporting researcher (S),reporting researcher (S),reporting researcher (S),reporting researcher (S),reporting researcher (S),reporting researcher (S),reporting researcher (S),reporting researcher (S),neither reported (K) nor reporting researcher (S),1 = very dishonest,1 = very insincere,1 = very unethical,2 = somewhat unlikeable,2 = somewhat unapproachable,1 = very confident the findings are false,5 = very honest,5 = very sincere,4 = somewhat ethical,4 = somewhat likeable,4 = somewhat approachable,reporting researcher (F),reporting researcher (F),reporting researcher (F),reporting researcher (F),reporting researcher (F),reporting researcher (F),reporting researcher (F),reporting researcher (F),reporting researcher (F),2 = somewhat dishonest,1 = very insincere,1 = very unethical,2 = somewhat unlikeable,3 = neither approachable nor unapproachable,1 = very confident the findings are false,5 = very honest,4 = somewhat sincere,4 = somewhat ethical,5 = very likeable,4 = somewhat approachable,reporting researcher (Y),reporting researcher (Y),reporting researcher (Y),reporting researcher (Y),reporting researcher (Y),reporting researcher (Y),reporting researcher (Y),reporting researcher (Y),reporting researcher (Y),Somewhat disagree,No,White,,Woman,,Some college credit or technical school degree,Conservative,Heterosexual/straight,,18,Protestantism (Christian),,complete,,81725,0,0,,0,
2/28/2026 14:56,2/28/2026 15:43,IP Address,100,2785,TRUE,2/28/2026 15:43,R_6jeVbesfRXqpGmN,anonymous,EN,1,"Yes, I consent",1 = very dishonest,1 = very insincere,1 = very unethical,1 = very unlikeable,1 = very unapproachable,1 = very confident the findings are false,3 = neither honest nor dishonest,3 = neither sincere nor insincere,3 = neither ethical nor unethical,3 = neither likeable nor unlikeable,3 = neither approachable nor unapproachable,reporting researcher (S),reporting researcher (S),neither reported (K) nor reporting researcher (S),neither reported (K) nor reporting researcher (S),reporting researcher (S),reporting researcher (S),reported researcher (K),neither reported (K) nor reporting researcher (S),neither reported (K) nor reporting researcher (S),1 = very dishonest,1 = very insincere,1 = very unethical,1 = very unlikeable,1 = very unapproachable,1 = very confident the findings are false,5 = very honest,5 = very sincere,5 = very ethical,5 = very likeable,5 = very approachable,neither reported (H) nor reporting researcher (F),reporting researcher (F),reported researcher (H),neither reported (H) nor reporting researcher (F),reporting researcher (F),reporting researcher (F),reported researcher (H),reporting researcher (F),reported researcher (H),3 = neither honest nor dishonest,3 = neither sincere nor insincere,2 = somewhat unethical,3 = neither likeable nor unlikeable,3 = neither approachable nor unapproachable,3 = could go either way,5 = very honest,5 = very sincere,5 = very ethical,5 = very likeable,5 = very approachable,reporting researcher (Y),reporting researcher (Y),neither reported (X) nor reporting researcher (Y),reporting researcher (Y),reporting researcher (Y),neither reported (X) nor reporting researcher (Y),reporting researcher (Y),reporting researcher (Y),reported researcher (X),Somewhat disagree,No,White,,Woman,,High School Diploma or GED,Conservative,Heterosexual/straight,,18,Catholicism,,complete,,81809,0,0,,0,
2/28/2026 16:31,2/28/2026 16:49,IP Address,100,1099,TRUE,2/28/2026 16:49,R_5PT4jOoBEUG17KK,anonymous,EN,1,"Yes, I consent",3 = neither honest nor dishonest,3 = neither sincere nor insincere,3 = neither ethical nor unethical,3 = neither likeable nor unlikeable,3 = neither approachable nor unapproachable,3 = could go either way,5 = very honest,3 = neither sincere nor insincere,5 = very ethical,4 = somewhat likeable,3 = neither approachable nor unapproachable,reporting researcher (S),reporting researcher (S),reporting researcher (S),reporting researcher (S),reporting researcher (S),reporting researcher (S),neither reported (K) nor reporting researcher (S),reporting researcher (S),reporting researcher (S),2 = somewhat dishonest,2 = somewhat insincere,2 = somewhat unethical,3 = neither likeable nor unlikeable,3 = neither approachable nor unapproachable,4 = somewhat confident the findings are true,4 = somewhat honest,3 = neither sincere nor insincere,4 = somewhat ethical,4 = somewhat likeable,3 = neither approachable nor unapproachable,reported researcher (H),reporting researcher (F),neither reported (H) nor reporting researcher (F),reporting researcher (F),reporting researcher (F),reporting researcher (F),reported researcher (H),reporting researcher (F),reporting researcher (F),1 = very dishonest,1 = very insincere,1 = very unethical,1 = very unlikeable,3 = neither approachable nor unapproachable,2 = somewhat confident the findings are false,5 = very honest,3 = neither sincere nor insincere,5 = very ethical,5 = very likeable,3 = neither approachable nor unapproachable,reporting researcher (Y),reporting researcher (Y),reporting researcher (Y),reporting researcher (Y),reporting researcher (Y),reporting researcher (Y),reported researcher (X),neither reported (X) nor reporting researcher (Y),reporting researcher (Y),Somewhat disagree,No,White,,Woman,,Some college credit or technical school degree,Strongly Conservative,Heterosexual/straight,,18,Protestantism (Christian),,complete,,81707,0,0,,0,
2/28/2026 15:03,2/28/2026 19:33,IP Address,100,16213,TRUE,2/28/2026 19:33,R_590897suHNJAN0E,anonymous,EN,1,"Yes, I consent",1 = very dishonest,1 = very insincere,1 = very unethical,3 = neither likeable nor unlikeable,3 = neither approachable nor unapproachable,1 = very confident the findings are false,5 = very honest,5 = very sincere,5 = very ethical,5 = very likeable,5 = very approachable,reporting researcher (S),reporting researcher (S),reporting researcher (S),reporting researcher (S),reporting researcher (S),reporting researcher (S),reported researcher (K),reporting researcher (S),reporting researcher (S),1 = very dishonest,1 = very insincere,1 = very unethical,1 = very unlikeable,3 = neither approachable nor unapproachable,1 = very confident the findings are false,4 = somewhat honest,4 = somewhat sincere,5 = very ethical,3 = neither likeable nor unlikeable,3 = neither approachable nor unapproachable,neither reported (H) nor reporting researcher (F),reporting researcher (F),neither reported (H) nor reporting researcher (F),reporting researcher (F),reporting researcher (F),neither reported (H) nor reporting researcher (F),reported researcher (H),reporting researcher (F),reporting researcher (F),1 = very dishonest,1 = very insincere,1 = very unethical,2 = somewhat unlikeable,3 = neither approachable nor unapproachable,1 = very confident the findings are false,5 = very honest,4 = somewhat sincere,4 = somewhat ethical,3 = neither likeable nor unlikeable,5 = very approachable,neither reported (X) nor reporting researcher (Y),reporting researcher (Y),neither reported (X) nor reporting researcher (Y),reporting researcher (Y),reporting researcher (Y),reporting researcher (Y),neither reported (X) nor reporting researcher (Y),reporting researcher (Y),reporting researcher (Y),Somewhat disagree,No,Black or African-American,,Woman,,High School Diploma or GED,Liberal,Heterosexual/straight,,18,Protestantism (Christian),,complete,,81337,0,0,,0,
2/28/2026 19:52,2/28/2026 19:58,IP Address,100,387,TRUE,2/28/2026 19:58,R_70uk4Fk7HIr72iZ,anonymous,EN,1,"Yes, I consent",2 = somewhat dishonest,2 = somewhat insincere,2 = somewhat unethical,2 = somewhat unlikeable,2 = somewhat unapproachable,3 = could go either way,4 = somewhat honest,4 = somewhat sincere,4 = somewhat ethical,4 = somewhat likeable,4 = somewhat approachable,neither reported (K) nor reporting researcher (S),reporting researcher (S),reporting researcher (S),neither reported (K) nor reporting researcher (S),reporting researcher (S),reporting researcher (S),reported researcher (K),reporting researcher (S),reported researcher (K),1 = very dishonest,1 = very insincere,1 = very unethical,2 = somewhat unlikeable,2 = somewhat unapproachable,3 = could go either way,3 = neither honest nor dishonest,4 = somewhat sincere,3 = neither ethical nor unethical,3 = neither likeable nor unlikeable,3 = neither approachable nor unapproachable,neither reported (H) nor reporting researcher (F),reporting researcher (F),reporting researcher (F),neither reported (H) nor reporting researcher (F),reporting researcher (F),reporting researcher (F),reported researcher (H),reporting researcher (F),reported researcher (H),1 = very dishonest,1 = very insincere,1 = very unethical,2 = somewhat unlikeable,2 = somewhat unapproachable,2 = somewhat confident the findings are false,4 = somewhat honest,4 = somewhat sincere,4 = somewhat ethical,4 = somewhat likeable,4 = somewhat approachable,reporting researcher (Y),reporting researcher (Y),reporting researcher (Y),neither reported (X) nor reporting researcher (Y),reporting researcher (Y),reporting researcher (Y),reported researcher (X),reporting researcher (Y),reported researcher (X),Somewhat disagree,No,White,,Woman,,High School Diploma or GED,Conservative,Heterosexual/straight,,18,Catholicism,,complete,,81971,0,0,,0,
2/28/2026 20:13,2/28/2026 20:24,IP Address,100,676,TRUE,2/28/2026 20:24,R_6rz3Qv5LsZaO6at,anonymous,EN,1,"Yes, I consent",2 = somewhat dishonest,2 = somewhat insincere,2 = somewhat unethical,3 = neither likeable nor unlikeable,3 = neither approachable nor unapproachable,3 = could go either way,5 = very honest,5 = very sincere,5 = very ethical,5 = very likeable,5 = very approachable,reporting researcher (S),reporting researcher (S),neither reported (K) nor reporting researcher (S),reporting researcher (S),reporting researcher (S),reporting researcher (S),reporting researcher (S),reporting researcher (S),reporting researcher (S),1 = very dishonest,1 = very insincere,1 = very unethical,1 = very unlikeable,1 = very unapproachable,1 = very confident the findings are false,5 = very honest,5 = very sincere,5 = very ethical,5 = very likeable,5 = very approachable,reporting researcher (F),reporting researcher (F),neither reported (H) nor reporting researcher (F),reporting researcher (F),reporting researcher (F),reporting researcher (F),reporting researcher (F),reporting researcher (F),reporting researcher (F),1 = very dishonest,1 = very insincere,1 = very unethical,1 = very unlikeable,1 = very unapproachable,1 = very confident the findings are false,5 = very honest,5 = very sincere,5 = very ethical,5 = very likeable,5 = very approachable,reporting researcher (Y),reporting researcher (Y),neither reported (X) nor reporting researcher (Y),reporting researcher (Y),reporting researcher (Y),reporting researcher (Y),reporting researcher (Y),reporting researcher (Y),reporting researcher (Y),Somewhat disagree,No,White,,Woman,,Some college credit or technical school degree,Conservative,Heterosexual/straight,,18,Protestantism (Christian),,complete,,81916,0,0,,0,
2/28/2026 21:40,2/28/2026 21:51,IP Address,100,617,TRUE,2/28/2026 21:51,R_7kTWjLRTCjJAQtK,anonymous,EN,1,"Yes, I consent",4 = somewhat honest,4 = somewhat sincere,5 = very ethical,5 = very likeable,5 = very approachable,4 = somewhat confident the findings are true,5 = very honest,5 = very sincere,5 = very ethical,5 = very likeable,5 = very approachable,reported researcher (K),reported researcher (K),reported researcher (K),reported researcher (K),reported researcher (K),reported researcher (K),reported researcher (K),reported researcher (K),reported researcher (K),1 = very dishonest,1 = very insincere,1 = very unethical,1 = very unlikeable,1 = very unapproachable,1 = very confident the findings are false,5 = very honest,5 = very sincere,5 = very ethical,5 = very likeable,5 = very approachable,reporting researcher (F),reporting researcher (F),reporting researcher (F),reporting researcher (F),reporting researcher (F),reporting researcher (F),reporting researcher (F),reporting researcher (F),reporting researcher (F),1 = very dishonest,1 = very insincere,1 = very unethical,1 = very unlikeable,1 = very unapproachable,1 = very confident the findings are false,1 = very dishonest,1 = very insincere,1 = very unethical,1 = very unlikeable,1 = very unapproachable,reporting researcher (Y),reporting researcher (Y),reporting researcher (Y),reporting researcher (Y),reporting researcher (Y),reporting researcher (Y),reporting researcher (Y),reporting researcher (Y),reporting researcher (Y),Somewhat disagree,No,Black or African-American,,Woman,,High School Diploma or GED,Centrist,Heterosexual/straight,,18,Not Affiliated,,complete,,81811,0,0,,0,
2/28/2026 21:45,2/28/2026 21:53,IP Address,100,474,TRUE,2/28/2026 21:53,R_5HeEgomkqUHnlrX,anonymous,EN,0.699999988,"Yes, I consent",1 = very dishonest,2 = somewhat insincere,1 = very unethical,2 = somewhat unlikeable,3 = neither approachable nor unapproachable,2 = somewhat confident the findings are false,4 = somewhat honest,4 = somewhat sincere,5 = very ethical,4 = somewhat likeable,5 = very approachable,reporting researcher (S),neither reported (K) nor reporting researcher (S),neither reported (K) nor reporting researcher (S),reporting researcher (S),reporting researcher (S),reported researcher (K),neither reported (K) nor reporting researcher (S),reported researcher (K),reported researcher (K),2 = somewhat dishonest,2 = somewhat insincere,1 = very unethical,3 = neither likeable nor unlikeable,2 = somewhat unapproachable,2 = somewhat confident the findings are false,4 = somewhat honest,5 = very sincere,5 = very ethical,4 = somewhat likeable,5 = very approachable,reporting researcher (F),neither reported (H) nor reporting researcher (F),neither reported (H) nor reporting researcher (F),reporting researcher (F),reporting researcher (F),reporting researcher (F),reported researcher (H),reported researcher (H),reported researcher (H),1 = very dishonest,2 = somewhat insincere,1 = very unethical,1 = very unlikeable,2 = somewhat unapproachable,1 = very confident the findings are false,5 = very honest,5 = very sincere,5 = very ethical,5 = very likeable,5 = very approachable,reporting researcher (Y),reporting researcher (Y),neither reported (X) nor reporting researcher (Y),reporting researcher (Y),reporting researcher (Y),reporting researcher (Y),neither reported (X) nor reporting researcher (Y),reported researcher (X),reported researcher (X),Somewhat disagree,No,White,,Man,,Some college credit or technical school degree,Conservative,Heterosexual/straight,,21,Protestantism (Christian),,complete,,81825,0,0,,0,
2/28/2026 21:57,2/28/2026 22:05,IP Address,100,524,TRUE,2/28/2026 22:05,R_1ddmxFP3k3C04YA,anonymous,EN,1,"Yes, I consent",2 = somewhat dishonest,2 = somewhat insincere,3 = neither ethical nor unethical,1 = very unlikeable,2 = somewhat unapproachable,1 = very confident the findings are false,5 = very honest,5 = very sincere,4 = somewhat ethical,4 = somewhat likeable,4 = somewhat approachable,neither reported (K) nor reporting researcher (S),reporting researcher (S),reporting researcher (S),neither reported (K) nor reporting researcher (S),neither reported (K) nor reporting researcher (S),reporting researcher (S),reported researcher (K),reporting researcher (S),reporting researcher (S),2 = somewhat dishonest,3 = neither sincere nor insincere,3 = neither ethical nor unethical,3 = neither likeable nor unlikeable,4 = somewhat approachable,3 = could go either way,5 = very honest,3 = neither sincere nor insincere,4 = somewhat ethical,3 = neither likeable nor unlikeable,4 = somewhat approachable,neither reported (H) nor reporting researcher (F),reporting researcher (F),reported researcher (H),reporting researcher (F),reporting researcher (F),reporting researcher (F),neither reported (H) nor reporting researcher (F),reporting researcher (F),reporting researcher (F),1 = very dishonest,1 = very insincere,1 = very unethical,1 = very unlikeable,3 = neither approachable nor unapproachable,1 = very confident the findings are false,5 = very honest,5 = very sincere,5 = very ethical,4 = somewhat likeable,5 = very approachable,reporting researcher (Y),reporting researcher (Y),reported researcher (X),neither reported (X) nor reporting researcher (Y),reporting researcher (Y),reporting researcher (Y),neither reported (X) nor reporting researcher (Y),reporting researcher (Y),reporting researcher (Y),Somewhat disagree,No,White,,Woman,,Some college credit or technical school degree,Lean Conservative,Heterosexual/straight,,19,Catholicism,,complete,,81347,0,0,,0,
2/28/2026 23:40,2/28/2026 23:54,IP Address,100,850,TRUE,2/28/2026 23:54,R_5QYXUmIajaGVrrn,anonymous,EN,1,"Yes, I consent",2 = somewhat dishonest,3 = neither sincere nor insincere,3 = neither ethical nor unethical,3 = neither likeable nor unlikeable,4 = somewhat approachable,3 = could go either way,5 = very honest,5 = very sincere,5 = very ethical,4 = somewhat likeable,4 = somewhat approachable,neither reported (K) nor reporting researcher (S),reporting researcher (S),reported researcher (K),reported researcher (K),neither reported (K) nor reporting researcher (S),reported researcher (K),reported researcher (K),reported researcher (K),reporting researcher (S),1 = very dishonest,1 = very insincere,3 = neither ethical nor unethical,2 = somewhat unlikeable,3 = neither approachable nor unapproachable,2 = somewhat confident the findings are false,5 = very honest,5 = very sincere,5 = very ethical,4 = somewhat likeable,3 = neither approachable nor unapproachable,reporting researcher (F),reporting researcher (F),reported researcher (H),reporting researcher (F),reporting researcher (F),reporting researcher (F),reported researcher (H),reporting researcher (F),reporting researcher (F),1 = very dishonest,1 = very insincere,1 = very unethical,1 = very unlikeable,1 = very unapproachable,1 = very confident the findings are false,5 = very honest,5 = very sincere,5 = very ethical,4 = somewhat likeable,4 = somewhat approachable,reporting researcher (Y),reporting researcher (Y),neither reported (X) nor reporting researcher (Y),neither reported (X) nor reporting researcher (Y),reporting researcher (Y),reporting researcher (Y),reported researcher (X),reporting researcher (Y),reporting researcher (Y),Somewhat disagree,No,Black or African-American,,Woman,,Some college credit or technical school degree,Liberal,Heterosexual/straight,,18,Other,,complete,,81723,0,0,,0.014084507042253521,QID81
3/1/2026 0:22,3/1/2026 0:31,IP Address,100,518,TRUE,3/1/2026 0:31,R_3mmBC6ltbcGrsDD,anonymous,EN,1,"Yes, I consent",3 = neither honest nor dishonest,4 = somewhat sincere,3 = neither ethical nor unethical,3 = neither likeable nor unlikeable,3 = neither approachable nor unapproachable,3 = could go either way,5 = very honest,4 = somewhat sincere,5 = very ethical,4 = somewhat likeable,3 = neither approachable nor unapproachable,neither reported (K) nor reporting researcher (S),neither reported (K) nor reporting researcher (S),neither reported (K) nor reporting researcher (S),neither reported (K) nor reporting researcher (S),reporting researcher (S),reporting researcher (S),reported researcher (K),reporting researcher (S),neither reported (K) nor reporting researcher (S),2 = somewhat dishonest,2 = somewhat insincere,2 = somewhat unethical,3 = neither likeable nor unlikeable,3 = neither approachable nor unapproachable,2 = somewhat confident the findings are false,5 = very honest,4 = somewhat sincere,5 = very ethical,3 = neither likeable nor unlikeable,3 = neither approachable nor unapproachable,neither reported (H) nor reporting researcher (F),reporting researcher (F),neither reported (H) nor reporting researcher (F),reporting researcher (F),reporting researcher (F),reporting researcher (F),reported researcher (H),reporting researcher (F),reported researcher (H),1 = very dishonest,2 = somewhat insincere,1 = very unethical,2 = somewhat unlikeable,2 = somewhat unapproachable,1 = very confident the findings are false,4 = somewhat honest,4 = somewhat sincere,5 = very ethical,3 = neither likeable nor unlikeable,4 = somewhat approachable,neither reported (X) nor reporting researcher (Y),reporting researcher (Y),neither reported (X) nor reporting researcher (Y),reporting researcher (Y),reporting researcher (Y),reporting researcher (Y),neither reported (X) nor reporting researcher (Y),reporting researcher (Y),reporting researcher (Y),Somewhat disagree,No,White,,Man,,Some college credit or technical school degree,Liberal,Heterosexual/straight,,19,Protestantism (Christian),,complete,,81635,0,0,,0,
3/1/2026 6:48,3/1/2026 6:52,IP Address,100,264,TRUE,3/1/2026 6:52,R_5OCTke23NSgsN11,anonymous,EN,1,"Yes, I consent",2 = somewhat dishonest,3 = neither sincere nor insincere,2 = somewhat unethical,3 = neither likeable nor unlikeable,2 = somewhat unapproachable,3 = could go either way,3 = neither honest nor dishonest,2 = somewhat insincere,3 = neither ethical nor unethical,3 = neither likeable nor unlikeable,4 = somewhat approachable,neither reported (K) nor reporting researcher (S),reporting researcher (S),neither reported (K) nor reporting researcher (S),reported researcher (K),neither reported (K) nor reporting researcher (S),reporting researcher (S),neither reported (K) nor reporting researcher (S),neither reported (K) nor reporting researcher (S),reporting researcher (S),3 = neither honest nor dishonest,4 = somewhat sincere,2 = somewhat unethical,2 = somewhat unlikeable,3 = neither approachable nor unapproachable,3 = could go either way,3 = neither honest nor dishonest,2 = somewhat insincere,3 = neither ethical nor unethical,3 = neither likeable nor unlikeable,4 = somewhat approachable,neither reported (H) nor reporting researcher (F),reporting researcher (F),reported researcher (H),reporting researcher (F),neither reported (H) nor reporting researcher (F),neither reported (H) nor reporting researcher (F),reported researcher (H),neither reported (H) nor reporting researcher (F),reported researcher (H),3 = neither honest nor dishonest,2 = somewhat insincere,3 = neither ethical nor unethical,3 = neither likeable nor unlikeable,4 = somewhat approachable,3 = could go either way,3 = neither honest nor dishonest,4 = somewhat sincere,3 = neither ethical nor unethical,2 = somewhat unlikeable,3 = neither approachable nor unapproachable,neither reported (X) nor reporting researcher (Y),neither reported (X) nor reporting researcher (Y),neither reported (X) nor reporting researcher (Y),neither reported (X) nor reporting researcher (Y),reporting researcher (Y),reported researcher (X),neither reported (X) nor reporting researcher (Y),reported researcher (X),reported researcher (X),Somewhat disagree,No,White,,Man,,Some college credit or technical school degree,Lean Liberal,Bisexual,,20,Not Affiliated,,complete,,81652,0,0,,0,
3/1/2026 7:40,3/1/2026 7:47,IP Address,100,435,TRUE,3/1/2026 7:47,R_1gbWZ5PFv6x3XmF,anonymous,EN,1,"Yes, I consent",3 = neither honest nor dishonest,4 = somewhat sincere,3 = neither ethical nor unethical,2 = somewhat unlikeable,3 = neither approachable nor unapproachable,3 = could go either way,4 = somewhat honest,4 = somewhat sincere,3 = neither ethical nor unethical,4 = somewhat likeable,5 = very approachable,neither reported (K) nor reporting researcher (S),neither reported (K) nor reporting researcher (S),reported researcher (K),reporting researcher (S),neither reported (K) nor reporting researcher (S),reported researcher (K),reported researcher (K),neither reported (K) nor reporting researcher (S),reporting researcher (S),1 = very dishonest,2 = somewhat insincere,2 = somewhat unethical,3 = neither likeable nor unlikeable,2 = somewhat unapproachable,4 = somewhat confident the findings are true,4 = somewhat honest,4 = somewhat sincere,4 = somewhat ethical,3 = neither likeable nor unlikeable,4 = somewhat approachable,neither reported (H) nor reporting researcher (F),reporting researcher (F),neither reported (H) nor reporting researcher (F),reporting researcher (F),reporting researcher (F),reporting researcher (F),reported researcher (H),reporting researcher (F),reporting researcher (F),1 = very dishonest,1 = very insincere,1 = very unethical,2 = somewhat unlikeable,1 = very unapproachable,5 = very confident the findings are true,5 = very honest,4 = somewhat sincere,4 = somewhat ethical,4 = somewhat likeable,4 = somewhat approachable,reporting researcher (Y),reporting researcher (Y),neither reported (X) nor reporting researcher (Y),reporting researcher (Y),reporting researcher (Y),reporting researcher (Y),neither reported (X) nor reporting researcher (Y),reporting researcher (Y),reporting researcher (Y),Somewhat disagree,Yes,Black or African-American,,Man,,Some college credit or technical school degree,Liberal,Bisexual,,19,Not Affiliated,,complete,,81167,0,0,,0,
3/1/2026 7:50,3/1/2026 7:53,IP Address,100,172,TRUE,3/1/2026 7:53,R_6Balb70DPkrr4bb,anonymous,EN,1,"Yes, I consent",3 = neither honest nor dishonest,3 = neither sincere nor insincere,2 = somewhat unethical,2 = somewhat unlikeable,2 = somewhat unapproachable,2 = somewhat confident the findings are false,4 = somewhat honest,4 = somewhat sincere,4 = somewhat ethical,3 = neither likeable nor unlikeable,3 = neither approachable nor unapproachable,reporting researcher (S),reporting researcher (S),reporting researcher (S),reporting researcher (S),reporting researcher (S),neither reported (K) nor reporting researcher (S),neither reported (K) nor reporting researcher (S),neither reported (K) nor reporting researcher (S),neither reported (K) nor reporting researcher (S),3 = neither honest nor dishonest,3 = neither sincere nor insincere,3 = neither ethical nor unethical,2 = somewhat unlikeable,2 = somewhat unapproachable,3 = could go either way,2 = somewhat dishonest,5 = very sincere,2 = somewhat unethical,2 = somewhat unlikeable,2 = somewhat unapproachable,neither reported (H) nor reporting researcher (F),neither reported (H) nor reporting researcher (F),neither reported (H) nor reporting researcher (F),neither reported (H) nor reporting researcher (F),neither reported (H) nor reporting researcher (F),neither reported (H) nor reporting researcher (F),neither reported (H) nor reporting researcher (F),neither reported (H) nor reporting researcher (F),reported researcher (H),3 = neither honest nor dishonest,2 = somewhat insincere,2 = somewhat unethical,2 = somewhat unlikeable,2 = somewhat unapproachable,2 = somewhat confident the findings are false,4 = somewhat honest,3 = neither sincere nor insincere,4 = somewhat ethical,3 = neither likeable nor unlikeable,3 = neither approachable nor unapproachable,neither reported (X) nor reporting researcher (Y),reported researcher (X),reported researcher (X),reported researcher (X),reported researcher (X),reported researcher (X),reporting researcher (Y),neither reported (X) nor reporting researcher (Y),neither reported (X) nor reporting researcher (Y),Somewhat disagree,No,White,,Woman,,High School Diploma or GED,Strongly Conservative,Heterosexual/straight,,20,Protestantism (Christian),,complete,,81581,0,0,,0,
3/1/2026 7:48,3/1/2026 8:01,IP Address,100,810,TRUE,3/1/2026 8:01,R_7khI8I3WcLd5gTT,anonymous,EN,1,"Yes, I consent",2 = somewhat dishonest,2 = somewhat insincere,2 = somewhat unethical,2 = somewhat unlikeable,3 = neither approachable nor unapproachable,2 = somewhat confident the findings are false,5 = very honest,5 = very sincere,5 = very ethical,5 = very likeable,5 = very approachable,neither reported (K) nor reporting researcher (S),reporting researcher (S),reporting researcher (S),reporting researcher (S),reporting researcher (S),reporting researcher (S),reported researcher (K),reporting researcher (S),reporting researcher (S),2 = somewhat dishonest,2 = somewhat insincere,2 = somewhat unethical,3 = neither likeable nor unlikeable,4 = somewhat approachable,2 = somewhat confident the findings are false,5 = very honest,5 = very sincere,5 = very ethical,5 = very likeable,5 = very approachable,reporting researcher (F),reporting researcher (F),reported researcher (H),reporting researcher (F),reporting researcher (F),reporting researcher (F),reported researcher (H),reporting researcher (F),reporting researcher (F),1 = very dishonest,1 = very insincere,1 = very unethical,3 = neither likeable nor unlikeable,1 = very unapproachable,1 = very confident the findings are false,5 = very honest,5 = very sincere,5 = very ethical,5 = very likeable,5 = very approachable,reporting researcher (Y),reporting researcher (Y),reporting researcher (Y),reporting researcher (Y),reporting researcher (Y),reporting researcher (Y),reported researcher (X),reporting researcher (Y),reporting researcher (Y),Somewhat disagree,No,Black or African-American,,Woman,,Some college credit or technical school degree,Strongly Liberal,Heterosexual/straight,,20,Protestantism (Christian),,complete,,81856,0,0,,0,
3/2/2026 11:23,3/2/2026 11:29,IP Address,100,358,TRUE,3/2/2026 11:29,R_1FG4vXvs0tZvLqJ,anonymous,EN,1,"Yes, I consent",3 = neither honest nor dishonest,4 = somewhat sincere,3 = neither ethical nor unethical,3 = neither likeable nor unlikeable,5 = very approachable,3 = could go either way,2 = somewhat dishonest,4 = somewhat sincere,4 = somewhat ethical,5 = very likeable,2 = somewhat unapproachable,reporting researcher (S),reporting researcher (S),neither reported (K) nor reporting researcher (S),reported researcher (K),reported researcher (K),neither reported (K) nor reporting researcher (S),reported researcher (K),reporting researcher (S),reported researcher (K),1 = very dishonest,1 = very insincere,4 = somewhat ethical,3 = neither likeable nor unlikeable,4 = somewhat approachable,5 = very confident the findings are true,2 = somewhat dishonest,2 = somewhat insincere,3 = neither ethical nor unethical,4 = somewhat likeable,3 = neither approachable nor unapproachable,neither reported (H) nor reporting researcher (F),neither reported (H) nor reporting researcher (F),reporting researcher (F),reporting researcher (F),reporting researcher (F),neither reported (H) nor reporting researcher (F),reported researcher (H),reported researcher (H),neither reported (H) nor reporting researcher (F),2 = somewhat dishonest,3 = neither sincere nor insincere,2 = somewhat unethical,2 = somewhat unlikeable,4 = somewhat approachable,2 = somewhat confident the findings are false,2 = somewhat dishonest,2 = somewhat insincere,1 = very unethical,4 = somewhat likeable,5 = very approachable,reported researcher (X),neither reported (X) nor reporting researcher (Y),reporting researcher (Y),reporting researcher (Y),neither reported (X) nor reporting researcher (Y),reported researcher (X),reported researcher (X),reported researcher (X),reported researcher (X),Somewhat disagree,No,White,,Woman,,Some college credit or technical school degree,Conservative,Heterosexual/straight,,18,Protestantism (Christian),,complete,,80949,0,0,,0,
3/2/2026 14:22,3/2/2026 14:30,IP Address,100,514,TRUE,3/2/2026 14:30,R_7P5CCcmukFgCh5P,anonymous,EN,1,"Yes, I consent",2 = somewhat dishonest,3 = neither sincere nor insincere,2 = somewhat unethical,3 = neither likeable nor unlikeable,3 = neither approachable nor unapproachable,2 = somewhat confident the findings are false,5 = very honest,3 = neither sincere nor insincere,4 = somewhat ethical,4 = somewhat likeable,3 = neither approachable nor unapproachable,reporting researcher (S),reporting researcher (S),reporting researcher (S),reporting researcher (S),reporting researcher (S),reporting researcher (S),reporting researcher (S),reporting researcher (S),reporting researcher (S),2 = somewhat dishonest,3 = neither sincere nor insincere,1 = very unethical,3 = neither likeable nor unlikeable,3 = neither approachable nor unapproachable,2 = somewhat confident the findings are false,4 = somewhat honest,3 = neither sincere nor insincere,4 = somewhat ethical,3 = neither likeable nor unlikeable,3 = neither approachable nor unapproachable,reporting researcher (F),neither reported (H) nor reporting researcher (F),neither reported (H) nor reporting researcher (F),neither reported (H) nor reporting researcher (F),neither reported (H) nor reporting researcher (F),reporting researcher (F),reporting researcher (F),reporting researcher (F),reporting researcher (F),1 = very dishonest,2 = somewhat insincere,1 = very unethical,3 = neither likeable nor unlikeable,3 = neither approachable nor unapproachable,1 = very confident the findings are false,5 = very honest,4 = somewhat sincere,4 = somewhat ethical,3 = neither likeable nor unlikeable,4 = somewhat approachable,reporting researcher (Y),reporting researcher (Y),reporting researcher (Y),reporting researcher (Y),reporting researcher (Y),reporting researcher (Y),reporting researcher (Y),reporting researcher (Y),reporting researcher (Y),Somewhat disagree,No,Black or African-American,,Man,,Some college credit or technical school degree,Centrist,Heterosexual/straight,,19,Protestantism (Christian),,complete,,81847,0,0,,0,
3/2/2026 20:26,3/2/2026 20:32,IP Address,100,323,TRUE,3/2/2026 20:32,R_52EBx8Lfks2UKbU,anonymous,EN,1,"Yes, I consent",2 = somewhat dishonest,2 = somewhat insincere,2 = somewhat unethical,3 = neither likeable nor unlikeable,3 = neither approachable nor unapproachable,2 = somewhat confident the findings are false,3 = neither honest nor dishonest,3 = neither sincere nor insincere,3 = neither ethical nor unethical,2 = somewhat unlikeable,2 = somewhat unapproachable,neither reported (K) nor reporting researcher (S),neither reported (K) nor reporting researcher (S),neither reported (K) nor reporting researcher (S),neither reported (K) nor reporting researcher (S),neither reported (K) nor reporting researcher (S),neither reported (K) nor reporting researcher (S),neither reported (K) nor reporting researcher (S),neither reported (K) nor reporting researcher (S),neither reported (K) nor reporting researcher (S),1 = very dishonest,1 = very insincere,1 = very unethical,1 = very unlikeable,1 = very unapproachable,2 = somewhat confident the findings are false,5 = very honest,3 = neither sincere nor insincere,4 = somewhat ethical,3 = neither likeable nor unlikeable,3 = neither approachable nor unapproachable,neither reported (H) nor reporting researcher (F),reporting researcher (F),reported researcher (H),neither reported (H) nor reporting researcher (F),reporting researcher (F),neither reported (H) nor reporting researcher (F),reporting researcher (F),reporting researcher (F),reporting researcher (F),1 = very dishonest,1 = very insincere,1 = very unethical,1 = very unlikeable,1 = very unapproachable,1 = very confident the findings are false,5 = very honest,5 = very sincere,5 = very ethical,4 = somewhat likeable,5 = very approachable,reporting researcher (Y),reporting researcher (Y),reported researcher (X),neither reported (X) nor reporting researcher (Y),reporting researcher (Y),reporting researcher (Y),reporting researcher (Y),reporting researcher (Y),reporting researcher (Y),Somewhat disagree,No,White,,Woman,,Some college credit or technical school degree,Lean Liberal,Prefer not to say,,19,Catholicism,,complete,,81978,0,0,,0,
3/2/2026 22:31,3/2/2026 22:34,IP Address,100,207,TRUE,3/2/2026 22:34,R_1D8nZqszvyOqbNj,anonymous,EN,1,"Yes, I consent",3 = neither honest nor dishonest,2 = somewhat insincere,5 = very ethical,3 = neither likeable nor unlikeable,4 = somewhat approachable,1 = very confident the findings are false,1 = very dishonest,1 = very insincere,4 = somewhat ethical,2 = somewhat unlikeable,3 = neither approachable nor unapproachable,neither reported (K) nor reporting researcher (S),reported researcher (K),neither reported (K) nor reporting researcher (S),reporting researcher (S),reporting researcher (S),reported researcher (K),reported researcher (K),reported researcher (K),neither reported (K) nor reporting researcher (S),2 = somewhat dishonest,2 = somewhat insincere,3 = neither ethical nor unethical,3 = neither likeable nor unlikeable,3 = neither approachable nor unapproachable,3 = could go either way,3 = neither honest nor dishonest,4 = somewhat sincere,4 = somewhat ethical,4 = somewhat likeable,3 = neither approachable nor unapproachable,neither reported (H) nor reporting researcher (F),neither reported (H) nor reporting researcher (F),reporting researcher (F),reported researcher (H),neither reported (H) nor reporting researcher (F),neither reported (H) nor reporting researcher (F),neither reported (H) nor reporting researcher (F),reporting researcher (F),reported researcher (H),3 = neither honest nor dishonest,4 = somewhat sincere,4 = somewhat ethical,4 = somewhat likeable,5 = very approachable,3 = could go either way,3 = neither honest nor dishonest,2 = somewhat insincere,2 = somewhat unethical,3 = neither likeable nor unlikeable,2 = somewhat unapproachable,reporting researcher (Y),neither reported (X) nor reporting researcher (Y),neither reported (X) nor reporting researcher (Y),neither reported (X) nor reporting researcher (Y),reporting researcher (Y),reporting researcher (Y),reporting researcher (Y),neither reported (X) nor reporting researcher (Y),reported researcher (X),Somewhat disagree,No,White,,Woman,,Some college credit or technical school degree,Conservative,Heterosexual/straight,,19,Protestantism (Christian),,complete,,81345,0,0,,0,
2/24/2026 3:58,2/24/2026 3:59,IP Address,5,67,FALSE,3/3/2026 3:58,R_1jrQRJbEL8XuUdb,anonymous,EN,1,"Yes, I consent",,,,,,,,,,,,,,,,,,,,,,,,,,,,,,,,,,,,,,,,,,,,,,,,,,,,,,,,,,,,,,,,,,,,,,,,,,complete,,81248,0,0,,0,
3/3/2026 8:35,3/3/2026 8:39,IP Address,100,225,TRUE,3/3/2026 8:39,R_6GCxpnxpR6s46Vb,anonymous,EN,1,"Yes, I consent",3 = neither honest nor dishonest,3 = neither sincere nor insincere,3 = neither ethical nor unethical,3 = neither likeable nor unlikeable,3 = neither approachable nor unapproachable,3 = could go either way,3 = neither honest nor dishonest,3 = neither sincere nor insincere,3 = neither ethical nor unethical,3 = neither likeable nor unlikeable,3 = neither approachable nor unapproachable,neither reported (K) nor reporting researcher (S),neither reported (K) nor reporting researcher (S),neither reported (K) nor reporting researcher (S),neither reported (K) nor reporting researcher (S),neither reported (K) nor reporting researcher (S),neither reported (K) nor reporting researcher (S),neither reported (K) nor reporting researcher (S),neither reported (K) nor reporting researcher (S),neither reported (K) nor reporting researcher (S),3 = neither honest nor dishonest,3 = neither sincere nor insincere,3 = neither ethical nor unethical,3 = neither likeable nor unlikeable,3 = neither approachable nor unapproachable,3 = could go either way,3 = neither honest nor dishonest,3 = neither sincere nor insincere,3 = neither ethical nor unethical,3 = neither likeable nor unlikeable,3 = neither approachable nor unapproachable,neither reported (H) nor reporting researcher (F),neither reported (H) nor reporting researcher (F),neither reported (H) nor reporting researcher (F),neither reported (H) nor reporting researcher (F),neither reported (H) nor reporting researcher (F),neither reported (H) nor reporting researcher (F),neither reported (H) nor reporting researcher (F),neither reported (H) nor reporting researcher (F),neither reported (H) nor reporting researcher (F),3 = neither honest nor dishonest,3 = neither sincere nor insincere,3 = neither ethical nor unethical,3 = neither likeable nor unlikeable,3 = neither approachable nor unapproachable,3 = could go either way,3 = neither honest nor dishonest,3 = neither sincere nor insincere,3 = neither ethical nor unethical,3 = neither likeable nor unlikeable,3 = neither approachable nor unapproachable,neither reported (X) nor reporting researcher (Y),neither reported (X) nor reporting researcher (Y),neither reported (X) nor reporting researcher (Y),neither reported (X) nor reporting researcher (Y),neither reported (X) nor reporting researcher (Y),neither reported (X) nor reporting researcher (Y),neither reported (X) nor reporting researcher (Y),neither reported (X) nor reporting researcher (Y),neither reported (X) nor reporting researcher (Y),Somewhat disagree,Yes,Other,,Woman,,High School Diploma or GED,Centrist,Heterosexual/straight,,19,Catholicism,,complete,,81536,0,0,,0.014084507042253521,QID1219732971
3/3/2026 9:20,3/3/2026 9:31,IP Address,100,674,TRUE,3/3/2026 9:31,R_3sX3lgoVSVlOiMU,anonymous,EN,1,"Yes, I consent",2 = somewhat dishonest,3 = neither sincere nor insincere,2 = somewhat unethical,3 = neither likeable nor unlikeable,3 = neither approachable nor unapproachable,3 = could go either way,3 = neither honest nor dishonest,4 = somewhat sincere,4 = somewhat ethical,3 = neither likeable nor unlikeable,3 = neither approachable nor unapproachable,reporting researcher (S),reporting researcher (S),neither reported (K) nor reporting researcher (S),reporting researcher (S),reporting researcher (S),reporting researcher (S),neither reported (K) nor reporting researcher (S),reporting researcher (S),neither reported (K) nor reporting researcher (S),2 = somewhat dishonest,2 = somewhat insincere,2 = somewhat unethical,2 = somewhat unlikeable,3 = neither approachable nor unapproachable,2 = somewhat confident the findings are false,3 = neither honest nor dishonest,3 = neither sincere nor insincere,4 = somewhat ethical,3 = neither likeable nor unlikeable,2 = somewhat unapproachable,neither reported (H) nor reporting researcher (F),reporting researcher (F),neither reported (H) nor reporting researcher (F),reporting researcher (F),reporting researcher (F),reporting researcher (F),neither reported (H) nor reporting researcher (F),reporting researcher (F),reported researcher (H),1 = very dishonest,1 = very insincere,1 = very unethical,3 = neither likeable nor unlikeable,2 = somewhat unapproachable,2 = somewhat confident the findings are false,4 = somewhat honest,3 = neither sincere nor insincere,4 = somewhat ethical,3 = neither likeable nor unlikeable,3 = neither approachable nor unapproachable,reporting researcher (Y),reporting researcher (Y),neither reported (X) nor reporting researcher (Y),reporting researcher (Y),reporting researcher (Y),neither reported (X) nor reporting researcher (Y),reporting researcher (Y),reporting researcher (Y),reported researcher (X),Somewhat disagree,No,Asian or Asian-American,,Woman,,Some college credit or technical school degree,Centrist,Heterosexual/straight,,20,Not Affiliated,,complete,,80940,0,0,,0,
3/3/2026 13:09,3/3/2026 13:19,IP Address,100,605,TRUE,3/3/2026 13:19,R_3MMUvBgQ2Jp6RXP,anonymous,EN,1,"Yes, I consent",4 = somewhat honest,4 = somewhat sincere,2 = somewhat unethical,2 = somewhat unlikeable,2 = somewhat unapproachable,3 = could go either way,5 = very honest,4 = somewhat sincere,5 = very ethical,4 = somewhat likeable,4 = somewhat approachable,reporting researcher (S),reporting researcher (S),reporting researcher (S),reporting researcher (S),reporting researcher (S),reporting researcher (S),reported researcher (K),reporting researcher (S),reporting researcher (S),1 = very dishonest,1 = very insincere,1 = very unethical,1 = very unlikeable,1 = very unapproachable,1 = very confident the findings are false,5 = very honest,5 = very sincere,5 = very ethical,5 = very likeable,5 = very approachable,reporting researcher (F),reporting researcher (F),reporting researcher (F),reporting researcher (F),reporting researcher (F),reporting researcher (F),reporting researcher (F),reporting researcher (F),reporting researcher (F),1 = very dishonest,1 = very insincere,1 = very unethical,1 = very unlikeable,1 = very unapproachable,1 = very confident the findings are false,5 = very honest,5 = very sincere,5 = very ethical,5 = very likeable,5 = very approachable,reporting researcher (Y),reporting researcher (Y),reporting researcher (Y),reporting researcher (Y),reporting researcher (Y),reporting researcher (Y),reported researcher (X),reporting researcher (Y),reporting researcher (Y),Somewhat disagree,No,White,,Woman,,Some college credit or technical school degree,Conservative,Heterosexual/straight,,19,Protestantism (Christian),,complete,,81402,0,0,,0,
3/3/2026 13:21,3/3/2026 13:28,IP Address,100,431,TRUE,3/3/2026 13:28,R_1D0oEo5C7pA37fb,anonymous,EN,1,"Yes, I consent",3 = neither honest nor dishonest,4 = somewhat sincere,2 = somewhat unethical,4 = somewhat likeable,3 = neither approachable nor unapproachable,4 = somewhat confident the findings are true,5 = very honest,3 = neither sincere nor insincere,2 = somewhat unethical,3 = neither likeable nor unlikeable,2 = somewhat unapproachable,reporting researcher (S),reporting researcher (S),reported researcher (K),reported researcher (K),reporting researcher (S),reporting researcher (S),reported researcher (K),reported researcher (K),reporting researcher (S),2 = somewhat dishonest,2 = somewhat insincere,1 = very unethical,2 = somewhat unlikeable,3 = neither approachable nor unapproachable,2 = somewhat confident the findings are false,5 = very honest,4 = somewhat sincere,4 = somewhat ethical,3 = neither likeable nor unlikeable,4 = somewhat approachable,reporting researcher (F),reporting researcher (F),reported researcher (H),reporting researcher (F),reporting researcher (F),reporting researcher (F),reported researcher (H),reporting researcher (F),reporting researcher (F),1 = very dishonest,1 = very insincere,1 = very unethical,1 = very unlikeable,2 = somewhat unapproachable,1 = very confident the findings are false,5 = very honest,4 = somewhat sincere,4 = somewhat ethical,4 = somewhat likeable,5 = very approachable,reporting researcher (Y),reporting researcher (Y),reported researcher (X),reporting researcher (Y),reporting researcher (Y),reporting researcher (Y),reporting researcher (Y),reporting researcher (Y),reporting researcher (Y),Somewhat disagree,No,White,,Woman,,High School Diploma or GED,Centrist,Heterosexual/straight,,18,Protestantism (Christian),,complete,,81077,0,0,,0,
3/3/2026 15:19,3/3/2026 15:27,IP Address,100,474,TRUE,3/3/2026 15:27,R_3WBFRG2wejlGLf8,anonymous,EN,1,"Yes, I consent",4 = somewhat honest,2 = somewhat insincere,3 = neither ethical nor unethical,2 = somewhat unlikeable,3 = neither approachable nor unapproachable,3 = could go either way,5 = very honest,4 = somewhat sincere,4 = somewhat ethical,3 = neither likeable nor unlikeable,3 = neither approachable nor unapproachable,neither reported (K) nor reporting researcher (S),reported researcher (K),reporting researcher (S),reporting researcher (S),reporting researcher (S),reported researcher (K),neither reported (K) nor reporting researcher (S),reported researcher (K),reporting researcher (S),3 = neither honest nor dishonest,2 = somewhat insincere,2 = somewhat unethical,3 = neither likeable nor unlikeable,3 = neither approachable nor unapproachable,2 = somewhat confident the findings are false,5 = very honest,4 = somewhat sincere,4 = somewhat ethical,2 = somewhat unlikeable,3 = neither approachable nor unapproachable,reported researcher (H),reporting researcher (F),neither reported (H) nor reporting researcher (F),reported researcher (H),reporting researcher (F),reported researcher (H),reporting researcher (F),neither reported (H) nor reporting researcher (F),reported researcher (H),1 = very dishonest,2 = somewhat insincere,1 = very unethical,2 = somewhat unlikeable,3 = neither approachable nor unapproachable,2 = somewhat confident the findings are false,4 = somewhat honest,4 = somewhat sincere,4 = somewhat ethical,3 = neither likeable nor unlikeable,3 = neither approachable nor unapproachable,reporting researcher (Y),reporting researcher (Y),reported researcher (X),neither reported (X) nor reporting researcher (Y),reporting researcher (Y),neither reported (X) nor reporting researcher (Y),reported researcher (X),neither reported (X) nor reporting researcher (Y),neither reported (X) nor reporting researcher (Y),Somewhat disagree,No,White,,Woman,,Some college credit or technical school degree,Conservative,Heterosexual/straight,,18,Catholicism,,complete,,81297,0,0,,0,
3/3/2026 15:33,3/3/2026 15:42,IP Address,100,540,TRUE,3/3/2026 15:42,R_3mCokRUXSYCe2eS,anonymous,EN,1,"Yes, I consent",3 = neither honest nor dishonest,5 = very sincere,3 = neither ethical nor unethical,5 = very likeable,5 = very approachable,5 = very confident the findings are true,1 = very dishonest,1 = very insincere,2 = somewhat unethical,3 = neither likeable nor unlikeable,3 = neither approachable nor unapproachable,reported researcher (K),reported researcher (K),reported researcher (K),reported researcher (K),reported researcher (K),reported researcher (K),reporting researcher (S),reported researcher (K),reported researcher (K),2 = somewhat dishonest,3 = neither sincere nor insincere,2 = somewhat unethical,3 = neither likeable nor unlikeable,3 = neither approachable nor unapproachable,2 = somewhat confident the findings are false,5 = very honest,1 = very insincere,5 = very ethical,3 = neither likeable nor unlikeable,3 = neither approachable nor unapproachable,reporting researcher (F),reporting researcher (F),neither reported (H) nor reporting researcher (F),reporting researcher (F),reporting researcher (F),reporting researcher (F),reported researcher (H),reporting researcher (F),reporting researcher (F),1 = very dishonest,1 = very insincere,1 = very unethical,3 = neither likeable nor unlikeable,3 = neither approachable nor unapproachable,1 = very confident the findings are false,5 = very honest,3 = neither sincere nor insincere,5 = very ethical,5 = very likeable,5 = very approachable,reporting researcher (Y),reporting researcher (Y),neither reported (X) nor reporting researcher (Y),reporting researcher (Y),reporting researcher (Y),reporting researcher (Y),reported researcher (X),reporting researcher (Y),reporting researcher (Y),Somewhat disagree,Yes,White,,Woman,,High School Diploma or GED,Centrist,Heterosexual/straight,,18,Protestantism (Christian),,complete,,81091,0,0,,0,
3/3/2026 16:02,3/3/2026 16:11,IP Address,100,579,TRUE,3/3/2026 16:11,R_6zdnTR1lEpRl16v,anonymous,EN,1,"Yes, I consent",4 = somewhat honest,3 = neither sincere nor insincere,2 = somewhat unethical,2 = somewhat unlikeable,2 = somewhat unapproachable,1 = very confident the findings are false,5 = very honest,5 = very sincere,5 = very ethical,3 = neither likeable nor unlikeable,5 = very approachable,reporting researcher (S),reporting researcher (S),neither reported (K) nor reporting researcher (S),reporting researcher (S),reporting researcher (S),reporting researcher (S),reporting researcher (S),reporting researcher (S),reporting researcher (S),1 = very dishonest,1 = very insincere,1 = very unethical,2 = somewhat unlikeable,2 = somewhat unapproachable,4 = somewhat confident the findings are true,5 = very honest,5 = very sincere,5 = very ethical,4 = somewhat likeable,5 = very approachable,reporting researcher (F),reporting researcher (F),neither reported (H) nor reporting researcher (F),reporting researcher (F),reporting researcher (F),reporting researcher (F),reporting researcher (F),reporting researcher (F),reporting researcher (F),1 = very dishonest,1 = very insincere,1 = very unethical,2 = somewhat unlikeable,2 = somewhat unapproachable,3 = could go either way,5 = very honest,5 = very sincere,5 = very ethical,4 = somewhat likeable,4 = somewhat approachable,reporting researcher (Y),neither reported (X) nor reporting researcher (Y),neither reported (X) nor reporting researcher (Y),reporting researcher (Y),reporting researcher (Y),reporting researcher (Y),reporting researcher (Y),neither reported (X) nor reporting researcher (Y),reporting researcher (Y),Somewhat disagree,No,White,,Woman,,High School Diploma or GED,Strongly Conservative,Heterosexual/straight,,19,Protestantism (Christian),,complete,,81818,0,0,,0,
3/3/2026 17:48,3/3/2026 17:58,IP Address,100,597,TRUE,3/3/2026 17:58,R_7Va9XgXxRgwO9a0,anonymous,EN,1,"Yes, I consent",4 = somewhat honest,4 = somewhat sincere,4 = somewhat ethical,3 = neither likeable nor unlikeable,2 = somewhat unapproachable,4 = somewhat confident the findings are true,2 = somewhat dishonest,3 = neither sincere nor insincere,2 = somewhat unethical,2 = somewhat unlikeable,3 = neither approachable nor unapproachable,neither reported (K) nor reporting researcher (S),reported researcher (K),reported researcher (K),reported researcher (K),neither reported (K) nor reporting researcher (S),reported researcher (K),reported researcher (K),neither reported (K) nor reporting researcher (S),reported researcher (K),2 = somewhat dishonest,2 = somewhat insincere,2 = somewhat unethical,2 = somewhat unlikeable,3 = neither approachable nor unapproachable,3 = could go either way,5 = very honest,5 = very sincere,5 = very ethical,4 = somewhat likeable,4 = somewhat approachable,neither reported (H) nor reporting researcher (F),reporting researcher (F),neither reported (H) nor reporting researcher (F),reporting researcher (F),reporting researcher (F),reporting researcher (F),neither reported (H) nor reporting researcher (F),reported researcher (H),neither reported (H) nor reporting researcher (F),1 = very dishonest,1 = very insincere,1 = very unethical,2 = somewhat unlikeable,1 = very unapproachable,1 = very confident the findings are false,3 = neither honest nor dishonest,4 = somewhat sincere,4 = somewhat ethical,3 = neither likeable nor unlikeable,2 = somewhat unapproachable,neither reported (X) nor reporting researcher (Y),reporting researcher (Y),neither reported (X) nor reporting researcher (Y),reporting researcher (Y),reporting researcher (Y),reporting researcher (Y),neither reported (X) nor reporting researcher (Y),reported researcher (X),neither reported (X) nor reporting researcher (Y),Somewhat disagree,No,White,,Woman,,Some college credit or technical school degree,Lean Liberal,Lesbian,,18,Not Affiliated,,complete,,81876,0,0,,0,
3/3/2026 20:22,3/3/2026 20:31,IP Address,100,578,TRUE,3/3/2026 20:31,R_5eWiXgyZufNXjs1,anonymous,EN,0.8999999761581421,"Yes, I consent",3 = neither honest nor dishonest,2 = somewhat insincere,3 = neither ethical nor unethical,3 = neither likeable nor unlikeable,4 = somewhat approachable,4 = somewhat confident the findings are true,4 = somewhat honest,1 = very insincere,3 = neither ethical nor unethical,2 = somewhat unlikeable,2 = somewhat unapproachable,reported researcher (K),reporting researcher (S),reported researcher (K),reported researcher (K),reported researcher (K),reported researcher (K),reported researcher (K),neither reported (K) nor reporting researcher (S),reported researcher (K),2 = somewhat dishonest,1 = very insincere,1 = very unethical,3 = neither likeable nor unlikeable,3 = neither approachable nor unapproachable,1 = very confident the findings are false,5 = very honest,4 = somewhat sincere,4 = somewhat ethical,3 = neither likeable nor unlikeable,2 = somewhat unapproachable,neither reported (H) nor reporting researcher (F),neither reported (H) nor reporting researcher (F),reporting researcher (F),reporting researcher (F),reporting researcher (F),neither reported (H) nor reporting researcher (F),reported researcher (H),reporting researcher (F),reported researcher (H),1 = very dishonest,1 = very insincere,1 = very unethical,2 = somewhat unlikeable,3 = neither approachable nor unapproachable,1 = very confident the findings are false,4 = somewhat honest,3 = neither sincere nor insincere,4 = somewhat ethical,2 = somewhat unlikeable,4 = somewhat approachable,neither reported (X) nor reporting researcher (Y),reporting researcher (Y),reporting researcher (Y),reporting researcher (Y),reporting researcher (Y),reporting researcher (Y),reported researcher (X),reporting researcher (Y),reporting researcher (Y),Somewhat disagree,No,Black or African-American,,Woman,,Some college credit or technical school degree,Centrist,Heterosexual/straight,,18,Catholicism,,complete,,81040,0,0,,0,
3/4/2026 9:12,3/4/2026 9:40,IP Address,100,1715,TRUE,3/4/2026 9:40,R_3zxaQMGB2wUHxIG,anonymous,EN,1,"Yes, I consent",2 = somewhat dishonest,3 = neither sincere nor insincere,2 = somewhat unethical,2 = somewhat unlikeable,2 = somewhat unapproachable,3 = could go either way,5 = very honest,5 = very sincere,5 = very ethical,3 = neither likeable nor unlikeable,4 = somewhat approachable,reporting researcher (S),reporting researcher (S),reported researcher (K),neither reported (K) nor reporting researcher (S),reporting researcher (S),reporting researcher (S),reported researcher (K),reporting researcher (S),reporting researcher (S),1 = very dishonest,1 = very insincere,1 = very unethical,1 = very unlikeable,1 = very unapproachable,1 = very confident the findings are false,5 = very honest,5 = very sincere,5 = very ethical,5 = very likeable,5 = very approachable,reporting researcher (F),reporting researcher (F),reporting researcher (F),reporting researcher (F),reporting researcher (F),reporting researcher (F),neither reported (H) nor reporting researcher (F),reporting researcher (F),reporting researcher (F),1 = very dishonest,1 = very insincere,1 = very unethical,1 = very unlikeable,1 = very unapproachable,1 = very confident the findings are false,5 = very honest,5 = very sincere,5 = very ethical,5 = very likeable,5 = very approachable,reporting researcher (Y),reporting researcher (Y),reporting researcher (Y),reporting researcher (Y),reporting researcher (Y),reporting researcher (Y),reporting researcher (Y),reporting researcher (Y),reporting researcher (Y),Somewhat disagree,No,White,,Man,,High School Diploma or GED,Lean Conservative,Heterosexual/straight,,19,Protestantism (Christian),,complete,,81019,0,0,,0,
3/4/2026 11:17,3/4/2026 11:33,IP Address,100,970,TRUE,3/4/2026 11:33,R_7YR1eq6WDeAlWc5,anonymous,EN,1,"Yes, I consent",2 = somewhat dishonest,2 = somewhat insincere,2 = somewhat unethical,3 = neither likeable nor unlikeable,3 = neither approachable nor unapproachable,2 = somewhat confident the findings are false,5 = very honest,5 = very sincere,4 = somewhat ethical,4 = somewhat likeable,4 = somewhat approachable,reporting researcher (S),reporting researcher (S),neither reported (K) nor reporting researcher (S),reporting researcher (S),reporting researcher (S),reporting researcher (S),reporting researcher (S),reporting researcher (S),reporting researcher (S),2 = somewhat dishonest,2 = somewhat insincere,2 = somewhat unethical,3 = neither likeable nor unlikeable,3 = neither approachable nor unapproachable,1 = very confident the findings are false,5 = very honest,4 = somewhat sincere,4 = somewhat ethical,3 = neither likeable nor unlikeable,4 = somewhat approachable,neither reported (H) nor reporting researcher (F),reporting researcher (F),neither reported (H) nor reporting researcher (F),reporting researcher (F),reporting researcher (F),reporting researcher (F),reporting researcher (F),reporting researcher (F),reporting researcher (F),1 = very dishonest,1 = very insincere,1 = very unethical,1 = very unlikeable,1 = very unapproachable,1 = very confident the findings are false,5 = very honest,5 = very sincere,5 = very ethical,5 = very likeable,4 = somewhat approachable,reporting researcher (Y),reporting researcher (Y),neither reported (X) nor reporting researcher (Y),reporting researcher (Y),reporting researcher (Y),reporting researcher (Y),reporting researcher (Y),reporting researcher (Y),reporting researcher (Y),Somewhat disagree,No,White,,Woman,,High School Diploma or GED,Lean Conservative,Heterosexual/straight,,18,Protestantism (Christian),,complete,,80945,0,0,,0,
3/4/2026 12:41,3/4/2026 12:53,IP Address,100,725,TRUE,3/4/2026 12:53,R_1kj60oWlTiRMXOh,anonymous,EN,1,"Yes, I consent",2 = somewhat dishonest,2 = somewhat insincere,3 = neither ethical nor unethical,3 = neither likeable nor unlikeable,3 = neither approachable nor unapproachable,3 = could go either way,2 = somewhat dishonest,3 = neither sincere nor insincere,4 = somewhat ethical,3 = neither likeable nor unlikeable,2 = somewhat unapproachable,reported researcher (K),reporting researcher (S),neither reported (K) nor reporting researcher (S),neither reported (K) nor reporting researcher (S),reported researcher (K),reporting researcher (S),reported researcher (K),reporting researcher (S),neither reported (K) nor reporting researcher (S),1 = very dishonest,1 = very insincere,1 = very unethical,3 = neither likeable nor unlikeable,3 = neither approachable nor unapproachable,1 = very confident the findings are false,4 = somewhat honest,4 = somewhat sincere,4 = somewhat ethical,3 = neither likeable nor unlikeable,4 = somewhat approachable,reporting researcher (F),reporting researcher (F),neither reported (H) nor reporting researcher (F),neither reported (H) nor reporting researcher (F),neither reported (H) nor reporting researcher (F),neither reported (H) nor reporting researcher (F),reporting researcher (F),reporting researcher (F),neither reported (H) nor reporting researcher (F),1 = very dishonest,1 = very insincere,1 = very unethical,3 = neither likeable nor unlikeable,3 = neither approachable nor unapproachable,1 = very confident the findings are false,5 = very honest,4 = somewhat sincere,4 = somewhat ethical,3 = neither likeable nor unlikeable,4 = somewhat approachable,reporting researcher (Y),reporting researcher (Y),neither reported (X) nor reporting researcher (Y),neither reported (X) nor reporting researcher (Y),neither reported (X) nor reporting researcher (Y),neither reported (X) nor reporting researcher (Y),neither reported (X) nor reporting researcher (Y),reporting researcher (Y),reporting researcher (Y),Somewhat disagree,Yes,White,,Woman,,High School Diploma or GED,Conservative,Heterosexual/straight,,18,Protestantism (Christian),,complete,,81973,0,0,,0,
3/4/2026 12:40,3/4/2026 12:53,IP Address,100,783,TRUE,3/4/2026 12:53,R_1uxo0Bqsgy7y8sr,anonymous,EN,1,"Yes, I consent",3 = neither honest nor dishonest,2 = somewhat insincere,4 = somewhat ethical,4 = somewhat likeable,4 = somewhat approachable,3 = could go either way,3 = neither honest nor dishonest,3 = neither sincere nor insincere,3 = neither ethical nor unethical,2 = somewhat unlikeable,2 = somewhat unapproachable,reporting researcher (S),reporting researcher (S),reported researcher (K),neither reported (K) nor reporting researcher (S),reporting researcher (S),reporting researcher (S),reported researcher (K),reporting researcher (S),reporting researcher (S),1 = very dishonest,2 = somewhat insincere,3 = neither ethical nor unethical,2 = somewhat unlikeable,3 = neither approachable nor unapproachable,1 = very confident the findings are false,4 = somewhat honest,4 = somewhat sincere,3 = neither ethical nor unethical,4 = somewhat likeable,3 = neither approachable nor unapproachable,reporting researcher (F),neither reported (H) nor reporting researcher (F),neither reported (H) nor reporting researcher (F),reporting researcher (F),reporting researcher (F),neither reported (H) nor reporting researcher (F),neither reported (H) nor reporting researcher (F),reporting researcher (F),reporting researcher (F),2 = somewhat dishonest,2 = somewhat insincere,2 = somewhat unethical,2 = somewhat unlikeable,2 = somewhat unapproachable,3 = could go either way,4 = somewhat honest,2 = somewhat insincere,3 = neither ethical nor unethical,3 = neither likeable nor unlikeable,3 = neither approachable nor unapproachable,reporting researcher (Y),reporting researcher (Y),neither reported (X) nor reporting researcher (Y),neither reported (X) nor reporting researcher (Y),neither reported (X) nor reporting researcher (Y),neither reported (X) nor reporting researcher (Y),neither reported (X) nor reporting researcher (Y),neither reported (X) nor reporting researcher (Y),neither reported (X) nor reporting researcher (Y),Somewhat disagree,No,White,,Man,,Some college credit or technical school degree,Conservative,Heterosexual/straight,,19,Protestantism (Christian),,complete,,81417,0,0,,0,
3/2/2026 19:03,3/4/2026 13:25,IP Address,100,152550,TRUE,3/4/2026 13:25,R_5fBNnvHhk69yrEy,anonymous,EN,1,"Yes, I consent",3 = neither honest nor dishonest,3 = neither sincere nor insincere,3 = neither ethical nor unethical,3 = neither likeable nor unlikeable,3 = neither approachable nor unapproachable,3 = could go either way,5 = very honest,4 = somewhat sincere,5 = very ethical,3 = neither likeable nor unlikeable,4 = somewhat approachable,reporting researcher (S),reporting researcher (S),neither reported (K) nor reporting researcher (S),reporting researcher (S),reporting researcher (S),reporting researcher (S),reporting researcher (S),reporting researcher (S),reporting researcher (S),1 = very dishonest,2 = somewhat insincere,1 = very unethical,2 = somewhat unlikeable,2 = somewhat unapproachable,2 = somewhat confident the findings are false,5 = very honest,4 = somewhat sincere,5 = very ethical,4 = somewhat likeable,4 = somewhat approachable,reporting researcher (F),reporting researcher (F),neither reported (H) nor reporting researcher (F),reporting researcher (F),reporting researcher (F),reporting researcher (F),reporting researcher (F),reporting researcher (F),reporting researcher (F),1 = very dishonest,1 = very insincere,1 = very unethical,1 = very unlikeable,2 = somewhat unapproachable,1 = very confident the findings are false,5 = very honest,5 = very sincere,5 = very ethical,4 = somewhat likeable,4 = somewhat approachable,reporting researcher (Y),reporting researcher (Y),reporting researcher (Y),reporting researcher (Y),reporting researcher (Y),reporting researcher (Y),reporting researcher (Y),reporting researcher (Y),reporting researcher (Y),Somewhat disagree,No,Other,White and east asian mix. ,Woman,,Some college credit or technical school degree,Lean Liberal,Heterosexual/straight,,19,Catholicism,,complete,,81591,0,0,,0,
3/4/2026 13:29,3/4/2026 13:34,IP Address,100,341,TRUE,3/4/2026 13:34,R_5D7AMZsPDnttyOT,anonymous,EN,1,"Yes, I consent",2 = somewhat dishonest,2 = somewhat insincere,2 = somewhat unethical,3 = neither likeable nor unlikeable,2 = somewhat unapproachable,3 = could go either way,4 = somewhat honest,4 = somewhat sincere,5 = very ethical,3 = neither likeable nor unlikeable,3 = neither approachable nor unapproachable,reporting researcher (S),reporting researcher (S),reporting researcher (S),reporting researcher (S),neither reported (K) nor reporting researcher (S),reporting researcher (S),reported researcher (K),reporting researcher (S),reported researcher (K),1 = very dishonest,1 = very insincere,1 = very unethical,1 = very unlikeable,1 = very unapproachable,1 = very confident the findings are false,5 = very honest,5 = very sincere,4 = somewhat ethical,5 = very likeable,5 = very approachable,reporting researcher (F),reporting researcher (F),reporting researcher (F),reporting researcher (F),reporting researcher (F),reporting researcher (F),reporting researcher (F),reporting researcher (F),reporting researcher (F),1 = very dishonest,1 = very insincere,1 = very unethical,2 = somewhat unlikeable,2 = somewhat unapproachable,1 = very confident the findings are false,4 = somewhat honest,4 = somewhat sincere,4 = somewhat ethical,4 = somewhat likeable,4 = somewhat approachable,reporting researcher (Y),reporting researcher (Y),reporting researcher (Y),reporting researcher (Y),reporting researcher (Y),reporting researcher (Y),reporting researcher (Y),reporting researcher (Y),reporting researcher (Y),Somewhat disagree,No,White,,Man,,Some college credit or technical school degree,Strongly Liberal,Heterosexual/straight,,20,Not Affiliated,,complete,,81307,0,0,,0,
3/4/2026 13:50,3/4/2026 14:04,IP Address,100,813,TRUE,3/4/2026 14:04,R_1qfCarJHjYDlVlf,anonymous,EN,1,"Yes, I consent",2 = somewhat dishonest,2 = somewhat insincere,2 = somewhat unethical,2 = somewhat unlikeable,2 = somewhat unapproachable,1 = very confident the findings are false,5 = very honest,5 = very sincere,5 = very ethical,5 = very likeable,5 = very approachable,reporting researcher (S),reporting researcher (S),neither reported (K) nor reporting researcher (S),neither reported (K) nor reporting researcher (S),reporting researcher (S),neither reported (K) nor reporting researcher (S),neither reported (K) nor reporting researcher (S),neither reported (K) nor reporting researcher (S),neither reported (K) nor reporting researcher (S),2 = somewhat dishonest,3 = neither sincere nor insincere,2 = somewhat unethical,3 = neither likeable nor unlikeable,3 = neither approachable nor unapproachable,2 = somewhat confident the findings are false,4 = somewhat honest,3 = neither sincere nor insincere,4 = somewhat ethical,4 = somewhat likeable,4 = somewhat approachable,neither reported (H) nor reporting researcher (F),neither reported (H) nor reporting researcher (F),reporting researcher (F),neither reported (H) nor reporting researcher (F),reporting researcher (F),neither reported (H) nor reporting researcher (F),reported researcher (H),neither reported (H) nor reporting researcher (F),neither reported (H) nor reporting researcher (F),1 = very dishonest,1 = very insincere,1 = very unethical,2 = somewhat unlikeable,2 = somewhat unapproachable,2 = somewhat confident the findings are false,5 = very honest,5 = very sincere,4 = somewhat ethical,4 = somewhat likeable,4 = somewhat approachable,neither reported (X) nor reporting researcher (Y),neither reported (X) nor reporting researcher (Y),neither reported (X) nor reporting researcher (Y),neither reported (X) nor reporting researcher (Y),reporting researcher (Y),reporting researcher (Y),neither reported (X) nor reporting researcher (Y),reporting researcher (Y),reporting researcher (Y),Somewhat disagree,No,Black or African-American,,Woman,,High School Diploma or GED,Lean Conservative,Heterosexual/straight,,19,Protestantism (Christian),,complete,,80997,0,0,,0,
3/4/2026 14:27,3/4/2026 15:09,IP Address,100,2504,TRUE,3/4/2026 15:09,R_6hQyFzryxqS5CIp,anonymous,EN,0.800000012,"Yes, I consent",3 = neither honest nor dishonest,3 = neither sincere nor insincere,3 = neither ethical nor unethical,3 = neither likeable nor unlikeable,3 = neither approachable nor unapproachable,3 = could go either way,5 = very honest,5 = very sincere,5 = very ethical,5 = very likeable,5 = very approachable,reporting researcher (S),reporting researcher (S),reporting researcher (S),reporting researcher (S),reporting researcher (S),reporting researcher (S),reporting researcher (S),reporting researcher (S),reporting researcher (S),2 = somewhat dishonest,2 = somewhat insincere,2 = somewhat unethical,2 = somewhat unlikeable,2 = somewhat unapproachable,3 = could go either way,5 = very honest,5 = very sincere,5 = very ethical,5 = very likeable,5 = very approachable,reporting researcher (F),reporting researcher (F),reporting researcher (F),reporting researcher (F),reporting researcher (F),reporting researcher (F),reporting researcher (F),reporting researcher (F),reporting researcher (F),1 = very dishonest,1 = very insincere,1 = very unethical,1 = very unlikeable,1 = very unapproachable,1 = very confident the findings are false,5 = very honest,5 = very sincere,5 = very ethical,5 = very likeable,5 = very approachable,reporting researcher (Y),reporting researcher (Y),reporting researcher (Y),reporting researcher (Y),reporting researcher (Y),reporting researcher (Y),reporting researcher (Y),reporting researcher (Y),reporting researcher (Y),Somewhat disagree,No,Black or African-American,,Woman,,High School Diploma or GED,Liberal,Heterosexual/straight,,19,Not Affiliated,,complete,,81857,0,0,,0,
3/4/2026 18:40,3/4/2026 18:46,IP Address,100,357,TRUE,3/4/2026 18:46,R_1sjgRl22jOrhbok,anonymous,EN,1,"Yes, I consent",3 = neither honest nor dishonest,3 = neither sincere nor insincere,3 = neither ethical nor unethical,3 = neither likeable nor unlikeable,3 = neither approachable nor unapproachable,2 = somewhat confident the findings are false,5 = very honest,5 = very sincere,5 = very ethical,5 = very likeable,5 = very approachable,reporting researcher (S),reporting researcher (S),reporting researcher (S),reporting researcher (S),reporting researcher (S),reporting researcher (S),reporting researcher (S),reporting researcher (S),reporting researcher (S),1 = very dishonest,1 = very insincere,1 = very unethical,1 = very unlikeable,1 = very unapproachable,1 = very confident the findings are false,5 = very honest,5 = very sincere,5 = very ethical,5 = very likeable,5 = very approachable,neither reported (H) nor reporting researcher (F),reporting researcher (F),neither reported (H) nor reporting researcher (F),reporting researcher (F),reporting researcher (F),reporting researcher (F),reporting researcher (F),reporting researcher (F),reporting researcher (F),1 = very dishonest,1 = very insincere,1 = very unethical,1 = very unlikeable,1 = very unapproachable,1 = very confident the findings are false,5 = very honest,5 = very sincere,5 = very ethical,5 = very likeable,5 = very approachable,reporting researcher (Y),reporting researcher (Y),reporting researcher (Y),reporting researcher (Y),reporting researcher (Y),reporting researcher (Y),reporting researcher (Y),reporting researcher (Y),reporting researcher (Y),Somewhat disagree,No,White,,Woman,,Some college credit or technical school degree,Lean Liberal,Heterosexual/straight,,19,Not Affiliated,,complete,,81843,0,0,,0,
3/4/2026 21:20,3/4/2026 21:36,IP Address,100,954,TRUE,3/4/2026 21:36,R_3dRgtgabwPFmgbN,anonymous,EN,1,"Yes, I consent",4 = somewhat honest,3 = neither sincere nor insincere,3 = neither ethical nor unethical,3 = neither likeable nor unlikeable,4 = somewhat approachable,3 = could go either way,5 = very honest,5 = very sincere,4 = somewhat ethical,4 = somewhat likeable,3 = neither approachable nor unapproachable,neither reported (K) nor reporting researcher (S),reporting researcher (S),neither reported (K) nor reporting researcher (S),reporting researcher (S),reporting researcher (S),reporting researcher (S),neither reported (K) nor reporting researcher (S),neither reported (K) nor reporting researcher (S),reporting researcher (S),1 = very dishonest,1 = very insincere,1 = very unethical,1 = very unlikeable,1 = very unapproachable,2 = somewhat confident the findings are false,5 = very honest,5 = very sincere,4 = somewhat ethical,5 = very likeable,5 = very approachable,neither reported (H) nor reporting researcher (F),neither reported (H) nor reporting researcher (F),neither reported (H) nor reporting researcher (F),reporting researcher (F),reporting researcher (F),reporting researcher (F),neither reported (H) nor reporting researcher (F),reporting researcher (F),reporting researcher (F),1 = very dishonest,1 = very insincere,1 = very unethical,1 = very unlikeable,1 = very unapproachable,1 = very confident the findings are false,5 = very honest,5 = very sincere,5 = very ethical,5 = very likeable,5 = very approachable,reporting researcher (Y),reporting researcher (Y),neither reported (X) nor reporting researcher (Y),reporting researcher (Y),reporting researcher (Y),reporting researcher (Y),reporting researcher (Y),reporting researcher (Y),reporting researcher (Y),Somewhat disagree,No,White,,Woman,,Some college credit or technical school degree,Centrist,Heterosexual/straight,,20,Catholicism,,complete,,81082,0,0,,0,
2/25/2026 21:45,2/28/2026 18:56,IP Address,5,249099,FALSE,3/4/2026 21:45,R_7PobLGpI0BIMwMN,anonymous,EN,1,"Yes, I consent",,,,,,,,,,,,,,,,,,,,,,,,,,,,,,,,,,,,,,,,,,,,,,,,,,,,,,,,,,,,,,,,,,,,,,,,,,complete,,81919,0,0,,0,
3/5/2026 7:32,3/5/2026 7:38,IP Address,100,350,TRUE,3/5/2026 7:38,R_74dC3iaWQZEozC9,anonymous,EN,1,"Yes, I consent",2 = somewhat dishonest,2 = somewhat insincere,2 = somewhat unethical,2 = somewhat unlikeable,2 = somewhat unapproachable,2 = somewhat confident the findings are false,4 = somewhat honest,4 = somewhat sincere,4 = somewhat ethical,2 = somewhat unlikeable,3 = neither approachable nor unapproachable,reporting researcher (S),reporting researcher (S),reporting researcher (S),neither reported (K) nor reporting researcher (S),reporting researcher (S),reporting researcher (S),reporting researcher (S),reporting researcher (S),reporting researcher (S),2 = somewhat dishonest,2 = somewhat insincere,1 = very unethical,1 = very unlikeable,2 = somewhat unapproachable,1 = very confident the findings are false,4 = somewhat honest,4 = somewhat sincere,3 = neither ethical nor unethical,1 = very unlikeable,3 = neither approachable nor unapproachable,neither reported (H) nor reporting researcher (F),neither reported (H) nor reporting researcher (F),reported researcher (H),neither reported (H) nor reporting researcher (F),reporting researcher (F),reporting researcher (F),reporting researcher (F),reporting researcher (F),reporting researcher (F),3 = neither honest nor dishonest,2 = somewhat insincere,2 = somewhat unethical,2 = somewhat unlikeable,2 = somewhat unapproachable,2 = somewhat confident the findings are false,5 = very honest,3 = neither sincere nor insincere,4 = somewhat ethical,2 = somewhat unlikeable,3 = neither approachable nor unapproachable,neither reported (X) nor reporting researcher (Y),reporting researcher (Y),reporting researcher (Y),neither reported (X) nor reporting researcher (Y),reporting researcher (Y),reporting researcher (Y),reporting researcher (Y),reporting researcher (Y),reporting researcher (Y),Somewhat disagree,No,White,,Man,,High School Diploma or GED,Lean Conservative,Heterosexual/straight,,20,Protestantism (Christian),,complete,,81787,0,0,,0,
3/5/2026 7:37,3/5/2026 7:43,IP Address,100,369,TRUE,3/5/2026 7:43,R_6rxfHI1R4rjdaC8,anonymous,EN,0.5,"Yes, I consent",3 = neither honest nor dishonest,3 = neither sincere nor insincere,3 = neither ethical nor unethical,3 = neither likeable nor unlikeable,4 = somewhat approachable,4 = somewhat confident the findings are true,5 = very honest,4 = somewhat sincere,4 = somewhat ethical,3 = neither likeable nor unlikeable,4 = somewhat approachable,neither reported (K) nor reporting researcher (S),neither reported (K) nor reporting researcher (S),neither reported (K) nor reporting researcher (S),reported researcher (K),neither reported (K) nor reporting researcher (S),neither reported (K) nor reporting researcher (S),neither reported (K) nor reporting researcher (S),reporting researcher (S),neither reported (K) nor reporting researcher (S),2 = somewhat dishonest,3 = neither sincere nor insincere,2 = somewhat unethical,3 = neither likeable nor unlikeable,3 = neither approachable nor unapproachable,2 = somewhat confident the findings are false,4 = somewhat honest,4 = somewhat sincere,5 = very ethical,4 = somewhat likeable,4 = somewhat approachable,reporting researcher (F),reporting researcher (F),neither reported (H) nor reporting researcher (F),reporting researcher (F),reporting researcher (F),reporting researcher (F),reported researcher (H),reporting researcher (F),reporting researcher (F),1 = very dishonest,2 = somewhat insincere,1 = very unethical,2 = somewhat unlikeable,2 = somewhat unapproachable,1 = very confident the findings are false,4 = somewhat honest,4 = somewhat sincere,5 = very ethical,4 = somewhat likeable,4 = somewhat approachable,reporting researcher (Y),reporting researcher (Y),neither reported (X) nor reporting researcher (Y),reporting researcher (Y),reporting researcher (Y),reporting researcher (Y),reported researcher (X),reporting researcher (Y),reporting researcher (Y),Somewhat disagree,No,White,,Woman,,High School Diploma or GED,Centrist,Heterosexual/straight,,19,Protestantism (Christian),,complete,,81312,0,0,,0,
3/5/2026 9:25,3/5/2026 9:32,IP Address,100,386,TRUE,3/5/2026 9:32,R_7f3P3RdvD7ffHNI,anonymous,EN,1,"Yes, I consent",2 = somewhat dishonest,4 = somewhat sincere,2 = somewhat unethical,4 = somewhat likeable,4 = somewhat approachable,4 = somewhat confident the findings are true,5 = very honest,5 = very sincere,5 = very ethical,5 = very likeable,5 = very approachable,reporting researcher (S),reporting researcher (S),reporting researcher (S),reporting researcher (S),reporting researcher (S),reporting researcher (S),reporting researcher (S),reporting researcher (S),reporting researcher (S),2 = somewhat dishonest,4 = somewhat sincere,4 = somewhat ethical,4 = somewhat likeable,4 = somewhat approachable,4 = somewhat confident the findings are true,4 = somewhat honest,4 = somewhat sincere,4 = somewhat ethical,4 = somewhat likeable,4 = somewhat approachable,reported researcher (H),reported researcher (H),reported researcher (H),neither reported (H) nor reporting researcher (F),reporting researcher (F),reported researcher (H),reported researcher (H),reported researcher (H),reported researcher (H),1 = very dishonest,2 = somewhat insincere,1 = very unethical,2 = somewhat unlikeable,3 = neither approachable nor unapproachable,1 = very confident the findings are false,5 = very honest,5 = very sincere,5 = very ethical,5 = very likeable,4 = somewhat approachable,reporting researcher (Y),reporting researcher (Y),neither reported (X) nor reporting researcher (Y),reporting researcher (Y),reporting researcher (Y),reporting researcher (Y),reported researcher (X),reporting researcher (Y),reporting researcher (Y),Somewhat disagree,No,White,,Woman,,Some college credit or technical school degree,Lean Conservative,Heterosexual/straight,,18,Protestantism (Christian),,complete,,81559,0,0,,0,
3/5/2026 10:44,3/5/2026 10:53,IP Address,100,515,TRUE,3/5/2026 10:53,R_72Elv0D5XbYpsQq,anonymous,EN,1,"Yes, I consent",4 = somewhat honest,4 = somewhat sincere,3 = neither ethical nor unethical,4 = somewhat likeable,4 = somewhat approachable,4 = somewhat confident the findings are true,5 = very honest,5 = very sincere,3 = neither ethical nor unethical,2 = somewhat unlikeable,2 = somewhat unapproachable,reporting researcher (S),reporting researcher (S),reported researcher (K),reporting researcher (S),reporting researcher (S),reporting researcher (S),reporting researcher (S),reporting researcher (S),reporting researcher (S),1 = very dishonest,3 = neither sincere nor insincere,3 = neither ethical nor unethical,3 = neither likeable nor unlikeable,3 = neither approachable nor unapproachable,2 = somewhat confident the findings are false,4 = somewhat honest,2 = somewhat insincere,2 = somewhat unethical,2 = somewhat unlikeable,4 = somewhat approachable,reported researcher (H),reported researcher (H),reported researcher (H),reported researcher (H),reporting researcher (F),reporting researcher (F),reported researcher (H),reporting researcher (F),reporting researcher (F),2 = somewhat dishonest,4 = somewhat sincere,3 = neither ethical nor unethical,4 = somewhat likeable,4 = somewhat approachable,4 = somewhat confident the findings are true,5 = very honest,4 = somewhat sincere,3 = neither ethical nor unethical,4 = somewhat likeable,4 = somewhat approachable,reported researcher (X),reported researcher (X),reported researcher (X),reported researcher (X),reporting researcher (Y),reporting researcher (Y),reporting researcher (Y),reporting researcher (Y),reporting researcher (Y),Somewhat disagree,No,White,,Woman,,Some college credit or technical school degree,Conservative,Heterosexual/straight,,19,Protestantism (Christian),,complete,,81361,0,0,,0,
3/5/2026 13:04,3/5/2026 13:11,IP Address,100,413,TRUE,3/5/2026 13:11,R_5rxYpsvXbbbUHS1,anonymous,EN,1,"Yes, I consent",1 = very dishonest,1 = very insincere,1 = very unethical,1 = very unlikeable,3 = neither approachable nor unapproachable,1 = very confident the findings are false,4 = somewhat honest,5 = very sincere,5 = very ethical,3 = neither likeable nor unlikeable,3 = neither approachable nor unapproachable,reporting researcher (S),reporting researcher (S),neither reported (K) nor reporting researcher (S),reporting researcher (S),reporting researcher (S),reporting researcher (S),reporting researcher (S),reporting researcher (S),reporting researcher (S),1 = very dishonest,1 = very insincere,1 = very unethical,1 = very unlikeable,3 = neither approachable nor unapproachable,1 = very confident the findings are false,4 = somewhat honest,4 = somewhat sincere,4 = somewhat ethical,3 = neither likeable nor unlikeable,3 = neither approachable nor unapproachable,reporting researcher (F),neither reported (H) nor reporting researcher (F),neither reported (H) nor reporting researcher (F),reporting researcher (F),reporting researcher (F),reporting researcher (F),reporting researcher (F),reporting researcher (F),reporting researcher (F),1 = very dishonest,1 = very insincere,1 = very unethical,1 = very unlikeable,3 = neither approachable nor unapproachable,1 = very confident the findings are false,4 = somewhat honest,4 = somewhat sincere,4 = somewhat ethical,3 = neither likeable nor unlikeable,3 = neither approachable nor unapproachable,reporting researcher (Y),neither reported (X) nor reporting researcher (Y),neither reported (X) nor reporting researcher (Y),reporting researcher (Y),reporting researcher (Y),reporting researcher (Y),reporting researcher (Y),reporting researcher (Y),reporting researcher (Y),Somewhat disagree,No,White,,Man,,Bachelor’s Degree,Centrist,Heterosexual/straight,,19,Protestantism (Christian),,complete,,81321,0,0,,0,
3/5/2026 13:05,3/5/2026 13:14,IP Address,100,557,TRUE,3/5/2026 13:14,R_6Wsg6Js5dLECYed,anonymous,EN,1,"Yes, I consent",2 = somewhat dishonest,4 = somewhat sincere,2 = somewhat unethical,4 = somewhat likeable,1 = very unapproachable,2 = somewhat confident the findings are false,5 = very honest,5 = very sincere,4 = somewhat ethical,3 = neither likeable nor unlikeable,5 = very approachable,neither reported (K) nor reporting researcher (S),reporting researcher (S),reporting researcher (S),neither reported (K) nor reporting researcher (S),reporting researcher (S),reporting researcher (S),reported researcher (K),reported researcher (K),reported researcher (K),4 = somewhat honest,4 = somewhat sincere,4 = somewhat ethical,4 = somewhat likeable,4 = somewhat approachable,2 = somewhat confident the findings are false,4 = somewhat honest,4 = somewhat sincere,5 = very ethical,4 = somewhat likeable,4 = somewhat approachable,reporting researcher (F),reporting researcher (F),neither reported (H) nor reporting researcher (F),reporting researcher (F),reporting researcher (F),reporting researcher (F),neither reported (H) nor reporting researcher (F),neither reported (H) nor reporting researcher (F),reporting researcher (F),1 = very dishonest,1 = very insincere,1 = very unethical,2 = somewhat unlikeable,3 = neither approachable nor unapproachable,1 = very confident the findings are false,5 = very honest,5 = very sincere,5 = very ethical,4 = somewhat likeable,5 = very approachable,reporting researcher (Y),reporting researcher (Y),neither reported (X) nor reporting researcher (Y),reporting researcher (Y),reporting researcher (Y),reporting researcher (Y),neither reported (X) nor reporting researcher (Y),reporting researcher (Y),reporting researcher (Y),Somewhat disagree,No,White,,Woman,,Some college credit or technical school degree,Conservative,Heterosexual/straight,,19,Protestantism (Christian),,complete,,81636,0,0,,0,
3/5/2026 13:16,3/5/2026 13:20,IP Address,100,282,TRUE,3/5/2026 13:20,R_1aK1m1w8JQluHMq,anonymous,EN,1,"Yes, I consent",1 = very dishonest,1 = very insincere,1 = very unethical,3 = neither likeable nor unlikeable,3 = neither approachable nor unapproachable,2 = somewhat confident the findings are false,5 = very honest,5 = very sincere,5 = very ethical,4 = somewhat likeable,3 = neither approachable nor unapproachable,neither reported (K) nor reporting researcher (S),reporting researcher (S),reporting researcher (S),reporting researcher (S),reporting researcher (S),reporting researcher (S),reporting researcher (S),reporting researcher (S),reporting researcher (S),1 = very dishonest,2 = somewhat insincere,2 = somewhat unethical,3 = neither likeable nor unlikeable,3 = neither approachable nor unapproachable,1 = very confident the findings are false,4 = somewhat honest,2 = somewhat insincere,5 = very ethical,3 = neither likeable nor unlikeable,3 = neither approachable nor unapproachable,reporting researcher (F),reporting researcher (F),neither reported (H) nor reporting researcher (F),reporting researcher (F),reporting researcher (F),reporting researcher (F),reporting researcher (F),reporting researcher (F),reporting researcher (F),1 = very dishonest,2 = somewhat insincere,1 = very unethical,3 = neither likeable nor unlikeable,3 = neither approachable nor unapproachable,1 = very confident the findings are false,5 = very honest,4 = somewhat sincere,5 = very ethical,3 = neither likeable nor unlikeable,3 = neither approachable nor unapproachable,reporting researcher (Y),reporting researcher (Y),neither reported (X) nor reporting researcher (Y),reporting researcher (Y),reporting researcher (Y),reporting researcher (Y),reporting researcher (Y),reporting researcher (Y),reporting researcher (Y),Somewhat disagree,No,White,,Woman,,High School Diploma or GED,Centrist,Heterosexual/straight,,18,Protestantism (Christian),,complete,,81344,0,0,,0,
3/5/2026 13:27,3/5/2026 13:38,IP Address,100,625,TRUE,3/5/2026 13:38,R_1txTSFrOzPGDzfJ,anonymous,EN,1,"Yes, I consent",3 = neither honest nor dishonest,4 = somewhat sincere,3 = neither ethical nor unethical,5 = very likeable,5 = very approachable,3 = could go either way,5 = very honest,5 = very sincere,3 = neither ethical nor unethical,4 = somewhat likeable,3 = neither approachable nor unapproachable,neither reported (K) nor reporting researcher (S),reporting researcher (S),neither reported (K) nor reporting researcher (S),reporting researcher (S),reporting researcher (S),reporting researcher (S),neither reported (K) nor reporting researcher (S),reporting researcher (S),reporting researcher (S),1 = very dishonest,2 = somewhat insincere,1 = very unethical,3 = neither likeable nor unlikeable,3 = neither approachable nor unapproachable,1 = very confident the findings are false,5 = very honest,4 = somewhat sincere,4 = somewhat ethical,3 = neither likeable nor unlikeable,3 = neither approachable nor unapproachable,neither reported (H) nor reporting researcher (F),reporting researcher (F),reported researcher (H),reporting researcher (F),reporting researcher (F),reporting researcher (F),neither reported (H) nor reporting researcher (F),reporting researcher (F),reporting researcher (F),1 = very dishonest,1 = very insincere,1 = very unethical,3 = neither likeable nor unlikeable,3 = neither approachable nor unapproachable,1 = very confident the findings are false,4 = somewhat honest,4 = somewhat sincere,4 = somewhat ethical,3 = neither likeable nor unlikeable,3 = neither approachable nor unapproachable,neither reported (X) nor reporting researcher (Y),reporting researcher (Y),neither reported (X) nor reporting researcher (Y),reporting researcher (Y),reporting researcher (Y),reporting researcher (Y),neither reported (X) nor reporting researcher (Y),reporting researcher (Y),reporting researcher (Y),Somewhat disagree,No,White,,Woman,,Some college credit or technical school degree,Conservative,Heterosexual/straight,,19,Catholicism,,complete,,81470,0,0,,0,
3/5/2026 18:01,3/5/2026 18:10,IP Address,100,539,TRUE,3/5/2026 18:10,R_14ki3JDjmBbBtsV,anonymous,EN,,"Yes, I consent",1 = very dishonest,1 = very insincere,3 = neither ethical nor unethical,4 = somewhat likeable,4 = somewhat approachable,4 = somewhat confident the findings are true,3 = neither honest nor dishonest,3 = neither sincere nor insincere,3 = neither ethical nor unethical,3 = neither likeable nor unlikeable,4 = somewhat approachable,reported researcher (K),reported researcher (K),reported researcher (K),neither reported (K) nor reporting researcher (S),neither reported (K) nor reporting researcher (S),reporting researcher (S),reported researcher (K),reported researcher (K),reported researcher (K),1 = very dishonest,2 = somewhat insincere,3 = neither ethical nor unethical,4 = somewhat likeable,4 = somewhat approachable,1 = very confident the findings are false,2 = somewhat dishonest,4 = somewhat sincere,4 = somewhat ethical,5 = very likeable,4 = somewhat approachable,neither reported (H) nor reporting researcher (F),reported researcher (H),reported researcher (H),neither reported (H) nor reporting researcher (F),neither reported (H) nor reporting researcher (F),reporting researcher (F),reported researcher (H),neither reported (H) nor reporting researcher (F),neither reported (H) nor reporting researcher (F),2 = somewhat dishonest,4 = somewhat sincere,2 = somewhat unethical,3 = neither likeable nor unlikeable,3 = neither approachable nor unapproachable,3 = could go either way,5 = very honest,4 = somewhat sincere,4 = somewhat ethical,3 = neither likeable nor unlikeable,2 = somewhat unapproachable,reporting researcher (Y),reporting researcher (Y),reporting researcher (Y),neither reported (X) nor reporting researcher (Y),neither reported (X) nor reporting researcher (Y),reporting researcher (Y),reporting researcher (Y),reporting researcher (Y),reporting researcher (Y),Somewhat disagree,No,Black or African-American,,Woman,,High School Diploma or GED,Liberal,Heterosexual/straight,,18,Protestantism (Christian),,error,Timed out,81584,0,0,,0,
3/5/2026 22:05,3/5/2026 23:16,IP Address,100,4231,TRUE,3/5/2026 23:16,R_59aGItAjy6ddqxl,anonymous,EN,1,"Yes, I consent",3 = neither honest nor dishonest,3 = neither sincere nor insincere,4 = somewhat ethical,3 = neither likeable nor unlikeable,3 = neither approachable nor unapproachable,3 = could go either way,5 = very honest,5 = very sincere,5 = very ethical,5 = very likeable,5 = very approachable,reporting researcher (S),reporting researcher (S),reporting researcher (S),reporting researcher (S),reporting researcher (S),reporting researcher (S),reporting researcher (S),reporting researcher (S),reporting researcher (S),2 = somewhat dishonest,2 = somewhat insincere,1 = very unethical,1 = very unlikeable,2 = somewhat unapproachable,3 = could go either way,5 = very honest,3 = neither sincere nor insincere,4 = somewhat ethical,4 = somewhat likeable,4 = somewhat approachable,reporting researcher (F),reporting researcher (F),neither reported (H) nor reporting researcher (F),reporting researcher (F),reporting researcher (F),reporting researcher (F),reporting researcher (F),reporting researcher (F),reporting researcher (F),2 = somewhat dishonest,2 = somewhat insincere,1 = very unethical,2 = somewhat unlikeable,2 = somewhat unapproachable,1 = very confident the findings are false,5 = very honest,4 = somewhat sincere,5 = very ethical,5 = very likeable,5 = very approachable,reporting researcher (Y),reporting researcher (Y),reporting researcher (Y),reporting researcher (Y),reporting researcher (Y),reporting researcher (Y),reporting researcher (Y),reporting researcher (Y),reporting researcher (Y),Somewhat disagree,No,White,,Man,,High School Diploma or GED,Centrist,Heterosexual/straight,,19,Judaism,,complete,,81103,0,0,,0,
3/6/2026 8:16,3/6/2026 8:27,IP Address,100,672,TRUE,3/6/2026 8:27,R_3iYRm1kbKlS84Nz,anonymous,EN,1,"Yes, I consent",2 = somewhat dishonest,2 = somewhat insincere,1 = very unethical,2 = somewhat unlikeable,1 = very unapproachable,1 = very confident the findings are false,5 = very honest,5 = very sincere,5 = very ethical,5 = very likeable,5 = very approachable,reporting researcher (S),reporting researcher (S),reporting researcher (S),reporting researcher (S),reporting researcher (S),reporting researcher (S),reporting researcher (S),reporting researcher (S),reporting researcher (S),1 = very dishonest,1 = very insincere,1 = very unethical,1 = very unlikeable,1 = very unapproachable,1 = very confident the findings are false,5 = very honest,4 = somewhat sincere,5 = very ethical,5 = very likeable,5 = very approachable,reporting researcher (F),reporting researcher (F),reporting researcher (F),reporting researcher (F),reporting researcher (F),reporting researcher (F),reporting researcher (F),reporting researcher (F),reporting researcher (F),1 = very dishonest,2 = somewhat insincere,1 = very unethical,1 = very unlikeable,2 = somewhat unapproachable,1 = very confident the findings are false,5 = very honest,5 = very sincere,5 = very ethical,5 = very likeable,5 = very approachable,reporting researcher (Y),reporting researcher (Y),neither reported (X) nor reporting researcher (Y),reporting researcher (Y),reporting researcher (Y),reporting researcher (Y),reported researcher (X),reporting researcher (Y),reporting researcher (Y),Somewhat disagree,No,White,,Woman,,High School Diploma or GED,Centrist,Heterosexual/straight,,18,Catholicism,,complete,,81101,0,0,,0,
3/6/2026 9:04,3/6/2026 9:09,IP Address,100,314,TRUE,3/6/2026 9:09,R_6Dhi8arHlW8cvZM,anonymous,EN,1,"Yes, I consent",3 = neither honest nor dishonest,2 = somewhat insincere,2 = somewhat unethical,4 = somewhat likeable,1 = very unapproachable,2 = somewhat confident the findings are false,3 = neither honest nor dishonest,4 = somewhat sincere,5 = very ethical,2 = somewhat unlikeable,2 = somewhat unapproachable,reporting researcher (S),reporting researcher (S),reported researcher (K),neither reported (K) nor reporting researcher (S),reported researcher (K),reported researcher (K),reporting researcher (S),reporting researcher (S),reporting researcher (S),4 = somewhat honest,3 = neither sincere nor insincere,3 = neither ethical nor unethical,4 = somewhat likeable,3 = neither approachable nor unapproachable,3 = could go either way,3 = neither honest nor dishonest,3 = neither sincere nor insincere,3 = neither ethical nor unethical,3 = neither likeable nor unlikeable,3 = neither approachable nor unapproachable,neither reported (H) nor reporting researcher (F),neither reported (H) nor reporting researcher (F),neither reported (H) nor reporting researcher (F),neither reported (H) nor reporting researcher (F),neither reported (H) nor reporting researcher (F),neither reported (H) nor reporting researcher (F),neither reported (H) nor reporting researcher (F),neither reported (H) nor reporting researcher (F),neither reported (H) nor reporting researcher (F),1 = very dishonest,1 = very insincere,1 = very unethical,3 = neither likeable nor unlikeable,3 = neither approachable nor unapproachable,1 = very confident the findings are false,3 = neither honest nor dishonest,3 = neither sincere nor insincere,5 = very ethical,2 = somewhat unlikeable,4 = somewhat approachable,reporting researcher (Y),neither reported (X) nor reporting researcher (Y),reported researcher (X),reported researcher (X),reporting researcher (Y),neither reported (X) nor reporting researcher (Y),reported researcher (X),reporting researcher (Y),reporting researcher (Y),Somewhat disagree,No,Black or African-American,,Man,,High School Diploma or GED,Centrist,Heterosexual/straight,,23,Not Affiliated,,complete,,81810,0,0,,0,
3/4/2026 9:58,3/6/2026 11:29,IP Address,100,178236,TRUE,3/6/2026 11:29,R_1WIQbB3ghbSfoZs,anonymous,EN,1,"Yes, I consent",3 = neither honest nor dishonest,4 = somewhat sincere,2 = somewhat unethical,3 = neither likeable nor unlikeable,3 = neither approachable nor unapproachable,2 = somewhat confident the findings are false,5 = very honest,4 = somewhat sincere,5 = very ethical,4 = somewhat likeable,4 = somewhat approachable,reporting researcher (S),reporting researcher (S),reported researcher (K),reporting researcher (S),reporting researcher (S),reporting researcher (S),reporting researcher (S),reporting researcher (S),reporting researcher (S),2 = somewhat dishonest,2 = somewhat insincere,2 = somewhat unethical,2 = somewhat unlikeable,3 = neither approachable nor unapproachable,1 = very confident the findings are false,5 = very honest,5 = very sincere,5 = very ethical,3 = neither likeable nor unlikeable,3 = neither approachable nor unapproachable,reporting researcher (F),reporting researcher (F),reporting researcher (F),reporting researcher (F),reporting researcher (F),reporting researcher (F),reporting researcher (F),reporting researcher (F),reporting researcher (F),1 = very dishonest,1 = very insincere,1 = very unethical,1 = very unlikeable,3 = neither approachable nor unapproachable,1 = very confident the findings are false,5 = very honest,5 = very sincere,5 = very ethical,5 = very likeable,3 = neither approachable nor unapproachable,reporting researcher (Y),reporting researcher (Y),reporting researcher (Y),reporting researcher (Y),reporting researcher (Y),reporting researcher (Y),reporting researcher (Y),reporting researcher (Y),reporting researcher (Y),Somewhat disagree,No,White,,Woman,,Some college credit or technical school degree,Centrist,Heterosexual/straight,,18,Protestantism (Christian),,complete,,81390,0,0,,0,
3/6/2026 11:24,3/6/2026 12:58,IP Address,100,5662,TRUE,3/6/2026 12:58,R_7G1HD5rrzRSc5R7,anonymous,EN,1,"Yes, I consent",2 = somewhat dishonest,3 = neither sincere nor insincere,3 = neither ethical nor unethical,3 = neither likeable nor unlikeable,3 = neither approachable nor unapproachable,3 = could go either way,4 = somewhat honest,3 = neither sincere nor insincere,5 = very ethical,3 = neither likeable nor unlikeable,4 = somewhat approachable,neither reported (K) nor reporting researcher (S),reporting researcher (S),neither reported (K) nor reporting researcher (S),reporting researcher (S),reporting researcher (S),reporting researcher (S),neither reported (K) nor reporting researcher (S),reporting researcher (S),reporting researcher (S),2 = somewhat dishonest,3 = neither sincere nor insincere,1 = very unethical,3 = neither likeable nor unlikeable,3 = neither approachable nor unapproachable,1 = very confident the findings are false,5 = very honest,4 = somewhat sincere,5 = very ethical,3 = neither likeable nor unlikeable,3 = neither approachable nor unapproachable,neither reported (H) nor reporting researcher (F),reporting researcher (F),neither reported (H) nor reporting researcher (F),reporting researcher (F),reporting researcher (F),reporting researcher (F),neither reported (H) nor reporting researcher (F),reporting researcher (F),reporting researcher (F),1 = very dishonest,1 = very insincere,1 = very unethical,1 = very unlikeable,3 = neither approachable nor unapproachable,1 = very confident the findings are false,5 = very honest,4 = somewhat sincere,5 = very ethical,5 = very likeable,3 = neither approachable nor unapproachable,neither reported (X) nor reporting researcher (Y),reporting researcher (Y),neither reported (X) nor reporting researcher (Y),reporting researcher (Y),reporting researcher (Y),reporting researcher (Y),neither reported (X) nor reporting researcher (Y),reporting researcher (Y),reporting researcher (Y),Somewhat disagree,No,White,,Man,,Some college credit or technical school degree,Centrist,Heterosexual/straight,,18,Protestantism (Christian),,complete,,81722,0,0,,0,
3/6/2026 22:32,3/6/2026 22:41,IP Address,100,541,TRUE,3/6/2026 22:41,R_7uVRL4Z72BUUX9P,anonymous,EN,1,"Yes, I consent",2 = somewhat dishonest,2 = somewhat insincere,2 = somewhat unethical,2 = somewhat unlikeable,2 = somewhat unapproachable,4 = somewhat confident the findings are true,5 = very honest,5 = very sincere,4 = somewhat ethical,4 = somewhat likeable,4 = somewhat approachable,reporting researcher (S),reporting researcher (S),reporting researcher (S),reporting researcher (S),reporting researcher (S),reporting researcher (S),reporting researcher (S),reporting researcher (S),reporting researcher (S),2 = somewhat dishonest,2 = somewhat insincere,2 = somewhat unethical,2 = somewhat unlikeable,2 = somewhat unapproachable,2 = somewhat confident the findings are false,5 = very honest,5 = very sincere,4 = somewhat ethical,4 = somewhat likeable,4 = somewhat approachable,reporting researcher (F),reporting researcher (F),reporting researcher (F),reporting researcher (F),reporting researcher (F),reporting researcher (F),reporting researcher (F),reporting researcher (F),reporting researcher (F),1 = very dishonest,1 = very insincere,1 = very unethical,1 = very unlikeable,1 = very unapproachable,1 = very confident the findings are false,5 = very honest,5 = very sincere,4 = somewhat ethical,4 = somewhat likeable,4 = somewhat approachable,reporting researcher (Y),reporting researcher (Y),reporting researcher (Y),reporting researcher (Y),reporting researcher (Y),reporting researcher (Y),reporting researcher (Y),reporting researcher (Y),reporting researcher (Y),Somewhat disagree,No,White,,Woman,,High School Diploma or GED,Centrist,Heterosexual/straight,,18,Not Affiliated,,complete,,81013,0,0,,0,
2/28/2026 12:29,2/28/2026 12:31,IP Address,40,166,FALSE,3/7/2026 12:29,R_6lsGVwmduyt3pEY,anonymous,EN,1,"Yes, I consent",1 = very dishonest,1 = very insincere,2 = somewhat unethical,1 = very unlikeable,1 = very unapproachable,3 = could go either way,,,,,,,,,,,,,,,,,,,,,,,,,,,,,,,,,,,3 = neither honest nor dishonest,2 = somewhat insincere,2 = somewhat unethical,1 = very unlikeable,4 = somewhat approachable,2 = somewhat confident the findings are false,3 = neither honest nor dishonest,1 = very insincere,4 = somewhat ethical,2 = somewhat unlikeable,1 = very unapproachable,neither reported (X) nor reporting researcher (Y),reported researcher (X),reported researcher (X),reported researcher (X),reporting researcher (Y),neither reported (X) nor reporting researcher (Y),reporting researcher (Y),neither reported (X) nor reporting researcher (Y),reported researcher (X),,,,,,,,,,,,,,complete,,80975,0,0,,0,
3/7/2026 16:09,3/7/2026 16:35,IP Address,100,1586,TRUE,3/7/2026 16:35,R_5OiwOGHjsoomeJg,anonymous,EN,1,"Yes, I consent",3 = neither honest nor dishonest,3 = neither sincere nor insincere,3 = neither ethical nor unethical,3 = neither likeable nor unlikeable,3 = neither approachable nor unapproachable,3 = could go either way,3 = neither honest nor dishonest,3 = neither sincere nor insincere,3 = neither ethical nor unethical,3 = neither likeable nor unlikeable,3 = neither approachable nor unapproachable,neither reported (K) nor reporting researcher (S),neither reported (K) nor reporting researcher (S),neither reported (K) nor reporting researcher (S),neither reported (K) nor reporting researcher (S),neither reported (K) nor reporting researcher (S),neither reported (K) nor reporting researcher (S),neither reported (K) nor reporting researcher (S),neither reported (K) nor reporting researcher (S),neither reported (K) nor reporting researcher (S),2 = somewhat dishonest,2 = somewhat insincere,2 = somewhat unethical,2 = somewhat unlikeable,3 = neither approachable nor unapproachable,2 = somewhat confident the findings are false,4 = somewhat honest,4 = somewhat sincere,4 = somewhat ethical,4 = somewhat likeable,4 = somewhat approachable,neither reported (H) nor reporting researcher (F),neither reported (H) nor reporting researcher (F),neither reported (H) nor reporting researcher (F),reporting researcher (F),reporting researcher (F),reporting researcher (F),reporting researcher (F),reporting researcher (F),reporting researcher (F),2 = somewhat dishonest,2 = somewhat insincere,2 = somewhat unethical,2 = somewhat unlikeable,2 = somewhat unapproachable,2 = somewhat confident the findings are false,4 = somewhat honest,4 = somewhat sincere,4 = somewhat ethical,4 = somewhat likeable,4 = somewhat approachable,neither reported (X) nor reporting researcher (Y),neither reported (X) nor reporting researcher (Y),neither reported (X) nor reporting researcher (Y),reporting researcher (Y),reporting researcher (Y),reporting researcher (Y),neither reported (X) nor reporting researcher (Y),reporting researcher (Y),reporting researcher (Y),Somewhat disagree,No,White,,Man,,High School Diploma or GED,Conservative,Heterosexual/straight,,19,Protestantism (Christian),,complete,,81333,0,0,,0,
3/7/2026 22:49,3/7/2026 22:58,IP Address,100,552,TRUE,3/7/2026 22:58,R_4lsZjA7d80TcFYk,anonymous,EN,1,"Yes, I consent",5 = very honest,4 = somewhat sincere,4 = somewhat ethical,4 = somewhat likeable,4 = somewhat approachable,3 = could go either way,5 = very honest,5 = very sincere,4 = somewhat ethical,4 = somewhat likeable,4 = somewhat approachable,neither reported (K) nor reporting researcher (S),neither reported (K) nor reporting researcher (S),neither reported (K) nor reporting researcher (S),reporting researcher (S),neither reported (K) nor reporting researcher (S),reporting researcher (S),neither reported (K) nor reporting researcher (S),neither reported (K) nor reporting researcher (S),neither reported (K) nor reporting researcher (S),2 = somewhat dishonest,2 = somewhat insincere,2 = somewhat unethical,3 = neither likeable nor unlikeable,3 = neither approachable nor unapproachable,2 = somewhat confident the findings are false,5 = very honest,4 = somewhat sincere,3 = neither ethical nor unethical,3 = neither likeable nor unlikeable,3 = neither approachable nor unapproachable,neither reported (H) nor reporting researcher (F),reporting researcher (F),neither reported (H) nor reporting researcher (F),reporting researcher (F),reporting researcher (F),reporting researcher (F),reporting researcher (F),reporting researcher (F),reporting researcher (F),1 = very dishonest,1 = very insincere,2 = somewhat unethical,2 = somewhat unlikeable,3 = neither approachable nor unapproachable,2 = somewhat confident the findings are false,5 = very honest,5 = very sincere,4 = somewhat ethical,3 = neither likeable nor unlikeable,4 = somewhat approachable,reporting researcher (Y),reporting researcher (Y),neither reported (X) nor reporting researcher (Y),reporting researcher (Y),reporting researcher (Y),reporting researcher (Y),reporting researcher (Y),reporting researcher (Y),neither reported (X) nor reporting researcher (Y),Somewhat disagree,No,White,,Woman,,Some college credit or technical school degree,Liberal,Heterosexual/straight,,19,Other,,complete,,81472,0,0,,0.014084507042253521,QID81
3/1/2026 1:48,3/1/2026 1:49,IP Address,5,34,FALSE,3/8/2026 1:48,R_7PLzJHmlkCrBeoK,anonymous,EN,1,"Yes, I consent",,,,,,,,,,,,,,,,,,,,,,,,,,,,,,,,,,,,,,,,,,,,,,,,,,,,,,,,,,,,,,,,,,,,,,,,,,complete,,81590,0,0,,0,
3/5/2026 13:22,3/8/2026 15:24,IP Address,100,262916,TRUE,3/8/2026 15:24,R_1OUNq42kD0zZywt,anonymous,EN,1,"Yes, I consent",3 = neither honest nor dishonest,2 = somewhat insincere,3 = neither ethical nor unethical,4 = somewhat likeable,2 = somewhat unapproachable,3 = could go either way,5 = very honest,4 = somewhat sincere,5 = very ethical,4 = somewhat likeable,3 = neither approachable nor unapproachable,reporting researcher (S),reporting researcher (S),reported researcher (K),reporting researcher (S),reporting researcher (S),reporting researcher (S),reporting researcher (S),reporting researcher (S),reporting researcher (S),1 = very dishonest,1 = very insincere,1 = very unethical,3 = neither likeable nor unlikeable,3 = neither approachable nor unapproachable,1 = very confident the findings are false,5 = very honest,4 = somewhat sincere,4 = somewhat ethical,3 = neither likeable nor unlikeable,3 = neither approachable nor unapproachable,reporting researcher (F),reporting researcher (F),reported researcher (H),reporting researcher (F),reporting researcher (F),reporting researcher (F),reporting researcher (F),reporting researcher (F),reporting researcher (F),1 = very dishonest,1 = very insincere,1 = very unethical,1 = very unlikeable,2 = somewhat unapproachable,5 = very confident the findings are true,5 = very honest,5 = very sincere,5 = very ethical,5 = very likeable,5 = very approachable,reporting researcher (Y),reporting researcher (Y),reported researcher (X),reporting researcher (Y),reporting researcher (Y),reporting researcher (Y),reporting researcher (Y),reporting researcher (Y),reporting researcher (Y),Somewhat disagree,Yes,White,,Woman,,High School Diploma or GED,Lean Liberal,Heterosexual/straight,,19,Protestantism (Christian),,complete,,81641,0,0,,0,
3/8/2026 19:00,3/8/2026 19:17,IP Address,100,995,TRUE,3/8/2026 19:17,R_31vJi3Rm5Swba2B,anonymous,EN,1,"Yes, I consent",2 = somewhat dishonest,2 = somewhat insincere,2 = somewhat unethical,2 = somewhat unlikeable,3 = neither approachable nor unapproachable,3 = could go either way,5 = very honest,3 = neither sincere nor insincere,4 = somewhat ethical,4 = somewhat likeable,3 = neither approachable nor unapproachable,neither reported (K) nor reporting researcher (S),neither reported (K) nor reporting researcher (S),neither reported (K) nor reporting researcher (S),neither reported (K) nor reporting researcher (S),neither reported (K) nor reporting researcher (S),neither reported (K) nor reporting researcher (S),neither reported (K) nor reporting researcher (S),neither reported (K) nor reporting researcher (S),neither reported (K) nor reporting researcher (S),2 = somewhat dishonest,3 = neither sincere nor insincere,2 = somewhat unethical,3 = neither likeable nor unlikeable,3 = neither approachable nor unapproachable,2 = somewhat confident the findings are false,4 = somewhat honest,4 = somewhat sincere,4 = somewhat ethical,3 = neither likeable nor unlikeable,3 = neither approachable nor unapproachable,reporting researcher (F),reporting researcher (F),neither reported (H) nor reporting researcher (F),neither reported (H) nor reporting researcher (F),reporting researcher (F),reporting researcher (F),reporting researcher (F),reporting researcher (F),reporting researcher (F),1 = very dishonest,1 = very insincere,1 = very unethical,3 = neither likeable nor unlikeable,3 = neither approachable nor unapproachable,1 = very confident the findings are false,4 = somewhat honest,4 = somewhat sincere,4 = somewhat ethical,3 = neither likeable nor unlikeable,3 = neither approachable nor unapproachable,reporting researcher (Y),reporting researcher (Y),neither reported (X) nor reporting researcher (Y),reporting researcher (Y),reporting researcher (Y),reporting researcher (Y),reporting researcher (Y),reporting researcher (Y),reporting researcher (Y),Somewhat disagree,No,White,,Woman,,High School Diploma or GED,Conservative,Heterosexual/straight,,19,Not Affiliated,,complete,,81959,0,0,,0,
3/9/2026 8:30,3/9/2026 8:33,IP Address,100,177,TRUE,3/9/2026 8:33,R_1rHKRbzqFd0VagO,anonymous,EN,1,"Yes, I consent",4 = somewhat honest,3 = neither sincere nor insincere,4 = somewhat ethical,4 = somewhat likeable,4 = somewhat approachable,4 = somewhat confident the findings are true,3 = neither honest nor dishonest,2 = somewhat insincere,2 = somewhat unethical,4 = somewhat likeable,4 = somewhat approachable,reported researcher (K),reported researcher (K),reported researcher (K),reporting researcher (S),reported researcher (K),reported researcher (K),reported researcher (K),reported researcher (K),reporting researcher (S),2 = somewhat dishonest,3 = neither sincere nor insincere,2 = somewhat unethical,3 = neither likeable nor unlikeable,3 = neither approachable nor unapproachable,3 = could go either way,2 = somewhat dishonest,2 = somewhat insincere,2 = somewhat unethical,3 = neither likeable nor unlikeable,4 = somewhat approachable,neither reported (H) nor reporting researcher (F),reporting researcher (F),neither reported (H) nor reporting researcher (F),reporting researcher (F),reported researcher (H),reporting researcher (F),reported researcher (H),reporting researcher (F),reported researcher (H),4 = somewhat honest,2 = somewhat insincere,4 = somewhat ethical,3 = neither likeable nor unlikeable,4 = somewhat approachable,1 = very confident the findings are false,4 = somewhat honest,1 = very insincere,4 = somewhat ethical,4 = somewhat likeable,4 = somewhat approachable,reported researcher (X),reporting researcher (Y),reported researcher (X),reported researcher (X),reporting researcher (Y),reported researcher (X),reporting researcher (Y),reporting researcher (Y),reported researcher (X),Somewhat disagree,No,White,,Woman,,High School Diploma or GED,Centrist,Heterosexual/straight,,18,Protestantism (Christian),,complete,,80978,0,0,,0,
3/9/2026 8:35,3/9/2026 9:05,IP Address,100,1829,TRUE,3/9/2026 9:05,R_6YDIWxoxmWjixsc,anonymous,EN,1,"Yes, I consent",2 = somewhat dishonest,1 = very insincere,1 = very unethical,1 = very unlikeable,1 = very unapproachable,1 = very confident the findings are false,1 = very dishonest,1 = very insincere,1 = very unethical,2 = somewhat unlikeable,1 = very unapproachable,reported researcher (K),reported researcher (K),reported researcher (K),reported researcher (K),reported researcher (K),reported researcher (K),reported researcher (K),reported researcher (K),reported researcher (K),4 = somewhat honest,4 = somewhat sincere,4 = somewhat ethical,4 = somewhat likeable,4 = somewhat approachable,2 = somewhat confident the findings are false,5 = very honest,2 = somewhat insincere,5 = very ethical,3 = neither likeable nor unlikeable,4 = somewhat approachable,reporting researcher (F),reporting researcher (F),reporting researcher (F),reporting researcher (F),reporting researcher (F),reporting researcher (F),reporting researcher (F),reporting researcher (F),reporting researcher (F),1 = very dishonest,2 = somewhat insincere,1 = very unethical,2 = somewhat unlikeable,2 = somewhat unapproachable,1 = very confident the findings are false,5 = very honest,4 = somewhat sincere,5 = very ethical,5 = very likeable,5 = very approachable,reporting researcher (Y),reporting researcher (Y),reporting researcher (Y),reporting researcher (Y),reporting researcher (Y),reporting researcher (Y),reporting researcher (Y),reporting researcher (Y),reporting researcher (Y),Somewhat disagree,No,White,,Woman,,Some college credit or technical school degree,Conservative,Heterosexual/straight,,19,Catholicism,,complete,,81122,0,0,,0,
3/9/2026 9:06,3/9/2026 9:14,IP Address,100,462,TRUE,3/9/2026 9:14,R_3AKgWIZtLjVsIVd,anonymous,EN,1,"Yes, I consent",2 = somewhat dishonest,2 = somewhat insincere,2 = somewhat unethical,2 = somewhat unlikeable,2 = somewhat unapproachable,2 = somewhat confident the findings are false,4 = somewhat honest,4 = somewhat sincere,4 = somewhat ethical,4 = somewhat likeable,4 = somewhat approachable,reporting researcher (S),reporting researcher (S),reporting researcher (S),reporting researcher (S),reporting researcher (S),reporting researcher (S),reporting researcher (S),reporting researcher (S),reporting researcher (S),1 = very dishonest,1 = very insincere,1 = very unethical,1 = very unlikeable,2 = somewhat unapproachable,1 = very confident the findings are false,5 = very honest,5 = very sincere,5 = very ethical,5 = very likeable,5 = very approachable,reporting researcher (F),reporting researcher (F),reporting researcher (F),reporting researcher (F),reporting researcher (F),reporting researcher (F),reporting researcher (F),reporting researcher (F),reporting researcher (F),1 = very dishonest,1 = very insincere,1 = very unethical,1 = very unlikeable,1 = very unapproachable,1 = very confident the findings are false,5 = very honest,5 = very sincere,5 = very ethical,5 = very likeable,2 = somewhat unapproachable,reporting researcher (Y),reporting researcher (Y),reporting researcher (Y),reporting researcher (Y),reporting researcher (Y),reporting researcher (Y),reporting researcher (Y),reporting researcher (Y),reporting researcher (Y),Somewhat disagree,No,White,,Woman,,High School Diploma or GED,Centrist,Heterosexual/straight,,18,Protestantism (Christian),,complete,,81760,0,0,,0,
3/9/2026 8:15,3/9/2026 10:15,IP Address,100,7222,TRUE,3/9/2026 10:15,R_3diMTPTjBYx0Z1c,anonymous,EN,1,"Yes, I consent",3 = neither honest nor dishonest,2 = somewhat insincere,3 = neither ethical nor unethical,3 = neither likeable nor unlikeable,3 = neither approachable nor unapproachable,3 = could go either way,5 = very honest,5 = very sincere,4 = somewhat ethical,4 = somewhat likeable,5 = very approachable,neither reported (K) nor reporting researcher (S),reporting researcher (S),neither reported (K) nor reporting researcher (S),reporting researcher (S),reporting researcher (S),reported researcher (K),neither reported (K) nor reporting researcher (S),reporting researcher (S),reported researcher (K),1 = very dishonest,1 = very insincere,1 = very unethical,2 = somewhat unlikeable,3 = neither approachable nor unapproachable,1 = very confident the findings are false,5 = very honest,5 = very sincere,5 = very ethical,4 = somewhat likeable,4 = somewhat approachable,reporting researcher (F),reporting researcher (F),reporting researcher (F),reporting researcher (F),reporting researcher (F),reporting researcher (F),neither reported (H) nor reporting researcher (F),reporting researcher (F),reporting researcher (F),1 = very dishonest,1 = very insincere,1 = very unethical,1 = very unlikeable,2 = somewhat unapproachable,1 = very confident the findings are false,4 = somewhat honest,5 = very sincere,5 = very ethical,4 = somewhat likeable,4 = somewhat approachable,reporting researcher (Y),reporting researcher (Y),reporting researcher (Y),reporting researcher (Y),reporting researcher (Y),reporting researcher (Y),neither reported (X) nor reporting researcher (Y),reporting researcher (Y),reporting researcher (Y),Somewhat disagree,No,Black or African-American,,Woman,,Some college credit or technical school degree,Centrist,Bisexual,,20,Other,Baptist,complete,,82014,0,0,,0,
3/9/2026 10:25,3/9/2026 10:30,IP Address,100,307,TRUE,3/9/2026 10:30,R_5mU9kfUaE5kUgZk,anonymous,EN,1,"Yes, I consent",2 = somewhat dishonest,3 = neither sincere nor insincere,2 = somewhat unethical,2 = somewhat unlikeable,2 = somewhat unapproachable,2 = somewhat confident the findings are false,2 = somewhat dishonest,2 = somewhat insincere,2 = somewhat unethical,2 = somewhat unlikeable,4 = somewhat approachable,neither reported (K) nor reporting researcher (S),reporting researcher (S),neither reported (K) nor reporting researcher (S),neither reported (K) nor reporting researcher (S),neither reported (K) nor reporting researcher (S),neither reported (K) nor reporting researcher (S),neither reported (K) nor reporting researcher (S),neither reported (K) nor reporting researcher (S),reported researcher (K),4 = somewhat honest,5 = very sincere,4 = somewhat ethical,3 = neither likeable nor unlikeable,2 = somewhat unapproachable,3 = could go either way,2 = somewhat dishonest,1 = very insincere,3 = neither ethical nor unethical,2 = somewhat unlikeable,2 = somewhat unapproachable,neither reported (H) nor reporting researcher (F),neither reported (H) nor reporting researcher (F),neither reported (H) nor reporting researcher (F),neither reported (H) nor reporting researcher (F),neither reported (H) nor reporting researcher (F),neither reported (H) nor reporting researcher (F),reported researcher (H),neither reported (H) nor reporting researcher (F),neither reported (H) nor reporting researcher (F),2 = somewhat dishonest,2 = somewhat insincere,3 = neither ethical nor unethical,2 = somewhat unlikeable,2 = somewhat unapproachable,2 = somewhat confident the findings are false,4 = somewhat honest,4 = somewhat sincere,4 = somewhat ethical,3 = neither likeable nor unlikeable,3 = neither approachable nor unapproachable,reporting researcher (Y),reporting researcher (Y),reporting researcher (Y),reporting researcher (Y),reporting researcher (Y),reporting researcher (Y),reported researcher (X),reporting researcher (Y),reporting researcher (Y),Somewhat disagree,No,White,,Woman,,High School Diploma or GED,Conservative,Heterosexual/straight,,18,Protestantism (Christian),,complete,,81634,0,0,,0,
3/9/2026 10:00,3/9/2026 10:31,IP Address,100,1858,TRUE,3/9/2026 10:31,R_3SZnrWvJLaIszWp,anonymous,EN,1,"Yes, I consent",3 = neither honest nor dishonest,3 = neither sincere nor insincere,3 = neither ethical nor unethical,3 = neither likeable nor unlikeable,3 = neither approachable nor unapproachable,3 = could go either way,5 = very honest,5 = very sincere,5 = very ethical,4 = somewhat likeable,3 = neither approachable nor unapproachable,reporting researcher (S),reporting researcher (S),reported researcher (K),reporting researcher (S),reporting researcher (S),reporting researcher (S),reported researcher (K),reporting researcher (S),reported researcher (K),5 = very honest,1 = very insincere,1 = very unethical,1 = very unlikeable,2 = somewhat unapproachable,1 = very confident the findings are false,5 = very honest,5 = very sincere,5 = very ethical,4 = somewhat likeable,4 = somewhat approachable,reporting researcher (F),reporting researcher (F),reported researcher (H),reporting researcher (F),reporting researcher (F),reporting researcher (F),reported researcher (H),reporting researcher (F),reporting researcher (F),1 = very dishonest,1 = very insincere,1 = very unethical,1 = very unlikeable,1 = very unapproachable,1 = very confident the findings are false,5 = very honest,5 = very sincere,5 = very ethical,4 = somewhat likeable,4 = somewhat approachable,reporting researcher (Y),reporting researcher (Y),reported researcher (X),reporting researcher (Y),reporting researcher (Y),reporting researcher (Y),reported researcher (X),reporting researcher (Y),reporting researcher (Y),Somewhat disagree,No,White,,Woman,,High School Diploma or GED,Strongly Conservative,Heterosexual/straight,,18,Catholicism,,complete,,81903,0,0,,0,
3/9/2026 11:23,3/9/2026 11:29,IP Address,100,359,TRUE,3/9/2026 11:29,R_7PzTeBrdvqtbT57,anonymous,EN,1,"Yes, I consent",5 = very honest,5 = very sincere,5 = very ethical,5 = very likeable,5 = very approachable,5 = very confident the findings are true,5 = very honest,5 = very sincere,4 = somewhat ethical,3 = neither likeable nor unlikeable,3 = neither approachable nor unapproachable,neither reported (K) nor reporting researcher (S),reporting researcher (S),reported researcher (K),reporting researcher (S),reporting researcher (S),reporting researcher (S),reported researcher (K),reporting researcher (S),reported researcher (K),1 = very dishonest,1 = very insincere,1 = very unethical,1 = very unlikeable,1 = very unapproachable,1 = very confident the findings are false,5 = very honest,5 = very sincere,5 = very ethical,5 = very likeable,5 = very approachable,reporting researcher (F),reporting researcher (F),reporting researcher (F),reporting researcher (F),reporting researcher (F),reporting researcher (F),reporting researcher (F),reporting researcher (F),reporting researcher (F),1 = very dishonest,1 = very insincere,1 = very unethical,1 = very unlikeable,3 = neither approachable nor unapproachable,3 = could go either way,5 = very honest,4 = somewhat sincere,4 = somewhat ethical,2 = somewhat unlikeable,3 = neither approachable nor unapproachable,reporting researcher (Y),reporting researcher (Y),reported researcher (X),reporting researcher (Y),reporting researcher (Y),reporting researcher (Y),reporting researcher (Y),reporting researcher (Y),reported researcher (X),Somewhat disagree,No,White,,Man,,High School Diploma or GED,Lean Conservative,Heterosexual/straight,,18,Protestantism (Christian),,complete,,81964,0,0,,0,
3/9/2026 11:44,3/9/2026 11:47,IP Address,100,204,TRUE,3/9/2026 11:47,R_1sIJk0CvbVgM6k1,anonymous,EN,1,"Yes, I consent",3 = neither honest nor dishonest,3 = neither sincere nor insincere,3 = neither ethical nor unethical,3 = neither likeable nor unlikeable,3 = neither approachable nor unapproachable,3 = could go either way,3 = neither honest nor dishonest,3 = neither sincere nor insincere,3 = neither ethical nor unethical,3 = neither likeable nor unlikeable,3 = neither approachable nor unapproachable,neither reported (K) nor reporting researcher (S),neither reported (K) nor reporting researcher (S),neither reported (K) nor reporting researcher (S),neither reported (K) nor reporting researcher (S),neither reported (K) nor reporting researcher (S),neither reported (K) nor reporting researcher (S),neither reported (K) nor reporting researcher (S),neither reported (K) nor reporting researcher (S),neither reported (K) nor reporting researcher (S),3 = neither honest nor dishonest,3 = neither sincere nor insincere,3 = neither ethical nor unethical,3 = neither likeable nor unlikeable,3 = neither approachable nor unapproachable,3 = could go either way,3 = neither honest nor dishonest,3 = neither sincere nor insincere,3 = neither ethical nor unethical,3 = neither likeable nor unlikeable,3 = neither approachable nor unapproachable,neither reported (H) nor reporting researcher (F),neither reported (H) nor reporting researcher (F),neither reported (H) nor reporting researcher (F),neither reported (H) nor reporting researcher (F),neither reported (H) nor reporting researcher (F),neither reported (H) nor reporting researcher (F),neither reported (H) nor reporting researcher (F),neither reported (H) nor reporting researcher (F),neither reported (H) nor reporting researcher (F),3 = neither honest nor dishonest,3 = neither sincere nor insincere,3 = neither ethical nor unethical,3 = neither likeable nor unlikeable,3 = neither approachable nor unapproachable,3 = could go either way,3 = neither honest nor dishonest,3 = neither sincere nor insincere,3 = neither ethical nor unethical,3 = neither likeable nor unlikeable,3 = neither approachable nor unapproachable,neither reported (X) nor reporting researcher (Y),neither reported (X) nor reporting researcher (Y),neither reported (X) nor reporting researcher (Y),neither reported (X) nor reporting researcher (Y),neither reported (X) nor reporting researcher (Y),neither reported (X) nor reporting researcher (Y),neither reported (X) nor reporting researcher (Y),neither reported (X) nor reporting researcher (Y),neither reported (X) nor reporting researcher (Y),Somewhat disagree,No,Black or African-American,,Woman,,Some college credit or technical school degree,Strongly Conservative,Heterosexual/straight,,18,Protestantism (Christian),,complete,,81160,0,0,,0,
3/9/2026 11:55,3/9/2026 12:02,IP Address,100,433,TRUE,3/9/2026 12:02,R_70NA7LL3eVkOUKb,anonymous,EN,1,"Yes, I consent",2 = somewhat dishonest,4 = somewhat sincere,2 = somewhat unethical,4 = somewhat likeable,3 = neither approachable nor unapproachable,4 = somewhat confident the findings are true,4 = somewhat honest,3 = neither sincere nor insincere,2 = somewhat unethical,4 = somewhat likeable,2 = somewhat unapproachable,neither reported (K) nor reporting researcher (S),reporting researcher (S),neither reported (K) nor reporting researcher (S),reported researcher (K),reporting researcher (S),neither reported (K) nor reporting researcher (S),reported researcher (K),neither reported (K) nor reporting researcher (S),reported researcher (K),3 = neither honest nor dishonest,2 = somewhat insincere,2 = somewhat unethical,3 = neither likeable nor unlikeable,3 = neither approachable nor unapproachable,3 = could go either way,3 = neither honest nor dishonest,2 = somewhat insincere,1 = very unethical,3 = neither likeable nor unlikeable,2 = somewhat unapproachable,neither reported (H) nor reporting researcher (F),reported researcher (H),reporting researcher (F),neither reported (H) nor reporting researcher (F),neither reported (H) nor reporting researcher (F),reported researcher (H),reporting researcher (F),neither reported (H) nor reporting researcher (F),neither reported (H) nor reporting researcher (F),3 = neither honest nor dishonest,4 = somewhat sincere,4 = somewhat ethical,2 = somewhat unlikeable,4 = somewhat approachable,2 = somewhat confident the findings are false,3 = neither honest nor dishonest,2 = somewhat insincere,4 = somewhat ethical,2 = somewhat unlikeable,2 = somewhat unapproachable,neither reported (X) nor reporting researcher (Y),reported researcher (X),reporting researcher (Y),reported researcher (X),reported researcher (X),neither reported (X) nor reporting researcher (Y),neither reported (X) nor reporting researcher (Y),reported researcher (X),neither reported (X) nor reporting researcher (Y),Somewhat disagree,Yes,White,,Woman,,High School Diploma or GED,Conservative,Heterosexual/straight,,18,Protestantism (Christian),,complete,,81328,0,0,,0,
3/9/2026 12:28,3/9/2026 12:34,IP Address,100,359,TRUE,3/9/2026 12:34,R_5pr5aGygnas4ZXE,anonymous,EN,1,"Yes, I consent",1 = very dishonest,3 = neither sincere nor insincere,2 = somewhat unethical,3 = neither likeable nor unlikeable,2 = somewhat unapproachable,1 = very confident the findings are false,1 = very dishonest,3 = neither sincere nor insincere,1 = very unethical,4 = somewhat likeable,4 = somewhat approachable,neither reported (K) nor reporting researcher (S),reporting researcher (S),reporting researcher (S),reported researcher (K),reported researcher (K),reported researcher (K),neither reported (K) nor reporting researcher (S),reported researcher (K),neither reported (K) nor reporting researcher (S),2 = somewhat dishonest,3 = neither sincere nor insincere,3 = neither ethical nor unethical,4 = somewhat likeable,2 = somewhat unapproachable,2 = somewhat confident the findings are false,3 = neither honest nor dishonest,2 = somewhat insincere,1 = very unethical,2 = somewhat unlikeable,5 = very approachable,reporting researcher (F),neither reported (H) nor reporting researcher (F),reported researcher (H),reported researcher (H),neither reported (H) nor reporting researcher (F),neither reported (H) nor reporting researcher (F),reported researcher (H),reported researcher (H),neither reported (H) nor reporting researcher (F),3 = neither honest nor dishonest,1 = very insincere,2 = somewhat unethical,1 = very unlikeable,4 = somewhat approachable,2 = somewhat confident the findings are false,2 = somewhat dishonest,1 = very insincere,4 = somewhat ethical,3 = neither likeable nor unlikeable,1 = very unapproachable,reported researcher (X),neither reported (X) nor reporting researcher (Y),reporting researcher (Y),reporting researcher (Y),reported researcher (X),reported researcher (X),reported researcher (X),neither reported (X) nor reporting researcher (Y),reported researcher (X),strongly disagree,No,White,,Man,,Some college credit or technical school degree,Conservative,Heterosexual/straight,,19,Protestantism (Christian),,complete,,81804,0,0,,0,
3/9/2026 12:24,3/9/2026 12:36,IP Address,100,726,TRUE,3/9/2026 12:36,R_3CyyuMB19WGNkAo,anonymous,EN,1,"Yes, I consent",3 = neither honest nor dishonest,3 = neither sincere nor insincere,4 = somewhat ethical,4 = somewhat likeable,2 = somewhat unapproachable,3 = could go either way,4 = somewhat honest,3 = neither sincere nor insincere,4 = somewhat ethical,3 = neither likeable nor unlikeable,2 = somewhat unapproachable,neither reported (K) nor reporting researcher (S),neither reported (K) nor reporting researcher (S),reporting researcher (S),neither reported (K) nor reporting researcher (S),neither reported (K) nor reporting researcher (S),neither reported (K) nor reporting researcher (S),neither reported (K) nor reporting researcher (S),neither reported (K) nor reporting researcher (S),neither reported (K) nor reporting researcher (S),3 = neither honest nor dishonest,3 = neither sincere nor insincere,2 = somewhat unethical,4 = somewhat likeable,3 = neither approachable nor unapproachable,3 = could go either way,4 = somewhat honest,3 = neither sincere nor insincere,4 = somewhat ethical,3 = neither likeable nor unlikeable,4 = somewhat approachable,neither reported (H) nor reporting researcher (F),reported researcher (H),reported researcher (H),reported researcher (H),neither reported (H) nor reporting researcher (F),reported researcher (H),reporting researcher (F),reporting researcher (F),reporting researcher (F),1 = very dishonest,3 = neither sincere nor insincere,2 = somewhat unethical,2 = somewhat unlikeable,2 = somewhat unapproachable,2 = somewhat confident the findings are false,5 = very honest,4 = somewhat sincere,4 = somewhat ethical,3 = neither likeable nor unlikeable,4 = somewhat approachable,reporting researcher (Y),reporting researcher (Y),reported researcher (X),neither reported (X) nor reporting researcher (Y),reporting researcher (Y),reporting researcher (Y),reporting researcher (Y),reporting researcher (Y),reporting researcher (Y),Somewhat agree,No,Asian or Asian-American,,Woman,,Some college credit or technical school degree,Centrist,Homosexual (gay),,19,Not Affiliated,,complete,,81628,0,0,,0,
3/9/2026 16:28,3/9/2026 16:34,IP Address,100,362,TRUE,3/9/2026 16:34,R_6fO7ybLQMNUyCpc,anonymous,EN,1,"Yes, I consent",4 = somewhat honest,3 = neither sincere nor insincere,4 = somewhat ethical,3 = neither likeable nor unlikeable,3 = neither approachable nor unapproachable,3 = could go either way,5 = very honest,5 = very sincere,5 = very ethical,5 = very likeable,5 = very approachable,reporting researcher (S),neither reported (K) nor reporting researcher (S),neither reported (K) nor reporting researcher (S),reporting researcher (S),reporting researcher (S),reporting researcher (S),reporting researcher (S),reporting researcher (S),reporting researcher (S),1 = very dishonest,1 = very insincere,1 = very unethical,1 = very unlikeable,1 = very unapproachable,1 = very confident the findings are false,5 = very honest,5 = very sincere,5 = very ethical,5 = very likeable,5 = very approachable,reporting researcher (F),reporting researcher (F),reporting researcher (F),reporting researcher (F),reporting researcher (F),reporting researcher (F),reporting researcher (F),reporting researcher (F),reporting researcher (F),1 = very dishonest,1 = very insincere,1 = very unethical,1 = very unlikeable,1 = very unapproachable,1 = very confident the findings are false,5 = very honest,5 = very sincere,5 = very ethical,5 = very likeable,5 = very approachable,reporting researcher (Y),reporting researcher (Y),neither reported (X) nor reporting researcher (Y),reporting researcher (Y),reporting researcher (Y),reporting researcher (Y),reporting researcher (Y),reporting researcher (Y),reporting researcher (Y),Somewhat disagree,No,White,,Woman,,High School Diploma or GED,Centrist,Heterosexual/straight,,19,Not Affiliated,,complete,,81089,0,0,,0,
3/9/2026 18:14,3/9/2026 18:33,IP Address,100,1139,TRUE,3/9/2026 18:33,R_60NoiXJtukVh1Cg,anonymous,EN,1,"Yes, I consent",3 = neither honest nor dishonest,3 = neither sincere nor insincere,3 = neither ethical nor unethical,3 = neither likeable nor unlikeable,3 = neither approachable nor unapproachable,3 = could go either way,3 = neither honest nor dishonest,3 = neither sincere nor insincere,3 = neither ethical nor unethical,3 = neither likeable nor unlikeable,3 = neither approachable nor unapproachable,neither reported (K) nor reporting researcher (S),neither reported (K) nor reporting researcher (S),neither reported (K) nor reporting researcher (S),neither reported (K) nor reporting researcher (S),neither reported (K) nor reporting researcher (S),neither reported (K) nor reporting researcher (S),neither reported (K) nor reporting researcher (S),neither reported (K) nor reporting researcher (S),neither reported (K) nor reporting researcher (S),3 = neither honest nor dishonest,3 = neither sincere nor insincere,3 = neither ethical nor unethical,3 = neither likeable nor unlikeable,3 = neither approachable nor unapproachable,2 = somewhat confident the findings are false,3 = neither honest nor dishonest,3 = neither sincere nor insincere,3 = neither ethical nor unethical,3 = neither likeable nor unlikeable,3 = neither approachable nor unapproachable,neither reported (H) nor reporting researcher (F),neither reported (H) nor reporting researcher (F),neither reported (H) nor reporting researcher (F),neither reported (H) nor reporting researcher (F),neither reported (H) nor reporting researcher (F),neither reported (H) nor reporting researcher (F),neither reported (H) nor reporting researcher (F),neither reported (H) nor reporting researcher (F),neither reported (H) nor reporting researcher (F),3 = neither honest nor dishonest,3 = neither sincere nor insincere,3 = neither ethical nor unethical,3 = neither likeable nor unlikeable,3 = neither approachable nor unapproachable,2 = somewhat confident the findings are false,3 = neither honest nor dishonest,3 = neither sincere nor insincere,3 = neither ethical nor unethical,3 = neither likeable nor unlikeable,3 = neither approachable nor unapproachable,neither reported (X) nor reporting researcher (Y),neither reported (X) nor reporting researcher (Y),neither reported (X) nor reporting researcher (Y),neither reported (X) nor reporting researcher (Y),neither reported (X) nor reporting researcher (Y),neither reported (X) nor reporting researcher (Y),neither reported (X) nor reporting researcher (Y),neither reported (X) nor reporting researcher (Y),neither reported (X) nor reporting researcher (Y),Somewhat disagree,No,Black or African-American,,Woman,,Some college credit or technical school degree,Centrist,Heterosexual/straight,,18,Other,,complete,,81380,0,0,,0.014084507042253521,QID81
3/9/2026 19:46,3/9/2026 19:55,IP Address,100,571,TRUE,3/9/2026 19:55,R_7m4SGNCt1lQd882,anonymous,EN,1,"Yes, I consent",3 = neither honest nor dishonest,3 = neither sincere nor insincere,2 = somewhat unethical,2 = somewhat unlikeable,3 = neither approachable nor unapproachable,3 = could go either way,5 = very honest,2 = somewhat insincere,4 = somewhat ethical,2 = somewhat unlikeable,2 = somewhat unapproachable,neither reported (K) nor reporting researcher (S),reporting researcher (S),reported researcher (K),reported researcher (K),neither reported (K) nor reporting researcher (S),reported researcher (K),reported researcher (K),reporting researcher (S),reported researcher (K),2 = somewhat dishonest,2 = somewhat insincere,2 = somewhat unethical,3 = neither likeable nor unlikeable,3 = neither approachable nor unapproachable,2 = somewhat confident the findings are false,5 = very honest,1 = very insincere,3 = neither ethical nor unethical,1 = very unlikeable,2 = somewhat unapproachable,neither reported (H) nor reporting researcher (F),reporting researcher (F),reported researcher (H),reported researcher (H),reporting researcher (F),reported researcher (H),reported researcher (H),reporting researcher (F),reported researcher (H),1 = very dishonest,1 = very insincere,1 = very unethical,1 = very unlikeable,1 = very unapproachable,1 = very confident the findings are false,5 = very honest,5 = very sincere,5 = very ethical,5 = very likeable,5 = very approachable,neither reported (X) nor reporting researcher (Y),reporting researcher (Y),neither reported (X) nor reporting researcher (Y),reporting researcher (Y),reporting researcher (Y),reporting researcher (Y),reported researcher (X),reporting researcher (Y),reporting researcher (Y),Somewhat disagree,No,White,,Woman,,Some college credit or technical school degree,Conservative,Heterosexual/straight,,18,Protestantism (Christian),,complete,,81746,0,0,,0,
3/2/2026 19:46,3/2/2026 19:47,IP Address,5,40,FALSE,3/9/2026 20:46,R_3o30ieTwvGfJmpz,anonymous,EN,1,"Yes, I consent",,,,,,,,,,,,,,,,,,,,,,,,,,,,,,,,,,,,,,,,,,,,,,,,,,,,,,,,,,,,,,,,,,,,,,,,,,complete,,81556,0,0,,0,
3/10/2026 10:03,3/10/2026 10:20,IP Address,100,1006,TRUE,3/10/2026 10:20,R_1zvAqfmC5vaebzL,anonymous,EN,1,"Yes, I consent",2 = somewhat dishonest,3 = neither sincere nor insincere,3 = neither ethical nor unethical,3 = neither likeable nor unlikeable,3 = neither approachable nor unapproachable,4 = somewhat confident the findings are true,4 = somewhat honest,4 = somewhat sincere,4 = somewhat ethical,3 = neither likeable nor unlikeable,3 = neither approachable nor unapproachable,neither reported (K) nor reporting researcher (S),reporting researcher (S),neither reported (K) nor reporting researcher (S),reporting researcher (S),reporting researcher (S),reporting researcher (S),reporting researcher (S),reporting researcher (S),reporting researcher (S),2 = somewhat dishonest,2 = somewhat insincere,2 = somewhat unethical,2 = somewhat unlikeable,3 = neither approachable nor unapproachable,2 = somewhat confident the findings are false,4 = somewhat honest,4 = somewhat sincere,5 = very ethical,5 = very likeable,3 = neither approachable nor unapproachable,neither reported (H) nor reporting researcher (F),reporting researcher (F),neither reported (H) nor reporting researcher (F),reporting researcher (F),reporting researcher (F),reporting researcher (F),reporting researcher (F),reporting researcher (F),reporting researcher (F),1 = very dishonest,2 = somewhat insincere,1 = very unethical,2 = somewhat unlikeable,2 = somewhat unapproachable,1 = very confident the findings are false,5 = very honest,5 = very sincere,5 = very ethical,5 = very likeable,4 = somewhat approachable,reporting researcher (Y),reporting researcher (Y),neither reported (X) nor reporting researcher (Y),reporting researcher (Y),reporting researcher (Y),reporting researcher (Y),reporting researcher (Y),reporting researcher (Y),reporting researcher (Y),Somewhat disagree,No,White,,Woman,,Some college credit or technical school degree,Conservative,Heterosexual/straight,,20,Protestantism (Christian),,complete,,81907,0,0,,0,
3/10/2026 13:18,3/10/2026 13:26,IP Address,100,493,TRUE,3/10/2026 13:26,R_5igmIZGYPRbEEzL,anonymous,EN,1,"Yes, I consent",2 = somewhat dishonest,2 = somewhat insincere,2 = somewhat unethical,3 = neither likeable nor unlikeable,3 = neither approachable nor unapproachable,1 = very confident the findings are false,5 = very honest,4 = somewhat sincere,5 = very ethical,3 = neither likeable nor unlikeable,3 = neither approachable nor unapproachable,neither reported (K) nor reporting researcher (S),reporting researcher (S),reported researcher (K),neither reported (K) nor reporting researcher (S),reporting researcher (S),reporting researcher (S),reporting researcher (S),reporting researcher (S),reported researcher (K),2 = somewhat dishonest,2 = somewhat insincere,3 = neither ethical nor unethical,3 = neither likeable nor unlikeable,3 = neither approachable nor unapproachable,2 = somewhat confident the findings are false,4 = somewhat honest,4 = somewhat sincere,3 = neither ethical nor unethical,4 = somewhat likeable,3 = neither approachable nor unapproachable,neither reported (H) nor reporting researcher (F),reporting researcher (F),reported researcher (H),reporting researcher (F),reporting researcher (F),reporting researcher (F),reporting researcher (F),reporting researcher (F),reporting researcher (F),1 = very dishonest,1 = very insincere,1 = very unethical,2 = somewhat unlikeable,3 = neither approachable nor unapproachable,1 = very confident the findings are false,5 = very honest,5 = very sincere,5 = very ethical,4 = somewhat likeable,3 = neither approachable nor unapproachable,reporting researcher (Y),reporting researcher (Y),reported researcher (X),reporting researcher (Y),reporting researcher (Y),reporting researcher (Y),reporting researcher (Y),reporting researcher (Y),reporting researcher (Y),Somewhat disagree,No,White,,Woman,,Some college credit or technical school degree,Centrist,Heterosexual/straight,,18,Protestantism (Christian),,complete,,81699,0,0,,0,
3/10/2026 14:58,3/10/2026 15:09,IP Address,100,644,TRUE,3/10/2026 15:09,R_740bkGn3XLyIXex,anonymous,EN,1,"Yes, I consent",2 = somewhat dishonest,2 = somewhat insincere,2 = somewhat unethical,3 = neither likeable nor unlikeable,3 = neither approachable nor unapproachable,4 = somewhat confident the findings are true,5 = very honest,5 = very sincere,5 = very ethical,3 = neither likeable nor unlikeable,3 = neither approachable nor unapproachable,neither reported (K) nor reporting researcher (S),reporting researcher (S),neither reported (K) nor reporting researcher (S),reporting researcher (S),reporting researcher (S),reporting researcher (S),reporting researcher (S),reporting researcher (S),reporting researcher (S),1 = very dishonest,1 = very insincere,1 = very unethical,3 = neither likeable nor unlikeable,3 = neither approachable nor unapproachable,2 = somewhat confident the findings are false,5 = very honest,5 = very sincere,5 = very ethical,3 = neither likeable nor unlikeable,3 = neither approachable nor unapproachable,neither reported (H) nor reporting researcher (F),reporting researcher (F),neither reported (H) nor reporting researcher (F),reporting researcher (F),reporting researcher (F),reporting researcher (F),reporting researcher (F),reporting researcher (F),reporting researcher (F),1 = very dishonest,2 = somewhat insincere,1 = very unethical,2 = somewhat unlikeable,3 = neither approachable nor unapproachable,1 = very confident the findings are false,5 = very honest,4 = somewhat sincere,4 = somewhat ethical,4 = somewhat likeable,3 = neither approachable nor unapproachable,neither reported (X) nor reporting researcher (Y),reporting researcher (Y),neither reported (X) nor reporting researcher (Y),reporting researcher (Y),reporting researcher (Y),reporting researcher (Y),reporting researcher (Y),reporting researcher (Y),reporting researcher (Y),Somewhat disagree,No,White,,Woman,,Some college credit or technical school degree,Centrist,Heterosexual/straight,,18,Protestantism (Christian),,complete,,80938,0,0,,0,
3/10/2026 15:02,3/10/2026 15:11,IP Address,100,533,TRUE,3/10/2026 15:11,R_1UY0kTsPLjnNVjU,anonymous,EN,1,"Yes, I consent",2 = somewhat dishonest,2 = somewhat insincere,2 = somewhat unethical,3 = neither likeable nor unlikeable,3 = neither approachable nor unapproachable,4 = somewhat confident the findings are true,4 = somewhat honest,4 = somewhat sincere,5 = very ethical,3 = neither likeable nor unlikeable,4 = somewhat approachable,neither reported (K) nor reporting researcher (S),neither reported (K) nor reporting researcher (S),neither reported (K) nor reporting researcher (S),reporting researcher (S),neither reported (K) nor reporting researcher (S),reporting researcher (S),reporting researcher (S),reporting researcher (S),reporting researcher (S),2 = somewhat dishonest,2 = somewhat insincere,1 = very unethical,3 = neither likeable nor unlikeable,3 = neither approachable nor unapproachable,3 = could go either way,5 = very honest,3 = neither sincere nor insincere,4 = somewhat ethical,3 = neither likeable nor unlikeable,3 = neither approachable nor unapproachable,neither reported (H) nor reporting researcher (F),neither reported (H) nor reporting researcher (F),neither reported (H) nor reporting researcher (F),reporting researcher (F),reporting researcher (F),neither reported (H) nor reporting researcher (F),reporting researcher (F),reporting researcher (F),reported researcher (H),1 = very dishonest,1 = very insincere,1 = very unethical,2 = somewhat unlikeable,3 = neither approachable nor unapproachable,1 = very confident the findings are false,5 = very honest,5 = very sincere,5 = very ethical,3 = neither likeable nor unlikeable,4 = somewhat approachable,reporting researcher (Y),reporting researcher (Y),neither reported (X) nor reporting researcher (Y),reporting researcher (Y),reporting researcher (Y),reporting researcher (Y),reporting researcher (Y),reporting researcher (Y),reporting researcher (Y),Somewhat disagree,No,Black or African-American,,Man,,High School Diploma or GED,Liberal,Heterosexual/straight,,19,Protestantism (Christian),,complete,,81162,0,0,,0,
3/10/2026 15:37,3/10/2026 15:44,IP Address,100,382,TRUE,3/10/2026 15:44,R_1ewX1HBv0GUmpt4,anonymous,EN,1,"Yes, I consent",2 = somewhat dishonest,2 = somewhat insincere,2 = somewhat unethical,3 = neither likeable nor unlikeable,3 = neither approachable nor unapproachable,2 = somewhat confident the findings are false,5 = very honest,5 = very sincere,5 = very ethical,5 = very likeable,5 = very approachable,reporting researcher (S),reporting researcher (S),reporting researcher (S),reporting researcher (S),reporting researcher (S),reporting researcher (S),reporting researcher (S),reporting researcher (S),reporting researcher (S),1 = very dishonest,2 = somewhat insincere,2 = somewhat unethical,2 = somewhat unlikeable,2 = somewhat unapproachable,2 = somewhat confident the findings are false,5 = very honest,5 = very sincere,5 = very ethical,5 = very likeable,5 = very approachable,reporting researcher (F),reporting researcher (F),neither reported (H) nor reporting researcher (F),reporting researcher (F),reporting researcher (F),reporting researcher (F),reporting researcher (F),reporting researcher (F),reporting researcher (F),1 = very dishonest,1 = very insincere,1 = very unethical,1 = very unlikeable,1 = very unapproachable,1 = very confident the findings are false,5 = very honest,5 = very sincere,5 = very ethical,5 = very likeable,5 = very approachable,reporting researcher (Y),reporting researcher (Y),reporting researcher (Y),reporting researcher (Y),reporting researcher (Y),reporting researcher (Y),reporting researcher (Y),reporting researcher (Y),reporting researcher (Y),Somewhat disagree,No,White,,Woman,,High School Diploma or GED,Conservative,Heterosexual/straight,,19,Catholicism,,complete,,81474,0,0,,0,
3/3/2026 23:08,3/3/2026 23:20,IP Address,57,703,FALSE,3/11/2026 0:08,R_3YhfunnFsjOR3EZ,anonymous,EN,0.800000012,"Yes, I consent",,,,,,,,,,,,,,,,,,,,,2 = somewhat dishonest,2 = somewhat insincere,2 = somewhat unethical,2 = somewhat unlikeable,3 = neither approachable nor unapproachable,2 = somewhat confident the findings are false,5 = very honest,5 = very sincere,5 = very ethical,5 = very likeable,3 = neither approachable nor unapproachable,reporting researcher (F),reporting researcher (F),reporting researcher (F),reporting researcher (F),reporting researcher (F),reporting researcher (F),reporting researcher (F),reporting researcher (F),reporting researcher (F),2 = somewhat dishonest,2 = somewhat insincere,2 = somewhat unethical,2 = somewhat unlikeable,2 = somewhat unapproachable,2 = somewhat confident the findings are false,3 = neither honest nor dishonest,3 = neither sincere nor insincere,3 = neither ethical nor unethical,3 = neither likeable nor unlikeable,3 = neither approachable nor unapproachable,neither reported (X) nor reporting researcher (Y),neither reported (X) nor reporting researcher (Y),neither reported (X) nor reporting researcher (Y),neither reported (X) nor reporting researcher (Y),neither reported (X) nor reporting researcher (Y),neither reported (X) nor reporting researcher (Y),neither reported (X) nor reporting researcher (Y),neither reported (X) nor reporting researcher (Y),neither reported (X) nor reporting researcher (Y),,,,,,,,,,,,,,complete,,81857,0,0,,0,
3/11/2026 7:55,3/11/2026 8:12,IP Address,100,1032,TRUE,3/11/2026 8:12,R_5J3lcjhMrneBdcZ,anonymous,EN,1,"Yes, I consent",3 = neither honest nor dishonest,4 = somewhat sincere,4 = somewhat ethical,3 = neither likeable nor unlikeable,4 = somewhat approachable,3 = could go either way,4 = somewhat honest,5 = very sincere,5 = very ethical,3 = neither likeable nor unlikeable,4 = somewhat approachable,reporting researcher (S),reporting researcher (S),reporting researcher (S),reporting researcher (S),reporting researcher (S),reporting researcher (S),reporting researcher (S),reporting researcher (S),reporting researcher (S),1 = very dishonest,1 = very insincere,1 = very unethical,2 = somewhat unlikeable,3 = neither approachable nor unapproachable,1 = very confident the findings are false,5 = very honest,5 = very sincere,5 = very ethical,5 = very likeable,5 = very approachable,neither reported (H) nor reporting researcher (F),reporting researcher (F),reporting researcher (F),reporting researcher (F),reporting researcher (F),reporting researcher (F),reporting researcher (F),reporting researcher (F),reporting researcher (F),1 = very dishonest,1 = very insincere,1 = very unethical,1 = very unlikeable,1 = very unapproachable,1 = very confident the findings are false,5 = very honest,5 = very sincere,5 = very ethical,4 = somewhat likeable,4 = somewhat approachable,reporting researcher (Y),reporting researcher (Y),reporting researcher (Y),reporting researcher (Y),reporting researcher (Y),reporting researcher (Y),reporting researcher (Y),reporting researcher (Y),reporting researcher (Y),Somewhat disagree,No,White,,Woman,,Some college credit or technical school degree,Conservative,Heterosexual/straight,,19,Protestantism (Christian),,complete,,81832,0,0,,0,
3/11/2026 13:45,3/11/2026 13:58,IP Address,100,756,TRUE,3/11/2026 13:58,R_3YVxZDeHYuK5nYO,anonymous,EN,1,"Yes, I consent",2 = somewhat dishonest,2 = somewhat insincere,2 = somewhat unethical,2 = somewhat unlikeable,2 = somewhat unapproachable,4 = somewhat confident the findings are true,4 = somewhat honest,5 = very sincere,4 = somewhat ethical,5 = very likeable,4 = somewhat approachable,neither reported (K) nor reporting researcher (S),reporting researcher (S),neither reported (K) nor reporting researcher (S),reporting researcher (S),reporting researcher (S),reporting researcher (S),reporting researcher (S),reporting researcher (S),reporting researcher (S),2 = somewhat dishonest,2 = somewhat insincere,1 = very unethical,2 = somewhat unlikeable,2 = somewhat unapproachable,1 = very confident the findings are false,4 = somewhat honest,5 = very sincere,4 = somewhat ethical,5 = very likeable,4 = somewhat approachable,neither reported (H) nor reporting researcher (F),reporting researcher (F),neither reported (H) nor reporting researcher (F),reporting researcher (F),reporting researcher (F),reporting researcher (F),reporting researcher (F),reporting researcher (F),reporting researcher (F),1 = very dishonest,1 = very insincere,1 = very unethical,1 = very unlikeable,2 = somewhat unapproachable,2 = somewhat confident the findings are false,5 = very honest,5 = very sincere,4 = somewhat ethical,4 = somewhat likeable,4 = somewhat approachable,neither reported (X) nor reporting researcher (Y),reporting researcher (Y),neither reported (X) nor reporting researcher (Y),reporting researcher (Y),reporting researcher (Y),reporting researcher (Y),reporting researcher (Y),reporting researcher (Y),reporting researcher (Y),Somewhat disagree,Yes,White,,Woman,,High School Diploma or GED,Conservative,Heterosexual/straight,,19,Protestantism (Christian),,complete,,82026,0,0,,0,
3/11/2026 15:07,3/11/2026 15:13,IP Address,100,326,TRUE,3/11/2026 15:13,R_12nu7FOKzZxpwAf,anonymous,EN,1,"Yes, I consent",1 = very dishonest,1 = very insincere,1 = very unethical,1 = very unlikeable,3 = neither approachable nor unapproachable,1 = very confident the findings are false,5 = very honest,5 = very sincere,5 = very ethical,5 = very likeable,3 = neither approachable nor unapproachable,reporting researcher (S),reporting researcher (S),neither reported (K) nor reporting researcher (S),reporting researcher (S),reporting researcher (S),reporting researcher (S),reporting researcher (S),reporting researcher (S),reporting researcher (S),1 = very dishonest,1 = very insincere,1 = very unethical,1 = very unlikeable,3 = neither approachable nor unapproachable,1 = very confident the findings are false,5 = very honest,5 = very sincere,5 = very ethical,5 = very likeable,5 = very approachable,reporting researcher (F),reporting researcher (F),neither reported (H) nor reporting researcher (F),reporting researcher (F),reporting researcher (F),reporting researcher (F),reporting researcher (F),reporting researcher (F),reporting researcher (F),1 = very dishonest,1 = very insincere,1 = very unethical,1 = very unlikeable,1 = very unapproachable,1 = very confident the findings are false,5 = very honest,5 = very sincere,5 = very ethical,5 = very likeable,5 = very approachable,reporting researcher (Y),reporting researcher (Y),reporting researcher (Y),reporting researcher (Y),reporting researcher (Y),reporting researcher (Y),reporting researcher (Y),reporting researcher (Y),reporting researcher (Y),Somewhat disagree,No,White,,Woman,,Some college credit or technical school degree,Centrist,Heterosexual/straight,,19,Protestantism (Christian),,complete,,81592,0,0,,0,
3/11/2026 15:38,3/11/2026 15:42,IP Address,100,281,TRUE,3/11/2026 15:42,R_1etpd3NdVz1OXgJ,anonymous,EN,1,"Yes, I consent",3 = neither honest nor dishonest,2 = somewhat insincere,3 = neither ethical nor unethical,4 = somewhat likeable,2 = somewhat unapproachable,3 = could go either way,5 = very honest,5 = very sincere,5 = very ethical,4 = somewhat likeable,4 = somewhat approachable,neither reported (K) nor reporting researcher (S),reported researcher (K),reported researcher (K),reporting researcher (S),reporting researcher (S),reporting researcher (S),reported researcher (K),reporting researcher (S),reported researcher (K),2 = somewhat dishonest,2 = somewhat insincere,2 = somewhat unethical,2 = somewhat unlikeable,2 = somewhat unapproachable,2 = somewhat confident the findings are false,4 = somewhat honest,4 = somewhat sincere,4 = somewhat ethical,5 = very likeable,3 = neither approachable nor unapproachable,neither reported (H) nor reporting researcher (F),reporting researcher (F),reported researcher (H),neither reported (H) nor reporting researcher (F),reporting researcher (F),reporting researcher (F),neither reported (H) nor reporting researcher (F),reported researcher (H),reporting researcher (F),1 = very dishonest,1 = very insincere,1 = very unethical,1 = very unlikeable,2 = somewhat unapproachable,1 = very confident the findings are false,5 = very honest,4 = somewhat sincere,4 = somewhat ethical,4 = somewhat likeable,4 = somewhat approachable,reporting researcher (Y),reporting researcher (Y),reported researcher (X),neither reported (X) nor reporting researcher (Y),reporting researcher (Y),reporting researcher (Y),reporting researcher (Y),reporting researcher (Y),reporting researcher (Y),Somewhat disagree,No,White,,Woman,,High School Diploma or GED,Lean Conservative,Heterosexual/straight,,19,Protestantism (Christian),,complete,,81889,0,0,,0,
3/11/2026 19:14,3/11/2026 19:17,IP Address,100,206,TRUE,3/11/2026 19:17,R_5Ck9Lztju1PAncV,anonymous,EN,1,"Yes, I consent",4 = somewhat honest,4 = somewhat sincere,3 = neither ethical nor unethical,4 = somewhat likeable,3 = neither approachable nor unapproachable,3 = could go either way,4 = somewhat honest,4 = somewhat sincere,3 = neither ethical nor unethical,4 = somewhat likeable,3 = neither approachable nor unapproachable,neither reported (K) nor reporting researcher (S),neither reported (K) nor reporting researcher (S),neither reported (K) nor reporting researcher (S),neither reported (K) nor reporting researcher (S),neither reported (K) nor reporting researcher (S),neither reported (K) nor reporting researcher (S),neither reported (K) nor reporting researcher (S),neither reported (K) nor reporting researcher (S),neither reported (K) nor reporting researcher (S),3 = neither honest nor dishonest,3 = neither sincere nor insincere,3 = neither ethical nor unethical,3 = neither likeable nor unlikeable,3 = neither approachable nor unapproachable,3 = could go either way,3 = neither honest nor dishonest,3 = neither sincere nor insincere,3 = neither ethical nor unethical,3 = neither likeable nor unlikeable,3 = neither approachable nor unapproachable,neither reported (H) nor reporting researcher (F),neither reported (H) nor reporting researcher (F),neither reported (H) nor reporting researcher (F),neither reported (H) nor reporting researcher (F),neither reported (H) nor reporting researcher (F),neither reported (H) nor reporting researcher (F),neither reported (H) nor reporting researcher (F),neither reported (H) nor reporting researcher (F),neither reported (H) nor reporting researcher (F),3 = neither honest nor dishonest,3 = neither sincere nor insincere,3 = neither ethical nor unethical,3 = neither likeable nor unlikeable,3 = neither approachable nor unapproachable,3 = could go either way,3 = neither honest nor dishonest,3 = neither sincere nor insincere,3 = neither ethical nor unethical,3 = neither likeable nor unlikeable,3 = neither approachable nor unapproachable,neither reported (X) nor reporting researcher (Y),neither reported (X) nor reporting researcher (Y),neither reported (X) nor reporting researcher (Y),neither reported (X) nor reporting researcher (Y),neither reported (X) nor reporting researcher (Y),neither reported (X) nor reporting researcher (Y),neither reported (X) nor reporting researcher (Y),neither reported (X) nor reporting researcher (Y),neither reported (X) nor reporting researcher (Y),strongly disagree,No,White,,Man,,Some college credit or technical school degree,Conservative,Heterosexual/straight,,19,Other,,complete,,81865,0,0,,0.014084507042253521,QID81
3/12/2026 9:13,3/12/2026 9:21,IP Address,100,439,TRUE,3/12/2026 9:21,R_5qn2iqc74s3QO7h,anonymous,EN,1,"Yes, I consent",3 = neither honest nor dishonest,4 = somewhat sincere,4 = somewhat ethical,2 = somewhat unlikeable,2 = somewhat unapproachable,3 = could go either way,4 = somewhat honest,2 = somewhat insincere,3 = neither ethical nor unethical,2 = somewhat unlikeable,4 = somewhat approachable,neither reported (K) nor reporting researcher (S),reported researcher (K),reporting researcher (S),neither reported (K) nor reporting researcher (S),neither reported (K) nor reporting researcher (S),reporting researcher (S),reporting researcher (S),reported researcher (K),reported researcher (K),1 = very dishonest,2 = somewhat insincere,1 = very unethical,2 = somewhat unlikeable,3 = neither approachable nor unapproachable,3 = could go either way,4 = somewhat honest,2 = somewhat insincere,4 = somewhat ethical,2 = somewhat unlikeable,3 = neither approachable nor unapproachable,reported researcher (H),neither reported (H) nor reporting researcher (F),reported researcher (H),neither reported (H) nor reporting researcher (F),neither reported (H) nor reporting researcher (F),neither reported (H) nor reporting researcher (F),reported researcher (H),neither reported (H) nor reporting researcher (F),neither reported (H) nor reporting researcher (F),1 = very dishonest,1 = very insincere,2 = somewhat unethical,2 = somewhat unlikeable,3 = neither approachable nor unapproachable,2 = somewhat confident the findings are false,4 = somewhat honest,3 = neither sincere nor insincere,4 = somewhat ethical,4 = somewhat likeable,3 = neither approachable nor unapproachable,reporting researcher (Y),neither reported (X) nor reporting researcher (Y),neither reported (X) nor reporting researcher (Y),neither reported (X) nor reporting researcher (Y),reporting researcher (Y),neither reported (X) nor reporting researcher (Y),neither reported (X) nor reporting researcher (Y),reporting researcher (Y),reporting researcher (Y),Somewhat disagree,Yes,White,,Man,,Some college credit or technical school degree,Lean Liberal,Heterosexual/straight,,20,Catholicism,,complete,,81970,0,0,,0,
3/12/2026 9:36,3/12/2026 10:00,IP Address,100,1434,TRUE,3/12/2026 10:00,R_1RjCzA0ePiuIl7S,anonymous,EN,1,"Yes, I consent",5 = very honest,1 = very insincere,3 = neither ethical nor unethical,4 = somewhat likeable,4 = somewhat approachable,3 = could go either way,3 = neither honest nor dishonest,4 = somewhat sincere,3 = neither ethical nor unethical,3 = neither likeable nor unlikeable,2 = somewhat unapproachable,neither reported (K) nor reporting researcher (S),neither reported (K) nor reporting researcher (S),reporting researcher (S),reported researcher (K),reporting researcher (S),reporting researcher (S),reported researcher (K),neither reported (K) nor reporting researcher (S),reporting researcher (S),1 = very dishonest,2 = somewhat insincere,2 = somewhat unethical,3 = neither likeable nor unlikeable,3 = neither approachable nor unapproachable,1 = very confident the findings are false,4 = somewhat honest,2 = somewhat insincere,4 = somewhat ethical,2 = somewhat unlikeable,2 = somewhat unapproachable,neither reported (H) nor reporting researcher (F),reporting researcher (F),reported researcher (H),neither reported (H) nor reporting researcher (F),reporting researcher (F),reporting researcher (F),neither reported (H) nor reporting researcher (F),reporting researcher (F),reporting researcher (F),1 = very dishonest,2 = somewhat insincere,1 = very unethical,1 = very unlikeable,3 = neither approachable nor unapproachable,1 = very confident the findings are false,5 = very honest,4 = somewhat sincere,4 = somewhat ethical,4 = somewhat likeable,3 = neither approachable nor unapproachable,reporting researcher (Y),reporting researcher (Y),neither reported (X) nor reporting researcher (Y),reporting researcher (Y),reporting researcher (Y),reporting researcher (Y),reporting researcher (Y),reporting researcher (Y),reporting researcher (Y),strongly disagree,No,White,,Woman,,Some High School,Lean Conservative,Heterosexual/straight,,18,Protestantism (Christian),,complete,,81463,0,0,,0,
3/12/2026 10:40,3/12/2026 10:46,IP Address,100,351,TRUE,3/12/2026 10:46,R_7LT0Yz0Govgc1nX,anonymous,EN,1,"Yes, I consent",3 = neither honest nor dishonest,3 = neither sincere nor insincere,3 = neither ethical nor unethical,3 = neither likeable nor unlikeable,3 = neither approachable nor unapproachable,2 = somewhat confident the findings are false,3 = neither honest nor dishonest,3 = neither sincere nor insincere,4 = somewhat ethical,3 = neither likeable nor unlikeable,4 = somewhat approachable,neither reported (K) nor reporting researcher (S),neither reported (K) nor reporting researcher (S),reported researcher (K),reporting researcher (S),reporting researcher (S),neither reported (K) nor reporting researcher (S),reported researcher (K),reporting researcher (S),reporting researcher (S),2 = somewhat dishonest,2 = somewhat insincere,2 = somewhat unethical,3 = neither likeable nor unlikeable,3 = neither approachable nor unapproachable,2 = somewhat confident the findings are false,4 = somewhat honest,4 = somewhat sincere,4 = somewhat ethical,3 = neither likeable nor unlikeable,3 = neither approachable nor unapproachable,reporting researcher (F),neither reported (H) nor reporting researcher (F),reported researcher (H),reporting researcher (F),reporting researcher (F),reporting researcher (F),neither reported (H) nor reporting researcher (F),reporting researcher (F),reported researcher (H),2 = somewhat dishonest,2 = somewhat insincere,2 = somewhat unethical,3 = neither likeable nor unlikeable,3 = neither approachable nor unapproachable,2 = somewhat confident the findings are false,3 = neither honest nor dishonest,4 = somewhat sincere,3 = neither ethical nor unethical,4 = somewhat likeable,4 = somewhat approachable,neither reported (X) nor reporting researcher (Y),neither reported (X) nor reporting researcher (Y),reported researcher (X),reporting researcher (Y),reporting researcher (Y),neither reported (X) nor reporting researcher (Y),reported researcher (X),reporting researcher (Y),reported researcher (X),Somewhat disagree,No,White,,Woman,,Some college credit or technical school degree,Centrist,Heterosexual/straight,,19,Not Affiliated,,complete,,81208,0,0,,0,
3/12/2026 12:11,3/12/2026 12:16,IP Address,100,287,TRUE,3/12/2026 12:16,R_7rI2HuMTw4Tka6q,anonymous,EN,1,"Yes, I consent",4 = somewhat honest,4 = somewhat sincere,4 = somewhat ethical,4 = somewhat likeable,4 = somewhat approachable,3 = could go either way,5 = very honest,5 = very sincere,5 = very ethical,2 = somewhat unlikeable,2 = somewhat unapproachable,reporting researcher (S),reporting researcher (S),reporting researcher (S),reporting researcher (S),reporting researcher (S),reported researcher (K),reported researcher (K),reported researcher (K),reported researcher (K),1 = very dishonest,1 = very insincere,1 = very unethical,1 = very unlikeable,2 = somewhat unapproachable,1 = very confident the findings are false,5 = very honest,5 = very sincere,5 = very ethical,4 = somewhat likeable,4 = somewhat approachable,reporting researcher (F),reporting researcher (F),reported researcher (H),reporting researcher (F),reporting researcher (F),reported researcher (H),reported researcher (H),reported researcher (H),reported researcher (H),1 = very dishonest,1 = very insincere,1 = very unethical,1 = very unlikeable,2 = somewhat unapproachable,1 = very confident the findings are false,5 = very honest,5 = very sincere,5 = very ethical,4 = somewhat likeable,4 = somewhat approachable,reporting researcher (Y),reporting researcher (Y),reported researcher (X),reporting researcher (Y),reporting researcher (Y),reporting researcher (Y),reported researcher (X),reporting researcher (Y),reported researcher (X),Somewhat disagree,No,White,,Woman,,High School Diploma or GED,Lean Liberal,Heterosexual/straight,,20,Catholicism,,complete,,81988,0,0,,0,
3/12/2026 11:55,3/12/2026 12:17,IP Address,100,1324,TRUE,3/12/2026 12:17,R_7pRajN0aZRAkb1L,anonymous,EN,1,"Yes, I consent",4 = somewhat honest,4 = somewhat sincere,4 = somewhat ethical,5 = very likeable,3 = neither approachable nor unapproachable,4 = somewhat confident the findings are true,5 = very honest,3 = neither sincere nor insincere,4 = somewhat ethical,4 = somewhat likeable,3 = neither approachable nor unapproachable,neither reported (K) nor reporting researcher (S),neither reported (K) nor reporting researcher (S),reported researcher (K),reporting researcher (S),neither reported (K) nor reporting researcher (S),reporting researcher (S),neither reported (K) nor reporting researcher (S),neither reported (K) nor reporting researcher (S),reporting researcher (S),1 = very dishonest,3 = neither sincere nor insincere,2 = somewhat unethical,3 = neither likeable nor unlikeable,2 = somewhat unapproachable,1 = very confident the findings are false,4 = somewhat honest,2 = somewhat insincere,3 = neither ethical nor unethical,4 = somewhat likeable,4 = somewhat approachable,reporting researcher (F),reporting researcher (F),neither reported (H) nor reporting researcher (F),reporting researcher (F),reporting researcher (F),reporting researcher (F),neither reported (H) nor reporting researcher (F),reporting researcher (F),neither reported (H) nor reporting researcher (F),1 = very dishonest,1 = very insincere,2 = somewhat unethical,1 = very unlikeable,2 = somewhat unapproachable,1 = very confident the findings are false,5 = very honest,2 = somewhat insincere,4 = somewhat ethical,4 = somewhat likeable,5 = very approachable,reporting researcher (Y),reporting researcher (Y),reporting researcher (Y),reporting researcher (Y),reporting researcher (Y),reporting researcher (Y),reporting researcher (Y),reporting researcher (Y),reporting researcher (Y),Somewhat agree,No,White,,Woman,,Some college credit or technical school degree,Lean Liberal,Heterosexual/straight,,19,Other,Catholic ,complete,,81791,0,0,,0,
3/12/2026 15:43,3/12/2026 15:46,IP Address,100,189,TRUE,3/12/2026 15:46,R_5Qa7U1HR1C5FV1G,anonymous,EN,0.8999999761581421,"Yes, I consent",3 = neither honest nor dishonest,3 = neither sincere nor insincere,3 = neither ethical nor unethical,3 = neither likeable nor unlikeable,3 = neither approachable nor unapproachable,3 = could go either way,3 = neither honest nor dishonest,3 = neither sincere nor insincere,3 = neither ethical nor unethical,3 = neither likeable nor unlikeable,3 = neither approachable nor unapproachable,neither reported (K) nor reporting researcher (S),neither reported (K) nor reporting researcher (S),neither reported (K) nor reporting researcher (S),neither reported (K) nor reporting researcher (S),neither reported (K) nor reporting researcher (S),neither reported (K) nor reporting researcher (S),neither reported (K) nor reporting researcher (S),neither reported (K) nor reporting researcher (S),neither reported (K) nor reporting researcher (S),2 = somewhat dishonest,2 = somewhat insincere,2 = somewhat unethical,2 = somewhat unlikeable,2 = somewhat unapproachable,3 = could go either way,3 = neither honest nor dishonest,3 = neither sincere nor insincere,3 = neither ethical nor unethical,3 = neither likeable nor unlikeable,3 = neither approachable nor unapproachable,neither reported (H) nor reporting researcher (F),neither reported (H) nor reporting researcher (F),neither reported (H) nor reporting researcher (F),neither reported (H) nor reporting researcher (F),neither reported (H) nor reporting researcher (F),neither reported (H) nor reporting researcher (F),neither reported (H) nor reporting researcher (F),neither reported (H) nor reporting researcher (F),neither reported (H) nor reporting researcher (F),3 = neither honest nor dishonest,3 = neither sincere nor insincere,3 = neither ethical nor unethical,3 = neither likeable nor unlikeable,3 = neither approachable nor unapproachable,3 = could go either way,3 = neither honest nor dishonest,3 = neither sincere nor insincere,3 = neither ethical nor unethical,3 = neither likeable nor unlikeable,3 = neither approachable nor unapproachable,neither reported (X) nor reporting researcher (Y),neither reported (X) nor reporting researcher (Y),neither reported (X) nor reporting researcher (Y),neither reported (X) nor reporting researcher (Y),neither reported (X) nor reporting researcher (Y),neither reported (X) nor reporting researcher (Y),neither reported (X) nor reporting researcher (Y),neither reported (X) nor reporting researcher (Y),neither reported (X) nor reporting researcher (Y),Neither agree nor disagree,No,Black or African-American,,Man,,Some college credit or technical school degree,Centrist,Heterosexual/straight,,18,Protestantism (Christian),,complete,,81982,0,0,,0,
3/12/2026 14:00,3/12/2026 16:01,IP Address,100,7250,TRUE,3/12/2026 16:01,R_5S28C3yZts4toiZ,anonymous,EN,1,"Yes, I consent",4 = somewhat honest,3 = neither sincere nor insincere,4 = somewhat ethical,3 = neither likeable nor unlikeable,4 = somewhat approachable,3 = could go either way,5 = very honest,5 = very sincere,5 = very ethical,4 = somewhat likeable,4 = somewhat approachable,reporting researcher (S),reporting researcher (S),reported researcher (K),reporting researcher (S),reporting researcher (S),neither reported (K) nor reporting researcher (S),reporting researcher (S),reporting researcher (S),reporting researcher (S),2 = somewhat dishonest,2 = somewhat insincere,2 = somewhat unethical,3 = neither likeable nor unlikeable,3 = neither approachable nor unapproachable,2 = somewhat confident the findings are false,5 = very honest,5 = very sincere,5 = very ethical,4 = somewhat likeable,4 = somewhat approachable,reporting researcher (F),reporting researcher (F),neither reported (H) nor reporting researcher (F),reporting researcher (F),reporting researcher (F),reporting researcher (F),reporting researcher (F),reporting researcher (F),reporting researcher (F),1 = very dishonest,1 = very insincere,1 = very unethical,2 = somewhat unlikeable,3 = neither approachable nor unapproachable,1 = very confident the findings are false,5 = very honest,5 = very sincere,5 = very ethical,5 = very likeable,5 = very approachable,reporting researcher (Y),reporting researcher (Y),reporting researcher (Y),reporting researcher (Y),reporting researcher (Y),reporting researcher (Y),reporting researcher (Y),reporting researcher (Y),reporting researcher (Y),Somewhat disagree,No,White,,Woman,,Some college credit or technical school degree,Conservative,Heterosexual/straight,,19,Protestantism (Christian),,complete,,81225,0,0,,0,
3/12/2026 20:51,3/12/2026 20:55,IP Address,100,275,TRUE,3/12/2026 20:55,R_1iASt5l5iSQD2lH,anonymous,EN,1,"Yes, I consent",2 = somewhat dishonest,2 = somewhat insincere,3 = neither ethical nor unethical,3 = neither likeable nor unlikeable,3 = neither approachable nor unapproachable,3 = could go either way,5 = very honest,5 = very sincere,5 = very ethical,4 = somewhat likeable,3 = neither approachable nor unapproachable,reporting researcher (S),reporting researcher (S),neither reported (K) nor reporting researcher (S),reporting researcher (S),reporting researcher (S),reporting researcher (S),reporting researcher (S),reporting researcher (S),reporting researcher (S),1 = very dishonest,1 = very insincere,1 = very unethical,2 = somewhat unlikeable,3 = neither approachable nor unapproachable,1 = very confident the findings are false,5 = very honest,5 = very sincere,5 = very ethical,5 = very likeable,3 = neither approachable nor unapproachable,reporting researcher (F),reporting researcher (F),neither reported (H) nor reporting researcher (F),reporting researcher (F),reporting researcher (F),reporting researcher (F),reporting researcher (F),reporting researcher (F),reporting researcher (F),1 = very dishonest,1 = very insincere,1 = very unethical,1 = very unlikeable,1 = very unapproachable,1 = very confident the findings are false,5 = very honest,5 = very sincere,5 = very ethical,5 = very likeable,5 = very approachable,reporting researcher (Y),reporting researcher (Y),neither reported (X) nor reporting researcher (Y),reporting researcher (Y),reporting researcher (Y),reporting researcher (Y),reporting researcher (Y),reporting researcher (Y),reporting researcher (Y),Somewhat disagree,No,Asian or Asian-American,,Woman,,Some college credit or technical school degree,Liberal,Heterosexual/straight,,19,Not Affiliated,,complete,,81177,0,0,,0,
3/6/2026 8:05,3/6/2026 8:10,IP Address,46,284,FALSE,3/13/2026 9:18,R_3Kr5I7GfNhsHQ4O,anonymous,EN,1,"Yes, I consent",3 = neither honest nor dishonest,4 = somewhat sincere,4 = somewhat ethical,3 = neither likeable nor unlikeable,3 = neither approachable nor unapproachable,4 = somewhat confident the findings are true,4 = somewhat honest,4 = somewhat sincere,5 = very ethical,3 = neither likeable nor unlikeable,3 = neither approachable nor unapproachable,,,,,,,,,,1 = very dishonest,2 = somewhat insincere,1 = very unethical,3 = neither likeable nor unlikeable,3 = neither approachable nor unapproachable,2 = somewhat confident the findings are false,5 = very honest,5 = very sincere,5 = very ethical,4 = somewhat likeable,4 = somewhat approachable,reporting researcher (F),reporting researcher (F),reporting researcher (F),reporting researcher (F),reporting researcher (F),reporting researcher (F),reporting researcher (F),reporting researcher (F),reporting researcher (F),,,,,,,,,,,,,,,,,,,,,,,,,,,,,,,,,,complete,,81260,0,0,,0,
3/13/2026 9:50,3/13/2026 9:57,IP Address,100,444,TRUE,3/13/2026 9:57,R_6vYN8l7fYICZhXc,anonymous,EN,0.20000000298023224,"Yes, I consent",2 = somewhat dishonest,2 = somewhat insincere,2 = somewhat unethical,3 = neither likeable nor unlikeable,3 = neither approachable nor unapproachable,3 = could go either way,4 = somewhat honest,3 = neither sincere nor insincere,4 = somewhat ethical,3 = neither likeable nor unlikeable,3 = neither approachable nor unapproachable,neither reported (K) nor reporting researcher (S),reporting researcher (S),neither reported (K) nor reporting researcher (S),reporting researcher (S),reporting researcher (S),reporting researcher (S),reported researcher (K),reporting researcher (S),reporting researcher (S),1 = very dishonest,2 = somewhat insincere,1 = very unethical,2 = somewhat unlikeable,2 = somewhat unapproachable,2 = somewhat confident the findings are false,4 = somewhat honest,4 = somewhat sincere,4 = somewhat ethical,4 = somewhat likeable,4 = somewhat approachable,reporting researcher (F),reporting researcher (F),neither reported (H) nor reporting researcher (F),reporting researcher (F),reporting researcher (F),reporting researcher (F),neither reported (H) nor reporting researcher (F),reporting researcher (F),reporting researcher (F),1 = very dishonest,1 = very insincere,1 = very unethical,2 = somewhat unlikeable,2 = somewhat unapproachable,1 = very confident the findings are false,4 = somewhat honest,4 = somewhat sincere,4 = somewhat ethical,4 = somewhat likeable,4 = somewhat approachable,reporting researcher (Y),reporting researcher (Y),neither reported (X) nor reporting researcher (Y),reporting researcher (Y),reporting researcher (Y),reporting researcher (Y),reporting researcher (Y),reporting researcher (Y),reporting researcher (Y),strongly disagree,No,White,,Man,,Some college credit or technical school degree,Centrist,Heterosexual/straight,,21,Catholicism,,complete,,81717,0,0,,0,
3/13/2026 15:01,3/13/2026 15:11,IP Address,100,620,TRUE,3/13/2026 15:11,R_3nVLVmovTvEHgtz,anonymous,EN,1,"Yes, I consent",5 = very honest,3 = neither sincere nor insincere,3 = neither ethical nor unethical,3 = neither likeable nor unlikeable,3 = neither approachable nor unapproachable,3 = could go either way,4 = somewhat honest,4 = somewhat sincere,3 = neither ethical nor unethical,3 = neither likeable nor unlikeable,3 = neither approachable nor unapproachable,neither reported (K) nor reporting researcher (S),reporting researcher (S),neither reported (K) nor reporting researcher (S),reporting researcher (S),neither reported (K) nor reporting researcher (S),neither reported (K) nor reporting researcher (S),neither reported (K) nor reporting researcher (S),reporting researcher (S),reporting researcher (S),2 = somewhat dishonest,2 = somewhat insincere,2 = somewhat unethical,2 = somewhat unlikeable,2 = somewhat unapproachable,2 = somewhat confident the findings are false,4 = somewhat honest,4 = somewhat sincere,4 = somewhat ethical,4 = somewhat likeable,4 = somewhat approachable,neither reported (H) nor reporting researcher (F),neither reported (H) nor reporting researcher (F),neither reported (H) nor reporting researcher (F),reporting researcher (F),reporting researcher (F),reporting researcher (F),reporting researcher (F),reporting researcher (F),reporting researcher (F),1 = very dishonest,1 = very insincere,1 = very unethical,1 = very unlikeable,1 = very unapproachable,1 = very confident the findings are false,5 = very honest,5 = very sincere,5 = very ethical,5 = very likeable,5 = very approachable,neither reported (X) nor reporting researcher (Y),reporting researcher (Y),reported researcher (X),reporting researcher (Y),reporting researcher (Y),reporting researcher (Y),reporting researcher (Y),reporting researcher (Y),reporting researcher (Y),Somewhat disagree,No,White,,Woman,,Some college credit or technical school degree,Conservative,Heterosexual/straight,,19,Protestantism (Christian),,complete,,81068,0,0,,0,
3/12/2026 13:54,3/13/2026 15:14,IP Address,100,91231,TRUE,3/13/2026 15:14,R_6TF9c0nQdEenbTA,anonymous,EN,1,"Yes, I consent",2 = somewhat dishonest,2 = somewhat insincere,3 = neither ethical nor unethical,2 = somewhat unlikeable,3 = neither approachable nor unapproachable,3 = could go either way,5 = very honest,5 = very sincere,5 = very ethical,5 = very likeable,5 = very approachable,reporting researcher (S),reporting researcher (S),reporting researcher (S),reporting researcher (S),reporting researcher (S),reporting researcher (S),neither reported (K) nor reporting researcher (S),reporting researcher (S),reporting researcher (S),2 = somewhat dishonest,4 = somewhat sincere,4 = somewhat ethical,4 = somewhat likeable,4 = somewhat approachable,3 = could go either way,5 = very honest,5 = very sincere,5 = very ethical,5 = very likeable,5 = very approachable,reporting researcher (F),reporting researcher (F),neither reported (H) nor reporting researcher (F),neither reported (H) nor reporting researcher (F),neither reported (H) nor reporting researcher (F),reporting researcher (F),reporting researcher (F),neither reported (H) nor reporting researcher (F),neither reported (H) nor reporting researcher (F),5 = very honest,1 = very insincere,1 = very unethical,1 = very unlikeable,1 = very unapproachable,1 = very confident the findings are false,1 = very dishonest,5 = very sincere,5 = very ethical,5 = very likeable,5 = very approachable,reporting researcher (Y),reporting researcher (Y),reporting researcher (Y),reporting researcher (Y),reporting researcher (Y),reporting researcher (Y),reported researcher (X),reporting researcher (Y),reporting researcher (Y),Somewhat disagree,Don’t Know,Other,,Prefer not to say,,Some college credit or technical school degree,Centrist,Heterosexual/straight,,19,Other,,complete,,81961,0,0,,0.027777777777777776,"QID1219732971,QID81"
3/13/2026 17:27,3/13/2026 17:34,IP Address,100,409,TRUE,3/13/2026 17:34,R_11ocORmoKMOwUZD,anonymous,EN,1,"Yes, I consent",2 = somewhat dishonest,2 = somewhat insincere,3 = neither ethical nor unethical,1 = very unlikeable,5 = very approachable,4 = somewhat confident the findings are true,3 = neither honest nor dishonest,3 = neither sincere nor insincere,2 = somewhat unethical,3 = neither likeable nor unlikeable,3 = neither approachable nor unapproachable,neither reported (K) nor reporting researcher (S),reported researcher (K),reporting researcher (S),neither reported (K) nor reporting researcher (S),neither reported (K) nor reporting researcher (S),reporting researcher (S),neither reported (K) nor reporting researcher (S),neither reported (K) nor reporting researcher (S),reporting researcher (S),2 = somewhat dishonest,2 = somewhat insincere,2 = somewhat unethical,4 = somewhat likeable,2 = somewhat unapproachable,3 = could go either way,3 = neither honest nor dishonest,2 = somewhat insincere,3 = neither ethical nor unethical,4 = somewhat likeable,3 = neither approachable nor unapproachable,reporting researcher (F),reporting researcher (F),neither reported (H) nor reporting researcher (F),reporting researcher (F),neither reported (H) nor reporting researcher (F),reporting researcher (F),reporting researcher (F),neither reported (H) nor reporting researcher (F),reported researcher (H),1 = very dishonest,1 = very insincere,2 = somewhat unethical,2 = somewhat unlikeable,2 = somewhat unapproachable,2 = somewhat confident the findings are false,4 = somewhat honest,4 = somewhat sincere,4 = somewhat ethical,4 = somewhat likeable,4 = somewhat approachable,reporting researcher (Y),reporting researcher (Y),reporting researcher (Y),reporting researcher (Y),reporting researcher (Y),reporting researcher (Y),reporting researcher (Y),reporting researcher (Y),reporting researcher (Y),Somewhat disagree,No,Black or African-American,,Woman,,High School Diploma or GED,Liberal,Heterosexual/straight,,20,Not Affiliated,,complete,,81425,0,0,,0,
3/13/2026 18:20,3/13/2026 18:35,IP Address,100,891,TRUE,3/13/2026 18:35,R_7KxOJqSdH2t4LcZ,anonymous,EN,1,"Yes, I consent",4 = somewhat honest,4 = somewhat sincere,2 = somewhat unethical,2 = somewhat unlikeable,4 = somewhat approachable,2 = somewhat confident the findings are false,5 = very honest,5 = very sincere,5 = very ethical,5 = very likeable,5 = very approachable,reporting researcher (S),reporting researcher (S),neither reported (K) nor reporting researcher (S),reporting researcher (S),reporting researcher (S),reporting researcher (S),reported researcher (K),reporting researcher (S),reporting researcher (S),2 = somewhat dishonest,1 = very insincere,1 = very unethical,2 = somewhat unlikeable,2 = somewhat unapproachable,1 = very confident the findings are false,5 = very honest,5 = very sincere,5 = very ethical,5 = very likeable,5 = very approachable,reporting researcher (F),reporting researcher (F),neither reported (H) nor reporting researcher (F),reporting researcher (F),reporting researcher (F),reporting researcher (F),reported researcher (H),reporting researcher (F),reporting researcher (F),1 = very dishonest,1 = very insincere,1 = very unethical,1 = very unlikeable,2 = somewhat unapproachable,1 = very confident the findings are false,5 = very honest,4 = somewhat sincere,5 = very ethical,5 = very likeable,5 = very approachable,reporting researcher (Y),reporting researcher (Y),neither reported (X) nor reporting researcher (Y),reporting researcher (Y),reporting researcher (Y),reporting researcher (Y),reported researcher (X),reporting researcher (Y),reporting researcher (Y),Somewhat agree,No,White,,Woman,,High School Diploma or GED,Conservative,Heterosexual/straight,,18,Protestantism (Christian),,complete,,81991,0,0,,0,
3/13/2026 22:55,3/13/2026 23:17,IP Address,100,1317,TRUE,3/13/2026 23:17,R_1OJCeqRtFBFlGH9,anonymous,EN,1,"Yes, I consent",4 = somewhat honest,4 = somewhat sincere,2 = somewhat unethical,3 = neither likeable nor unlikeable,4 = somewhat approachable,3 = could go either way,5 = very honest,4 = somewhat sincere,4 = somewhat ethical,4 = somewhat likeable,4 = somewhat approachable,reporting researcher (S),reporting researcher (S),reporting researcher (S),reporting researcher (S),reporting researcher (S),reporting researcher (S),reported researcher (K),reporting researcher (S),reporting researcher (S),1 = very dishonest,1 = very insincere,1 = very unethical,2 = somewhat unlikeable,3 = neither approachable nor unapproachable,1 = very confident the findings are false,5 = very honest,4 = somewhat sincere,5 = very ethical,5 = very likeable,5 = very approachable,reporting researcher (F),reporting researcher (F),reported researcher (H),reporting researcher (F),reporting researcher (F),reporting researcher (F),reporting researcher (F),reporting researcher (F),reporting researcher (F),1 = very dishonest,1 = very insincere,1 = very unethical,1 = very unlikeable,1 = very unapproachable,1 = very confident the findings are false,5 = very honest,5 = very sincere,5 = very ethical,5 = very likeable,5 = very approachable,reporting researcher (Y),reporting researcher (Y),reported researcher (X),reporting researcher (Y),reporting researcher (Y),reporting researcher (Y),reporting researcher (Y),reporting researcher (Y),reporting researcher (Y),Somewhat disagree,Yes,White,,Woman,,High School Diploma or GED,Conservative,Heterosexual/straight,,19,Protestantism (Christian),,complete,,81111,0,0,,0,
3/14/2026 7:43,3/14/2026 7:53,IP Address,100,632,TRUE,3/14/2026 7:53,R_7KJuKCBgbmGUEM3,anonymous,EN,1,"Yes, I consent",4 = somewhat honest,4 = somewhat sincere,2 = somewhat unethical,3 = neither likeable nor unlikeable,4 = somewhat approachable,4 = somewhat confident the findings are true,5 = very honest,4 = somewhat sincere,5 = very ethical,4 = somewhat likeable,4 = somewhat approachable,reporting researcher (S),reporting researcher (S),reported researcher (K),reporting researcher (S),reporting researcher (S),neither reported (K) nor reporting researcher (S),reporting researcher (S),reporting researcher (S),reporting researcher (S),2 = somewhat dishonest,3 = neither sincere nor insincere,1 = very unethical,3 = neither likeable nor unlikeable,4 = somewhat approachable,3 = could go either way,4 = somewhat honest,3 = neither sincere nor insincere,5 = very ethical,4 = somewhat likeable,3 = neither approachable nor unapproachable,neither reported (H) nor reporting researcher (F),reporting researcher (F),neither reported (H) nor reporting researcher (F),reporting researcher (F),reporting researcher (F),neither reported (H) nor reporting researcher (F),reporting researcher (F),reporting researcher (F),neither reported (H) nor reporting researcher (F),1 = very dishonest,2 = somewhat insincere,1 = very unethical,2 = somewhat unlikeable,3 = neither approachable nor unapproachable,1 = very confident the findings are false,5 = very honest,5 = very sincere,5 = very ethical,4 = somewhat likeable,4 = somewhat approachable,reporting researcher (Y),reporting researcher (Y),reported researcher (X),reporting researcher (Y),reporting researcher (Y),reporting researcher (Y),reporting researcher (Y),reporting researcher (Y),reporting researcher (Y),Somewhat disagree,No,White,,Man,,Some college credit or technical school degree,Centrist,Heterosexual/straight,,20,Islam,,complete,,81141,0,0,,0,
3/14/2026 16:25,3/14/2026 16:34,IP Address,100,525,TRUE,3/14/2026 16:34,R_5ofxmhIN4tGDyjD,anonymous,EN,1,"Yes, I consent",2 = somewhat dishonest,3 = neither sincere nor insincere,2 = somewhat unethical,3 = neither likeable nor unlikeable,3 = neither approachable nor unapproachable,3 = could go either way,3 = neither honest nor dishonest,4 = somewhat sincere,3 = neither ethical nor unethical,4 = somewhat likeable,3 = neither approachable nor unapproachable,neither reported (K) nor reporting researcher (S),reporting researcher (S),reported researcher (K),reported researcher (K),reporting researcher (S),reporting researcher (S),neither reported (K) nor reporting researcher (S),reported researcher (K),neither reported (K) nor reporting researcher (S),2 = somewhat dishonest,2 = somewhat insincere,1 = very unethical,2 = somewhat unlikeable,4 = somewhat approachable,2 = somewhat confident the findings are false,3 = neither honest nor dishonest,3 = neither sincere nor insincere,4 = somewhat ethical,3 = neither likeable nor unlikeable,3 = neither approachable nor unapproachable,reporting researcher (F),reporting researcher (F),reported researcher (H),neither reported (H) nor reporting researcher (F),reporting researcher (F),reporting researcher (F),reporting researcher (F),reporting researcher (F),neither reported (H) nor reporting researcher (F),1 = very dishonest,2 = somewhat insincere,1 = very unethical,3 = neither likeable nor unlikeable,3 = neither approachable nor unapproachable,1 = very confident the findings are false,5 = very honest,4 = somewhat sincere,3 = neither ethical nor unethical,3 = neither likeable nor unlikeable,3 = neither approachable nor unapproachable,neither reported (X) nor reporting researcher (Y),reporting researcher (Y),reported researcher (X),neither reported (X) nor reporting researcher (Y),reporting researcher (Y),reporting researcher (Y),reporting researcher (Y),reporting researcher (Y),neither reported (X) nor reporting researcher (Y),Somewhat disagree,No,White,,Woman,,Some college credit or technical school degree,Centrist,Heterosexual/straight,,19,Protestantism (Christian),,complete,,81155,0,0,,0,
3/14/2026 20:15,3/14/2026 20:18,IP Address,100,203,TRUE,3/14/2026 20:18,R_6qBT3FVWULHgdux,anonymous,EN,1,"Yes, I consent",2 = somewhat dishonest,2 = somewhat insincere,3 = neither ethical nor unethical,3 = neither likeable nor unlikeable,3 = neither approachable nor unapproachable,3 = could go either way,2 = somewhat dishonest,3 = neither sincere nor insincere,4 = somewhat ethical,3 = neither likeable nor unlikeable,2 = somewhat unapproachable,neither reported (K) nor reporting researcher (S),reported researcher (K),neither reported (K) nor reporting researcher (S),neither reported (K) nor reporting researcher (S),reported researcher (K),neither reported (K) nor reporting researcher (S),reporting researcher (S),neither reported (K) nor reporting researcher (S),reported researcher (K),3 = neither honest nor dishonest,3 = neither sincere nor insincere,3 = neither ethical nor unethical,3 = neither likeable nor unlikeable,3 = neither approachable nor unapproachable,3 = could go either way,3 = neither honest nor dishonest,3 = neither sincere nor insincere,3 = neither ethical nor unethical,3 = neither likeable nor unlikeable,3 = neither approachable nor unapproachable,neither reported (H) nor reporting researcher (F),neither reported (H) nor reporting researcher (F),neither reported (H) nor reporting researcher (F),neither reported (H) nor reporting researcher (F),neither reported (H) nor reporting researcher (F),neither reported (H) nor reporting researcher (F),neither reported (H) nor reporting researcher (F),neither reported (H) nor reporting researcher (F),neither reported (H) nor reporting researcher (F),3 = neither honest nor dishonest,3 = neither sincere nor insincere,3 = neither ethical nor unethical,3 = neither likeable nor unlikeable,3 = neither approachable nor unapproachable,3 = could go either way,3 = neither honest nor dishonest,3 = neither sincere nor insincere,3 = neither ethical nor unethical,3 = neither likeable nor unlikeable,3 = neither approachable nor unapproachable,neither reported (X) nor reporting researcher (Y),neither reported (X) nor reporting researcher (Y),neither reported (X) nor reporting researcher (Y),neither reported (X) nor reporting researcher (Y),neither reported (X) nor reporting researcher (Y),neither reported (X) nor reporting researcher (Y),neither reported (X) nor reporting researcher (Y),neither reported (X) nor reporting researcher (Y),neither reported (X) nor reporting researcher (Y),Neither agree nor disagree,No,White,,Woman,,Some High School,Strongly Conservative,Heterosexual/straight,,19,Protestantism (Christian),,complete,,81489,0,0,,0,
3/15/2026 19:06,3/15/2026 19:13,IP Address,100,395,TRUE,3/15/2026 19:13,R_7hvgaqh1v5jLhAZ,anonymous,EN,1,"Yes, I consent",3 = neither honest nor dishonest,3 = neither sincere nor insincere,3 = neither ethical nor unethical,3 = neither likeable nor unlikeable,3 = neither approachable nor unapproachable,3 = could go either way,4 = somewhat honest,4 = somewhat sincere,4 = somewhat ethical,4 = somewhat likeable,3 = neither approachable nor unapproachable,neither reported (K) nor reporting researcher (S),neither reported (K) nor reporting researcher (S),neither reported (K) nor reporting researcher (S),reporting researcher (S),neither reported (K) nor reporting researcher (S),reporting researcher (S),neither reported (K) nor reporting researcher (S),reporting researcher (S),reporting researcher (S),1 = very dishonest,1 = very insincere,1 = very unethical,1 = very unlikeable,1 = very unapproachable,1 = very confident the findings are false,4 = somewhat honest,4 = somewhat sincere,4 = somewhat ethical,4 = somewhat likeable,3 = neither approachable nor unapproachable,neither reported (H) nor reporting researcher (F),reporting researcher (F),neither reported (H) nor reporting researcher (F),reporting researcher (F),reporting researcher (F),reporting researcher (F),reporting researcher (F),reporting researcher (F),reporting researcher (F),2 = somewhat dishonest,2 = somewhat insincere,2 = somewhat unethical,2 = somewhat unlikeable,3 = neither approachable nor unapproachable,2 = somewhat confident the findings are false,4 = somewhat honest,4 = somewhat sincere,4 = somewhat ethical,4 = somewhat likeable,3 = neither approachable nor unapproachable,neither reported (X) nor reporting researcher (Y),reporting researcher (Y),neither reported (X) nor reporting researcher (Y),reporting researcher (Y),reporting researcher (Y),reporting researcher (Y),reported researcher (X),neither reported (X) nor reporting researcher (Y),neither reported (X) nor reporting researcher (Y),Somewhat disagree,No,White,,Woman,,High School Diploma or GED,Lean Conservative,Heterosexual/straight,,19,Catholicism,,complete,,81120,0,0,,0,
3/16/2026 18:48,3/16/2026 18:56,IP Address,100,484,TRUE,3/16/2026 18:56,R_7tsxM8iAtz2YvwG,anonymous,EN,1,"Yes, I consent",3 = neither honest nor dishonest,3 = neither sincere nor insincere,4 = somewhat ethical,5 = very likeable,3 = neither approachable nor unapproachable,4 = somewhat confident the findings are true,5 = very honest,5 = very sincere,5 = very ethical,4 = somewhat likeable,3 = neither approachable nor unapproachable,neither reported (K) nor reporting researcher (S),neither reported (K) nor reporting researcher (S),reported researcher (K),reporting researcher (S),reporting researcher (S),reporting researcher (S),neither reported (K) nor reporting researcher (S),reporting researcher (S),reporting researcher (S),1 = very dishonest,1 = very insincere,1 = very unethical,3 = neither likeable nor unlikeable,2 = somewhat unapproachable,1 = very confident the findings are false,5 = very honest,5 = very sincere,5 = very ethical,5 = very likeable,3 = neither approachable nor unapproachable,neither reported (H) nor reporting researcher (F),neither reported (H) nor reporting researcher (F),reported researcher (H),neither reported (H) nor reporting researcher (F),reporting researcher (F),reporting researcher (F),neither reported (H) nor reporting researcher (F),reporting researcher (F),reporting researcher (F),1 = very dishonest,2 = somewhat insincere,1 = very unethical,3 = neither likeable nor unlikeable,3 = neither approachable nor unapproachable,1 = very confident the findings are false,5 = very honest,5 = very sincere,5 = very ethical,3 = neither likeable nor unlikeable,3 = neither approachable nor unapproachable,reported researcher (X),neither reported (X) nor reporting researcher (Y),reported researcher (X),neither reported (X) nor reporting researcher (Y),reporting researcher (Y),reporting researcher (Y),neither reported (X) nor reporting researcher (Y),reporting researcher (Y),reporting researcher (Y),Somewhat disagree,No,White,,Woman,,High School Diploma or GED,Lean Liberal,Heterosexual/straight,,19,Protestantism (Christian),,complete,,81585,0,0,,0,
3/16/2026 20:02,3/16/2026 20:16,IP Address,100,797,TRUE,3/16/2026 20:16,R_6qMZ7MWfwpGMNON,anonymous,EN,1,"Yes, I consent",2 = somewhat dishonest,4 = somewhat sincere,4 = somewhat ethical,4 = somewhat likeable,4 = somewhat approachable,4 = somewhat confident the findings are true,5 = very honest,5 = very sincere,4 = somewhat ethical,5 = very likeable,4 = somewhat approachable,reporting researcher (S),neither reported (K) nor reporting researcher (S),neither reported (K) nor reporting researcher (S),reporting researcher (S),reporting researcher (S),reporting researcher (S),reporting researcher (S),reporting researcher (S),reporting researcher (S),2 = somewhat dishonest,2 = somewhat insincere,2 = somewhat unethical,3 = neither likeable nor unlikeable,3 = neither approachable nor unapproachable,2 = somewhat confident the findings are false,5 = very honest,4 = somewhat sincere,5 = very ethical,5 = very likeable,4 = somewhat approachable,reporting researcher (F),reporting researcher (F),neither reported (H) nor reporting researcher (F),reporting researcher (F),reporting researcher (F),reporting researcher (F),reporting researcher (F),reporting researcher (F),reporting researcher (F),1 = very dishonest,1 = very insincere,1 = very unethical,1 = very unlikeable,1 = very unapproachable,1 = very confident the findings are false,5 = very honest,5 = very sincere,5 = very ethical,4 = somewhat likeable,5 = very approachable,reporting researcher (Y),reporting researcher (Y),neither reported (X) nor reporting researcher (Y),reporting researcher (Y),reporting researcher (Y),reporting researcher (Y),reporting researcher (Y),reporting researcher (Y),reporting researcher (Y),Somewhat disagree,No,White,,Woman,,High School Diploma or GED,Lean Liberal,Heterosexual/straight,,19,Catholicism,,complete,,81969,0,0,,0,
3/16/2026 20:17,3/16/2026 20:23,IP Address,100,369,TRUE,3/16/2026 20:23,R_1b0OBmpqGH0vePT,anonymous,EN,1,"Yes, I consent",3 = neither honest nor dishonest,2 = somewhat insincere,3 = neither ethical nor unethical,3 = neither likeable nor unlikeable,3 = neither approachable nor unapproachable,3 = could go either way,5 = very honest,5 = very sincere,5 = very ethical,3 = neither likeable nor unlikeable,3 = neither approachable nor unapproachable,neither reported (K) nor reporting researcher (S),reporting researcher (S),reported researcher (K),reporting researcher (S),reporting researcher (S),reporting researcher (S),reported researcher (K),neither reported (K) nor reporting researcher (S),neither reported (K) nor reporting researcher (S),2 = somewhat dishonest,2 = somewhat insincere,3 = neither ethical nor unethical,3 = neither likeable nor unlikeable,3 = neither approachable nor unapproachable,2 = somewhat confident the findings are false,3 = neither honest nor dishonest,3 = neither sincere nor insincere,3 = neither ethical nor unethical,3 = neither likeable nor unlikeable,3 = neither approachable nor unapproachable,neither reported (H) nor reporting researcher (F),neither reported (H) nor reporting researcher (F),reported researcher (H),reporting researcher (F),reporting researcher (F),reporting researcher (F),reported researcher (H),neither reported (H) nor reporting researcher (F),neither reported (H) nor reporting researcher (F),2 = somewhat dishonest,2 = somewhat insincere,2 = somewhat unethical,3 = neither likeable nor unlikeable,3 = neither approachable nor unapproachable,3 = could go either way,3 = neither honest nor dishonest,3 = neither sincere nor insincere,3 = neither ethical nor unethical,3 = neither likeable nor unlikeable,3 = neither approachable nor unapproachable,neither reported (X) nor reporting researcher (Y),neither reported (X) nor reporting researcher (Y),neither reported (X) nor reporting researcher (Y),reporting researcher (Y),reporting researcher (Y),reporting researcher (Y),neither reported (X) nor reporting researcher (Y),reporting researcher (Y),reporting researcher (Y),Somewhat disagree,No,White,,Woman,,Some college credit or technical school degree,Lean Conservative,Heterosexual/straight,,18,Protestantism (Christian),,complete,,81757,0,0,,0,
3/16/2026 22:42,3/16/2026 22:50,IP Address,100,490,TRUE,3/16/2026 22:50,R_1CGSJ3wAbZutrLI,anonymous,EN,1,"Yes, I consent",1 = very dishonest,1 = very insincere,1 = very unethical,1 = very unlikeable,2 = somewhat unapproachable,2 = somewhat confident the findings are false,5 = very honest,5 = very sincere,5 = very ethical,5 = very likeable,5 = very approachable,reporting researcher (S),reporting researcher (S),neither reported (K) nor reporting researcher (S),reporting researcher (S),reporting researcher (S),reporting researcher (S),neither reported (K) nor reporting researcher (S),reporting researcher (S),reporting researcher (S),1 = very dishonest,1 = very insincere,1 = very unethical,1 = very unlikeable,3 = neither approachable nor unapproachable,2 = somewhat confident the findings are false,5 = very honest,5 = very sincere,5 = very ethical,5 = very likeable,3 = neither approachable nor unapproachable,reporting researcher (F),reporting researcher (F),neither reported (H) nor reporting researcher (F),reporting researcher (F),reporting researcher (F),reporting researcher (F),neither reported (H) nor reporting researcher (F),reporting researcher (F),reporting researcher (F),1 = very dishonest,1 = very insincere,1 = very unethical,1 = very unlikeable,3 = neither approachable nor unapproachable,1 = very confident the findings are false,5 = very honest,5 = very sincere,5 = very ethical,5 = very likeable,3 = neither approachable nor unapproachable,reporting researcher (Y),reporting researcher (Y),neither reported (X) nor reporting researcher (Y),reporting researcher (Y),reporting researcher (Y),reporting researcher (Y),neither reported (X) nor reporting researcher (Y),reporting researcher (Y),reporting researcher (Y),Somewhat disagree,No,White,,Woman,,Some college credit or technical school degree,Liberal,Heterosexual/straight,,19,Not Affiliated,,complete,,81808,0,0,,0,
3/17/2026 0:17,3/17/2026 0:23,IP Address,100,387,TRUE,3/17/2026 0:23,R_3zGPdsfjqE53zaA,anonymous,EN,1,"Yes, I consent",3 = neither honest nor dishonest,4 = somewhat sincere,3 = neither ethical nor unethical,4 = somewhat likeable,4 = somewhat approachable,4 = somewhat confident the findings are true,5 = very honest,3 = neither sincere nor insincere,5 = very ethical,5 = very likeable,4 = somewhat approachable,reporting researcher (S),reporting researcher (S),reporting researcher (S),reporting researcher (S),reporting researcher (S),reporting researcher (S),reporting researcher (S),reporting researcher (S),reporting researcher (S),2 = somewhat dishonest,2 = somewhat insincere,2 = somewhat unethical,2 = somewhat unlikeable,2 = somewhat unapproachable,2 = somewhat confident the findings are false,5 = very honest,5 = very sincere,5 = very ethical,5 = very likeable,5 = very approachable,reporting researcher (F),reporting researcher (F),reporting researcher (F),reporting researcher (F),reporting researcher (F),reporting researcher (F),reporting researcher (F),reporting researcher (F),reporting researcher (F),1 = very dishonest,1 = very insincere,1 = very unethical,1 = very unlikeable,1 = very unapproachable,1 = very confident the findings are false,5 = very honest,3 = neither sincere nor insincere,5 = very ethical,5 = very likeable,5 = very approachable,reporting researcher (Y),reporting researcher (Y),reporting researcher (Y),reporting researcher (Y),reporting researcher (Y),reporting researcher (Y),reporting researcher (Y),reporting researcher (Y),reporting researcher (Y),Somewhat disagree,Yes,White,,Woman,,Some college credit or technical school degree,Conservative,Heterosexual/straight,,19,Protestantism (Christian),,complete,,81930,0,0,,0,
3/17/2026 15:27,3/17/2026 15:36,IP Address,100,538,TRUE,3/17/2026 15:36,R_6M86ofePmeyy1hv,anonymous,EN,1,"Yes, I consent",1 = very dishonest,1 = very insincere,1 = very unethical,1 = very unlikeable,1 = very unapproachable,1 = very confident the findings are false,3 = neither honest nor dishonest,3 = neither sincere nor insincere,3 = neither ethical nor unethical,3 = neither likeable nor unlikeable,3 = neither approachable nor unapproachable,neither reported (K) nor reporting researcher (S),neither reported (K) nor reporting researcher (S),neither reported (K) nor reporting researcher (S),neither reported (K) nor reporting researcher (S),neither reported (K) nor reporting researcher (S),neither reported (K) nor reporting researcher (S),neither reported (K) nor reporting researcher (S),neither reported (K) nor reporting researcher (S),neither reported (K) nor reporting researcher (S),2 = somewhat dishonest,2 = somewhat insincere,2 = somewhat unethical,2 = somewhat unlikeable,2 = somewhat unapproachable,2 = somewhat confident the findings are false,2 = somewhat dishonest,2 = somewhat insincere,2 = somewhat unethical,2 = somewhat unlikeable,2 = somewhat unapproachable,neither reported (H) nor reporting researcher (F),neither reported (H) nor reporting researcher (F),neither reported (H) nor reporting researcher (F),neither reported (H) nor reporting researcher (F),neither reported (H) nor reporting researcher (F),neither reported (H) nor reporting researcher (F),neither reported (H) nor reporting researcher (F),neither reported (H) nor reporting researcher (F),neither reported (H) nor reporting researcher (F),1 = very dishonest,1 = very insincere,1 = very unethical,1 = very unlikeable,1 = very unapproachable,1 = very confident the findings are false,1 = very dishonest,1 = very insincere,1 = very unethical,1 = very unlikeable,1 = very unapproachable,neither reported (X) nor reporting researcher (Y),neither reported (X) nor reporting researcher (Y),neither reported (X) nor reporting researcher (Y),neither reported (X) nor reporting researcher (Y),neither reported (X) nor reporting researcher (Y),neither reported (X) nor reporting researcher (Y),neither reported (X) nor reporting researcher (Y),neither reported (X) nor reporting researcher (Y),neither reported (X) nor reporting researcher (Y),Somewhat disagree,No,Black or African-American,,Woman,,High School Diploma or GED,Centrist,Heterosexual/straight,,19,Protestantism (Christian),,complete,,81250,0,0,,0,
3/17/2026 16:02,3/17/2026 16:11,IP Address,100,536,TRUE,3/17/2026 16:11,R_3B4DNl3iFsAS4Nv,anonymous,EN,1,"Yes, I consent",4 = somewhat honest,4 = somewhat sincere,4 = somewhat ethical,4 = somewhat likeable,4 = somewhat approachable,4 = somewhat confident the findings are true,4 = somewhat honest,4 = somewhat sincere,4 = somewhat ethical,4 = somewhat likeable,4 = somewhat approachable,reported researcher (K),reported researcher (K),reported researcher (K),reported researcher (K),reported researcher (K),reported researcher (K),reported researcher (K),reported researcher (K),reported researcher (K),4 = somewhat honest,4 = somewhat sincere,4 = somewhat ethical,4 = somewhat likeable,4 = somewhat approachable,4 = somewhat confident the findings are true,4 = somewhat honest,4 = somewhat sincere,4 = somewhat ethical,4 = somewhat likeable,4 = somewhat approachable,reported researcher (H),reported researcher (H),reported researcher (H),reported researcher (H),reported researcher (H),reported researcher (H),reported researcher (H),reported researcher (H),reported researcher (H),4 = somewhat honest,4 = somewhat sincere,4 = somewhat ethical,4 = somewhat likeable,4 = somewhat approachable,3 = could go either way,4 = somewhat honest,4 = somewhat sincere,4 = somewhat ethical,4 = somewhat likeable,4 = somewhat approachable,reporting researcher (Y),reporting researcher (Y),reporting researcher (Y),reporting researcher (Y),reporting researcher (Y),reporting researcher (Y),reporting researcher (Y),reporting researcher (Y),reporting researcher (Y),Somewhat disagree,No,Black or African-American,,Man,,High School Diploma or GED,Strongly Conservative,Heterosexual/straight,,19,Protestantism (Christian),,complete,,81972,0,0,,0,
3/17/2026 18:53,3/17/2026 19:14,IP Address,100,1271,TRUE,3/17/2026 19:14,R_5oBHOYOkSjIjve3,anonymous,EN,1,"Yes, I consent",4 = somewhat honest,4 = somewhat sincere,4 = somewhat ethical,5 = very likeable,5 = very approachable,4 = somewhat confident the findings are true,3 = neither honest nor dishonest,3 = neither sincere nor insincere,4 = somewhat ethical,4 = somewhat likeable,4 = somewhat approachable,reported researcher (K),neither reported (K) nor reporting researcher (S),reporting researcher (S),reporting researcher (S),reporting researcher (S),reporting researcher (S),reporting researcher (S),reporting researcher (S),reporting researcher (S),1 = very dishonest,1 = very insincere,1 = very unethical,1 = very unlikeable,1 = very unapproachable,1 = very confident the findings are false,5 = very honest,5 = very sincere,5 = very ethical,4 = somewhat likeable,5 = very approachable,reporting researcher (F),reporting researcher (F),reported researcher (H),reporting researcher (F),reporting researcher (F),reporting researcher (F),neither reported (H) nor reporting researcher (F),neither reported (H) nor reporting researcher (F),reported researcher (H),1 = very dishonest,1 = very insincere,1 = very unethical,1 = very unlikeable,2 = somewhat unapproachable,3 = could go either way,3 = neither honest nor dishonest,3 = neither sincere nor insincere,3 = neither ethical nor unethical,3 = neither likeable nor unlikeable,3 = neither approachable nor unapproachable,reported researcher (X),reported researcher (X),reported researcher (X),neither reported (X) nor reporting researcher (Y),neither reported (X) nor reporting researcher (Y),neither reported (X) nor reporting researcher (Y),reported researcher (X),reporting researcher (Y),reporting researcher (Y),Somewhat disagree,No,Black or African-American,,Man,,Some college credit or technical school degree,Liberal,Heterosexual/straight,,19,Protestantism (Christian),,complete,,81862,0,0,,0,
3/11/2026 8:20,3/11/2026 8:24,IP Address,1,276,FALSE,3/18/2026 8:20,R_6lt7tLuwJ0i5KFQ,anonymous,EN,1,"Yes, I consent",,,,,,,,,,,,,,,,,,,,,,,,,,,,,,,,,,,,,,,,,,,,,,,,,,,,,,,,,,,,,,,,,,,,,,,,,,complete,,81556,0,0,,0,
3/18/2026 14:58,3/18/2026 15:09,IP Address,100,679,TRUE,3/18/2026 15:09,R_7EYekSXrpqNC8LQ,anonymous,EN,1,"Yes, I consent",4 = somewhat honest,4 = somewhat sincere,3 = neither ethical nor unethical,3 = neither likeable nor unlikeable,3 = neither approachable nor unapproachable,4 = somewhat confident the findings are true,3 = neither honest nor dishonest,2 = somewhat insincere,3 = neither ethical nor unethical,3 = neither likeable nor unlikeable,4 = somewhat approachable,neither reported (K) nor reporting researcher (S),reported researcher (K),reported researcher (K),reported researcher (K),reported researcher (K),reported researcher (K),reporting researcher (S),reported researcher (K),reported researcher (K),1 = very dishonest,2 = somewhat insincere,2 = somewhat unethical,2 = somewhat unlikeable,1 = very unapproachable,1 = very confident the findings are false,4 = somewhat honest,4 = somewhat sincere,4 = somewhat ethical,4 = somewhat likeable,3 = neither approachable nor unapproachable,reporting researcher (F),reporting researcher (F),reporting researcher (F),reporting researcher (F),reporting researcher (F),neither reported (H) nor reporting researcher (F),reporting researcher (F),reporting researcher (F),reporting researcher (F),1 = very dishonest,1 = very insincere,1 = very unethical,1 = very unlikeable,1 = very unapproachable,2 = somewhat confident the findings are false,4 = somewhat honest,4 = somewhat sincere,5 = very ethical,4 = somewhat likeable,4 = somewhat approachable,reporting researcher (Y),reporting researcher (Y),reporting researcher (Y),reporting researcher (Y),reporting researcher (Y),reporting researcher (Y),reported researcher (X),reporting researcher (Y),reporting researcher (Y),Somewhat disagree,No,White,,Man,,Some college credit or technical school degree,Conservative,Heterosexual/straight,,20,Other,,complete,,82000,0,0,,0.014084507042253521,QID81
3/18/2026 15:36,3/18/2026 15:42,IP Address,100,378,TRUE,3/18/2026 15:42,R_7p30a2GYq43oNyx,anonymous,EN,1,"Yes, I consent",2 = somewhat dishonest,3 = neither sincere nor insincere,1 = very unethical,2 = somewhat unlikeable,3 = neither approachable nor unapproachable,2 = somewhat confident the findings are false,5 = very honest,5 = very sincere,5 = very ethical,5 = very likeable,5 = very approachable,neither reported (K) nor reporting researcher (S),reporting researcher (S),reporting researcher (S),reporting researcher (S),reporting researcher (S),reporting researcher (S),reported researcher (K),reporting researcher (S),reporting researcher (S),1 = very dishonest,1 = very insincere,1 = very unethical,1 = very unlikeable,1 = very unapproachable,1 = very confident the findings are false,5 = very honest,5 = very sincere,5 = very ethical,5 = very likeable,5 = very approachable,reporting researcher (F),reporting researcher (F),reporting researcher (F),reporting researcher (F),reporting researcher (F),reporting researcher (F),reporting researcher (F),reporting researcher (F),reporting researcher (F),1 = very dishonest,1 = very insincere,1 = very unethical,1 = very unlikeable,1 = very unapproachable,1 = very confident the findings are false,5 = very honest,5 = very sincere,5 = very ethical,5 = very likeable,5 = very approachable,reporting researcher (Y),reporting researcher (Y),reporting researcher (Y),reporting researcher (Y),reporting researcher (Y),reporting researcher (Y),reporting researcher (Y),reporting researcher (Y),reporting researcher (Y),Somewhat disagree,No,White,,Man,,High School Diploma or GED,Strongly Liberal,Homosexual (gay),,20,Protestantism (Christian),,complete,,81266,0,0,,0,
3/19/2026 15:19,3/19/2026 15:35,IP Address,100,920,TRUE,3/19/2026 15:35,R_5fZPiMX2r9z51OJ,anonymous,EN,0.8999999761581421,"Yes, I consent",3 = neither honest nor dishonest,3 = neither sincere nor insincere,4 = somewhat ethical,2 = somewhat unlikeable,3 = neither approachable nor unapproachable,3 = could go either way,5 = very honest,4 = somewhat sincere,5 = very ethical,4 = somewhat likeable,3 = neither approachable nor unapproachable,reporting researcher (S),reporting researcher (S),neither reported (K) nor reporting researcher (S),reporting researcher (S),reporting researcher (S),reporting researcher (S),reported researcher (K),reporting researcher (S),reported researcher (K),4 = somewhat honest,4 = somewhat sincere,3 = neither ethical nor unethical,4 = somewhat likeable,3 = neither approachable nor unapproachable,3 = could go either way,3 = neither honest nor dishonest,4 = somewhat sincere,3 = neither ethical nor unethical,3 = neither likeable nor unlikeable,2 = somewhat unapproachable,reporting researcher (F),reporting researcher (F),reported researcher (H),neither reported (H) nor reporting researcher (F),reporting researcher (F),reporting researcher (F),reported researcher (H),reporting researcher (F),reported researcher (H),1 = very dishonest,1 = very insincere,1 = very unethical,1 = very unlikeable,1 = very unapproachable,1 = very confident the findings are false,4 = somewhat honest,5 = very sincere,5 = very ethical,5 = very likeable,4 = somewhat approachable,reporting researcher (Y),reporting researcher (Y),reported researcher (X),reporting researcher (Y),reporting researcher (Y),reporting researcher (Y),reported researcher (X),reporting researcher (Y),reporting researcher (Y),Somewhat disagree,No,White,,Man,,Some college credit or technical school degree,Conservative,Heterosexual/straight,,18,Protestantism (Christian),,complete,,81957,0,0,,0,
3/19/2026 15:39,3/19/2026 16:21,IP Address,100,2475,TRUE,3/19/2026 16:21,R_6Lvz03b4kfU9kYw,anonymous,EN,1,"Yes, I consent",1 = very dishonest,1 = very insincere,4 = somewhat ethical,4 = somewhat likeable,4 = somewhat approachable,3 = could go either way,5 = very honest,5 = very sincere,5 = very ethical,4 = somewhat likeable,4 = somewhat approachable,neither reported (K) nor reporting researcher (S),neither reported (K) nor reporting researcher (S),reported researcher (K),reporting researcher (S),neither reported (K) nor reporting researcher (S),neither reported (K) nor reporting researcher (S),reported researcher (K),reported researcher (K),reported researcher (K),2 = somewhat dishonest,1 = very insincere,1 = very unethical,1 = very unlikeable,2 = somewhat unapproachable,1 = very confident the findings are false,5 = very honest,5 = very sincere,5 = very ethical,4 = somewhat likeable,4 = somewhat approachable,neither reported (H) nor reporting researcher (F),reporting researcher (F),neither reported (H) nor reporting researcher (F),reporting researcher (F),reporting researcher (F),reporting researcher (F),neither reported (H) nor reporting researcher (F),reporting researcher (F),reporting researcher (F),1 = very dishonest,1 = very insincere,1 = very unethical,1 = very unlikeable,2 = somewhat unapproachable,1 = very confident the findings are false,5 = very honest,5 = very sincere,5 = very ethical,4 = somewhat likeable,4 = somewhat approachable,neither reported (X) nor reporting researcher (Y),reporting researcher (Y),neither reported (X) nor reporting researcher (Y),reporting researcher (Y),reporting researcher (Y),reporting researcher (Y),neither reported (X) nor reporting researcher (Y),reporting researcher (Y),reporting researcher (Y),Somewhat disagree,No,White,,Man,,High School Diploma or GED,Centrist,Heterosexual/straight,,19,Catholicism,,complete,,81779,0,0,,0,
3/19/2026 20:56,3/19/2026 21:02,IP Address,100,371,TRUE,3/19/2026 21:02,R_5zcNtE2sNfchmgB,anonymous,EN,1,"Yes, I consent",3 = neither honest nor dishonest,4 = somewhat sincere,4 = somewhat ethical,4 = somewhat likeable,5 = very approachable,4 = somewhat confident the findings are true,5 = very honest,5 = very sincere,5 = very ethical,3 = neither likeable nor unlikeable,4 = somewhat approachable,reporting researcher (S),reporting researcher (S),reported researcher (K),reporting researcher (S),reported researcher (K),reported researcher (K),reported researcher (K),reporting researcher (S),reported researcher (K),1 = very dishonest,1 = very insincere,1 = very unethical,1 = very unlikeable,2 = somewhat unapproachable,1 = very confident the findings are false,5 = very honest,4 = somewhat sincere,5 = very ethical,5 = very likeable,4 = somewhat approachable,neither reported (H) nor reporting researcher (F),reporting researcher (F),reported researcher (H),neither reported (H) nor reporting researcher (F),reporting researcher (F),neither reported (H) nor reporting researcher (F),reported researcher (H),reporting researcher (F),neither reported (H) nor reporting researcher (F),1 = very dishonest,1 = very insincere,1 = very unethical,1 = very unlikeable,1 = very unapproachable,1 = very confident the findings are false,5 = very honest,2 = somewhat insincere,5 = very ethical,3 = neither likeable nor unlikeable,4 = somewhat approachable,reporting researcher (Y),reporting researcher (Y),reported researcher (X),reporting researcher (Y),reporting researcher (Y),reporting researcher (Y),reported researcher (X),reporting researcher (Y),reporting researcher (Y),Somewhat disagree,No,White,,Man,,Some college credit or technical school degree,Centrist,Heterosexual/straight,,20,Protestantism (Christian),,complete,,81823,0,0,,0,
3/19/2026 21:05,3/19/2026 21:12,IP Address,100,438,TRUE,3/19/2026 21:12,R_1iTZR8GfdSMCblK,anonymous,EN,1,"Yes, I consent",2 = somewhat dishonest,2 = somewhat insincere,2 = somewhat unethical,2 = somewhat unlikeable,2 = somewhat unapproachable,4 = somewhat confident the findings are true,5 = very honest,5 = very sincere,5 = very ethical,5 = very likeable,5 = very approachable,reporting researcher (S),reporting researcher (S),reporting researcher (S),reporting researcher (S),reporting researcher (S),reporting researcher (S),reported researcher (K),reporting researcher (S),reported researcher (K),2 = somewhat dishonest,2 = somewhat insincere,1 = very unethical,1 = very unlikeable,2 = somewhat unapproachable,2 = somewhat confident the findings are false,5 = very honest,5 = very sincere,5 = very ethical,5 = very likeable,5 = very approachable,reporting researcher (F),reporting researcher (F),reported researcher (H),reporting researcher (F),reporting researcher (F),reporting researcher (F),reported researcher (H),reporting researcher (F),reported researcher (H),1 = very dishonest,1 = very insincere,1 = very unethical,1 = very unlikeable,1 = very unapproachable,1 = very confident the findings are false,5 = very honest,5 = very sincere,5 = very ethical,5 = very likeable,5 = very approachable,reporting researcher (Y),reporting researcher (Y),reported researcher (X),reporting researcher (Y),reporting researcher (Y),reporting researcher (Y),reporting researcher (Y),reporting researcher (Y),reported researcher (X),Somewhat disagree,No,White,,Woman,,High School Diploma or GED,Liberal,Heterosexual/straight,,18,Protestantism (Christian),,complete,,81412,0,0,,0,
3/20/2026 16:07,3/20/2026 16:12,IP Address,100,324,TRUE,3/20/2026 16:12,R_5iWi3OsgBJT8gth,anonymous,EN,1,"Yes, I consent",3 = neither honest nor dishonest,3 = neither sincere nor insincere,3 = neither ethical nor unethical,2 = somewhat unlikeable,3 = neither approachable nor unapproachable,3 = could go either way,5 = very honest,4 = somewhat sincere,4 = somewhat ethical,3 = neither likeable nor unlikeable,3 = neither approachable nor unapproachable,reporting researcher (S),reporting researcher (S),neither reported (K) nor reporting researcher (S),reporting researcher (S),reporting researcher (S),reporting researcher (S),neither reported (K) nor reporting researcher (S),reporting researcher (S),reporting researcher (S),3 = neither honest nor dishonest,3 = neither sincere nor insincere,2 = somewhat unethical,2 = somewhat unlikeable,3 = neither approachable nor unapproachable,3 = could go either way,5 = very honest,4 = somewhat sincere,5 = very ethical,3 = neither likeable nor unlikeable,4 = somewhat approachable,reporting researcher (F),reporting researcher (F),neither reported (H) nor reporting researcher (F),reporting researcher (F),reporting researcher (F),neither reported (H) nor reporting researcher (F),reported researcher (H),reporting researcher (F),reporting researcher (F),3 = neither honest nor dishonest,3 = neither sincere nor insincere,3 = neither ethical nor unethical,3 = neither likeable nor unlikeable,1 = very unapproachable,1 = very confident the findings are false,4 = somewhat honest,4 = somewhat sincere,4 = somewhat ethical,3 = neither likeable nor unlikeable,3 = neither approachable nor unapproachable,reporting researcher (Y),reporting researcher (Y),neither reported (X) nor reporting researcher (Y),reporting researcher (Y),reporting researcher (Y),reporting researcher (Y),neither reported (X) nor reporting researcher (Y),reporting researcher (Y),reporting researcher (Y),Somewhat disagree,No,White,,Woman,,Some college credit or technical school degree,Liberal,Bisexual,,18,Not Affiliated,,complete,,82003,0,0,,0,
3/20/2026 16:06,3/20/2026 16:17,IP Address,100,652,TRUE,3/20/2026 16:17,R_7DoqgDiaVnbV2CL,anonymous,EN,1,"Yes, I consent",3 = neither honest nor dishonest,3 = neither sincere nor insincere,1 = very unethical,1 = very unlikeable,1 = very unapproachable,1 = very confident the findings are false,3 = neither honest nor dishonest,3 = neither sincere nor insincere,3 = neither ethical nor unethical,3 = neither likeable nor unlikeable,3 = neither approachable nor unapproachable,reporting researcher (S),reporting researcher (S),reporting researcher (S),reporting researcher (S),reporting researcher (S),reporting researcher (S),reporting researcher (S),neither reported (K) nor reporting researcher (S),neither reported (K) nor reporting researcher (S),1 = very dishonest,3 = neither sincere nor insincere,1 = very unethical,1 = very unlikeable,2 = somewhat unapproachable,2 = somewhat confident the findings are false,5 = very honest,5 = very sincere,5 = very ethical,5 = very likeable,5 = very approachable,neither reported (H) nor reporting researcher (F),reporting researcher (F),neither reported (H) nor reporting researcher (F),reporting researcher (F),reporting researcher (F),neither reported (H) nor reporting researcher (F),neither reported (H) nor reporting researcher (F),neither reported (H) nor reporting researcher (F),neither reported (H) nor reporting researcher (F),1 = very dishonest,1 = very insincere,1 = very unethical,1 = very unlikeable,1 = very unapproachable,1 = very confident the findings are false,5 = very honest,5 = very sincere,5 = very ethical,5 = very likeable,5 = very approachable,reporting researcher (Y),reporting researcher (Y),reporting researcher (Y),neither reported (X) nor reporting researcher (Y),neither reported (X) nor reporting researcher (Y),reporting researcher (Y),reporting researcher (Y),reporting researcher (Y),reporting researcher (Y),Somewhat disagree,No,Black or African-American,,Woman,,Some college credit or technical school degree,Conservative,Heterosexual/straight,,19,Protestantism (Christian),,complete,,81798,0,0,,0,
3/20/2026 16:23,3/20/2026 16:33,IP Address,100,550,TRUE,3/20/2026 16:33,R_6qkQ47Jzv8S4IBq,anonymous,EN,1,"Yes, I consent",4 = somewhat honest,4 = somewhat sincere,3 = neither ethical nor unethical,4 = somewhat likeable,4 = somewhat approachable,3 = could go either way,3 = neither honest nor dishonest,3 = neither sincere nor insincere,3 = neither ethical nor unethical,3 = neither likeable nor unlikeable,3 = neither approachable nor unapproachable,neither reported (K) nor reporting researcher (S),neither reported (K) nor reporting researcher (S),neither reported (K) nor reporting researcher (S),reporting researcher (S),reporting researcher (S),reporting researcher (S),reported researcher (K),reporting researcher (S),reporting researcher (S),1 = very dishonest,2 = somewhat insincere,2 = somewhat unethical,3 = neither likeable nor unlikeable,3 = neither approachable nor unapproachable,3 = could go either way,5 = very honest,5 = very sincere,5 = very ethical,5 = very likeable,5 = very approachable,neither reported (H) nor reporting researcher (F),neither reported (H) nor reporting researcher (F),neither reported (H) nor reporting researcher (F),reporting researcher (F),reporting researcher (F),reporting researcher (F),neither reported (H) nor reporting researcher (F),reporting researcher (F),reporting researcher (F),1 = very dishonest,1 = very insincere,1 = very unethical,1 = very unlikeable,1 = very unapproachable,1 = very confident the findings are false,5 = very honest,5 = very sincere,5 = very ethical,4 = somewhat likeable,5 = very approachable,neither reported (X) nor reporting researcher (Y),reporting researcher (Y),neither reported (X) nor reporting researcher (Y),reporting researcher (Y),reporting researcher (Y),reporting researcher (Y),reported researcher (X),reporting researcher (Y),reporting researcher (Y),Somewhat disagree,Yes,Other,latino ,Man,,Some college credit or technical school degree,,Heterosexual/straight,,19,Catholicism,,complete,,80968,0,0,,0.014084507042253521,QID1219732974
3/20/2026 16:39,3/20/2026 17:23,IP Address,100,2628,TRUE,3/20/2026 17:23,R_54pxB2cjTgA1hkv,anonymous,EN,1,"Yes, I consent",2 = somewhat dishonest,3 = neither sincere nor insincere,2 = somewhat unethical,2 = somewhat unlikeable,3 = neither approachable nor unapproachable,3 = could go either way,5 = very honest,5 = very sincere,4 = somewhat ethical,5 = very likeable,5 = very approachable,reporting researcher (S),reporting researcher (S),reporting researcher (S),reporting researcher (S),reporting researcher (S),reporting researcher (S),reported researcher (K),reporting researcher (S),reported researcher (K),3 = neither honest nor dishonest,4 = somewhat sincere,3 = neither ethical nor unethical,3 = neither likeable nor unlikeable,4 = somewhat approachable,3 = could go either way,4 = somewhat honest,4 = somewhat sincere,3 = neither ethical nor unethical,4 = somewhat likeable,3 = neither approachable nor unapproachable,reported researcher (H),reported researcher (H),reporting researcher (F),reported researcher (H),reporting researcher (F),reported researcher (H),reporting researcher (F),reported researcher (H),reporting researcher (F),1 = very dishonest,1 = very insincere,2 = somewhat unethical,2 = somewhat unlikeable,2 = somewhat unapproachable,1 = very confident the findings are false,5 = very honest,4 = somewhat sincere,5 = very ethical,5 = very likeable,5 = very approachable,reporting researcher (Y),reporting researcher (Y),reported researcher (X),reporting researcher (Y),reporting researcher (Y),reporting researcher (Y),reported researcher (X),reporting researcher (Y),reporting researcher (Y),Somewhat disagree,No,Other,"White, and Asian (Korean)",Woman,,High School Diploma or GED,Centrist,Heterosexual/straight,,20,Other,N/A,complete,,81457,0,0,,0,
3/20/2026 19:44,3/20/2026 19:50,IP Address,100,389,TRUE,3/20/2026 19:50,R_62lLh6R0XnvDHeI,anonymous,EN,1,"Yes, I consent",4 = somewhat honest,3 = neither sincere nor insincere,2 = somewhat unethical,4 = somewhat likeable,4 = somewhat approachable,3 = could go either way,5 = very honest,5 = very sincere,5 = very ethical,4 = somewhat likeable,4 = somewhat approachable,reporting researcher (S),neither reported (K) nor reporting researcher (S),neither reported (K) nor reporting researcher (S),reporting researcher (S),neither reported (K) nor reporting researcher (S),reporting researcher (S),reported researcher (K),reporting researcher (S),reported researcher (K),1 = very dishonest,2 = somewhat insincere,2 = somewhat unethical,1 = very unlikeable,1 = very unapproachable,1 = very confident the findings are false,5 = very honest,5 = very sincere,5 = very ethical,2 = somewhat unlikeable,2 = somewhat unapproachable,reporting researcher (F),reporting researcher (F),reported researcher (H),reporting researcher (F),reporting researcher (F),reporting researcher (F),reported researcher (H),reporting researcher (F),reported researcher (H),1 = very dishonest,1 = very insincere,1 = very unethical,1 = very unlikeable,1 = very unapproachable,1 = very confident the findings are false,5 = very honest,5 = very sincere,5 = very ethical,5 = very likeable,5 = very approachable,reporting researcher (Y),reporting researcher (Y),neither reported (X) nor reporting researcher (Y),reporting researcher (Y),reporting researcher (Y),reporting researcher (Y),neither reported (X) nor reporting researcher (Y),reporting researcher (Y),reporting researcher (Y),Somewhat disagree,No,White,,Woman,,High School Diploma or GED,Centrist,Heterosexual/straight,,19,Protestantism (Christian),,complete,,81219,0,0,,0,
3/20/2026 20:19,3/20/2026 20:25,IP Address,100,345,TRUE,3/20/2026 20:25,R_15yzpcGVoJNH95c,anonymous,EN,1,"Yes, I consent",2 = somewhat dishonest,3 = neither sincere nor insincere,4 = somewhat ethical,3 = neither likeable nor unlikeable,3 = neither approachable nor unapproachable,4 = somewhat confident the findings are true,5 = very honest,4 = somewhat sincere,5 = very ethical,4 = somewhat likeable,3 = neither approachable nor unapproachable,reported researcher (K),reporting researcher (S),reporting researcher (S),neither reported (K) nor reporting researcher (S),reporting researcher (S),reporting researcher (S),reported researcher (K),neither reported (K) nor reporting researcher (S),neither reported (K) nor reporting researcher (S),1 = very dishonest,1 = very insincere,2 = somewhat unethical,1 = very unlikeable,3 = neither approachable nor unapproachable,2 = somewhat confident the findings are false,4 = somewhat honest,4 = somewhat sincere,4 = somewhat ethical,4 = somewhat likeable,4 = somewhat approachable,neither reported (H) nor reporting researcher (F),reporting researcher (F),reported researcher (H),reporting researcher (F),reporting researcher (F),neither reported (H) nor reporting researcher (F),reporting researcher (F),reporting researcher (F),neither reported (H) nor reporting researcher (F),1 = very dishonest,1 = very insincere,1 = very unethical,1 = very unlikeable,2 = somewhat unapproachable,1 = very confident the findings are false,5 = very honest,5 = very sincere,5 = very ethical,4 = somewhat likeable,5 = very approachable,reporting researcher (Y),reporting researcher (Y),reported researcher (X),reporting researcher (Y),reporting researcher (Y),reporting researcher (Y),reporting researcher (Y),reporting researcher (Y),reporting researcher (Y),Somewhat disagree,No,White,,Man,,Bachelor’s Degree,Lean Conservative,Heterosexual/straight,,22,Protestantism (Christian),,complete,,82019,0,0,,0,
3/20/2026 20:22,3/20/2026 20:46,IP Address,100,1485,TRUE,3/20/2026 20:46,R_5Yzdhc3OWaQlWeb,anonymous,EN,1,"Yes, I consent",2 = somewhat dishonest,2 = somewhat insincere,2 = somewhat unethical,3 = neither likeable nor unlikeable,3 = neither approachable nor unapproachable,4 = somewhat confident the findings are true,5 = very honest,5 = very sincere,5 = very ethical,3 = neither likeable nor unlikeable,3 = neither approachable nor unapproachable,reporting researcher (S),reporting researcher (S),neither reported (K) nor reporting researcher (S),reporting researcher (S),reporting researcher (S),reporting researcher (S),reporting researcher (S),reporting researcher (S),reporting researcher (S),1 = very dishonest,1 = very insincere,1 = very unethical,2 = somewhat unlikeable,3 = neither approachable nor unapproachable,2 = somewhat confident the findings are false,5 = very honest,5 = very sincere,5 = very ethical,4 = somewhat likeable,4 = somewhat approachable,neither reported (H) nor reporting researcher (F),reporting researcher (F),neither reported (H) nor reporting researcher (F),reporting researcher (F),reporting researcher (F),reporting researcher (F),reporting researcher (F),reporting researcher (F),reporting researcher (F),1 = very dishonest,1 = very insincere,1 = very unethical,1 = very unlikeable,2 = somewhat unapproachable,1 = very confident the findings are false,5 = very honest,5 = very sincere,5 = very ethical,4 = somewhat likeable,3 = neither approachable nor unapproachable,reporting researcher (Y),reporting researcher (Y),reported researcher (X),reporting researcher (Y),reporting researcher (Y),reporting researcher (Y),reporting researcher (Y),reporting researcher (Y),reporting researcher (Y),Somewhat disagree,No,Black or African-American,,Man,,Some college credit or technical school degree,Strongly Conservative,Heterosexual/straight,,21,Not Affiliated,,complete,,81455,0,0,,0,
3/20/2026 21:56,3/20/2026 22:06,IP Address,100,557,TRUE,3/20/2026 22:06,R_7r4OGk3mxUkfPA5,anonymous,EN,1,"Yes, I consent",1 = very dishonest,1 = very insincere,1 = very unethical,2 = somewhat unlikeable,2 = somewhat unapproachable,1 = very confident the findings are false,5 = very honest,4 = somewhat sincere,5 = very ethical,5 = very likeable,5 = very approachable,reporting researcher (S),reporting researcher (S),reporting researcher (S),reporting researcher (S),reporting researcher (S),reporting researcher (S),reported researcher (K),reporting researcher (S),reporting researcher (S),2 = somewhat dishonest,2 = somewhat insincere,2 = somewhat unethical,2 = somewhat unlikeable,4 = somewhat approachable,2 = somewhat confident the findings are false,5 = very honest,5 = very sincere,5 = very ethical,5 = very likeable,5 = very approachable,reporting researcher (F),reporting researcher (F),reporting researcher (F),reporting researcher (F),reporting researcher (F),reporting researcher (F),neither reported (H) nor reporting researcher (F),reporting researcher (F),reporting researcher (F),1 = very dishonest,1 = very insincere,1 = very unethical,3 = neither likeable nor unlikeable,1 = very unapproachable,1 = very confident the findings are false,5 = very honest,5 = very sincere,5 = very ethical,5 = very likeable,5 = very approachable,reporting researcher (Y),reporting researcher (Y),neither reported (X) nor reporting researcher (Y),reporting researcher (Y),neither reported (X) nor reporting researcher (Y),reporting researcher (Y),reported researcher (X),reporting researcher (Y),reporting researcher (Y),Somewhat disagree,No,Black or African-American,,Woman,,High School Diploma or GED,Conservative,Heterosexual/straight,,18,Other,Baptist,complete,,81908,0,0,,0,
3/23/2026 11:59,3/23/2026 12:10,IP Address,100,620,TRUE,3/23/2026 12:10,R_6Y55St6zOpdOoBR,anonymous,EN,1,"Yes, I consent",3 = neither honest nor dishonest,3 = neither sincere nor insincere,3 = neither ethical nor unethical,3 = neither likeable nor unlikeable,3 = neither approachable nor unapproachable,3 = could go either way,5 = very honest,5 = very sincere,5 = very ethical,3 = neither likeable nor unlikeable,4 = somewhat approachable,neither reported (K) nor reporting researcher (S),reporting researcher (S),neither reported (K) nor reporting researcher (S),neither reported (K) nor reporting researcher (S),neither reported (K) nor reporting researcher (S),reporting researcher (S),reporting researcher (S),reporting researcher (S),reporting researcher (S),2 = somewhat dishonest,3 = neither sincere nor insincere,3 = neither ethical nor unethical,3 = neither likeable nor unlikeable,3 = neither approachable nor unapproachable,3 = could go either way,5 = very honest,3 = neither sincere nor insincere,3 = neither ethical nor unethical,3 = neither likeable nor unlikeable,3 = neither approachable nor unapproachable,neither reported (H) nor reporting researcher (F),neither reported (H) nor reporting researcher (F),neither reported (H) nor reporting researcher (F),neither reported (H) nor reporting researcher (F),neither reported (H) nor reporting researcher (F),neither reported (H) nor reporting researcher (F),neither reported (H) nor reporting researcher (F),neither reported (H) nor reporting researcher (F),neither reported (H) nor reporting researcher (F),1 = very dishonest,1 = very insincere,3 = neither ethical nor unethical,3 = neither likeable nor unlikeable,3 = neither approachable nor unapproachable,2 = somewhat confident the findings are false,5 = very honest,3 = neither sincere nor insincere,3 = neither ethical nor unethical,3 = neither likeable nor unlikeable,3 = neither approachable nor unapproachable,neither reported (X) nor reporting researcher (Y),reporting researcher (Y),neither reported (X) nor reporting researcher (Y),reporting researcher (Y),neither reported (X) nor reporting researcher (Y),neither reported (X) nor reporting researcher (Y),reporting researcher (Y),neither reported (X) nor reporting researcher (Y),neither reported (X) nor reporting researcher (Y),Somewhat disagree,No,Black or African-American,,Woman,,High School Diploma or GED,Lean Conservative,Heterosexual/straight,,19,Protestantism (Christian),,complete,,81719,0,0,,0,
3/23/2026 12:09,3/23/2026 12:16,IP Address,100,472,TRUE,3/23/2026 12:16,R_3rwLplw5GBq27Un,anonymous,EN,1,"Yes, I consent",2 = somewhat dishonest,3 = neither sincere nor insincere,2 = somewhat unethical,3 = neither likeable nor unlikeable,4 = somewhat approachable,4 = somewhat confident the findings are true,5 = very honest,4 = somewhat sincere,4 = somewhat ethical,4 = somewhat likeable,4 = somewhat approachable,reporting researcher (S),reporting researcher (S),neither reported (K) nor reporting researcher (S),reporting researcher (S),reporting researcher (S),reporting researcher (S),reported researcher (K),reporting researcher (S),reporting researcher (S),1 = very dishonest,2 = somewhat insincere,1 = very unethical,3 = neither likeable nor unlikeable,2 = somewhat unapproachable,2 = somewhat confident the findings are false,4 = somewhat honest,4 = somewhat sincere,4 = somewhat ethical,4 = somewhat likeable,4 = somewhat approachable,reporting researcher (F),reporting researcher (F),reporting researcher (F),reporting researcher (F),reporting researcher (F),reported researcher (H),neither reported (H) nor reporting researcher (F),reporting researcher (F),reporting researcher (F),1 = very dishonest,1 = very insincere,1 = very unethical,1 = very unlikeable,2 = somewhat unapproachable,1 = very confident the findings are false,5 = very honest,5 = very sincere,5 = very ethical,5 = very likeable,5 = very approachable,reporting researcher (Y),reporting researcher (Y),reporting researcher (Y),reporting researcher (Y),reporting researcher (Y),reporting researcher (Y),reporting researcher (Y),reporting researcher (Y),reporting researcher (Y),Somewhat disagree,No,White,,Woman,,High School Diploma or GED,Liberal,Heterosexual/straight,,18,Not Affiliated,,complete,,80996,0,0,,0,
3/23/2026 12:31,3/23/2026 12:38,IP Address,100,438,TRUE,3/23/2026 12:38,R_61pwXxHGz8iJHA1,anonymous,EN,1,"Yes, I consent",2 = somewhat dishonest,2 = somewhat insincere,2 = somewhat unethical,2 = somewhat unlikeable,2 = somewhat unapproachable,2 = somewhat confident the findings are false,4 = somewhat honest,4 = somewhat sincere,4 = somewhat ethical,4 = somewhat likeable,4 = somewhat approachable,neither reported (K) nor reporting researcher (S),reporting researcher (S),reporting researcher (S),reporting researcher (S),reporting researcher (S),reporting researcher (S),reporting researcher (S),reporting researcher (S),reporting researcher (S),2 = somewhat dishonest,2 = somewhat insincere,2 = somewhat unethical,2 = somewhat unlikeable,2 = somewhat unapproachable,2 = somewhat confident the findings are false,4 = somewhat honest,4 = somewhat sincere,4 = somewhat ethical,4 = somewhat likeable,4 = somewhat approachable,neither reported (H) nor reporting researcher (F),reporting researcher (F),reporting researcher (F),reporting researcher (F),reporting researcher (F),reporting researcher (F),reporting researcher (F),reporting researcher (F),reporting researcher (F),1 = very dishonest,2 = somewhat insincere,1 = very unethical,2 = somewhat unlikeable,2 = somewhat unapproachable,1 = very confident the findings are false,5 = very honest,5 = very sincere,5 = very ethical,5 = very likeable,5 = very approachable,neither reported (X) nor reporting researcher (Y),reporting researcher (Y),reporting researcher (Y),reporting researcher (Y),reporting researcher (Y),reporting researcher (Y),reported researcher (X),reporting researcher (Y),reporting researcher (Y),Somewhat disagree,No,Black or African-American,,Woman,,Some college credit or technical school degree,Liberal,Heterosexual/straight,,18,Protestantism (Christian),,complete,,81294,0,0,,0,
3/23/2026 12:49,3/23/2026 12:54,IP Address,100,277,TRUE,3/23/2026 12:54,R_6m3ihkx3vXrWc2u,anonymous,EN,1,"Yes, I consent",4 = somewhat honest,2 = somewhat insincere,5 = very ethical,4 = somewhat likeable,4 = somewhat approachable,4 = somewhat confident the findings are true,5 = very honest,5 = very sincere,5 = very ethical,5 = very likeable,5 = very approachable,reporting researcher (S),reporting researcher (S),reporting researcher (S),reporting researcher (S),reporting researcher (S),reporting researcher (S),reported researcher (K),reporting researcher (S),reporting researcher (S),1 = very dishonest,1 = very insincere,1 = very unethical,3 = neither likeable nor unlikeable,2 = somewhat unapproachable,2 = somewhat confident the findings are false,5 = very honest,5 = very sincere,5 = very ethical,5 = very likeable,4 = somewhat approachable,reporting researcher (F),reporting researcher (F),reporting researcher (F),reporting researcher (F),reporting researcher (F),reporting researcher (F),reporting researcher (F),reporting researcher (F),reporting researcher (F),1 = very dishonest,1 = very insincere,1 = very unethical,2 = somewhat unlikeable,2 = somewhat unapproachable,1 = very confident the findings are false,5 = very honest,5 = very sincere,5 = very ethical,5 = very likeable,5 = very approachable,reporting researcher (Y),reporting researcher (Y),reporting researcher (Y),reporting researcher (Y),reporting researcher (Y),reporting researcher (Y),reporting researcher (Y),reporting researcher (Y),reporting researcher (Y),Somewhat disagree,No,White,,Man,,Some college credit or technical school degree,Centrist,Heterosexual/straight,,19,Not Affiliated,,complete,,81340,0,0,,0,
3/23/2026 12:55,3/23/2026 13:08,IP Address,100,818,TRUE,3/23/2026 13:08,R_7z9gs7RtEfOLjkB,anonymous,EN,1,"Yes, I consent",3 = neither honest nor dishonest,2 = somewhat insincere,4 = somewhat ethical,3 = neither likeable nor unlikeable,3 = neither approachable nor unapproachable,3 = could go either way,2 = somewhat dishonest,2 = somewhat insincere,2 = somewhat unethical,2 = somewhat unlikeable,2 = somewhat unapproachable,reported researcher (K),reported researcher (K),reported researcher (K),reported researcher (K),reported researcher (K),reported researcher (K),reported researcher (K),reported researcher (K),reported researcher (K),1 = very dishonest,1 = very insincere,1 = very unethical,1 = very unlikeable,1 = very unapproachable,1 = very confident the findings are false,5 = very honest,5 = very sincere,5 = very ethical,5 = very likeable,5 = very approachable,reporting researcher (F),reporting researcher (F),reporting researcher (F),reporting researcher (F),reporting researcher (F),reporting researcher (F),reporting researcher (F),reporting researcher (F),reporting researcher (F),1 = very dishonest,1 = very insincere,1 = very unethical,1 = very unlikeable,1 = very unapproachable,1 = very confident the findings are false,5 = very honest,5 = very sincere,5 = very ethical,5 = very likeable,5 = very approachable,reporting researcher (Y),reporting researcher (Y),reporting researcher (Y),reporting researcher (Y),reporting researcher (Y),reporting researcher (Y),reporting researcher (Y),reporting researcher (Y),reporting researcher (Y),Somewhat disagree,Yes,White,,Woman,,Some college credit or technical school degree,Centrist,Heterosexual/straight,,19,Catholicism,,complete,,81413,0,0,,0,
3/23/2026 12:59,3/23/2026 13:14,IP Address,100,883,TRUE,3/23/2026 13:14,R_7egazFBruQhXt0Z,anonymous,EN,1,"Yes, I consent",4 = somewhat honest,4 = somewhat sincere,4 = somewhat ethical,3 = neither likeable nor unlikeable,3 = neither approachable nor unapproachable,4 = somewhat confident the findings are true,5 = very honest,5 = very sincere,5 = very ethical,3 = neither likeable nor unlikeable,3 = neither approachable nor unapproachable,reporting researcher (S),neither reported (K) nor reporting researcher (S),neither reported (K) nor reporting researcher (S),neither reported (K) nor reporting researcher (S),reporting researcher (S),reporting researcher (S),reported researcher (K),neither reported (K) nor reporting researcher (S),reporting researcher (S),1 = very dishonest,5 = very sincere,1 = very unethical,2 = somewhat unlikeable,2 = somewhat unapproachable,2 = somewhat confident the findings are false,4 = somewhat honest,5 = very sincere,5 = very ethical,4 = somewhat likeable,4 = somewhat approachable,neither reported (H) nor reporting researcher (F),reporting researcher (F),reported researcher (H),reporting researcher (F),reporting researcher (F),reporting researcher (F),neither reported (H) nor reporting researcher (F),reporting researcher (F),reporting researcher (F),1 = very dishonest,1 = very insincere,1 = very unethical,3 = neither likeable nor unlikeable,2 = somewhat unapproachable,2 = somewhat confident the findings are false,4 = somewhat honest,4 = somewhat sincere,4 = somewhat ethical,3 = neither likeable nor unlikeable,3 = neither approachable nor unapproachable,neither reported (X) nor reporting researcher (Y),reporting researcher (Y),reported researcher (X),reporting researcher (Y),reporting researcher (Y),reporting researcher (Y),neither reported (X) nor reporting researcher (Y),reporting researcher (Y),reporting researcher (Y),Somewhat disagree,No,White,,Man,,Some college credit or technical school degree,Centrist,Heterosexual/straight,,18,Protestantism (Christian),,complete,,81385,0,0,,0,
3/23/2026 13:20,3/23/2026 13:57,IP Address,100,2205,TRUE,3/23/2026 13:57,R_5JyEanTHzAID2zj,anonymous,EN,1,"Yes, I consent",2 = somewhat dishonest,3 = neither sincere nor insincere,4 = somewhat ethical,4 = somewhat likeable,4 = somewhat approachable,4 = somewhat confident the findings are true,4 = somewhat honest,5 = very sincere,4 = somewhat ethical,5 = very likeable,4 = somewhat approachable,reporting researcher (S),reporting researcher (S),reporting researcher (S),reporting researcher (S),reporting researcher (S),reporting researcher (S),reporting researcher (S),reporting researcher (S),reporting researcher (S),4 = somewhat honest,4 = somewhat sincere,4 = somewhat ethical,4 = somewhat likeable,4 = somewhat approachable,4 = somewhat confident the findings are true,5 = very honest,5 = very sincere,5 = very ethical,5 = very likeable,5 = very approachable,reporting researcher (F),reporting researcher (F),reporting researcher (F),reporting researcher (F),reporting researcher (F),reporting researcher (F),reporting researcher (F),reporting researcher (F),reporting researcher (F),1 = very dishonest,3 = neither sincere nor insincere,3 = neither ethical nor unethical,4 = somewhat likeable,4 = somewhat approachable,3 = could go either way,5 = very honest,4 = somewhat sincere,4 = somewhat ethical,4 = somewhat likeable,5 = very approachable,reporting researcher (Y),reporting researcher (Y),reported researcher (X),reporting researcher (Y),reporting researcher (Y),reporting researcher (Y),reporting researcher (Y),reporting researcher (Y),reporting researcher (Y),Somewhat disagree,No,White,,Woman,,High School Diploma or GED,Strongly Conservative,Heterosexual/straight,,18,Protestantism (Christian),,complete,,82031,0,0,,0,
3/23/2026 15:24,3/23/2026 15:34,IP Address,100,609,TRUE,3/23/2026 15:34,R_3RQSGAwjhQNpE3I,anonymous,EN,1,"Yes, I consent",3 = neither honest nor dishonest,3 = neither sincere nor insincere,3 = neither ethical nor unethical,3 = neither likeable nor unlikeable,3 = neither approachable nor unapproachable,3 = could go either way,4 = somewhat honest,4 = somewhat sincere,4 = somewhat ethical,3 = neither likeable nor unlikeable,3 = neither approachable nor unapproachable,neither reported (K) nor reporting researcher (S),neither reported (K) nor reporting researcher (S),neither reported (K) nor reporting researcher (S),reported researcher (K),neither reported (K) nor reporting researcher (S),neither reported (K) nor reporting researcher (S),reported researcher (K),reporting researcher (S),reporting researcher (S),2 = somewhat dishonest,2 = somewhat insincere,1 = very unethical,3 = neither likeable nor unlikeable,3 = neither approachable nor unapproachable,3 = could go either way,5 = very honest,5 = very sincere,4 = somewhat ethical,3 = neither likeable nor unlikeable,3 = neither approachable nor unapproachable,neither reported (H) nor reporting researcher (F),neither reported (H) nor reporting researcher (F),neither reported (H) nor reporting researcher (F),reporting researcher (F),reporting researcher (F),reporting researcher (F),reported researcher (H),reporting researcher (F),reporting researcher (F),1 = very dishonest,1 = very insincere,1 = very unethical,2 = somewhat unlikeable,3 = neither approachable nor unapproachable,2 = somewhat confident the findings are false,5 = very honest,5 = very sincere,5 = very ethical,4 = somewhat likeable,4 = somewhat approachable,neither reported (X) nor reporting researcher (Y),neither reported (X) nor reporting researcher (Y),neither reported (X) nor reporting researcher (Y),reporting researcher (Y),reporting researcher (Y),neither reported (X) nor reporting researcher (Y),reported researcher (X),reporting researcher (Y),reporting researcher (Y),Somewhat disagree,No,White,,Man,,Some college credit or technical school degree,Lean Conservative,Heterosexual/straight,,20,Catholicism,,complete,,81026,0,0,,0,
3/23/2026 15:35,3/23/2026 15:49,IP Address,100,829,TRUE,3/23/2026 15:49,R_1njXhjsX4VAOS0K,anonymous,EN,1,"Yes, I consent",1 = very dishonest,1 = very insincere,1 = very unethical,1 = very unlikeable,1 = very unapproachable,1 = very confident the findings are false,5 = very honest,5 = very sincere,5 = very ethical,5 = very likeable,5 = very approachable,reported researcher (K),reporting researcher (S),reported researcher (K),reporting researcher (S),reporting researcher (S),reporting researcher (S),reporting researcher (S),reporting researcher (S),reporting researcher (S),1 = very dishonest,1 = very insincere,1 = very unethical,1 = very unlikeable,1 = very unapproachable,1 = very confident the findings are false,5 = very honest,5 = very sincere,5 = very ethical,5 = very likeable,5 = very approachable,reporting researcher (F),reporting researcher (F),reported researcher (H),reporting researcher (F),reporting researcher (F),reporting researcher (F),reported researcher (H),reporting researcher (F),reporting researcher (F),1 = very dishonest,1 = very insincere,1 = very unethical,1 = very unlikeable,1 = very unapproachable,1 = very confident the findings are false,5 = very honest,5 = very sincere,5 = very ethical,5 = very likeable,5 = very approachable,reported researcher (X),reporting researcher (Y),neither reported (X) nor reporting researcher (Y),reported researcher (X),reported researcher (X),neither reported (X) nor reporting researcher (Y),reporting researcher (Y),reporting researcher (Y),reported researcher (X),Somewhat disagree,No,White,,Woman,,Some college credit or technical school degree,Conservative,Heterosexual/straight,,18,Other,christianity,complete,,82032,0,0,,0,
3/23/2026 16:30,3/23/2026 16:37,IP Address,100,427,TRUE,3/23/2026 16:37,R_3MyBGd8nf631Vl1,anonymous,EN,1,"Yes, I consent",4 = somewhat honest,4 = somewhat sincere,3 = neither ethical nor unethical,4 = somewhat likeable,3 = neither approachable nor unapproachable,4 = somewhat confident the findings are true,4 = somewhat honest,4 = somewhat sincere,4 = somewhat ethical,2 = somewhat unlikeable,3 = neither approachable nor unapproachable,neither reported (K) nor reporting researcher (S),neither reported (K) nor reporting researcher (S),neither reported (K) nor reporting researcher (S),reported researcher (K),reporting researcher (S),reporting researcher (S),reported researcher (K),reporting researcher (S),reported researcher (K),2 = somewhat dishonest,2 = somewhat insincere,2 = somewhat unethical,2 = somewhat unlikeable,2 = somewhat unapproachable,2 = somewhat confident the findings are false,5 = very honest,5 = very sincere,5 = very ethical,4 = somewhat likeable,4 = somewhat approachable,reporting researcher (F),reporting researcher (F),neither reported (H) nor reporting researcher (F),reporting researcher (F),reporting researcher (F),reporting researcher (F),reporting researcher (F),reported researcher (H),reporting researcher (F),1 = very dishonest,1 = very insincere,1 = very unethical,2 = somewhat unlikeable,2 = somewhat unapproachable,1 = very confident the findings are false,5 = very honest,5 = very sincere,5 = very ethical,4 = somewhat likeable,5 = very approachable,reporting researcher (Y),reporting researcher (Y),neither reported (X) nor reporting researcher (Y),reporting researcher (Y),reporting researcher (Y),reporting researcher (Y),neither reported (X) nor reporting researcher (Y),reporting researcher (Y),neither reported (X) nor reporting researcher (Y),Somewhat disagree,No,White,,Man,,Some college credit or technical school degree,Lean Conservative,Heterosexual/straight,,19,Catholicism,,complete,,81688,0,0,,0,
3/23/2026 17:24,3/23/2026 17:50,IP Address,100,1597,TRUE,3/23/2026 17:50,R_1zwIGNwRjL8B74x,anonymous,EN,1,"Yes, I consent",3 = neither honest nor dishonest,4 = somewhat sincere,4 = somewhat ethical,3 = neither likeable nor unlikeable,4 = somewhat approachable,3 = could go either way,4 = somewhat honest,3 = neither sincere nor insincere,3 = neither ethical nor unethical,4 = somewhat likeable,4 = somewhat approachable,neither reported (K) nor reporting researcher (S),neither reported (K) nor reporting researcher (S),neither reported (K) nor reporting researcher (S),neither reported (K) nor reporting researcher (S),neither reported (K) nor reporting researcher (S),reported researcher (K),reported researcher (K),neither reported (K) nor reporting researcher (S),neither reported (K) nor reporting researcher (S),1 = very dishonest,1 = very insincere,1 = very unethical,1 = very unlikeable,3 = neither approachable nor unapproachable,2 = somewhat confident the findings are false,5 = very honest,4 = somewhat sincere,5 = very ethical,3 = neither likeable nor unlikeable,3 = neither approachable nor unapproachable,reporting researcher (F),reporting researcher (F),neither reported (H) nor reporting researcher (F),reporting researcher (F),reporting researcher (F),reporting researcher (F),reported researcher (H),reporting researcher (F),reporting researcher (F),1 = very dishonest,1 = very insincere,1 = very unethical,1 = very unlikeable,1 = very unapproachable,1 = very confident the findings are false,5 = very honest,5 = very sincere,5 = very ethical,5 = very likeable,4 = somewhat approachable,reporting researcher (Y),reporting researcher (Y),reporting researcher (Y),reporting researcher (Y),reporting researcher (Y),reporting researcher (Y),reporting researcher (Y),reporting researcher (Y),reporting researcher (Y),Somewhat disagree,Yes,Other,,Woman,,High School Diploma or GED,Liberal,Prefer not to say,,19,Catholicism,,complete,,81996,0,0,,0.014084507042253521,QID1219732971
3/23/2026 18:33,3/23/2026 18:39,IP Address,100,350,TRUE,3/23/2026 18:39,R_1G9Bu4JSaeKnRMC,anonymous,EN,1,"Yes, I consent",4 = somewhat honest,3 = neither sincere nor insincere,2 = somewhat unethical,3 = neither likeable nor unlikeable,3 = neither approachable nor unapproachable,3 = could go either way,4 = somewhat honest,3 = neither sincere nor insincere,3 = neither ethical nor unethical,3 = neither likeable nor unlikeable,3 = neither approachable nor unapproachable,reporting researcher (S),neither reported (K) nor reporting researcher (S),reported researcher (K),neither reported (K) nor reporting researcher (S),neither reported (K) nor reporting researcher (S),neither reported (K) nor reporting researcher (S),reporting researcher (S),reporting researcher (S),reporting researcher (S),4 = somewhat honest,4 = somewhat sincere,4 = somewhat ethical,3 = neither likeable nor unlikeable,3 = neither approachable nor unapproachable,3 = could go either way,4 = somewhat honest,4 = somewhat sincere,4 = somewhat ethical,3 = neither likeable nor unlikeable,3 = neither approachable nor unapproachable,reporting researcher (F),reported researcher (H),neither reported (H) nor reporting researcher (F),neither reported (H) nor reporting researcher (F),neither reported (H) nor reporting researcher (F),reporting researcher (F),reporting researcher (F),reporting researcher (F),reporting researcher (F),4 = somewhat honest,4 = somewhat sincere,4 = somewhat ethical,3 = neither likeable nor unlikeable,3 = neither approachable nor unapproachable,4 = somewhat confident the findings are true,2 = somewhat dishonest,1 = very insincere,2 = somewhat unethical,3 = neither likeable nor unlikeable,3 = neither approachable nor unapproachable,reported researcher (X),reported researcher (X),reported researcher (X),reported researcher (X),reported researcher (X),reported researcher (X),reporting researcher (Y),reported researcher (X),reported researcher (X),Somewhat disagree,No,White,,Woman,,Some college credit or technical school degree,Conservative,Heterosexual/straight,,18,Catholicism,,complete,,81249,0,0,,0,
3/23/2026 18:35,3/23/2026 18:42,IP Address,100,411,TRUE,3/23/2026 18:42,R_62PvTuOZtUOHiCz,anonymous,EN,1,"Yes, I consent",4 = somewhat honest,4 = somewhat sincere,4 = somewhat ethical,3 = neither likeable nor unlikeable,4 = somewhat approachable,5 = very confident the findings are true,5 = very honest,5 = very sincere,5 = very ethical,5 = very likeable,5 = very approachable,neither reported (K) nor reporting researcher (S),neither reported (K) nor reporting researcher (S),neither reported (K) nor reporting researcher (S),reporting researcher (S),reporting researcher (S),reporting researcher (S),reported researcher (K),reporting researcher (S),neither reported (K) nor reporting researcher (S),2 = somewhat dishonest,4 = somewhat sincere,2 = somewhat unethical,2 = somewhat unlikeable,3 = neither approachable nor unapproachable,2 = somewhat confident the findings are false,5 = very honest,5 = very sincere,5 = very ethical,5 = very likeable,5 = very approachable,reporting researcher (F),neither reported (H) nor reporting researcher (F),neither reported (H) nor reporting researcher (F),reporting researcher (F),reporting researcher (F),reporting researcher (F),reporting researcher (F),reporting researcher (F),reporting researcher (F),1 = very dishonest,3 = neither sincere nor insincere,1 = very unethical,1 = very unlikeable,3 = neither approachable nor unapproachable,2 = somewhat confident the findings are false,5 = very honest,3 = neither sincere nor insincere,5 = very ethical,5 = very likeable,5 = very approachable,reporting researcher (Y),neither reported (X) nor reporting researcher (Y),neither reported (X) nor reporting researcher (Y),reporting researcher (Y),reporting researcher (Y),reporting researcher (Y),reporting researcher (Y),reporting researcher (Y),reporting researcher (Y),Somewhat disagree,No,White,,Man,,High School Diploma or GED,Centrist,Heterosexual/straight,,19,Not Affiliated,,complete,,81893,0,0,,0,
3/23/2026 18:35,3/23/2026 18:45,IP Address,100,564,TRUE,3/23/2026 18:45,R_1J8wKyZj645LyXm,anonymous,EN,1,"Yes, I consent",2 = somewhat dishonest,2 = somewhat insincere,2 = somewhat unethical,2 = somewhat unlikeable,2 = somewhat unapproachable,2 = somewhat confident the findings are false,5 = very honest,5 = very sincere,5 = very ethical,5 = very likeable,5 = very approachable,reporting researcher (S),reporting researcher (S),reporting researcher (S),reporting researcher (S),reporting researcher (S),reporting researcher (S),reporting researcher (S),reporting researcher (S),reporting researcher (S),1 = very dishonest,1 = very insincere,1 = very unethical,1 = very unlikeable,1 = very unapproachable,1 = very confident the findings are false,5 = very honest,5 = very sincere,5 = very ethical,5 = very likeable,5 = very approachable,reporting researcher (F),reporting researcher (F),reporting researcher (F),reporting researcher (F),reporting researcher (F),reporting researcher (F),reporting researcher (F),reporting researcher (F),reporting researcher (F),1 = very dishonest,1 = very insincere,1 = very unethical,1 = very unlikeable,1 = very unapproachable,1 = very confident the findings are false,5 = very honest,5 = very sincere,5 = very ethical,5 = very likeable,5 = very approachable,reporting researcher (Y),reporting researcher (Y),reporting researcher (Y),reporting researcher (Y),reporting researcher (Y),reporting researcher (Y),reporting researcher (Y),reporting researcher (Y),reporting researcher (Y),Somewhat disagree,No,White,,Woman,,Some college credit or technical school degree,Strongly Conservative,Heterosexual/straight,,18,Catholicism,,complete,,81951,0,0,,0,
3/23/2026 19:22,3/23/2026 19:29,IP Address,100,433,TRUE,3/23/2026 19:29,R_62LwNMkT3iLVL7S,anonymous,EN,1,"Yes, I consent",4 = somewhat honest,4 = somewhat sincere,4 = somewhat ethical,4 = somewhat likeable,4 = somewhat approachable,4 = somewhat confident the findings are true,4 = somewhat honest,2 = somewhat insincere,4 = somewhat ethical,2 = somewhat unlikeable,3 = neither approachable nor unapproachable,reported researcher (K),reported researcher (K),reported researcher (K),reported researcher (K),reported researcher (K),neither reported (K) nor reporting researcher (S),reporting researcher (S),reported researcher (K),reported researcher (K),2 = somewhat dishonest,3 = neither sincere nor insincere,1 = very unethical,3 = neither likeable nor unlikeable,3 = neither approachable nor unapproachable,2 = somewhat confident the findings are false,4 = somewhat honest,2 = somewhat insincere,2 = somewhat unethical,3 = neither likeable nor unlikeable,3 = neither approachable nor unapproachable,neither reported (H) nor reporting researcher (F),reporting researcher (F),reported researcher (H),neither reported (H) nor reporting researcher (F),reporting researcher (F),reported researcher (H),reporting researcher (F),reporting researcher (F),reported researcher (H),2 = somewhat dishonest,3 = neither sincere nor insincere,2 = somewhat unethical,3 = neither likeable nor unlikeable,3 = neither approachable nor unapproachable,2 = somewhat confident the findings are false,5 = very honest,2 = somewhat insincere,5 = very ethical,4 = somewhat likeable,3 = neither approachable nor unapproachable,reporting researcher (Y),reporting researcher (Y),reported researcher (X),neither reported (X) nor reporting researcher (Y),reporting researcher (Y),reported researcher (X),reporting researcher (Y),reporting researcher (Y),reported researcher (X),Somewhat disagree,No,White,,Woman,,Some college credit or technical school degree,Conservative,Heterosexual/straight,,20,Catholicism,,complete,,81372,0,0,,0,
3/23/2026 20:14,3/23/2026 20:19,IP Address,100,341,TRUE,3/23/2026 20:19,R_1VdTeQRISVbbhg9,anonymous,EN,1,"Yes, I consent",3 = neither honest nor dishonest,3 = neither sincere nor insincere,3 = neither ethical nor unethical,2 = somewhat unlikeable,4 = somewhat approachable,2 = somewhat confident the findings are false,2 = somewhat dishonest,4 = somewhat sincere,4 = somewhat ethical,3 = neither likeable nor unlikeable,3 = neither approachable nor unapproachable,reported researcher (K),reporting researcher (S),neither reported (K) nor reporting researcher (S),reported researcher (K),reporting researcher (S),neither reported (K) nor reporting researcher (S),neither reported (K) nor reporting researcher (S),reporting researcher (S),reported researcher (K),2 = somewhat dishonest,1 = very insincere,1 = very unethical,2 = somewhat unlikeable,3 = neither approachable nor unapproachable,2 = somewhat confident the findings are false,5 = very honest,4 = somewhat sincere,5 = very ethical,5 = very likeable,5 = very approachable,reported researcher (H),reporting researcher (F),neither reported (H) nor reporting researcher (F),reporting researcher (F),reporting researcher (F),reporting researcher (F),reported researcher (H),reporting researcher (F),reported researcher (H),3 = neither honest nor dishonest,2 = somewhat insincere,4 = somewhat ethical,2 = somewhat unlikeable,3 = neither approachable nor unapproachable,2 = somewhat confident the findings are false,2 = somewhat dishonest,4 = somewhat sincere,3 = neither ethical nor unethical,3 = neither likeable nor unlikeable,4 = somewhat approachable,reported researcher (X),reporting researcher (Y),neither reported (X) nor reporting researcher (Y),neither reported (X) nor reporting researcher (Y),neither reported (X) nor reporting researcher (Y),reported researcher (X),neither reported (X) nor reporting researcher (Y),neither reported (X) nor reporting researcher (Y),neither reported (X) nor reporting researcher (Y),Somewhat disagree,No,White,,Man,,High School Diploma or GED,Lean Conservative,Heterosexual/straight,,19,Catholicism,,complete,,81193,0,0,,0,
3/23/2026 20:06,3/23/2026 20:28,IP Address,100,1313,TRUE,3/23/2026 20:28,R_7fL0f7vnNvs4dsl,anonymous,EN,1,"Yes, I consent",3 = neither honest nor dishonest,3 = neither sincere nor insincere,3 = neither ethical nor unethical,4 = somewhat likeable,4 = somewhat approachable,3 = could go either way,4 = somewhat honest,4 = somewhat sincere,5 = very ethical,4 = somewhat likeable,4 = somewhat approachable,reporting researcher (S),neither reported (K) nor reporting researcher (S),neither reported (K) nor reporting researcher (S),neither reported (K) nor reporting researcher (S),neither reported (K) nor reporting researcher (S),reporting researcher (S),reported researcher (K),reporting researcher (S),neither reported (K) nor reporting researcher (S),2 = somewhat dishonest,2 = somewhat insincere,2 = somewhat unethical,3 = neither likeable nor unlikeable,3 = neither approachable nor unapproachable,3 = could go either way,4 = somewhat honest,3 = neither sincere nor insincere,3 = neither ethical nor unethical,3 = neither likeable nor unlikeable,4 = somewhat approachable,reported researcher (H),reported researcher (H),reported researcher (H),reported researcher (H),reported researcher (H),reported researcher (H),neither reported (H) nor reporting researcher (F),reported researcher (H),reported researcher (H),4 = somewhat honest,4 = somewhat sincere,3 = neither ethical nor unethical,3 = neither likeable nor unlikeable,4 = somewhat approachable,3 = could go either way,3 = neither honest nor dishonest,3 = neither sincere nor insincere,3 = neither ethical nor unethical,3 = neither likeable nor unlikeable,3 = neither approachable nor unapproachable,reported researcher (X),neither reported (X) nor reporting researcher (Y),reported researcher (X),neither reported (X) nor reporting researcher (Y),reported researcher (X),neither reported (X) nor reporting researcher (Y),reported researcher (X),neither reported (X) nor reporting researcher (Y),reported researcher (X),Strongly agree,No,White,,Woman,,High School Diploma or GED,,Heterosexual/straight,,19,Protestantism (Christian),,complete,,81911,0,0,,0.014285714285714285,QID1219732974
3/23/2026 21:20,3/23/2026 21:35,IP Address,100,882,TRUE,3/23/2026 21:35,R_3QYiVPl4wTlDoXA,anonymous,EN,1,"Yes, I consent",2 = somewhat dishonest,4 = somewhat sincere,2 = somewhat unethical,2 = somewhat unlikeable,2 = somewhat unapproachable,2 = somewhat confident the findings are false,5 = very honest,4 = somewhat sincere,4 = somewhat ethical,5 = very likeable,4 = somewhat approachable,reporting researcher (S),reporting researcher (S),reported researcher (K),reporting researcher (S),reporting researcher (S),reporting researcher (S),reported researcher (K),reporting researcher (S),reported researcher (K),1 = very dishonest,2 = somewhat insincere,1 = very unethical,2 = somewhat unlikeable,2 = somewhat unapproachable,2 = somewhat confident the findings are false,5 = very honest,4 = somewhat sincere,5 = very ethical,5 = very likeable,4 = somewhat approachable,reporting researcher (F),reporting researcher (F),reported researcher (H),reporting researcher (F),reporting researcher (F),reporting researcher (F),reported researcher (H),reporting researcher (F),reported researcher (H),1 = very dishonest,1 = very insincere,1 = very unethical,1 = very unlikeable,2 = somewhat unapproachable,1 = very confident the findings are false,5 = very honest,4 = somewhat sincere,5 = very ethical,4 = somewhat likeable,4 = somewhat approachable,reporting researcher (Y),reporting researcher (Y),reporting researcher (Y),reporting researcher (Y),reporting researcher (Y),reporting researcher (Y),neither reported (X) nor reporting researcher (Y),reporting researcher (Y),reporting researcher (Y),Somewhat disagree,No,White,,Woman,,High School Diploma or GED,Strongly Liberal,Bisexual,,18,Catholicism,,complete,,80946,0,0,,0,
3/24/2026 3:01,3/24/2026 3:11,IP Address,100,613,TRUE,3/24/2026 3:11,R_3LFJ9iiOSaZzju9,anonymous,EN,1,"Yes, I consent",3 = neither honest nor dishonest,3 = neither sincere nor insincere,3 = neither ethical nor unethical,3 = neither likeable nor unlikeable,3 = neither approachable nor unapproachable,3 = could go either way,5 = very honest,5 = very sincere,4 = somewhat ethical,4 = somewhat likeable,4 = somewhat approachable,neither reported (K) nor reporting researcher (S),reporting researcher (S),neither reported (K) nor reporting researcher (S),reported researcher (K),reporting researcher (S),reporting researcher (S),reported researcher (K),reporting researcher (S),reporting researcher (S),2 = somewhat dishonest,3 = neither sincere nor insincere,1 = very unethical,3 = neither likeable nor unlikeable,3 = neither approachable nor unapproachable,3 = could go either way,5 = very honest,5 = very sincere,5 = very ethical,5 = very likeable,3 = neither approachable nor unapproachable,neither reported (H) nor reporting researcher (F),reporting researcher (F),reported researcher (H),reporting researcher (F),reporting researcher (F),reporting researcher (F),reporting researcher (F),reporting researcher (F),reporting researcher (F),1 = very dishonest,1 = very insincere,1 = very unethical,1 = very unlikeable,3 = neither approachable nor unapproachable,1 = very confident the findings are false,5 = very honest,5 = very sincere,5 = very ethical,5 = very likeable,3 = neither approachable nor unapproachable,reporting researcher (Y),reporting researcher (Y),reporting researcher (Y),reporting researcher (Y),reporting researcher (Y),reporting researcher (Y),reporting researcher (Y),reporting researcher (Y),reporting researcher (Y),Somewhat disagree,No,Black or African-American,,Man,,Some college credit or technical school degree,Liberal,Heterosexual/straight,,19,Protestantism (Christian),,complete,,81335,0,0,,0,
3/24/2026 11:37,3/24/2026 11:46,IP Address,100,561,TRUE,3/24/2026 11:46,R_2c0nmNLlfPZm7sq,anonymous,EN,1,"Yes, I consent",2 = somewhat dishonest,3 = neither sincere nor insincere,2 = somewhat unethical,2 = somewhat unlikeable,3 = neither approachable nor unapproachable,3 = could go either way,5 = very honest,4 = somewhat sincere,5 = very ethical,4 = somewhat likeable,4 = somewhat approachable,reporting researcher (S),reporting researcher (S),neither reported (K) nor reporting researcher (S),reporting researcher (S),reporting researcher (S),reporting researcher (S),neither reported (K) nor reporting researcher (S),reporting researcher (S),reporting researcher (S),1 = very dishonest,1 = very insincere,2 = somewhat unethical,2 = somewhat unlikeable,2 = somewhat unapproachable,1 = very confident the findings are false,5 = very honest,4 = somewhat sincere,5 = very ethical,5 = very likeable,4 = somewhat approachable,reporting researcher (F),reporting researcher (F),neither reported (H) nor reporting researcher (F),reporting researcher (F),reporting researcher (F),reporting researcher (F),neither reported (H) nor reporting researcher (F),reporting researcher (F),reporting researcher (F),1 = very dishonest,1 = very insincere,1 = very unethical,1 = very unlikeable,2 = somewhat unapproachable,1 = very confident the findings are false,5 = very honest,5 = very sincere,5 = very ethical,5 = very likeable,5 = very approachable,reporting researcher (Y),reporting researcher (Y),neither reported (X) nor reporting researcher (Y),reporting researcher (Y),reporting researcher (Y),reporting researcher (Y),reporting researcher (Y),reporting researcher (Y),reporting researcher (Y),Somewhat disagree,No,White,,Woman,,Some college credit or technical school degree,Conservative,Heterosexual/straight,,18,Catholicism,,complete,,81350,0,0,,0,
3/24/2026 11:41,3/24/2026 11:48,IP Address,100,439,TRUE,3/24/2026 11:48,R_6PX3bzrAmd5fKEo,anonymous,EN,1,"Yes, I consent",4 = somewhat honest,4 = somewhat sincere,4 = somewhat ethical,4 = somewhat likeable,4 = somewhat approachable,3 = could go either way,4 = somewhat honest,4 = somewhat sincere,3 = neither ethical nor unethical,2 = somewhat unlikeable,2 = somewhat unapproachable,reported researcher (K),reported researcher (K),reported researcher (K),reported researcher (K),neither reported (K) nor reporting researcher (S),neither reported (K) nor reporting researcher (S),reported researcher (K),reported researcher (K),reported researcher (K),2 = somewhat dishonest,2 = somewhat insincere,1 = very unethical,4 = somewhat likeable,4 = somewhat approachable,1 = very confident the findings are false,4 = somewhat honest,4 = somewhat sincere,3 = neither ethical nor unethical,4 = somewhat likeable,4 = somewhat approachable,neither reported (H) nor reporting researcher (F),reporting researcher (F),neither reported (H) nor reporting researcher (F),neither reported (H) nor reporting researcher (F),neither reported (H) nor reporting researcher (F),reporting researcher (F),reporting researcher (F),reporting researcher (F),reporting researcher (F),1 = very dishonest,1 = very insincere,1 = very unethical,3 = neither likeable nor unlikeable,3 = neither approachable nor unapproachable,1 = very confident the findings are false,4 = somewhat honest,4 = somewhat sincere,4 = somewhat ethical,3 = neither likeable nor unlikeable,3 = neither approachable nor unapproachable,neither reported (X) nor reporting researcher (Y),reporting researcher (Y),neither reported (X) nor reporting researcher (Y),neither reported (X) nor reporting researcher (Y),neither reported (X) nor reporting researcher (Y),reporting researcher (Y),reporting researcher (Y),reporting researcher (Y),reporting researcher (Y),Somewhat disagree,No,White,,Man,,High School Diploma or GED,Strongly Conservative,Heterosexual/straight,,19,Protestantism (Christian),,complete,,81003,0,0,,0,
3/24/2026 13:03,3/24/2026 13:13,IP Address,100,563,TRUE,3/24/2026 13:13,R_7QZ3mRTKETuTVL3,anonymous,EN,1,"Yes, I consent",2 = somewhat dishonest,2 = somewhat insincere,2 = somewhat unethical,1 = very unlikeable,3 = neither approachable nor unapproachable,1 = very confident the findings are false,5 = very honest,4 = somewhat sincere,5 = very ethical,4 = somewhat likeable,3 = neither approachable nor unapproachable,reporting researcher (S),reporting researcher (S),neither reported (K) nor reporting researcher (S),reporting researcher (S),reporting researcher (S),reporting researcher (S),neither reported (K) nor reporting researcher (S),reporting researcher (S),reporting researcher (S),1 = very dishonest,1 = very insincere,1 = very unethical,1 = very unlikeable,3 = neither approachable nor unapproachable,1 = very confident the findings are false,5 = very honest,5 = very sincere,5 = very ethical,5 = very likeable,4 = somewhat approachable,reporting researcher (F),reporting researcher (F),reporting researcher (F),reporting researcher (F),reporting researcher (F),reporting researcher (F),reported researcher (H),reporting researcher (F),neither reported (H) nor reporting researcher (F),1 = very dishonest,1 = very insincere,1 = very unethical,1 = very unlikeable,1 = very unapproachable,1 = very confident the findings are false,5 = very honest,5 = very sincere,5 = very ethical,5 = very likeable,3 = neither approachable nor unapproachable,reporting researcher (Y),reporting researcher (Y),reporting researcher (Y),reporting researcher (Y),reporting researcher (Y),reporting researcher (Y),reporting researcher (Y),neither reported (X) nor reporting researcher (Y),reported researcher (X),Somewhat disagree,No,White,,Woman,,Some college credit or technical school degree,Centrist,Heterosexual/straight,,20,Not Affiliated,,complete,,82061,0,0,,0,
3/24/2026 13:21,3/24/2026 13:25,IP Address,100,186,TRUE,3/24/2026 13:25,R_1Lj1Q9GZdAb7FRm,anonymous,EN,1,"Yes, I consent",3 = neither honest nor dishonest,3 = neither sincere nor insincere,3 = neither ethical nor unethical,3 = neither likeable nor unlikeable,3 = neither approachable nor unapproachable,3 = could go either way,3 = neither honest nor dishonest,3 = neither sincere nor insincere,3 = neither ethical nor unethical,3 = neither likeable nor unlikeable,3 = neither approachable nor unapproachable,neither reported (K) nor reporting researcher (S),neither reported (K) nor reporting researcher (S),neither reported (K) nor reporting researcher (S),neither reported (K) nor reporting researcher (S),neither reported (K) nor reporting researcher (S),neither reported (K) nor reporting researcher (S),neither reported (K) nor reporting researcher (S),neither reported (K) nor reporting researcher (S),neither reported (K) nor reporting researcher (S),3 = neither honest nor dishonest,3 = neither sincere nor insincere,3 = neither ethical nor unethical,3 = neither likeable nor unlikeable,3 = neither approachable nor unapproachable,3 = could go either way,3 = neither honest nor dishonest,3 = neither sincere nor insincere,3 = neither ethical nor unethical,3 = neither likeable nor unlikeable,3 = neither approachable nor unapproachable,neither reported (H) nor reporting researcher (F),neither reported (H) nor reporting researcher (F),neither reported (H) nor reporting researcher (F),neither reported (H) nor reporting researcher (F),neither reported (H) nor reporting researcher (F),neither reported (H) nor reporting researcher (F),neither reported (H) nor reporting researcher (F),neither reported (H) nor reporting researcher (F),neither reported (H) nor reporting researcher (F),3 = neither honest nor dishonest,3 = neither sincere nor insincere,3 = neither ethical nor unethical,3 = neither likeable nor unlikeable,3 = neither approachable nor unapproachable,3 = could go either way,3 = neither honest nor dishonest,3 = neither sincere nor insincere,3 = neither ethical nor unethical,3 = neither likeable nor unlikeable,3 = neither approachable nor unapproachable,neither reported (X) nor reporting researcher (Y),neither reported (X) nor reporting researcher (Y),neither reported (X) nor reporting researcher (Y),neither reported (X) nor reporting researcher (Y),neither reported (X) nor reporting researcher (Y),neither reported (X) nor reporting researcher (Y),neither reported (X) nor reporting researcher (Y),neither reported (X) nor reporting researcher (Y),neither reported (X) nor reporting researcher (Y),Neither agree nor disagree,No,White,,Woman,,Bachelor’s Degree,Conservative,Heterosexual/straight,,19,Protestantism (Christian),,complete,,81137,0,0,,0,
3/24/2026 14:25,3/24/2026 14:32,IP Address,100,373,TRUE,3/24/2026 14:32,R_57amo4qLOUzNcMq,anonymous,EN,1,"Yes, I consent",3 = neither honest nor dishonest,3 = neither sincere nor insincere,3 = neither ethical nor unethical,3 = neither likeable nor unlikeable,3 = neither approachable nor unapproachable,3 = could go either way,3 = neither honest nor dishonest,3 = neither sincere nor insincere,3 = neither ethical nor unethical,3 = neither likeable nor unlikeable,3 = neither approachable nor unapproachable,neither reported (K) nor reporting researcher (S),neither reported (K) nor reporting researcher (S),neither reported (K) nor reporting researcher (S),neither reported (K) nor reporting researcher (S),neither reported (K) nor reporting researcher (S),neither reported (K) nor reporting researcher (S),neither reported (K) nor reporting researcher (S),neither reported (K) nor reporting researcher (S),neither reported (K) nor reporting researcher (S),3 = neither honest nor dishonest,3 = neither sincere nor insincere,3 = neither ethical nor unethical,3 = neither likeable nor unlikeable,3 = neither approachable nor unapproachable,3 = could go either way,3 = neither honest nor dishonest,3 = neither sincere nor insincere,3 = neither ethical nor unethical,3 = neither likeable nor unlikeable,3 = neither approachable nor unapproachable,neither reported (H) nor reporting researcher (F),neither reported (H) nor reporting researcher (F),neither reported (H) nor reporting researcher (F),neither reported (H) nor reporting researcher (F),neither reported (H) nor reporting researcher (F),neither reported (H) nor reporting researcher (F),neither reported (H) nor reporting researcher (F),neither reported (H) nor reporting researcher (F),neither reported (H) nor reporting researcher (F),3 = neither honest nor dishonest,3 = neither sincere nor insincere,3 = neither ethical nor unethical,3 = neither likeable nor unlikeable,3 = neither approachable nor unapproachable,3 = could go either way,3 = neither honest nor dishonest,3 = neither sincere nor insincere,3 = neither ethical nor unethical,3 = neither likeable nor unlikeable,3 = neither approachable nor unapproachable,neither reported (X) nor reporting researcher (Y),neither reported (X) nor reporting researcher (Y),neither reported (X) nor reporting researcher (Y),neither reported (X) nor reporting researcher (Y),neither reported (X) nor reporting researcher (Y),neither reported (X) nor reporting researcher (Y),neither reported (X) nor reporting researcher (Y),neither reported (X) nor reporting researcher (Y),neither reported (X) nor reporting researcher (Y),Neither agree nor disagree,No,Other,black and white ,Woman,,Some college credit or technical school degree,Centrist,Heterosexual/straight,,19,Protestantism (Christian),,complete,,81974,0,0,,0,
3/24/2026 14:36,3/24/2026 14:41,IP Address,100,302,TRUE,3/24/2026 14:41,R_7ghIBjblHpSXkpF,anonymous,EN,1,"Yes, I consent",2 = somewhat dishonest,2 = somewhat insincere,1 = very unethical,2 = somewhat unlikeable,3 = neither approachable nor unapproachable,3 = could go either way,5 = very honest,2 = somewhat insincere,4 = somewhat ethical,4 = somewhat likeable,4 = somewhat approachable,reporting researcher (S),reporting researcher (S),reporting researcher (S),reporting researcher (S),reporting researcher (S),reporting researcher (S),reported researcher (K),reported researcher (K),reported researcher (K),2 = somewhat dishonest,2 = somewhat insincere,2 = somewhat unethical,2 = somewhat unlikeable,3 = neither approachable nor unapproachable,2 = somewhat confident the findings are false,5 = very honest,4 = somewhat sincere,5 = very ethical,5 = very likeable,3 = neither approachable nor unapproachable,reporting researcher (F),reporting researcher (F),neither reported (H) nor reporting researcher (F),reporting researcher (F),reporting researcher (F),reporting researcher (F),reported researcher (H),reported researcher (H),reporting researcher (F),1 = very dishonest,1 = very insincere,1 = very unethical,1 = very unlikeable,3 = neither approachable nor unapproachable,1 = very confident the findings are false,5 = very honest,5 = very sincere,5 = very ethical,5 = very likeable,3 = neither approachable nor unapproachable,reporting researcher (Y),reporting researcher (Y),reported researcher (X),reporting researcher (Y),reporting researcher (Y),reporting researcher (Y),reported researcher (X),reported researcher (X),reporting researcher (Y),Somewhat disagree,No,White,,Woman,,Some college credit or technical school degree,Lean Liberal,Heterosexual/straight,,18,Catholicism,,complete,,81267,0,0,,0,
3/24/2026 17:19,3/24/2026 17:26,IP Address,100,457,TRUE,3/24/2026 17:26,R_5q9kY5jGz9377Yt,anonymous,EN,1,"Yes, I consent",3 = neither honest nor dishonest,3 = neither sincere nor insincere,3 = neither ethical nor unethical,4 = somewhat likeable,3 = neither approachable nor unapproachable,3 = could go either way,5 = very honest,5 = very sincere,5 = very ethical,5 = very likeable,4 = somewhat approachable,reporting researcher (S),reporting researcher (S),neither reported (K) nor reporting researcher (S),reporting researcher (S),reporting researcher (S),reporting researcher (S),neither reported (K) nor reporting researcher (S),reporting researcher (S),neither reported (K) nor reporting researcher (S),1 = very dishonest,1 = very insincere,1 = very unethical,1 = very unlikeable,1 = very unapproachable,1 = very confident the findings are false,5 = very honest,5 = very sincere,5 = very ethical,5 = very likeable,5 = very approachable,reporting researcher (F),reporting researcher (F),neither reported (H) nor reporting researcher (F),reporting researcher (F),reporting researcher (F),reporting researcher (F),neither reported (H) nor reporting researcher (F),reporting researcher (F),reporting researcher (F),1 = very dishonest,2 = somewhat insincere,1 = very unethical,2 = somewhat unlikeable,3 = neither approachable nor unapproachable,3 = could go either way,5 = very honest,4 = somewhat sincere,4 = somewhat ethical,4 = somewhat likeable,3 = neither approachable nor unapproachable,reporting researcher (Y),reporting researcher (Y),neither reported (X) nor reporting researcher (Y),reporting researcher (Y),reporting researcher (Y),neither reported (X) nor reporting researcher (Y),neither reported (X) nor reporting researcher (Y),reporting researcher (Y),reporting researcher (Y),Somewhat disagree,No,White,,Woman,,Some college credit or technical school degree,Lean Conservative,Heterosexual/straight,,18,Protestantism (Christian),,complete,,81535,0,0,,0,
3/24/2026 17:31,3/24/2026 17:39,IP Address,100,531,TRUE,3/24/2026 17:39,R_5WZDcf0mJxpqtC9,anonymous,EN,1,"Yes, I consent",2 = somewhat dishonest,2 = somewhat insincere,2 = somewhat unethical,2 = somewhat unlikeable,2 = somewhat unapproachable,2 = somewhat confident the findings are false,5 = very honest,5 = very sincere,5 = very ethical,5 = very likeable,4 = somewhat approachable,reporting researcher (S),reporting researcher (S),neither reported (K) nor reporting researcher (S),reporting researcher (S),reporting researcher (S),reporting researcher (S),reporting researcher (S),reporting researcher (S),reporting researcher (S),1 = very dishonest,1 = very insincere,1 = very unethical,1 = very unlikeable,3 = neither approachable nor unapproachable,1 = very confident the findings are false,5 = very honest,5 = very sincere,5 = very ethical,5 = very likeable,3 = neither approachable nor unapproachable,neither reported (H) nor reporting researcher (F),reporting researcher (F),neither reported (H) nor reporting researcher (F),reporting researcher (F),reporting researcher (F),reporting researcher (F),reporting researcher (F),reporting researcher (F),reporting researcher (F),1 = very dishonest,3 = neither sincere nor insincere,5 = very ethical,5 = very likeable,3 = neither approachable nor unapproachable,1 = very confident the findings are false,5 = very honest,5 = very sincere,5 = very ethical,5 = very likeable,2 = somewhat unapproachable,neither reported (X) nor reporting researcher (Y),reporting researcher (Y),neither reported (X) nor reporting researcher (Y),reporting researcher (Y),reporting researcher (Y),reporting researcher (Y),reported researcher (X),reporting researcher (Y),reporting researcher (Y),Somewhat disagree,No,White,,Woman,,High School Diploma or GED,Centrist,Heterosexual/straight,,19,Catholicism,,complete,,81259,0,0,,0,
3/24/2026 17:18,3/24/2026 17:43,IP Address,100,1474,TRUE,3/24/2026 17:43,R_5KQ23mlpSPjwWt6,anonymous,EN,1,"Yes, I consent",3 = neither honest nor dishonest,3 = neither sincere nor insincere,3 = neither ethical nor unethical,3 = neither likeable nor unlikeable,3 = neither approachable nor unapproachable,2 = somewhat confident the findings are false,5 = very honest,1 = very insincere,1 = very unethical,4 = somewhat likeable,4 = somewhat approachable,neither reported (K) nor reporting researcher (S),reporting researcher (S),reporting researcher (S),reporting researcher (S),reporting researcher (S),reporting researcher (S),reported researcher (K),reporting researcher (S),reporting researcher (S),1 = very dishonest,1 = very insincere,1 = very unethical,1 = very unlikeable,3 = neither approachable nor unapproachable,1 = very confident the findings are false,5 = very honest,5 = very sincere,5 = very ethical,5 = very likeable,3 = neither approachable nor unapproachable,reporting researcher (F),reporting researcher (F),neither reported (H) nor reporting researcher (F),reporting researcher (F),reporting researcher (F),reporting researcher (F),neither reported (H) nor reporting researcher (F),reporting researcher (F),reporting researcher (F),2 = somewhat dishonest,2 = somewhat insincere,2 = somewhat unethical,1 = very unlikeable,4 = somewhat approachable,1 = very confident the findings are false,3 = neither honest nor dishonest,3 = neither sincere nor insincere,4 = somewhat ethical,4 = somewhat likeable,2 = somewhat unapproachable,reporting researcher (Y),reporting researcher (Y),reported researcher (X),reported researcher (X),reporting researcher (Y),reported researcher (X),reporting researcher (Y),reported researcher (X),reporting researcher (Y),Somewhat disagree,No,Black or African-American,,Woman,,High School Diploma or GED,Strongly Conservative,Heterosexual/straight,,18,Protestantism (Christian),,complete,,82043,0,0,,0,
3/24/2026 17:39,3/24/2026 17:50,IP Address,100,628,TRUE,3/24/2026 17:50,R_3wBGPXnrpyIP7Mm,anonymous,EN,1,"Yes, I consent",3 = neither honest nor dishonest,3 = neither sincere nor insincere,3 = neither ethical nor unethical,2 = somewhat unlikeable,3 = neither approachable nor unapproachable,2 = somewhat confident the findings are false,5 = very honest,5 = very sincere,5 = very ethical,5 = very likeable,5 = very approachable,reporting researcher (S),reporting researcher (S),reporting researcher (S),neither reported (K) nor reporting researcher (S),neither reported (K) nor reporting researcher (S),reporting researcher (S),reporting researcher (S),reporting researcher (S),reporting researcher (S),1 = very dishonest,1 = very insincere,1 = very unethical,1 = very unlikeable,1 = very unapproachable,1 = very confident the findings are false,5 = very honest,5 = very sincere,5 = very ethical,5 = very likeable,5 = very approachable,reporting researcher (F),reporting researcher (F),neither reported (H) nor reporting researcher (F),neither reported (H) nor reporting researcher (F),neither reported (H) nor reporting researcher (F),reporting researcher (F),reporting researcher (F),reporting researcher (F),reporting researcher (F),1 = very dishonest,1 = very insincere,1 = very unethical,1 = very unlikeable,1 = very unapproachable,1 = very confident the findings are false,5 = very honest,5 = very sincere,5 = very ethical,5 = very likeable,5 = very approachable,reporting researcher (Y),reporting researcher (Y),reporting researcher (Y),neither reported (X) nor reporting researcher (Y),neither reported (X) nor reporting researcher (Y),reporting researcher (Y),reporting researcher (Y),reporting researcher (Y),reporting researcher (Y),Somewhat disagree,No,Black or African-American,,Woman,,Some college credit or technical school degree,Centrist,Heterosexual/straight,,19,Other,Christian,complete,,81792,0,0,,0,
3/24/2026 19:15,3/24/2026 19:19,IP Address,100,190,TRUE,3/24/2026 19:19,R_7HDbwAPvwVooYuZ,anonymous,EN,1,"Yes, I consent",3 = neither honest nor dishonest,3 = neither sincere nor insincere,3 = neither ethical nor unethical,3 = neither likeable nor unlikeable,3 = neither approachable nor unapproachable,3 = could go either way,3 = neither honest nor dishonest,3 = neither sincere nor insincere,3 = neither ethical nor unethical,3 = neither likeable nor unlikeable,3 = neither approachable nor unapproachable,neither reported (K) nor reporting researcher (S),neither reported (K) nor reporting researcher (S),neither reported (K) nor reporting researcher (S),neither reported (K) nor reporting researcher (S),neither reported (K) nor reporting researcher (S),neither reported (K) nor reporting researcher (S),neither reported (K) nor reporting researcher (S),neither reported (K) nor reporting researcher (S),neither reported (K) nor reporting researcher (S),3 = neither honest nor dishonest,3 = neither sincere nor insincere,3 = neither ethical nor unethical,3 = neither likeable nor unlikeable,3 = neither approachable nor unapproachable,3 = could go either way,3 = neither honest nor dishonest,3 = neither sincere nor insincere,3 = neither ethical nor unethical,3 = neither likeable nor unlikeable,3 = neither approachable nor unapproachable,neither reported (H) nor reporting researcher (F),neither reported (H) nor reporting researcher (F),neither reported (H) nor reporting researcher (F),neither reported (H) nor reporting researcher (F),neither reported (H) nor reporting researcher (F),neither reported (H) nor reporting researcher (F),reporting researcher (F),reported researcher (H),reporting researcher (F),3 = neither honest nor dishonest,2 = somewhat insincere,4 = somewhat ethical,2 = somewhat unlikeable,1 = very unapproachable,5 = very confident the findings are true,5 = very honest,2 = somewhat insincere,1 = very unethical,3 = neither likeable nor unlikeable,3 = neither approachable nor unapproachable,neither reported (X) nor reporting researcher (Y),neither reported (X) nor reporting researcher (Y),reported researcher (X),reported researcher (X),neither reported (X) nor reporting researcher (Y),neither reported (X) nor reporting researcher (Y),neither reported (X) nor reporting researcher (Y),neither reported (X) nor reporting researcher (Y),neither reported (X) nor reporting researcher (Y),Somewhat disagree,No,White,,Man,,Some college credit or technical school degree,Centrist,Heterosexual/straight,,19,Protestantism (Christian),,complete,,82023,0,0,,0,
3/25/2026 11:29,3/25/2026 11:37,IP Address,100,470,TRUE,3/25/2026 11:37,R_7jv8PCBKfQr7bxb,anonymous,EN,1,"Yes, I consent",3 = neither honest nor dishonest,3 = neither sincere nor insincere,3 = neither ethical nor unethical,3 = neither likeable nor unlikeable,3 = neither approachable nor unapproachable,1 = very confident the findings are false,3 = neither honest nor dishonest,1 = very insincere,2 = somewhat unethical,5 = very likeable,4 = somewhat approachable,neither reported (K) nor reporting researcher (S),neither reported (K) nor reporting researcher (S),reporting researcher (S),reporting researcher (S),reported researcher (K),neither reported (K) nor reporting researcher (S),reporting researcher (S),neither reported (K) nor reporting researcher (S),reporting researcher (S),1 = very dishonest,3 = neither sincere nor insincere,1 = very unethical,1 = very unlikeable,2 = somewhat unapproachable,1 = very confident the findings are false,5 = very honest,4 = somewhat sincere,5 = very ethical,5 = very likeable,5 = very approachable,reporting researcher (F),reporting researcher (F),reported researcher (H),reporting researcher (F),reporting researcher (F),reporting researcher (F),reporting researcher (F),reporting researcher (F),reporting researcher (F),1 = very dishonest,1 = very insincere,1 = very unethical,1 = very unlikeable,1 = very unapproachable,1 = very confident the findings are false,5 = very honest,5 = very sincere,5 = very ethical,5 = very likeable,5 = very approachable,reporting researcher (Y),reporting researcher (Y),reported researcher (X),reporting researcher (Y),reporting researcher (Y),reporting researcher (Y),reporting researcher (Y),reporting researcher (Y),reporting researcher (Y),Somewhat disagree,No,White,,Woman,,Bachelor’s Degree,Strongly Conservative,Heterosexual/straight,,19,Protestantism (Christian),,complete,,80963,0,0,,0,
3/25/2026 12:52,3/25/2026 13:00,IP Address,100,496,TRUE,3/25/2026 13:00,R_1ZINGpD76GbUBSV,anonymous,EN,1,"Yes, I consent",2 = somewhat dishonest,2 = somewhat insincere,2 = somewhat unethical,2 = somewhat unlikeable,3 = neither approachable nor unapproachable,4 = somewhat confident the findings are true,5 = very honest,5 = very sincere,5 = very ethical,5 = very likeable,3 = neither approachable nor unapproachable,neither reported (K) nor reporting researcher (S),reporting researcher (S),neither reported (K) nor reporting researcher (S),reporting researcher (S),reporting researcher (S),reporting researcher (S),neither reported (K) nor reporting researcher (S),reporting researcher (S),reporting researcher (S),1 = very dishonest,1 = very insincere,1 = very unethical,2 = somewhat unlikeable,3 = neither approachable nor unapproachable,3 = could go either way,5 = very honest,5 = very sincere,5 = very ethical,5 = very likeable,3 = neither approachable nor unapproachable,neither reported (H) nor reporting researcher (F),reporting researcher (F),neither reported (H) nor reporting researcher (F),reporting researcher (F),reporting researcher (F),reporting researcher (F),reporting researcher (F),reporting researcher (F),reporting researcher (F),1 = very dishonest,1 = very insincere,1 = very unethical,2 = somewhat unlikeable,3 = neither approachable nor unapproachable,1 = very confident the findings are false,5 = very honest,5 = very sincere,5 = very ethical,4 = somewhat likeable,3 = neither approachable nor unapproachable,neither reported (X) nor reporting researcher (Y),reporting researcher (Y),neither reported (X) nor reporting researcher (Y),reporting researcher (Y),reporting researcher (Y),reporting researcher (Y),reporting researcher (Y),reporting researcher (Y),reporting researcher (Y),Somewhat disagree,No,White,,Woman,,Some college credit or technical school degree,Centrist,Heterosexual/straight,,20,Protestantism (Christian),,complete,,81522,0,0,,0,
3/25/2026 12:53,3/25/2026 13:16,IP Address,100,1387,TRUE,3/25/2026 13:16,R_7fkrDUzKaWSZCwn,anonymous,EN,1,"Yes, I consent",4 = somewhat honest,4 = somewhat sincere,4 = somewhat ethical,4 = somewhat likeable,3 = neither approachable nor unapproachable,4 = somewhat confident the findings are true,4 = somewhat honest,5 = very sincere,5 = very ethical,4 = somewhat likeable,3 = neither approachable nor unapproachable,neither reported (K) nor reporting researcher (S),reporting researcher (S),neither reported (K) nor reporting researcher (S),reporting researcher (S),reporting researcher (S),neither reported (K) nor reporting researcher (S),reported researcher (K),reporting researcher (S),reporting researcher (S),1 = very dishonest,2 = somewhat insincere,1 = very unethical,2 = somewhat unlikeable,1 = very unapproachable,2 = somewhat confident the findings are false,4 = somewhat honest,5 = very sincere,5 = very ethical,5 = very likeable,4 = somewhat approachable,neither reported (H) nor reporting researcher (F),reporting researcher (F),neither reported (H) nor reporting researcher (F),reporting researcher (F),reporting researcher (F),reporting researcher (F),reported researcher (H),reporting researcher (F),reporting researcher (F),1 = very dishonest,2 = somewhat insincere,1 = very unethical,2 = somewhat unlikeable,3 = neither approachable nor unapproachable,2 = somewhat confident the findings are false,4 = somewhat honest,5 = very sincere,5 = very ethical,4 = somewhat likeable,3 = neither approachable nor unapproachable,neither reported (X) nor reporting researcher (Y),reporting researcher (Y),neither reported (X) nor reporting researcher (Y),reporting researcher (Y),reporting researcher (Y),neither reported (X) nor reporting researcher (Y),reported researcher (X),neither reported (X) nor reporting researcher (Y),reporting researcher (Y),Somewhat disagree,No,Asian or Asian-American,,Woman,,High School Diploma or GED,Lean Conservative,Heterosexual/straight,,19,Catholicism,,complete,,81433,0,0,,0,
3/25/2026 12:46,3/25/2026 13:18,IP Address,100,1936,TRUE,3/25/2026 13:18,R_7UhImzNQ8M8tt6Y,anonymous,EN,1,"Yes, I consent",1 = very dishonest,2 = somewhat insincere,2 = somewhat unethical,1 = very unlikeable,2 = somewhat unapproachable,2 = somewhat confident the findings are false,5 = very honest,4 = somewhat sincere,4 = somewhat ethical,4 = somewhat likeable,4 = somewhat approachable,reporting researcher (S),reporting researcher (S),reported researcher (K),reporting researcher (S),reporting researcher (S),reported researcher (K),reported researcher (K),reporting researcher (S),reporting researcher (S),1 = very dishonest,1 = very insincere,1 = very unethical,1 = very unlikeable,1 = very unapproachable,1 = very confident the findings are false,4 = somewhat honest,4 = somewhat sincere,4 = somewhat ethical,4 = somewhat likeable,4 = somewhat approachable,reporting researcher (F),reporting researcher (F),reporting researcher (F),reporting researcher (F),reporting researcher (F),reported researcher (H),reporting researcher (F),reporting researcher (F),reporting researcher (F),1 = very dishonest,2 = somewhat insincere,1 = very unethical,2 = somewhat unlikeable,2 = somewhat unapproachable,3 = could go either way,5 = very honest,4 = somewhat sincere,4 = somewhat ethical,4 = somewhat likeable,5 = very approachable,reporting researcher (Y),reporting researcher (Y),reporting researcher (Y),reporting researcher (Y),reporting researcher (Y),reported researcher (X),reporting researcher (Y),reporting researcher (Y),reporting researcher (Y),Somewhat disagree,No,White,,Woman,,High School Diploma or GED,Strongly Conservative,Heterosexual/straight,,18,Protestantism (Christian),,complete,,81163,0,0,,0,
3/25/2026 14:16,3/25/2026 14:26,IP Address,100,576,TRUE,3/25/2026 14:26,R_31FXaCQ6zp7dt4Q,anonymous,EN,1,"Yes, I consent",4 = somewhat honest,2 = somewhat insincere,3 = neither ethical nor unethical,3 = neither likeable nor unlikeable,2 = somewhat unapproachable,3 = could go either way,5 = very honest,5 = very sincere,5 = very ethical,4 = somewhat likeable,5 = very approachable,reporting researcher (S),reporting researcher (S),reported researcher (K),reporting researcher (S),reporting researcher (S),reporting researcher (S),reported researcher (K),reporting researcher (S),reporting researcher (S),1 = very dishonest,1 = very insincere,1 = very unethical,1 = very unlikeable,4 = somewhat approachable,1 = very confident the findings are false,5 = very honest,4 = somewhat sincere,4 = somewhat ethical,4 = somewhat likeable,4 = somewhat approachable,reporting researcher (F),reporting researcher (F),reported researcher (H),reporting researcher (F),reporting researcher (F),reporting researcher (F),reporting researcher (F),reporting researcher (F),reporting researcher (F),1 = very dishonest,1 = very insincere,1 = very unethical,1 = very unlikeable,1 = very unapproachable,1 = very confident the findings are false,5 = very honest,4 = somewhat sincere,4 = somewhat ethical,3 = neither likeable nor unlikeable,4 = somewhat approachable,reporting researcher (Y),reporting researcher (Y),reported researcher (X),reporting researcher (Y),reporting researcher (Y),reporting researcher (Y),reporting researcher (Y),reporting researcher (Y),reporting researcher (Y),Somewhat disagree,Yes,White,,Woman,,Some college credit or technical school degree,Strongly Liberal,Heterosexual/straight,,19,Catholicism,,complete,,81968,0,0,,0,
3/25/2026 14:37,3/25/2026 14:42,IP Address,100,316,TRUE,3/25/2026 14:42,R_3fJBZeKpfJZ8CeR,anonymous,EN,1,"Yes, I consent",2 = somewhat dishonest,2 = somewhat insincere,2 = somewhat unethical,2 = somewhat unlikeable,3 = neither approachable nor unapproachable,4 = somewhat confident the findings are true,5 = very honest,3 = neither sincere nor insincere,5 = very ethical,4 = somewhat likeable,3 = neither approachable nor unapproachable,neither reported (K) nor reporting researcher (S),neither reported (K) nor reporting researcher (S),reported researcher (K),reporting researcher (S),reporting researcher (S),reporting researcher (S),reported researcher (K),reporting researcher (S),reporting researcher (S),1 = very dishonest,2 = somewhat insincere,1 = very unethical,3 = neither likeable nor unlikeable,2 = somewhat unapproachable,2 = somewhat confident the findings are false,5 = very honest,5 = very sincere,5 = very ethical,3 = neither likeable nor unlikeable,3 = neither approachable nor unapproachable,neither reported (H) nor reporting researcher (F),neither reported (H) nor reporting researcher (F),reported researcher (H),reporting researcher (F),reporting researcher (F),reporting researcher (F),reported researcher (H),reporting researcher (F),reporting researcher (F),1 = very dishonest,1 = very insincere,1 = very unethical,3 = neither likeable nor unlikeable,3 = neither approachable nor unapproachable,1 = very confident the findings are false,5 = very honest,5 = very sincere,5 = very ethical,3 = neither likeable nor unlikeable,3 = neither approachable nor unapproachable,reporting researcher (Y),reporting researcher (Y),reported researcher (X),reporting researcher (Y),reporting researcher (Y),reporting researcher (Y),neither reported (X) nor reporting researcher (Y),reporting researcher (Y),reporting researcher (Y),Somewhat disagree,No,Asian or Asian-American,,Woman,,Some college credit or technical school degree,Conservative,Heterosexual/straight,,18,Islam,,complete,,81181,0,0,,0,
3/25/2026 15:06,3/25/2026 15:13,IP Address,100,403,TRUE,3/25/2026 15:13,R_5QmI8OG0LYqAKyg,anonymous,EN,1,"Yes, I consent",4 = somewhat honest,4 = somewhat sincere,3 = neither ethical nor unethical,4 = somewhat likeable,4 = somewhat approachable,3 = could go either way,3 = neither honest nor dishonest,4 = somewhat sincere,2 = somewhat unethical,3 = neither likeable nor unlikeable,4 = somewhat approachable,reported researcher (K),neither reported (K) nor reporting researcher (S),reported researcher (K),neither reported (K) nor reporting researcher (S),reported researcher (K),reported researcher (K),reported researcher (K),neither reported (K) nor reporting researcher (S),neither reported (K) nor reporting researcher (S),2 = somewhat dishonest,3 = neither sincere nor insincere,2 = somewhat unethical,2 = somewhat unlikeable,3 = neither approachable nor unapproachable,2 = somewhat confident the findings are false,4 = somewhat honest,4 = somewhat sincere,4 = somewhat ethical,4 = somewhat likeable,3 = neither approachable nor unapproachable,neither reported (H) nor reporting researcher (F),reporting researcher (F),reporting researcher (F),neither reported (H) nor reporting researcher (F),reporting researcher (F),reporting researcher (F),neither reported (H) nor reporting researcher (F),reporting researcher (F),reporting researcher (F),1 = very dishonest,1 = very insincere,1 = very unethical,1 = very unlikeable,1 = very unapproachable,1 = very confident the findings are false,4 = somewhat honest,4 = somewhat sincere,5 = very ethical,4 = somewhat likeable,4 = somewhat approachable,reporting researcher (Y),reporting researcher (Y),reported researcher (X),reporting researcher (Y),reporting researcher (Y),reporting researcher (Y),reporting researcher (Y),reporting researcher (Y),reporting researcher (Y),Somewhat disagree,No,White,,Man,,Some college credit or technical school degree,Conservative,Heterosexual/straight,,21,Protestantism (Christian),,complete,,81920,0,0,,0,
3/25/2026 15:17,3/25/2026 15:21,IP Address,100,274,TRUE,3/25/2026 15:21,R_6EskN4EmxASrq0Z,anonymous,EN,1,"Yes, I consent",2 = somewhat dishonest,2 = somewhat insincere,3 = neither ethical nor unethical,3 = neither likeable nor unlikeable,2 = somewhat unapproachable,2 = somewhat confident the findings are false,4 = somewhat honest,4 = somewhat sincere,4 = somewhat ethical,4 = somewhat likeable,4 = somewhat approachable,reporting researcher (S),reporting researcher (S),neither reported (K) nor reporting researcher (S),reporting researcher (S),reporting researcher (S),reporting researcher (S),reporting researcher (S),reporting researcher (S),reporting researcher (S),1 = very dishonest,1 = very insincere,1 = very unethical,1 = very unlikeable,1 = very unapproachable,1 = very confident the findings are false,5 = very honest,5 = very sincere,5 = very ethical,5 = very likeable,5 = very approachable,reporting researcher (F),reporting researcher (F),reporting researcher (F),reporting researcher (F),reporting researcher (F),reporting researcher (F),reporting researcher (F),reporting researcher (F),reporting researcher (F),1 = very dishonest,1 = very insincere,1 = very unethical,1 = very unlikeable,1 = very unapproachable,1 = very confident the findings are false,5 = very honest,5 = very sincere,5 = very ethical,5 = very likeable,5 = very approachable,reporting researcher (Y),reporting researcher (Y),reporting researcher (Y),reporting researcher (Y),reporting researcher (Y),reporting researcher (Y),reporting researcher (Y),reporting researcher (Y),reporting researcher (Y),Somewhat disagree,No,White,,Woman,,Some college credit or technical school degree,Conservative,Heterosexual/straight,,19,Protestantism (Christian),,complete,,81411,0,0,,0,
3/25/2026 16:59,3/25/2026 17:04,IP Address,100,335,TRUE,3/25/2026 17:04,R_5JbWmZ3iqkbFgZz,anonymous,EN,1,"Yes, I consent",4 = somewhat honest,4 = somewhat sincere,3 = neither ethical nor unethical,3 = neither likeable nor unlikeable,3 = neither approachable nor unapproachable,3 = could go either way,5 = very honest,4 = somewhat sincere,3 = neither ethical nor unethical,3 = neither likeable nor unlikeable,3 = neither approachable nor unapproachable,reporting researcher (S),reporting researcher (S),neither reported (K) nor reporting researcher (S),neither reported (K) nor reporting researcher (S),neither reported (K) nor reporting researcher (S),reporting researcher (S),neither reported (K) nor reporting researcher (S),neither reported (K) nor reporting researcher (S),neither reported (K) nor reporting researcher (S),1 = very dishonest,1 = very insincere,1 = very unethical,1 = very unlikeable,1 = very unapproachable,1 = very confident the findings are false,4 = somewhat honest,4 = somewhat sincere,4 = somewhat ethical,3 = neither likeable nor unlikeable,4 = somewhat approachable,reporting researcher (F),reporting researcher (F),neither reported (H) nor reporting researcher (F),reporting researcher (F),reporting researcher (F),reporting researcher (F),reporting researcher (F),reporting researcher (F),reporting researcher (F),1 = very dishonest,1 = very insincere,1 = very unethical,1 = very unlikeable,1 = very unapproachable,1 = very confident the findings are false,5 = very honest,5 = very sincere,4 = somewhat ethical,3 = neither likeable nor unlikeable,4 = somewhat approachable,reporting researcher (Y),reporting researcher (Y),neither reported (X) nor reporting researcher (Y),reporting researcher (Y),reporting researcher (Y),reporting researcher (Y),reporting researcher (Y),reporting researcher (Y),reporting researcher (Y),Somewhat disagree,No,White,,Woman,,Some college credit or technical school degree,Lean Liberal,Heterosexual/straight,,20,Protestantism (Christian),,complete,,80983,0,0,,0,
3/25/2026 17:54,3/25/2026 18:08,IP Address,100,844,TRUE,3/25/2026 18:08,R_6fIL8V2qAuSOWA3,anonymous,EN,1,"Yes, I consent",1 = very dishonest,1 = very insincere,1 = very unethical,1 = very unlikeable,1 = very unapproachable,1 = very confident the findings are false,1 = very dishonest,1 = very insincere,1 = very unethical,1 = very unlikeable,1 = very unapproachable,reported researcher (K),reported researcher (K),reported researcher (K),reported researcher (K),reported researcher (K),reported researcher (K),reported researcher (K),reported researcher (K),reported researcher (K),1 = very dishonest,1 = very insincere,1 = very unethical,1 = very unlikeable,1 = very unapproachable,1 = very confident the findings are false,5 = very honest,5 = very sincere,5 = very ethical,5 = very likeable,5 = very approachable,reporting researcher (F),reporting researcher (F),reporting researcher (F),neither reported (H) nor reporting researcher (F),neither reported (H) nor reporting researcher (F),reporting researcher (F),reporting researcher (F),reporting researcher (F),reporting researcher (F),1 = very dishonest,1 = very insincere,1 = very unethical,1 = very unlikeable,1 = very unapproachable,1 = very confident the findings are false,1 = very dishonest,1 = very insincere,1 = very unethical,1 = very unlikeable,1 = very unapproachable,reported researcher (X),reported researcher (X),reported researcher (X),reported researcher (X),reported researcher (X),reported researcher (X),reported researcher (X),reported researcher (X),reported researcher (X),Somewhat disagree,No,White,,Woman,,High School Diploma or GED,Conservative,Heterosexual/straight,,19,Protestantism (Christian),,complete,,81143,0,0,,0,
3/25/2026 19:11,3/25/2026 19:19,IP Address,100,439,TRUE,3/25/2026 19:19,R_5qnBWUJgg2F2R21,anonymous,EN,1,"Yes, I consent",4 = somewhat honest,4 = somewhat sincere,4 = somewhat ethical,4 = somewhat likeable,4 = somewhat approachable,4 = somewhat confident the findings are true,5 = very honest,5 = very sincere,4 = somewhat ethical,4 = somewhat likeable,4 = somewhat approachable,reported researcher (K),reporting researcher (S),reporting researcher (S),reported researcher (K),reported researcher (K),reporting researcher (S),reported researcher (K),reporting researcher (S),reporting researcher (S),4 = somewhat honest,3 = neither sincere nor insincere,4 = somewhat ethical,2 = somewhat unlikeable,4 = somewhat approachable,4 = somewhat confident the findings are true,5 = very honest,4 = somewhat sincere,2 = somewhat unethical,3 = neither likeable nor unlikeable,4 = somewhat approachable,reported researcher (H),neither reported (H) nor reporting researcher (F),reporting researcher (F),reporting researcher (F),reported researcher (H),neither reported (H) nor reporting researcher (F),reported researcher (H),neither reported (H) nor reporting researcher (F),reported researcher (H),1 = very dishonest,2 = somewhat insincere,1 = very unethical,1 = very unlikeable,2 = somewhat unapproachable,1 = very confident the findings are false,5 = very honest,5 = very sincere,4 = somewhat ethical,5 = very likeable,4 = somewhat approachable,reporting researcher (Y),reporting researcher (Y),reported researcher (X),reporting researcher (Y),reporting researcher (Y),reporting researcher (Y),reporting researcher (Y),reporting researcher (Y),reporting researcher (Y),Somewhat disagree,No,White,,Woman,,Some college credit or technical school degree,Strongly Conservative,Heterosexual/straight,,19,Protestantism (Christian),,complete,,81580,0,0,,0,
3/25/2026 19:56,3/25/2026 19:59,IP Address,100,172,TRUE,3/25/2026 19:59,R_53oNC5COKM1mcuZ,anonymous,EN,1,"Yes, I consent",2 = somewhat dishonest,2 = somewhat insincere,1 = very unethical,1 = very unlikeable,3 = neither approachable nor unapproachable,2 = somewhat confident the findings are false,5 = very honest,3 = neither sincere nor insincere,3 = neither ethical nor unethical,1 = very unlikeable,3 = neither approachable nor unapproachable,reported researcher (K),reporting researcher (S),neither reported (K) nor reporting researcher (S),neither reported (K) nor reporting researcher (S),neither reported (K) nor reporting researcher (S),neither reported (K) nor reporting researcher (S),reported researcher (K),neither reported (K) nor reporting researcher (S),neither reported (K) nor reporting researcher (S),2 = somewhat dishonest,2 = somewhat insincere,1 = very unethical,2 = somewhat unlikeable,4 = somewhat approachable,2 = somewhat confident the findings are false,2 = somewhat dishonest,3 = neither sincere nor insincere,2 = somewhat unethical,2 = somewhat unlikeable,1 = very unapproachable,reported researcher (H),reporting researcher (F),reported researcher (H),reported researcher (H),neither reported (H) nor reporting researcher (F),neither reported (H) nor reporting researcher (F),reported researcher (H),neither reported (H) nor reporting researcher (F),neither reported (H) nor reporting researcher (F),2 = somewhat dishonest,3 = neither sincere nor insincere,1 = very unethical,2 = somewhat unlikeable,1 = very unapproachable,3 = could go either way,3 = neither honest nor dishonest,4 = somewhat sincere,4 = somewhat ethical,2 = somewhat unlikeable,4 = somewhat approachable,reporting researcher (Y),neither reported (X) nor reporting researcher (Y),reported researcher (X),reported researcher (X),reported researcher (X),neither reported (X) nor reporting researcher (Y),neither reported (X) nor reporting researcher (Y),reported researcher (X),reported researcher (X),Somewhat disagree,No,Black or African-American,,Man,,High School Diploma or GED,Conservative,Homosexual (gay),,18,Protestantism (Christian),,complete,,82058,0,0,,0,
3/26/2026 13:07,3/26/2026 13:24,IP Address,100,1075,TRUE,3/26/2026 13:24,R_3C7tdfapNr3u9Hy,anonymous,EN,1,"Yes, I consent",2 = somewhat dishonest,2 = somewhat insincere,2 = somewhat unethical,3 = neither likeable nor unlikeable,4 = somewhat approachable,3 = could go either way,5 = very honest,5 = very sincere,5 = very ethical,4 = somewhat likeable,4 = somewhat approachable,reporting researcher (S),reporting researcher (S),neither reported (K) nor reporting researcher (S),reporting researcher (S),reporting researcher (S),reporting researcher (S),reporting researcher (S),reporting researcher (S),reporting researcher (S),1 = very dishonest,1 = very insincere,1 = very unethical,2 = somewhat unlikeable,2 = somewhat unapproachable,1 = very confident the findings are false,5 = very honest,5 = very sincere,5 = very ethical,5 = very likeable,5 = very approachable,reporting researcher (F),reporting researcher (F),reporting researcher (F),reporting researcher (F),reporting researcher (F),reporting researcher (F),reporting researcher (F),reporting researcher (F),reporting researcher (F),1 = very dishonest,1 = very insincere,1 = very unethical,2 = somewhat unlikeable,2 = somewhat unapproachable,1 = very confident the findings are false,5 = very honest,4 = somewhat sincere,5 = very ethical,4 = somewhat likeable,4 = somewhat approachable,reporting researcher (Y),reporting researcher (Y),neither reported (X) nor reporting researcher (Y),reporting researcher (Y),reporting researcher (Y),reporting researcher (Y),reporting researcher (Y),reporting researcher (Y),reporting researcher (Y),Somewhat disagree,No,White,,Woman,,High School Diploma or GED,Strongly Conservative,Heterosexual/straight,,19,Protestantism (Christian),,complete,,81864,0,0,,0,
3/26/2026 13:22,3/26/2026 13:26,IP Address,100,251,TRUE,3/26/2026 13:26,R_60cUPRoU3LPUmJ4,anonymous,EN,1,"Yes, I consent",3 = neither honest nor dishonest,2 = somewhat insincere,3 = neither ethical nor unethical,5 = very likeable,2 = somewhat unapproachable,4 = somewhat confident the findings are true,2 = somewhat dishonest,5 = very sincere,1 = very unethical,5 = very likeable,1 = very unapproachable,reported researcher (K),reporting researcher (S),reported researcher (K),reporting researcher (S),reported researcher (K),neither reported (K) nor reporting researcher (S),neither reported (K) nor reporting researcher (S),reporting researcher (S),reported researcher (K),3 = neither honest nor dishonest,3 = neither sincere nor insincere,3 = neither ethical nor unethical,3 = neither likeable nor unlikeable,3 = neither approachable nor unapproachable,3 = could go either way,2 = somewhat dishonest,2 = somewhat insincere,4 = somewhat ethical,2 = somewhat unlikeable,2 = somewhat unapproachable,reporting researcher (F),neither reported (H) nor reporting researcher (F),reporting researcher (F),reported researcher (H),neither reported (H) nor reporting researcher (F),neither reported (H) nor reporting researcher (F),reporting researcher (F),reported researcher (H),reporting researcher (F),3 = neither honest nor dishonest,3 = neither sincere nor insincere,3 = neither ethical nor unethical,3 = neither likeable nor unlikeable,3 = neither approachable nor unapproachable,3 = could go either way,3 = neither honest nor dishonest,3 = neither sincere nor insincere,3 = neither ethical nor unethical,3 = neither likeable nor unlikeable,3 = neither approachable nor unapproachable,neither reported (X) nor reporting researcher (Y),neither reported (X) nor reporting researcher (Y),neither reported (X) nor reporting researcher (Y),neither reported (X) nor reporting researcher (Y),neither reported (X) nor reporting researcher (Y),neither reported (X) nor reporting researcher (Y),neither reported (X) nor reporting researcher (Y),neither reported (X) nor reporting researcher (Y),neither reported (X) nor reporting researcher (Y),Somewhat disagree,No,Black or African-American,,Woman,,Bachelor’s Degree,Conservative,Heterosexual/straight,,20,Protestantism (Christian),,complete,,81377,0,0,,0,
3/26/2026 14:34,3/26/2026 14:39,IP Address,100,294,TRUE,3/26/2026 14:39,R_75klw5oznCbhhnj,anonymous,EN,1,"Yes, I consent",1 = very dishonest,2 = somewhat insincere,4 = somewhat ethical,3 = neither likeable nor unlikeable,5 = very approachable,4 = somewhat confident the findings are true,1 = very dishonest,4 = somewhat sincere,3 = neither ethical nor unethical,4 = somewhat likeable,3 = neither approachable nor unapproachable,neither reported (K) nor reporting researcher (S),reporting researcher (S),reported researcher (K),neither reported (K) nor reporting researcher (S),reported researcher (K),neither reported (K) nor reporting researcher (S),reported researcher (K),reporting researcher (S),neither reported (K) nor reporting researcher (S),4 = somewhat honest,1 = very insincere,3 = neither ethical nor unethical,1 = very unlikeable,1 = very unapproachable,1 = very confident the findings are false,4 = somewhat honest,2 = somewhat insincere,3 = neither ethical nor unethical,2 = somewhat unlikeable,1 = very unapproachable,neither reported (H) nor reporting researcher (F),neither reported (H) nor reporting researcher (F),neither reported (H) nor reporting researcher (F),reported researcher (H),neither reported (H) nor reporting researcher (F),neither reported (H) nor reporting researcher (F),neither reported (H) nor reporting researcher (F),reporting researcher (F),reporting researcher (F),1 = very dishonest,1 = very insincere,3 = neither ethical nor unethical,3 = neither likeable nor unlikeable,4 = somewhat approachable,4 = somewhat confident the findings are true,3 = neither honest nor dishonest,3 = neither sincere nor insincere,3 = neither ethical nor unethical,3 = neither likeable nor unlikeable,3 = neither approachable nor unapproachable,reporting researcher (Y),neither reported (X) nor reporting researcher (Y),reporting researcher (Y),reporting researcher (Y),neither reported (X) nor reporting researcher (Y),neither reported (X) nor reporting researcher (Y),neither reported (X) nor reporting researcher (Y),neither reported (X) nor reporting researcher (Y),neither reported (X) nor reporting researcher (Y),Somewhat disagree,No,White,,Woman,,High School Diploma or GED,Strongly Conservative,Heterosexual/straight,,18,Protestantism (Christian),,complete,,81704,0,0,,0,
3/26/2026 16:55,3/26/2026 17:02,IP Address,100,397,TRUE,3/26/2026 17:02,R_1hAaXmxr82NEKKP,anonymous,EN,1,"Yes, I consent",3 = neither honest nor dishonest,4 = somewhat sincere,2 = somewhat unethical,3 = neither likeable nor unlikeable,4 = somewhat approachable,3 = could go either way,5 = very honest,4 = somewhat sincere,5 = very ethical,3 = neither likeable nor unlikeable,4 = somewhat approachable,neither reported (K) nor reporting researcher (S),neither reported (K) nor reporting researcher (S),reported researcher (K),reporting researcher (S),reporting researcher (S),reporting researcher (S),reported researcher (K),reporting researcher (S),reporting researcher (S),2 = somewhat dishonest,2 = somewhat insincere,2 = somewhat unethical,2 = somewhat unlikeable,3 = neither approachable nor unapproachable,3 = could go either way,5 = very honest,4 = somewhat sincere,5 = very ethical,4 = somewhat likeable,5 = very approachable,reporting researcher (F),reporting researcher (F),reporting researcher (F),reporting researcher (F),reporting researcher (F),reporting researcher (F),reported researcher (H),neither reported (H) nor reporting researcher (F),reporting researcher (F),1 = very dishonest,2 = somewhat insincere,2 = somewhat unethical,2 = somewhat unlikeable,3 = neither approachable nor unapproachable,2 = somewhat confident the findings are false,5 = very honest,4 = somewhat sincere,4 = somewhat ethical,5 = very likeable,5 = very approachable,reporting researcher (Y),reporting researcher (Y),reported researcher (X),reporting researcher (Y),reporting researcher (Y),reporting researcher (Y),reported researcher (X),reporting researcher (Y),reporting researcher (Y),Somewhat disagree,No,White,,Woman,,Some college credit or technical school degree,Conservative,Heterosexual/straight,,18,Protestantism (Christian),,complete,,81198,0,0,,0,
3/26/2026 19:29,3/26/2026 19:39,IP Address,100,599,TRUE,3/26/2026 19:39,R_1Pz9vznaYAPPCoh,anonymous,EN,1,"Yes, I consent",4 = somewhat honest,4 = somewhat sincere,4 = somewhat ethical,3 = neither likeable nor unlikeable,3 = neither approachable nor unapproachable,4 = somewhat confident the findings are true,4 = somewhat honest,4 = somewhat sincere,4 = somewhat ethical,2 = somewhat unlikeable,2 = somewhat unapproachable,neither reported (K) nor reporting researcher (S),neither reported (K) nor reporting researcher (S),neither reported (K) nor reporting researcher (S),reported researcher (K),reported researcher (K),reported researcher (K),reported researcher (K),reported researcher (K),reported researcher (K),1 = very dishonest,2 = somewhat insincere,2 = somewhat unethical,2 = somewhat unlikeable,3 = neither approachable nor unapproachable,2 = somewhat confident the findings are false,5 = very honest,4 = somewhat sincere,5 = very ethical,2 = somewhat unlikeable,3 = neither approachable nor unapproachable,reported researcher (H),reported researcher (H),neither reported (H) nor reporting researcher (F),neither reported (H) nor reporting researcher (F),reporting researcher (F),reporting researcher (F),reported researcher (H),reporting researcher (F),reporting researcher (F),1 = very dishonest,2 = somewhat insincere,1 = very unethical,2 = somewhat unlikeable,3 = neither approachable nor unapproachable,1 = very confident the findings are false,5 = very honest,5 = very sincere,5 = very ethical,4 = somewhat likeable,3 = neither approachable nor unapproachable,reporting researcher (Y),neither reported (X) nor reporting researcher (Y),neither reported (X) nor reporting researcher (Y),reporting researcher (Y),reporting researcher (Y),reporting researcher (Y),reported researcher (X),reporting researcher (Y),reporting researcher (Y),Somewhat disagree,No,White,,Man,,Some college credit or technical school degree,Centrist,Heterosexual/straight,,19,Protestantism (Christian),,complete,,81172,0,0,,0,
3/26/2026 19:44,3/26/2026 19:51,IP Address,100,461,TRUE,3/26/2026 19:51,R_1To5wZIBKlhgtgl,anonymous,EN,1,"Yes, I consent",2 = somewhat dishonest,2 = somewhat insincere,2 = somewhat unethical,2 = somewhat unlikeable,2 = somewhat unapproachable,1 = very confident the findings are false,5 = very honest,5 = very sincere,5 = very ethical,5 = very likeable,5 = very approachable,neither reported (K) nor reporting researcher (S),reporting researcher (S),reporting researcher (S),reporting researcher (S),reporting researcher (S),reporting researcher (S),reporting researcher (S),reporting researcher (S),reporting researcher (S),1 = very dishonest,1 = very insincere,1 = very unethical,1 = very unlikeable,1 = very unapproachable,1 = very confident the findings are false,5 = very honest,5 = very sincere,5 = very ethical,5 = very likeable,5 = very approachable,reporting researcher (F),neither reported (H) nor reporting researcher (F),reported researcher (H),reporting researcher (F),neither reported (H) nor reporting researcher (F),reporting researcher (F),reporting researcher (F),reporting researcher (F),reporting researcher (F),1 = very dishonest,1 = very insincere,1 = very unethical,1 = very unlikeable,1 = very unapproachable,1 = very confident the findings are false,5 = very honest,5 = very sincere,5 = very ethical,5 = very likeable,5 = very approachable,reporting researcher (Y),reporting researcher (Y),reporting researcher (Y),reporting researcher (Y),reporting researcher (Y),reporting researcher (Y),reporting researcher (Y),reporting researcher (Y),reporting researcher (Y),Somewhat disagree,No,White,,Woman,,Some college credit or technical school degree,Centrist,Heterosexual/straight,,19,Protestantism (Christian),,complete,,81872,0,0,,0,
3/26/2026 20:09,3/26/2026 20:13,IP Address,100,218,TRUE,3/26/2026 20:13,R_1oXFvLXrcHj74dY,anonymous,EN,1,"Yes, I consent",3 = neither honest nor dishonest,3 = neither sincere nor insincere,2 = somewhat unethical,2 = somewhat unlikeable,2 = somewhat unapproachable,4 = somewhat confident the findings are true,4 = somewhat honest,3 = neither sincere nor insincere,2 = somewhat unethical,1 = very unlikeable,2 = somewhat unapproachable,neither reported (K) nor reporting researcher (S),neither reported (K) nor reporting researcher (S),reporting researcher (S),reported researcher (K),neither reported (K) nor reporting researcher (S),neither reported (K) nor reporting researcher (S),reported researcher (K),reporting researcher (S),reported researcher (K),2 = somewhat dishonest,2 = somewhat insincere,1 = very unethical,2 = somewhat unlikeable,2 = somewhat unapproachable,2 = somewhat confident the findings are false,3 = neither honest nor dishonest,3 = neither sincere nor insincere,2 = somewhat unethical,3 = neither likeable nor unlikeable,2 = somewhat unapproachable,reporting researcher (F),neither reported (H) nor reporting researcher (F),neither reported (H) nor reporting researcher (F),reporting researcher (F),reported researcher (H),neither reported (H) nor reporting researcher (F),neither reported (H) nor reporting researcher (F),neither reported (H) nor reporting researcher (F),reporting researcher (F),4 = somewhat honest,2 = somewhat insincere,2 = somewhat unethical,4 = somewhat likeable,1 = very unapproachable,1 = very confident the findings are false,2 = somewhat dishonest,3 = neither sincere nor insincere,2 = somewhat unethical,2 = somewhat unlikeable,2 = somewhat unapproachable,neither reported (X) nor reporting researcher (Y),neither reported (X) nor reporting researcher (Y),neither reported (X) nor reporting researcher (Y),reported researcher (X),neither reported (X) nor reporting researcher (Y),reported researcher (X),reporting researcher (Y),reporting researcher (Y),neither reported (X) nor reporting researcher (Y),Somewhat disagree,No,Black or African-American,,Woman,,High School Diploma or GED,Centrist,Heterosexual/straight,,19,Protestantism (Christian),,complete,,82013,0,0,,0,
3/27/2026 10:12,3/27/2026 10:20,IP Address,100,475,TRUE,3/27/2026 10:20,R_3LzBhnMKOJiqRK7,anonymous,EN,1,"Yes, I consent",3 = neither honest nor dishonest,4 = somewhat sincere,3 = neither ethical nor unethical,2 = somewhat unlikeable,3 = neither approachable nor unapproachable,4 = somewhat confident the findings are true,5 = very honest,5 = very sincere,5 = very ethical,4 = somewhat likeable,3 = neither approachable nor unapproachable,reported researcher (K),reported researcher (K),reporting researcher (S),reported researcher (K),reporting researcher (S),reporting researcher (S),reported researcher (K),reported researcher (K),reporting researcher (S),1 = very dishonest,2 = somewhat insincere,1 = very unethical,2 = somewhat unlikeable,3 = neither approachable nor unapproachable,1 = very confident the findings are false,5 = very honest,5 = very sincere,5 = very ethical,4 = somewhat likeable,4 = somewhat approachable,reporting researcher (F),reporting researcher (F),neither reported (H) nor reporting researcher (F),reporting researcher (F),reporting researcher (F),reporting researcher (F),reported researcher (H),reporting researcher (F),reporting researcher (F),1 = very dishonest,1 = very insincere,1 = very unethical,2 = somewhat unlikeable,2 = somewhat unapproachable,1 = very confident the findings are false,5 = very honest,5 = very sincere,5 = very ethical,4 = somewhat likeable,4 = somewhat approachable,neither reported (X) nor reporting researcher (Y),reporting researcher (Y),reporting researcher (Y),reporting researcher (Y),reporting researcher (Y),reporting researcher (Y),reported researcher (X),reporting researcher (Y),reporting researcher (Y),Somewhat disagree,No,White,,Woman,,Some college credit or technical school degree,Strongly Conservative,Heterosexual/straight,,19,Protestantism (Christian),,complete,,82007,0,0,,0,
3/27/2026 12:52,3/27/2026 13:01,IP Address,100,564,TRUE,3/27/2026 13:01,R_51dGV27SrkOjM7L,anonymous,EN,1,"Yes, I consent",2 = somewhat dishonest,4 = somewhat sincere,2 = somewhat unethical,3 = neither likeable nor unlikeable,4 = somewhat approachable,4 = somewhat confident the findings are true,4 = somewhat honest,4 = somewhat sincere,4 = somewhat ethical,4 = somewhat likeable,5 = very approachable,reporting researcher (S),reporting researcher (S),neither reported (K) nor reporting researcher (S),reporting researcher (S),reporting researcher (S),reporting researcher (S),reported researcher (K),neither reported (K) nor reporting researcher (S),reporting researcher (S),1 = very dishonest,2 = somewhat insincere,1 = very unethical,2 = somewhat unlikeable,3 = neither approachable nor unapproachable,1 = very confident the findings are false,4 = somewhat honest,3 = neither sincere nor insincere,5 = very ethical,4 = somewhat likeable,4 = somewhat approachable,reporting researcher (F),reporting researcher (F),neither reported (H) nor reporting researcher (F),reporting researcher (F),reporting researcher (F),reporting researcher (F),neither reported (H) nor reporting researcher (F),reporting researcher (F),reporting researcher (F),1 = very dishonest,1 = very insincere,1 = very unethical,2 = somewhat unlikeable,3 = neither approachable nor unapproachable,1 = very confident the findings are false,4 = somewhat honest,4 = somewhat sincere,5 = very ethical,5 = very likeable,4 = somewhat approachable,reporting researcher (Y),reporting researcher (Y),neither reported (X) nor reporting researcher (Y),reporting researcher (Y),reporting researcher (Y),reporting researcher (Y),reporting researcher (Y),reporting researcher (Y),reporting researcher (Y),Somewhat disagree,Yes,White,,Woman,,Some college credit or technical school degree,Lean Conservative,Heterosexual/straight,,19,Protestantism (Christian),,complete,,82062,0,0,,0,
3/27/2026 12:59,3/27/2026 13:04,IP Address,100,304,TRUE,3/27/2026 13:04,R_3CTM1JjuK3rQgHY,anonymous,EN,1,"Yes, I consent",3 = neither honest nor dishonest,3 = neither sincere nor insincere,3 = neither ethical nor unethical,4 = somewhat likeable,3 = neither approachable nor unapproachable,4 = somewhat confident the findings are true,4 = somewhat honest,3 = neither sincere nor insincere,3 = neither ethical nor unethical,4 = somewhat likeable,3 = neither approachable nor unapproachable,reported researcher (K),neither reported (K) nor reporting researcher (S),reported researcher (K),reporting researcher (S),reporting researcher (S),neither reported (K) nor reporting researcher (S),neither reported (K) nor reporting researcher (S),reporting researcher (S),reported researcher (K),2 = somewhat dishonest,2 = somewhat insincere,3 = neither ethical nor unethical,3 = neither likeable nor unlikeable,3 = neither approachable nor unapproachable,2 = somewhat confident the findings are false,5 = very honest,4 = somewhat sincere,4 = somewhat ethical,4 = somewhat likeable,3 = neither approachable nor unapproachable,reporting researcher (F),reporting researcher (F),neither reported (H) nor reporting researcher (F),reporting researcher (F),reporting researcher (F),reporting researcher (F),neither reported (H) nor reporting researcher (F),reporting researcher (F),reporting researcher (F),5 = very honest,2 = somewhat insincere,1 = very unethical,1 = very unlikeable,3 = neither approachable nor unapproachable,1 = very confident the findings are false,5 = very honest,4 = somewhat sincere,5 = very ethical,3 = neither likeable nor unlikeable,3 = neither approachable nor unapproachable,reporting researcher (Y),reporting researcher (Y),reporting researcher (Y),reporting researcher (Y),reporting researcher (Y),reporting researcher (Y),reporting researcher (Y),reporting researcher (Y),reporting researcher (Y),Somewhat disagree,No,White,,Woman,,Some college credit or technical school degree,Centrist,Heterosexual/straight,,21,Protestantism (Christian),,complete,,81006,0,0,,0,
3/29/2026 11:43,3/29/2026 11:50,IP Address,100,411,TRUE,3/29/2026 11:50,R_7IGJPZGS4cKZ6wW,anonymous,EN,1,"Yes, I consent",1 = very dishonest,1 = very insincere,1 = very unethical,3 = neither likeable nor unlikeable,2 = somewhat unapproachable,1 = very confident the findings are false,5 = very honest,5 = very sincere,5 = very ethical,4 = somewhat likeable,5 = very approachable,reporting researcher (S),reporting researcher (S),reporting researcher (S),reporting researcher (S),reporting researcher (S),reporting researcher (S),reporting researcher (S),reporting researcher (S),reporting researcher (S),1 = very dishonest,1 = very insincere,1 = very unethical,3 = neither likeable nor unlikeable,2 = somewhat unapproachable,1 = very confident the findings are false,5 = very honest,5 = very sincere,5 = very ethical,4 = somewhat likeable,5 = very approachable,reporting researcher (F),reporting researcher (F),reporting researcher (F),reporting researcher (F),reporting researcher (F),reporting researcher (F),reporting researcher (F),reporting researcher (F),reporting researcher (F),1 = very dishonest,1 = very insincere,1 = very unethical,1 = very unlikeable,1 = very unapproachable,1 = very confident the findings are false,5 = very honest,5 = very sincere,4 = somewhat ethical,4 = somewhat likeable,5 = very approachable,reporting researcher (Y),reporting researcher (Y),reporting researcher (Y),reporting researcher (Y),reporting researcher (Y),reporting researcher (Y),reporting researcher (Y),reporting researcher (Y),reporting researcher (Y),Somewhat disagree,No,Black or African-American,,Woman,,Some college credit or technical school degree,Conservative,Heterosexual/straight,,19,Catholicism,,complete,,81386,0,0,,0,
3/29/2026 13:11,3/29/2026 13:17,IP Address,100,415,TRUE,3/29/2026 13:17,R_71ES80wCy6SkUi0,anonymous,EN,1,"Yes, I consent",2 = somewhat dishonest,2 = somewhat insincere,2 = somewhat unethical,1 = very unlikeable,3 = neither approachable nor unapproachable,3 = could go either way,5 = very honest,4 = somewhat sincere,5 = very ethical,3 = neither likeable nor unlikeable,3 = neither approachable nor unapproachable,neither reported (K) nor reporting researcher (S),reporting researcher (S),neither reported (K) nor reporting researcher (S),reporting researcher (S),reporting researcher (S),reporting researcher (S),neither reported (K) nor reporting researcher (S),reporting researcher (S),reported researcher (K),1 = very dishonest,2 = somewhat insincere,2 = somewhat unethical,2 = somewhat unlikeable,3 = neither approachable nor unapproachable,2 = somewhat confident the findings are false,5 = very honest,4 = somewhat sincere,5 = very ethical,3 = neither likeable nor unlikeable,3 = neither approachable nor unapproachable,neither reported (H) nor reporting researcher (F),reporting researcher (F),neither reported (H) nor reporting researcher (F),reporting researcher (F),reporting researcher (F),reporting researcher (F),reporting researcher (F),reporting researcher (F),neither reported (H) nor reporting researcher (F),1 = very dishonest,1 = very insincere,1 = very unethical,1 = very unlikeable,3 = neither approachable nor unapproachable,1 = very confident the findings are false,5 = very honest,3 = neither sincere nor insincere,5 = very ethical,4 = somewhat likeable,2 = somewhat unapproachable,neither reported (X) nor reporting researcher (Y),reporting researcher (Y),neither reported (X) nor reporting researcher (Y),reporting researcher (Y),reporting researcher (Y),reporting researcher (Y),reporting researcher (Y),reporting researcher (Y),reporting researcher (Y),Somewhat agree,No,White,,Woman,,Some college credit or technical school degree,Lean Conservative,Heterosexual/straight,,19,Catholicism,,complete,,81449,0,0,,0,
3/29/2026 15:12,3/29/2026 15:25,IP Address,100,775,TRUE,3/29/2026 15:25,R_1xFa6kSoQncUKVd,anonymous,EN,1,"Yes, I consent",3 = neither honest nor dishonest,2 = somewhat insincere,2 = somewhat unethical,3 = neither likeable nor unlikeable,4 = somewhat approachable,3 = could go either way,4 = somewhat honest,5 = very sincere,3 = neither ethical nor unethical,4 = somewhat likeable,4 = somewhat approachable,neither reported (K) nor reporting researcher (S),reported researcher (K),reported researcher (K),neither reported (K) nor reporting researcher (S),reporting researcher (S),reported researcher (K),reported researcher (K),reporting researcher (S),reported researcher (K),2 = somewhat dishonest,3 = neither sincere nor insincere,2 = somewhat unethical,3 = neither likeable nor unlikeable,4 = somewhat approachable,2 = somewhat confident the findings are false,4 = somewhat honest,3 = neither sincere nor insincere,4 = somewhat ethical,3 = neither likeable nor unlikeable,4 = somewhat approachable,reporting researcher (F),reporting researcher (F),reporting researcher (F),neither reported (H) nor reporting researcher (F),reporting researcher (F),neither reported (H) nor reporting researcher (F),reported researcher (H),reporting researcher (F),reporting researcher (F),2 = somewhat dishonest,1 = very insincere,3 = neither ethical nor unethical,2 = somewhat unlikeable,3 = neither approachable nor unapproachable,1 = very confident the findings are false,4 = somewhat honest,5 = very sincere,4 = somewhat ethical,4 = somewhat likeable,4 = somewhat approachable,reporting researcher (Y),reporting researcher (Y),reporting researcher (Y),reporting researcher (Y),reporting researcher (Y),neither reported (X) nor reporting researcher (Y),reported researcher (X),reporting researcher (Y),reporting researcher (Y),Somewhat disagree,No,White,,Woman,,Some college credit or technical school degree,Conservative,Heterosexual/straight,,18,Protestantism (Christian),,complete,,82049,0,0,,0,
3/23/2026 12:16,3/26/2026 11:08,IP Address,1,255115,FALSE,3/30/2026 12:16,R_1NJaMO0GlL7daq9,anonymous,EN,1,"Yes, I consent",,,,,,,,,,,,,,,,,,,,,,,,,,,,,,,,,,,,,,,,,,,,,,,,,,,,,,,,,,,,,,,,,,,,,,,,,,complete,,81909,0,0,,0,
3/30/2026 15:36,3/30/2026 15:43,IP Address,100,408,TRUE,3/30/2026 15:43,R_70dj4SRG6lo9eMe,anonymous,EN,1,"Yes, I consent",2 = somewhat dishonest,2 = somewhat insincere,2 = somewhat unethical,2 = somewhat unlikeable,2 = somewhat unapproachable,2 = somewhat confident the findings are false,5 = very honest,5 = very sincere,5 = very ethical,4 = somewhat likeable,4 = somewhat approachable,neither reported (K) nor reporting researcher (S),reporting researcher (S),neither reported (K) nor reporting researcher (S),reporting researcher (S),reporting researcher (S),reporting researcher (S),reporting researcher (S),reporting researcher (S),reporting researcher (S),2 = somewhat dishonest,2 = somewhat insincere,2 = somewhat unethical,2 = somewhat unlikeable,2 = somewhat unapproachable,3 = could go either way,4 = somewhat honest,5 = very sincere,5 = very ethical,4 = somewhat likeable,4 = somewhat approachable,neither reported (H) nor reporting researcher (F),reporting researcher (F),neither reported (H) nor reporting researcher (F),reporting researcher (F),reporting researcher (F),reporting researcher (F),reporting researcher (F),reporting researcher (F),reporting researcher (F),1 = very dishonest,2 = somewhat insincere,1 = very unethical,1 = very unlikeable,2 = somewhat unapproachable,1 = very confident the findings are false,1 = very dishonest,4 = somewhat sincere,5 = very ethical,4 = somewhat likeable,4 = somewhat approachable,reporting researcher (Y),reporting researcher (Y),neither reported (X) nor reporting researcher (Y),reporting researcher (Y),neither reported (X) nor reporting researcher (Y),reporting researcher (Y),reporting researcher (Y),reporting researcher (Y),reporting researcher (Y),Somewhat disagree,No,White,,Woman,,High School Diploma or GED,Centrist,Heterosexual/straight,,19,Protestantism (Christian),,complete,,82091,0,0,,0,
3/30/2026 15:46,3/30/2026 15:55,IP Address,100,552,TRUE,3/30/2026 15:55,R_3dRZmJsksGopT90,anonymous,EN,1,"Yes, I consent",3 = neither honest nor dishonest,3 = neither sincere nor insincere,4 = somewhat ethical,4 = somewhat likeable,4 = somewhat approachable,3 = could go either way,4 = somewhat honest,3 = neither sincere nor insincere,4 = somewhat ethical,4 = somewhat likeable,4 = somewhat approachable,neither reported (K) nor reporting researcher (S),neither reported (K) nor reporting researcher (S),neither reported (K) nor reporting researcher (S),reporting researcher (S),reporting researcher (S),reporting researcher (S),neither reported (K) nor reporting researcher (S),reporting researcher (S),reporting researcher (S),1 = very dishonest,1 = very insincere,1 = very unethical,2 = somewhat unlikeable,3 = neither approachable nor unapproachable,2 = somewhat confident the findings are false,5 = very honest,4 = somewhat sincere,4 = somewhat ethical,4 = somewhat likeable,4 = somewhat approachable,reporting researcher (F),reporting researcher (F),reporting researcher (F),reporting researcher (F),reporting researcher (F),reporting researcher (F),reporting researcher (F),reporting researcher (F),reporting researcher (F),1 = very dishonest,1 = very insincere,1 = very unethical,2 = somewhat unlikeable,3 = neither approachable nor unapproachable,1 = very confident the findings are false,5 = very honest,5 = very sincere,5 = very ethical,4 = somewhat likeable,4 = somewhat approachable,reporting researcher (Y),reporting researcher (Y),neither reported (X) nor reporting researcher (Y),reporting researcher (Y),reporting researcher (Y),reporting researcher (Y),neither reported (X) nor reporting researcher (Y),reporting researcher (Y),reporting researcher (Y),Somewhat disagree,Don’t Know,White,,Woman,,High School Diploma or GED,Conservative,Heterosexual/straight,,19,Catholicism,,complete,,82094,0,0,,0,
3/30/2026 16:28,3/30/2026 16:36,IP Address,100,463,TRUE,3/30/2026 16:36,R_194dVHZEd5sQKV2,anonymous,EN,1,"Yes, I consent",3 = neither honest nor dishonest,3 = neither sincere nor insincere,4 = somewhat ethical,4 = somewhat likeable,4 = somewhat approachable,4 = somewhat confident the findings are true,4 = somewhat honest,3 = neither sincere nor insincere,4 = somewhat ethical,4 = somewhat likeable,4 = somewhat approachable,neither reported (K) nor reporting researcher (S),reporting researcher (S),neither reported (K) nor reporting researcher (S),neither reported (K) nor reporting researcher (S),reporting researcher (S),neither reported (K) nor reporting researcher (S),reported researcher (K),reporting researcher (S),reporting researcher (S),2 = somewhat dishonest,2 = somewhat insincere,3 = neither ethical nor unethical,2 = somewhat unlikeable,2 = somewhat unapproachable,3 = could go either way,4 = somewhat honest,4 = somewhat sincere,5 = very ethical,4 = somewhat likeable,4 = somewhat approachable,neither reported (H) nor reporting researcher (F),neither reported (H) nor reporting researcher (F),reported researcher (H),neither reported (H) nor reporting researcher (F),reporting researcher (F),reporting researcher (F),reported researcher (H),reporting researcher (F),reporting researcher (F),1 = very dishonest,1 = very insincere,1 = very unethical,1 = very unlikeable,1 = very unapproachable,1 = very confident the findings are false,5 = very honest,5 = very sincere,5 = very ethical,5 = very likeable,5 = very approachable,neither reported (X) nor reporting researcher (Y),reporting researcher (Y),neither reported (X) nor reporting researcher (Y),reporting researcher (Y),reporting researcher (Y),reporting researcher (Y),reported researcher (X),reporting researcher (Y),reporting researcher (Y),Somewhat disagree,No,White,,Woman,,Some college credit or technical school degree,Conservative,Heterosexual/straight,,18,Protestantism (Christian),,complete,,81215,0,0,,0,
3/30/2026 17:44,3/30/2026 17:50,IP Address,100,307,TRUE,3/30/2026 17:50,R_7wBUKf7zhzsyDOJ,anonymous,EN,1,"Yes, I consent",1 = very dishonest,1 = very insincere,1 = very unethical,1 = very unlikeable,1 = very unapproachable,1 = very confident the findings are false,4 = somewhat honest,4 = somewhat sincere,5 = very ethical,4 = somewhat likeable,4 = somewhat approachable,reporting researcher (S),reporting researcher (S),neither reported (K) nor reporting researcher (S),reporting researcher (S),reporting researcher (S),reporting researcher (S),reporting researcher (S),reporting researcher (S),reporting researcher (S),1 = very dishonest,1 = very insincere,1 = very unethical,1 = very unlikeable,1 = very unapproachable,1 = very confident the findings are false,5 = very honest,5 = very sincere,5 = very ethical,5 = very likeable,5 = very approachable,reporting researcher (F),reporting researcher (F),reporting researcher (F),reporting researcher (F),reporting researcher (F),reporting researcher (F),reporting researcher (F),reporting researcher (F),reporting researcher (F),2 = somewhat dishonest,1 = very insincere,1 = very unethical,2 = somewhat unlikeable,2 = somewhat unapproachable,1 = very confident the findings are false,5 = very honest,5 = very sincere,5 = very ethical,4 = somewhat likeable,5 = very approachable,reporting researcher (Y),reporting researcher (Y),reporting researcher (Y),reporting researcher (Y),reporting researcher (Y),reporting researcher (Y),reporting researcher (Y),reporting researcher (Y),reporting researcher (Y),Somewhat disagree,No,White,,Woman,,High School Diploma or GED,Lean Conservative,Heterosexual/straight,,19,Protestantism (Christian),,complete,,81323,0,0,,0,
3/30/2026 17:49,3/30/2026 17:57,IP Address,100,488,TRUE,3/30/2026 17:57,R_6KPaBjgK5JqJf6Q,anonymous,EN,1,"Yes, I consent",3 = neither honest nor dishonest,2 = somewhat insincere,3 = neither ethical nor unethical,2 = somewhat unlikeable,4 = somewhat approachable,3 = could go either way,5 = very honest,5 = very sincere,5 = very ethical,5 = very likeable,5 = very approachable,reporting researcher (S),reporting researcher (S),reporting researcher (S),reporting researcher (S),reporting researcher (S),reporting researcher (S),reported researcher (K),reporting researcher (S),reporting researcher (S),1 = very dishonest,1 = very insincere,1 = very unethical,2 = somewhat unlikeable,3 = neither approachable nor unapproachable,1 = very confident the findings are false,5 = very honest,5 = very sincere,5 = very ethical,4 = somewhat likeable,3 = neither approachable nor unapproachable,reporting researcher (F),reporting researcher (F),reporting researcher (F),reporting researcher (F),reporting researcher (F),reporting researcher (F),reported researcher (H),reporting researcher (F),reporting researcher (F),1 = very dishonest,1 = very insincere,2 = somewhat unethical,2 = somewhat unlikeable,3 = neither approachable nor unapproachable,1 = very confident the findings are false,5 = very honest,5 = very sincere,5 = very ethical,5 = very likeable,4 = somewhat approachable,reporting researcher (Y),reporting researcher (Y),reporting researcher (Y),reporting researcher (Y),reporting researcher (Y),reporting researcher (Y),reported researcher (X),reporting researcher (Y),reporting researcher (Y),Somewhat disagree,No,White,,Man,,High School Diploma or GED,Lean Conservative,Heterosexual/straight,,19,Protestantism (Christian),,complete,,81651,0,0,,0,
3/24/2026 12:18,3/24/2026 12:19,IP Address,7,50,FALSE,3/31/2026 12:18,R_1JJBeT6akgbPQSY,anonymous,EN,1,"Yes, I consent",,,,,,,,,,,,,,,,,,,,,,,,,,,,,,,,,,,,,,,,,,,,,,,,,,,,,,,,,,,,,,,,,,,,,,,,,,complete,,81933,0,0,,0,
3/31/2026 20:33,3/31/2026 20:36,IP Address,100,180,TRUE,3/31/2026 20:36,R_5eXTbU3cpz0XBMB,anonymous,EN,1,"Yes, I consent",1 = very dishonest,2 = somewhat insincere,2 = somewhat unethical,3 = neither likeable nor unlikeable,1 = very unapproachable,1 = very confident the findings are false,1 = very dishonest,1 = very insincere,3 = neither ethical nor unethical,2 = somewhat unlikeable,1 = very unapproachable,reported researcher (K),reported researcher (K),reporting researcher (S),neither reported (K) nor reporting researcher (S),neither reported (K) nor reporting researcher (S),reported researcher (K),reported researcher (K),neither reported (K) nor reporting researcher (S),reported researcher (K),2 = somewhat dishonest,2 = somewhat insincere,1 = very unethical,3 = neither likeable nor unlikeable,3 = neither approachable nor unapproachable,1 = very confident the findings are false,2 = somewhat dishonest,1 = very insincere,1 = very unethical,2 = somewhat unlikeable,1 = very unapproachable,reported researcher (H),reporting researcher (F),neither reported (H) nor reporting researcher (F),reported researcher (H),neither reported (H) nor reporting researcher (F),neither reported (H) nor reporting researcher (F),reported researcher (H),reporting researcher (F),reporting researcher (F),1 = very dishonest,2 = somewhat insincere,2 = somewhat unethical,2 = somewhat unlikeable,2 = somewhat unapproachable,3 = could go either way,1 = very dishonest,2 = somewhat insincere,2 = somewhat unethical,1 = very unlikeable,1 = very unapproachable,reported researcher (X),reporting researcher (Y),reporting researcher (Y),reporting researcher (Y),reported researcher (X),reported researcher (X),neither reported (X) nor reporting researcher (Y),reported researcher (X),neither reported (X) nor reporting researcher (Y),Somewhat disagree,No,White,,Woman,,Some college credit or technical school degree,Lean Conservative,Heterosexual/straight,,18,Catholicism,,complete,,82071,0,0,,0,
3/31/2026 20:41,3/31/2026 20:49,IP Address,100,509,TRUE,3/31/2026 20:49,R_7Kp6iKsKQ3wXS5n,anonymous,EN,1,"Yes, I consent",4 = somewhat honest,3 = neither sincere nor insincere,2 = somewhat unethical,4 = somewhat likeable,3 = neither approachable nor unapproachable,3 = could go either way,3 = neither honest nor dishonest,4 = somewhat sincere,3 = neither ethical nor unethical,4 = somewhat likeable,4 = somewhat approachable,neither reported (K) nor reporting researcher (S),reported researcher (K),reporting researcher (S),reporting researcher (S),reporting researcher (S),neither reported (K) nor reporting researcher (S),reporting researcher (S),reporting researcher (S),reporting researcher (S),3 = neither honest nor dishonest,4 = somewhat sincere,4 = somewhat ethical,4 = somewhat likeable,4 = somewhat approachable,4 = somewhat confident the findings are true,4 = somewhat honest,2 = somewhat insincere,2 = somewhat unethical,2 = somewhat unlikeable,1 = very unapproachable,reported researcher (H),reported researcher (H),reported researcher (H),reported researcher (H),reported researcher (H),reported researcher (H),reported researcher (H),reported researcher (H),reported researcher (H),2 = somewhat dishonest,2 = somewhat insincere,4 = somewhat ethical,4 = somewhat likeable,4 = somewhat approachable,4 = somewhat confident the findings are true,5 = very honest,4 = somewhat sincere,4 = somewhat ethical,2 = somewhat unlikeable,4 = somewhat approachable,reporting researcher (Y),reporting researcher (Y),reporting researcher (Y),reporting researcher (Y),reporting researcher (Y),reporting researcher (Y),reporting researcher (Y),reporting researcher (Y),reporting researcher (Y),Somewhat disagree,No,White,,Woman,,Bachelor’s Degree,Strongly Conservative,Heterosexual/straight,,19,Protestantism (Christian),,complete,,81422,0,0,,0,
3/31/2026 21:27,3/31/2026 21:30,IP Address,100,176,TRUE,3/31/2026 21:30,R_3ecfZIlKX6nZOy5,anonymous,EN,1,"Yes, I consent",3 = neither honest nor dishonest,3 = neither sincere nor insincere,3 = neither ethical nor unethical,3 = neither likeable nor unlikeable,3 = neither approachable nor unapproachable,3 = could go either way,3 = neither honest nor dishonest,3 = neither sincere nor insincere,3 = neither ethical nor unethical,3 = neither likeable nor unlikeable,3 = neither approachable nor unapproachable,neither reported (K) nor reporting researcher (S),neither reported (K) nor reporting researcher (S),neither reported (K) nor reporting researcher (S),neither reported (K) nor reporting researcher (S),neither reported (K) nor reporting researcher (S),neither reported (K) nor reporting researcher (S),neither reported (K) nor reporting researcher (S),neither reported (K) nor reporting researcher (S),neither reported (K) nor reporting researcher (S),3 = neither honest nor dishonest,3 = neither sincere nor insincere,3 = neither ethical nor unethical,3 = neither likeable nor unlikeable,3 = neither approachable nor unapproachable,3 = could go either way,3 = neither honest nor dishonest,3 = neither sincere nor insincere,3 = neither ethical nor unethical,3 = neither likeable nor unlikeable,3 = neither approachable nor unapproachable,neither reported (H) nor reporting researcher (F),neither reported (H) nor reporting researcher (F),neither reported (H) nor reporting researcher (F),neither reported (H) nor reporting researcher (F),neither reported (H) nor reporting researcher (F),neither reported (H) nor reporting researcher (F),neither reported (H) nor reporting researcher (F),neither reported (H) nor reporting researcher (F),neither reported (H) nor reporting researcher (F),3 = neither honest nor dishonest,3 = neither sincere nor insincere,3 = neither ethical nor unethical,3 = neither likeable nor unlikeable,3 = neither approachable nor unapproachable,3 = could go either way,3 = neither honest nor dishonest,3 = neither sincere nor insincere,3 = neither ethical nor unethical,3 = neither likeable nor unlikeable,3 = neither approachable nor unapproachable,neither reported (X) nor reporting researcher (Y),neither reported (X) nor reporting researcher (Y),neither reported (X) nor reporting researcher (Y),neither reported (X) nor reporting researcher (Y),neither reported (X) nor reporting researcher (Y),neither reported (X) nor reporting researcher (Y),neither reported (X) nor reporting researcher (Y),neither reported (X) nor reporting researcher (Y),neither reported (X) nor reporting researcher (Y),Neither agree nor disagree,No,White,,Woman,,Some college credit or technical school degree,Centrist,Heterosexual/straight,,19,Not Affiliated,,complete,,81098,0,0,,0,
3/31/2026 21:37,3/31/2026 21:46,IP Address,100,515,TRUE,3/31/2026 21:46,R_3rdBTwYXueDCArh,anonymous,EN,1,"Yes, I consent",2 = somewhat dishonest,2 = somewhat insincere,2 = somewhat unethical,2 = somewhat unlikeable,4 = somewhat approachable,2 = somewhat confident the findings are false,4 = somewhat honest,4 = somewhat sincere,4 = somewhat ethical,3 = neither likeable nor unlikeable,3 = neither approachable nor unapproachable,reporting researcher (S),reporting researcher (S),reporting researcher (S),reporting researcher (S),reported researcher (K),reported researcher (K),reported researcher (K),reported researcher (K),reported researcher (K),2 = somewhat dishonest,2 = somewhat insincere,2 = somewhat unethical,2 = somewhat unlikeable,3 = neither approachable nor unapproachable,2 = somewhat confident the findings are false,4 = somewhat honest,4 = somewhat sincere,2 = somewhat unethical,2 = somewhat unlikeable,4 = somewhat approachable,reporting researcher (F),reporting researcher (F),reporting researcher (F),neither reported (H) nor reporting researcher (F),reporting researcher (F),reported researcher (H),reported researcher (H),reported researcher (H),neither reported (H) nor reporting researcher (F),1 = very dishonest,2 = somewhat insincere,1 = very unethical,2 = somewhat unlikeable,3 = neither approachable nor unapproachable,1 = very confident the findings are false,5 = very honest,4 = somewhat sincere,5 = very ethical,4 = somewhat likeable,4 = somewhat approachable,reporting researcher (Y),reporting researcher (Y),reporting researcher (Y),reporting researcher (Y),reporting researcher (Y),reporting researcher (Y),neither reported (X) nor reporting researcher (Y),reporting researcher (Y),reporting researcher (Y),Somewhat disagree,No,White,,Woman,,High School Diploma or GED,Conservative,Heterosexual/straight,,19,Judaism,,complete,,81291,0,0,,0,
3/31/2026 22:58,3/31/2026 23:10,IP Address,100,694,TRUE,3/31/2026 23:10,R_7fiJQAPQnxweGvw,anonymous,EN,1,"Yes, I consent",2 = somewhat dishonest,2 = somewhat insincere,2 = somewhat unethical,2 = somewhat unlikeable,3 = neither approachable nor unapproachable,4 = somewhat confident the findings are true,5 = very honest,5 = very sincere,5 = very ethical,4 = somewhat likeable,4 = somewhat approachable,reporting researcher (S),reporting researcher (S),reporting researcher (S),reporting researcher (S),reporting researcher (S),reporting researcher (S),reported researcher (K),reporting researcher (S),reporting researcher (S),2 = somewhat dishonest,2 = somewhat insincere,2 = somewhat unethical,2 = somewhat unlikeable,3 = neither approachable nor unapproachable,3 = could go either way,5 = very honest,5 = very sincere,5 = very ethical,4 = somewhat likeable,4 = somewhat approachable,reporting researcher (F),reporting researcher (F),reporting researcher (F),reporting researcher (F),reporting researcher (F),reporting researcher (F),reported researcher (H),reported researcher (H),reporting researcher (F),1 = very dishonest,1 = very insincere,1 = very unethical,1 = very unlikeable,2 = somewhat unapproachable,1 = very confident the findings are false,5 = very honest,5 = very sincere,5 = very ethical,4 = somewhat likeable,4 = somewhat approachable,reporting researcher (Y),reporting researcher (Y),reporting researcher (Y),reporting researcher (Y),reporting researcher (Y),reporting researcher (Y),neither reported (X) nor reporting researcher (Y),reporting researcher (Y),reporting researcher (Y),Somewhat disagree,No,Black or African-American,,Woman,,High School Diploma or GED,Liberal,Lesbian,,18,Not Affiliated,,complete,,81099,0,0,,0,
3/31/2026 23:31,3/31/2026 23:40,IP Address,100,551,TRUE,3/31/2026 23:40,R_5fAVkaWVHPXMUT6,anonymous,EN,1,"Yes, I consent",2 = somewhat dishonest,3 = neither sincere nor insincere,3 = neither ethical nor unethical,3 = neither likeable nor unlikeable,3 = neither approachable nor unapproachable,3 = could go either way,3 = neither honest nor dishonest,5 = very sincere,5 = very ethical,2 = somewhat unlikeable,3 = neither approachable nor unapproachable,neither reported (K) nor reporting researcher (S),neither reported (K) nor reporting researcher (S),neither reported (K) nor reporting researcher (S),neither reported (K) nor reporting researcher (S),neither reported (K) nor reporting researcher (S),neither reported (K) nor reporting researcher (S),neither reported (K) nor reporting researcher (S),neither reported (K) nor reporting researcher (S),neither reported (K) nor reporting researcher (S),1 = very dishonest,1 = very insincere,1 = very unethical,3 = neither likeable nor unlikeable,3 = neither approachable nor unapproachable,3 = could go either way,5 = very honest,3 = neither sincere nor insincere,3 = neither ethical nor unethical,3 = neither likeable nor unlikeable,3 = neither approachable nor unapproachable,neither reported (H) nor reporting researcher (F),reporting researcher (F),neither reported (H) nor reporting researcher (F),neither reported (H) nor reporting researcher (F),neither reported (H) nor reporting researcher (F),reporting researcher (F),neither reported (H) nor reporting researcher (F),reporting researcher (F),reporting researcher (F),1 = very dishonest,1 = very insincere,1 = very unethical,3 = neither likeable nor unlikeable,3 = neither approachable nor unapproachable,2 = somewhat confident the findings are false,5 = very honest,3 = neither sincere nor insincere,3 = neither ethical nor unethical,3 = neither likeable nor unlikeable,3 = neither approachable nor unapproachable,neither reported (X) nor reporting researcher (Y),reporting researcher (Y),neither reported (X) nor reporting researcher (Y),neither reported (X) nor reporting researcher (Y),neither reported (X) nor reporting researcher (Y),reporting researcher (Y),neither reported (X) nor reporting researcher (Y),reporting researcher (Y),reporting researcher (Y),Somewhat disagree,No,White,,Man,,Some college credit or technical school degree,Centrist,Heterosexual/straight,,21,Not Affiliated,,complete,,81921,0,0,,0,
4/1/2026 7:32,4/1/2026 7:39,IP Address,100,387,TRUE,4/1/2026 7:39,R_5S1RdfLFsiUZJdH,anonymous,EN,1,"Yes, I consent",3 = neither honest nor dishonest,2 = somewhat insincere,3 = neither ethical nor unethical,3 = neither likeable nor unlikeable,3 = neither approachable nor unapproachable,3 = could go either way,4 = somewhat honest,3 = neither sincere nor insincere,4 = somewhat ethical,3 = neither likeable nor unlikeable,3 = neither approachable nor unapproachable,reporting researcher (S),reporting researcher (S),neither reported (K) nor reporting researcher (S),neither reported (K) nor reporting researcher (S),reporting researcher (S),reporting researcher (S),reporting researcher (S),reporting researcher (S),reporting researcher (S),1 = very dishonest,1 = very insincere,1 = very unethical,2 = somewhat unlikeable,2 = somewhat unapproachable,1 = very confident the findings are false,5 = very honest,3 = neither sincere nor insincere,4 = somewhat ethical,3 = neither likeable nor unlikeable,3 = neither approachable nor unapproachable,neither reported (H) nor reporting researcher (F),reporting researcher (F),neither reported (H) nor reporting researcher (F),reporting researcher (F),reporting researcher (F),neither reported (H) nor reporting researcher (F),neither reported (H) nor reporting researcher (F),reporting researcher (F),reporting researcher (F),1 = very dishonest,1 = very insincere,1 = very unethical,2 = somewhat unlikeable,3 = neither approachable nor unapproachable,1 = very confident the findings are false,4 = somewhat honest,5 = very sincere,4 = somewhat ethical,3 = neither likeable nor unlikeable,4 = somewhat approachable,neither reported (X) nor reporting researcher (Y),reporting researcher (Y),neither reported (X) nor reporting researcher (Y),reporting researcher (Y),reporting researcher (Y),reporting researcher (Y),neither reported (X) nor reporting researcher (Y),reporting researcher (Y),reporting researcher (Y),Somewhat disagree,No,Black or African-American,,Woman,,High School Diploma or GED,Lean Liberal,Heterosexual/straight,,18,Protestantism (Christian),,complete,,82111,0,0,,0,
4/1/2026 7:46,4/1/2026 7:57,IP Address,100,625,TRUE,4/1/2026 7:57,R_31SJjcHjvjZLEkA,anonymous,EN,1,"Yes, I consent",3 = neither honest nor dishonest,4 = somewhat sincere,4 = somewhat ethical,3 = neither likeable nor unlikeable,4 = somewhat approachable,4 = somewhat confident the findings are true,4 = somewhat honest,2 = somewhat insincere,4 = somewhat ethical,2 = somewhat unlikeable,3 = neither approachable nor unapproachable,reported researcher (K),reporting researcher (S),reported researcher (K),reported researcher (K),neither reported (K) nor reporting researcher (S),reported researcher (K),reporting researcher (S),reporting researcher (S),reported researcher (K),2 = somewhat dishonest,1 = very insincere,1 = very unethical,2 = somewhat unlikeable,3 = neither approachable nor unapproachable,1 = very confident the findings are false,5 = very honest,4 = somewhat sincere,4 = somewhat ethical,4 = somewhat likeable,5 = very approachable,reporting researcher (F),reporting researcher (F),reporting researcher (F),reporting researcher (F),neither reported (H) nor reporting researcher (F),reporting researcher (F),reported researcher (H),reporting researcher (F),reported researcher (H),1 = very dishonest,1 = very insincere,1 = very unethical,2 = somewhat unlikeable,3 = neither approachable nor unapproachable,1 = very confident the findings are false,5 = very honest,4 = somewhat sincere,5 = very ethical,3 = neither likeable nor unlikeable,5 = very approachable,reporting researcher (Y),reporting researcher (Y),reported researcher (X),reporting researcher (Y),reporting researcher (Y),reporting researcher (Y),reported researcher (X),reporting researcher (Y),reporting researcher (Y),Somewhat disagree,Yes,Other,Mexican,Man,,Some college credit or technical school degree,Strongly Conservative,Heterosexual/straight,,19,Protestantism (Christian),,complete,,82057,0,0,,0,
4/1/2026 8:10,4/1/2026 8:16,IP Address,100,367,TRUE,4/1/2026 8:16,R_18k2KPwjNr0Ik5b,anonymous,EN,1,"Yes, I consent",3 = neither honest nor dishonest,3 = neither sincere nor insincere,3 = neither ethical nor unethical,4 = somewhat likeable,4 = somewhat approachable,3 = could go either way,5 = very honest,5 = very sincere,5 = very ethical,5 = very likeable,5 = very approachable,reporting researcher (S),reporting researcher (S),neither reported (K) nor reporting researcher (S),reporting researcher (S),reporting researcher (S),reporting researcher (S),reporting researcher (S),reporting researcher (S),reporting researcher (S),1 = very dishonest,2 = somewhat insincere,5 = very ethical,1 = very unlikeable,4 = somewhat approachable,1 = very confident the findings are false,5 = very honest,5 = very sincere,5 = very ethical,5 = very likeable,5 = very approachable,reporting researcher (F),reporting researcher (F),neither reported (H) nor reporting researcher (F),reporting researcher (F),reporting researcher (F),reporting researcher (F),reporting researcher (F),reporting researcher (F),reporting researcher (F),1 = very dishonest,1 = very insincere,5 = very ethical,1 = very unlikeable,4 = somewhat approachable,1 = very confident the findings are false,5 = very honest,5 = very sincere,5 = very ethical,5 = very likeable,5 = very approachable,reporting researcher (Y),reporting researcher (Y),neither reported (X) nor reporting researcher (Y),reporting researcher (Y),reporting researcher (Y),reporting researcher (Y),reporting researcher (Y),reporting researcher (Y),reporting researcher (Y),Somewhat disagree,No,White,,Woman,,Some college credit or technical school degree,Centrist,Heterosexual/straight,,19,Not Affiliated,,complete,,80982,0,0,,0,
4/1/2026 8:22,4/1/2026 9:01,IP Address,100,2366,TRUE,4/1/2026 9:01,R_1oN78wwj90TrM07,anonymous,EN,1,"Yes, I consent",2 = somewhat dishonest,2 = somewhat insincere,2 = somewhat unethical,3 = neither likeable nor unlikeable,3 = neither approachable nor unapproachable,3 = could go either way,5 = very honest,5 = very sincere,5 = very ethical,5 = very likeable,4 = somewhat approachable,neither reported (K) nor reporting researcher (S),reporting researcher (S),reported researcher (K),reporting researcher (S),reporting researcher (S),reporting researcher (S),reported researcher (K),reporting researcher (S),reporting researcher (S),1 = very dishonest,1 = very insincere,1 = very unethical,2 = somewhat unlikeable,3 = neither approachable nor unapproachable,1 = very confident the findings are false,5 = very honest,5 = very sincere,5 = very ethical,5 = very likeable,4 = somewhat approachable,reporting researcher (F),reporting researcher (F),neither reported (H) nor reporting researcher (F),reporting researcher (F),reporting researcher (F),reporting researcher (F),neither reported (H) nor reporting researcher (F),reporting researcher (F),reporting researcher (F),1 = very dishonest,1 = very insincere,1 = very unethical,1 = very unlikeable,2 = somewhat unapproachable,1 = very confident the findings are false,5 = very honest,5 = very sincere,5 = very ethical,5 = very likeable,5 = very approachable,neither reported (X) nor reporting researcher (Y),reporting researcher (Y),reported researcher (X),reporting researcher (Y),reporting researcher (Y),reporting researcher (Y),neither reported (X) nor reporting researcher (Y),reporting researcher (Y),reporting researcher (Y),Somewhat disagree,No,White,,Woman,,High School Diploma or GED,,Heterosexual/straight,,19,Protestantism (Christian),,complete,,81852,0,0,,0.014285714285714285,QID1219732974
4/1/2026 9:32,4/1/2026 9:45,IP Address,100,750,TRUE,4/1/2026 9:45,R_78AoZ1A4Hx9ZTYN,anonymous,EN,1,"Yes, I consent",3 = neither honest nor dishonest,4 = somewhat sincere,4 = somewhat ethical,3 = neither likeable nor unlikeable,3 = neither approachable nor unapproachable,3 = could go either way,4 = somewhat honest,4 = somewhat sincere,4 = somewhat ethical,3 = neither likeable nor unlikeable,3 = neither approachable nor unapproachable,neither reported (K) nor reporting researcher (S),reporting researcher (S),neither reported (K) nor reporting researcher (S),reporting researcher (S),reporting researcher (S),neither reported (K) nor reporting researcher (S),reported researcher (K),reporting researcher (S),reported researcher (K),1 = very dishonest,2 = somewhat insincere,1 = very unethical,1 = very unlikeable,3 = neither approachable nor unapproachable,1 = very confident the findings are false,5 = very honest,5 = very sincere,4 = somewhat ethical,4 = somewhat likeable,4 = somewhat approachable,neither reported (H) nor reporting researcher (F),reporting researcher (F),reported researcher (H),reporting researcher (F),reporting researcher (F),reporting researcher (F),neither reported (H) nor reporting researcher (F),reporting researcher (F),reported researcher (H),1 = very dishonest,1 = very insincere,1 = very unethical,1 = very unlikeable,2 = somewhat unapproachable,1 = very confident the findings are false,5 = very honest,4 = somewhat sincere,5 = very ethical,4 = somewhat likeable,4 = somewhat approachable,reporting researcher (Y),reporting researcher (Y),neither reported (X) nor reporting researcher (Y),reporting researcher (Y),reporting researcher (Y),reporting researcher (Y),neither reported (X) nor reporting researcher (Y),reporting researcher (Y),reporting researcher (Y),Somewhat disagree,No,White,,Woman,,Some college credit or technical school degree,Lean Conservative,Heterosexual/straight,,18,Catholicism,,complete,,81943,0,0,,0,
4/1/2026 10:46,4/1/2026 10:52,IP Address,100,350,TRUE,4/1/2026 10:52,R_65ZeLRbni0ZWGAN,anonymous,EN,1,"Yes, I consent",3 = neither honest nor dishonest,3 = neither sincere nor insincere,3 = neither ethical nor unethical,3 = neither likeable nor unlikeable,3 = neither approachable nor unapproachable,3 = could go either way,4 = somewhat honest,4 = somewhat sincere,4 = somewhat ethical,4 = somewhat likeable,4 = somewhat approachable,reporting researcher (S),reporting researcher (S),reporting researcher (S),reporting researcher (S),reporting researcher (S),reporting researcher (S),reporting researcher (S),reporting researcher (S),reporting researcher (S),1 = very dishonest,1 = very insincere,1 = very unethical,2 = somewhat unlikeable,2 = somewhat unapproachable,1 = very confident the findings are false,5 = very honest,5 = very sincere,5 = very ethical,4 = somewhat likeable,4 = somewhat approachable,reporting researcher (F),reporting researcher (F),neither reported (H) nor reporting researcher (F),reporting researcher (F),reporting researcher (F),reporting researcher (F),reporting researcher (F),reporting researcher (F),reporting researcher (F),1 = very dishonest,1 = very insincere,1 = very unethical,1 = very unlikeable,1 = very unapproachable,1 = very confident the findings are false,5 = very honest,5 = very sincere,5 = very ethical,5 = very likeable,5 = very approachable,reporting researcher (Y),reporting researcher (Y),neither reported (X) nor reporting researcher (Y),reporting researcher (Y),reporting researcher (Y),reporting researcher (Y),reporting researcher (Y),reporting researcher (Y),reporting researcher (Y),Somewhat disagree,No,Asian or Asian-American,,Woman,,Some college credit or technical school degree,Lean Liberal,Bisexual,,19,Not Affiliated,,complete,,81709,0,0,,0,
4/1/2026 11:10,4/1/2026 11:14,IP Address,100,257,TRUE,4/1/2026 11:14,R_1G2xrQ5VnnXowrT,anonymous,EN,1,"Yes, I consent",2 = somewhat dishonest,4 = somewhat sincere,3 = neither ethical nor unethical,3 = neither likeable nor unlikeable,3 = neither approachable nor unapproachable,2 = somewhat confident the findings are false,3 = neither honest nor dishonest,3 = neither sincere nor insincere,3 = neither ethical nor unethical,3 = neither likeable nor unlikeable,3 = neither approachable nor unapproachable,neither reported (K) nor reporting researcher (S),reported researcher (K),reporting researcher (S),reporting researcher (S),reported researcher (K),reporting researcher (S),neither reported (K) nor reporting researcher (S),reported researcher (K),reporting researcher (S),3 = neither honest nor dishonest,3 = neither sincere nor insincere,3 = neither ethical nor unethical,3 = neither likeable nor unlikeable,3 = neither approachable nor unapproachable,3 = could go either way,3 = neither honest nor dishonest,3 = neither sincere nor insincere,3 = neither ethical nor unethical,3 = neither likeable nor unlikeable,3 = neither approachable nor unapproachable,neither reported (H) nor reporting researcher (F),neither reported (H) nor reporting researcher (F),neither reported (H) nor reporting researcher (F),neither reported (H) nor reporting researcher (F),neither reported (H) nor reporting researcher (F),neither reported (H) nor reporting researcher (F),neither reported (H) nor reporting researcher (F),neither reported (H) nor reporting researcher (F),neither reported (H) nor reporting researcher (F),3 = neither honest nor dishonest,3 = neither sincere nor insincere,3 = neither ethical nor unethical,3 = neither likeable nor unlikeable,3 = neither approachable nor unapproachable,3 = could go either way,3 = neither honest nor dishonest,3 = neither sincere nor insincere,3 = neither ethical nor unethical,3 = neither likeable nor unlikeable,3 = neither approachable nor unapproachable,neither reported (X) nor reporting researcher (Y),neither reported (X) nor reporting researcher (Y),neither reported (X) nor reporting researcher (Y),neither reported (X) nor reporting researcher (Y),neither reported (X) nor reporting researcher (Y),neither reported (X) nor reporting researcher (Y),neither reported (X) nor reporting researcher (Y),neither reported (X) nor reporting researcher (Y),neither reported (X) nor reporting researcher (Y),Somewhat disagree,No,White,,Woman,,High School Diploma or GED,Lean Liberal,Heterosexual/straight,,19,Catholicism,,complete,,81423,0,0,,0,
4/1/2026 11:43,4/1/2026 11:48,IP Address,100,284,TRUE,4/1/2026 11:48,R_3OymRwZaLiXIRot,anonymous,EN,1,"Yes, I consent",4 = somewhat honest,4 = somewhat sincere,4 = somewhat ethical,4 = somewhat likeable,4 = somewhat approachable,4 = somewhat confident the findings are true,5 = very honest,5 = very sincere,5 = very ethical,5 = very likeable,5 = very approachable,neither reported (K) nor reporting researcher (S),neither reported (K) nor reporting researcher (S),neither reported (K) nor reporting researcher (S),neither reported (K) nor reporting researcher (S),neither reported (K) nor reporting researcher (S),neither reported (K) nor reporting researcher (S),neither reported (K) nor reporting researcher (S),neither reported (K) nor reporting researcher (S),neither reported (K) nor reporting researcher (S),1 = very dishonest,2 = somewhat insincere,1 = very unethical,1 = very unlikeable,1 = very unapproachable,2 = somewhat confident the findings are false,5 = very honest,4 = somewhat sincere,3 = neither ethical nor unethical,4 = somewhat likeable,4 = somewhat approachable,reporting researcher (F),reporting researcher (F),neither reported (H) nor reporting researcher (F),reporting researcher (F),reporting researcher (F),reporting researcher (F),reporting researcher (F),reporting researcher (F),reporting researcher (F),1 = very dishonest,1 = very insincere,1 = very unethical,1 = very unlikeable,1 = very unapproachable,1 = very confident the findings are false,5 = very honest,5 = very sincere,5 = very ethical,5 = very likeable,5 = very approachable,reporting researcher (Y),reporting researcher (Y),reporting researcher (Y),reporting researcher (Y),reporting researcher (Y),reporting researcher (Y),reporting researcher (Y),reporting researcher (Y),reporting researcher (Y),Somewhat disagree,No,White,,Woman,,Some college credit or technical school degree,Conservative,Heterosexual/straight,,19,Protestantism (Christian),,complete,,81681,0,0,,0,
4/1/2026 12:35,4/1/2026 12:43,IP Address,100,525,TRUE,4/1/2026 12:43,R_7SfwVitPcIYonVC,anonymous,EN,1,"Yes, I consent",2 = somewhat dishonest,3 = neither sincere nor insincere,4 = somewhat ethical,4 = somewhat likeable,4 = somewhat approachable,3 = could go either way,3 = neither honest nor dishonest,4 = somewhat sincere,2 = somewhat unethical,2 = somewhat unlikeable,2 = somewhat unapproachable,reporting researcher (S),reported researcher (K),reporting researcher (S),reporting researcher (S),reported researcher (K),reported researcher (K),neither reported (K) nor reporting researcher (S),reported researcher (K),reporting researcher (S),2 = somewhat dishonest,2 = somewhat insincere,2 = somewhat unethical,3 = neither likeable nor unlikeable,3 = neither approachable nor unapproachable,2 = somewhat confident the findings are false,5 = very honest,4 = somewhat sincere,4 = somewhat ethical,5 = very likeable,3 = neither approachable nor unapproachable,reporting researcher (F),reporting researcher (F),reporting researcher (F),reporting researcher (F),reporting researcher (F),neither reported (H) nor reporting researcher (F),neither reported (H) nor reporting researcher (F),reporting researcher (F),reporting researcher (F),1 = very dishonest,2 = somewhat insincere,2 = somewhat unethical,2 = somewhat unlikeable,3 = neither approachable nor unapproachable,2 = somewhat confident the findings are false,5 = very honest,4 = somewhat sincere,4 = somewhat ethical,4 = somewhat likeable,4 = somewhat approachable,reporting researcher (Y),reporting researcher (Y),reported researcher (X),reporting researcher (Y),reporting researcher (Y),reporting researcher (Y),reported researcher (X),reporting researcher (Y),reporting researcher (Y),Somewhat disagree,No,Black or African-American,,Woman,,High School Diploma or GED,Liberal,Bisexual,,19,Other,,complete,,82005,0,0,,0.014084507042253521,QID81
3/27/2026 12:34,4/1/2026 8:57,IP Address,41,419006,FALSE,4/3/2026 12:34,R_7ypkSwljxxO6P4t,anonymous,EN,1,"Yes, I consent",,,,,,,,,,,,,,,,,,,,,1 = very dishonest,2 = somewhat insincere,2 = somewhat unethical,2 = somewhat unlikeable,2 = somewhat unapproachable,1 = very confident the findings are false,4 = somewhat honest,4 = somewhat sincere,3 = neither ethical nor unethical,4 = somewhat likeable,5 = very approachable,reporting researcher (F),reporting researcher (F),reporting researcher (F),reporting researcher (F),reporting researcher (F),reporting researcher (F),reported researcher (H),reporting researcher (F),reporting researcher (F),1 = very dishonest,1 = very insincere,1 = very unethical,1 = very unlikeable,1 = very unapproachable,1 = very confident the findings are false,,,,,,,,,,,,,,,Somewhat disagree,,,,,,,,,,,,,complete,,81755,0,0,,0,
